# Blender v3.0.0 OBJ File: ''
# www.blender.org
v -0.133718 0.976934 -0.227075
v -0.133678 0.980052 -0.223125
v -0.134247 0.984583 -0.230495
v -0.133322 0.970921 -0.222193
v -0.128151 0.970402 -0.223869
v -0.121550 0.973989 -0.229743
v -0.127525 0.981987 -0.232871
v -0.133584 0.972738 -0.219952
v -0.135077 0.997807 -0.239718
v -0.134845 0.989846 -0.234114
v -0.135614 1.000684 -0.234251
v -0.135104 0.989567 -0.229061
v -0.117043 0.990607 -0.242575
v -0.126248 0.987931 -0.236952
v -0.136759 1.005867 -0.239187
v -0.136104 1.010056 -0.238724
v -0.135961 1.005268 -0.242094
v -0.121221 1.020145 -0.259888
v -0.118413 1.007673 -0.253157
v -0.134439 1.011706 -0.248072
v -0.129268 1.005092 -0.245789
v -0.138113 1.010904 -0.243985
v -0.132204 1.013236 -0.228876
v -0.135434 1.008378 -0.192388
v -0.136345 1.015641 -0.196054
v -0.135081 1.008608 -0.198823
v -0.146632 1.053891 -0.268042
v -0.147504 1.062772 -0.271857
v -0.143444 1.052618 -0.271594
v -0.139359 1.058607 -0.250107
v -0.142882 1.066467 -0.260563
v -0.147381 1.072709 -0.276123
v -0.143361 1.076906 -0.264896
v -0.148346 1.084540 -0.284794
v -0.143795 1.093144 -0.290679
v -0.129132 1.072699 -0.287279
v -0.149113 1.077940 -0.278743
v -0.146302 1.074114 -0.280685
v -0.145595 1.083063 -0.272254
v -0.149614 1.085868 -0.282774
v -0.148104 1.089478 -0.278421
v -0.151591 1.097058 -0.288728
v -0.148571 1.101675 -0.279968
v -0.153647 1.109355 -0.291486
v -0.148169 1.108550 -0.297530
v -0.144151 1.112839 -0.270763
v -0.155430 1.131485 -0.298145
v -0.147916 1.146593 -0.284820
v -0.154952 1.151058 -0.304572
v -0.148771 1.165815 -0.292245
v -0.156593 1.161742 -0.311252
v -0.154347 1.166964 -0.270710
v -0.154250 1.165971 -0.274555
v -0.155318 1.154638 -0.267465
v -0.155406 1.174489 -0.277704
v -0.154710 1.176183 -0.273497
v -0.156443 1.182950 -0.280674
v -0.155434 1.182626 -0.275675
v -0.142430 1.171266 -0.266195
v -0.154925 1.195036 -0.325772
v -0.159568 1.194751 -0.321162
v -0.158602 1.202707 -0.325680
v -0.141066 1.179899 -0.325259
v -0.155485 1.183109 -0.321536
v -0.141677 1.193557 -0.330385
v -0.158737 1.182097 -0.318193
v -0.153675 1.175549 -0.319259
v -0.158468 1.188162 -0.277787
v -0.155026 1.189735 -0.276022
v -0.159567 1.203134 -0.322614
v -0.156103 1.207012 -0.314327
v -0.159357 1.213540 -0.323499
v -0.155333 1.197342 -0.310912
v -0.159027 1.193799 -0.280408
v -0.157644 1.195236 -0.278122
v -0.158399 1.200955 -0.282816
v -0.142405 1.215750 -0.337353
v -0.150817 1.212930 -0.332023
v -0.159405 1.216503 -0.328916
v -0.155295 1.222675 -0.314282
v -0.159664 1.219034 -0.325569
v -0.153509 1.217703 -0.305160
v -0.159546 1.208308 -0.284315
v -0.157511 1.207717 -0.281334
v -0.159362 1.217754 -0.286051
v -0.159208 1.225639 -0.329250
v -0.155577 1.225414 -0.332563
v -0.154675 1.232496 -0.307619
v -0.156028 1.236539 -0.318940
v -0.145400 1.230668 -0.282069
v -0.154610 1.239420 -0.289120
v -0.157974 1.225548 -0.289637
v -0.145285 1.217022 -0.278561
v -0.122253 1.030980 -0.268902
v -0.142737 1.032513 -0.259879
v -0.125634 1.042636 -0.272454
v -0.144912 1.043361 -0.266398
v -0.126990 1.057610 -0.281122
v -0.122051 1.047315 -0.285469
v -0.144289 1.062316 -0.276117
v -0.150138 1.113589 -0.249404
v -0.154620 1.127940 -0.254881
v -0.149725 1.110850 -0.252748
v -0.136622 1.172257 -0.331315
v -0.136402 1.181937 -0.338150
v -0.132407 1.171387 -0.344903
v -0.133291 1.184497 -0.348419
v -0.135140 1.185899 -0.343988
v -0.133599 1.191201 -0.350639
v -0.136197 1.192531 -0.343313
v -0.149526 1.185243 -0.273446
v -0.149607 1.195910 -0.275122
v -0.134256 1.198107 -0.352267
v -0.138174 1.199641 -0.341401
v -0.134349 1.205507 -0.352452
v -0.141540 1.180883 -0.268833
v -0.141264 1.192115 -0.271235
v -0.144262 1.203984 -0.274877
v -0.133718 1.218843 -0.264065
v -0.135897 1.224395 -0.269768
v -0.135600 1.210149 -0.266628
v -0.136187 1.197881 -0.268015
v -0.134826 1.184688 -0.264265
v -0.135272 1.213212 -0.353630
v -0.138513 1.207654 -0.343549
v -0.145404 1.235632 -0.340068
v -0.146165 1.225642 -0.337562
v -0.155762 1.234429 -0.334718
v -0.139497 1.223385 -0.346716
v -0.133406 1.235821 -0.267094
v -0.146281 1.045146 -0.263318
v -0.144861 1.037038 -0.257734
v -0.135792 1.045312 -0.239832
v -0.145319 1.075873 -0.230854
v -0.146360 1.074038 -0.233029
v -0.144487 1.069286 -0.226546
v -0.139732 1.074658 -0.253220
v -0.145003 1.082232 -0.237890
v -0.144764 1.087047 -0.245467
v -0.145798 1.096180 -0.248105
v -0.144439 1.087186 -0.237006
v -0.147649 1.102792 -0.249354
v -0.142628 1.096707 -0.262225
v -0.131702 1.131453 -0.246016
v -0.133640 1.143570 -0.251415
v -0.140561 1.017602 -0.248768
v -0.141376 1.025411 -0.252350
v -0.139455 1.017340 -0.250991
v -0.139541 1.024254 -0.255215
v -0.143115 1.031721 -0.255251
v -0.131399 1.025038 -0.227451
v -0.139403 1.027046 -0.247161
v -0.134654 1.017543 -0.205247
v -0.137445 1.014824 -0.198073
v -0.134265 1.021528 -0.201506
v -0.134165 1.026250 -0.204410
v -0.135960 1.025149 -0.207634
v -0.137898 1.032825 -0.209988
v -0.115370 1.027353 -0.193834
v -0.124578 1.021948 -0.196158
v -0.125484 1.013524 -0.190730
v -0.137847 1.021798 -0.244119
v -0.135383 1.037351 -0.226922
v -0.137789 1.034660 -0.243794
v -0.138395 1.040027 -0.216866
v -0.143405 1.065273 -0.235846
v -0.141227 1.068948 -0.244651
v -0.140539 1.057647 -0.236907
v -0.139113 1.049560 -0.232930
v -0.139471 1.045317 -0.224965
v -0.143279 1.054607 -0.223044
v -0.141944 1.047605 -0.219112
v -0.138212 1.051368 -0.217006
v -0.132180 1.034812 -0.207392
v -0.127676 1.047691 -0.211070
v -0.144212 1.061071 -0.226178
v -0.142107 1.056316 -0.220732
v -0.141996 1.062984 -0.222996
v -0.131739 1.068499 -0.220902
v -0.141478 1.087582 -0.258451
v -0.137112 1.076115 -0.227167
v -0.146183 1.101212 -0.244618
v -0.128779 1.119956 -0.239802
v -0.130207 1.158018 -0.248284
v -0.132702 1.165749 -0.255738
v -0.133606 1.174955 -0.260032
v -0.159966 1.235234 -0.331046
v -0.158914 1.244370 -0.332752
v -0.156770 1.243050 -0.335157
v -0.159034 1.238282 -0.293147
v -0.160828 1.252749 -0.294898
v -0.160655 1.251803 -0.335521
v -0.159834 1.259606 -0.336292
v -0.157725 1.259977 -0.338820
v -0.157145 1.257628 -0.327135
v -0.149372 1.250716 -0.288480
v -0.158317 1.258345 -0.293655
v -0.160402 1.266275 -0.337589
v -0.148909 1.251104 -0.340893
v -0.148130 1.268145 -0.344923
v -0.141054 1.269822 -0.289120
v -0.157571 1.268373 -0.295158
v -0.147775 1.261591 -0.290186
v -0.155445 1.279354 -0.343935
v -0.160447 1.281429 -0.340042
v -0.157060 1.287466 -0.344947
v -0.158858 1.272524 -0.341497
v -0.160779 1.309346 -0.338061
v -0.162481 1.307289 -0.346370
v -0.161543 1.299665 -0.339994
v -0.162333 1.319764 -0.345351
v -0.158549 1.311776 -0.349381
v -0.160730 1.335902 -0.344571
v -0.160763 1.321012 -0.348491
v -0.161543 1.326981 -0.309992
v -0.156579 1.308123 -0.324013
v -0.154309 1.317808 -0.303481
v -0.159804 1.321048 -0.338342
v -0.154175 1.334228 -0.330108
v -0.155690 1.360358 -0.341909
v -0.160711 1.332355 -0.315689
v -0.159786 1.343415 -0.316143
v -0.157529 1.341306 -0.310562
v -0.155931 1.346619 -0.325318
v -0.148661 1.366721 -0.333245
v -0.157129 1.365453 -0.318013
v -0.153063 1.359531 -0.313589
v -0.143193 1.349299 -0.307936
v -0.148572 1.371436 -0.336558
v -0.153289 1.369238 -0.341577
v -0.151106 1.378574 -0.319211
v -0.143674 1.363121 -0.312274
v -0.151625 1.384176 -0.346695
v -0.149868 1.383366 -0.351060
v -0.155739 1.372278 -0.346883
v -0.146620 1.394645 -0.345652
v -0.145575 1.393276 -0.349844
v -0.151186 1.387332 -0.324488
v -0.148881 1.386031 -0.329337
v -0.152033 1.380221 -0.324204
v -0.153574 1.371162 -0.325390
v -0.137812 1.239833 -0.276715
v -0.136926 1.249503 -0.276939
v -0.139497 1.253634 -0.284175
v -0.136775 1.248515 -0.360973
v -0.142630 1.255897 -0.344696
v -0.136412 1.260317 -0.364466
v -0.142236 1.293898 -0.293225
v -0.133575 1.289224 -0.276285
v -0.133330 1.261908 -0.271427
v -0.148172 1.281153 -0.347953
v -0.154696 1.287723 -0.298435
v -0.129637 1.302184 -0.278696
v -0.136081 1.307226 -0.283198
v -0.135979 1.325992 -0.284686
v -0.142147 1.330058 -0.301752
v -0.133913 1.338274 -0.286768
v -0.144227 1.338400 -0.356513
v -0.139302 1.343439 -0.371929
v -0.136852 1.333265 -0.374800
v -0.139557 1.358731 -0.307153
v -0.138284 1.348183 -0.296147
v -0.140516 1.373811 -0.315172
v -0.137498 1.374306 -0.310673
v -0.147135 1.377530 -0.337188
v -0.149803 1.387119 -0.321348
v -0.146804 1.378050 -0.333654
v -0.140179 1.385463 -0.318853
v -0.137176 1.387354 -0.352515
v -0.134404 1.396585 -0.348981
v -0.140466 1.399536 -0.347332
v -0.144488 1.384155 -0.337631
v -0.143282 1.389365 -0.339106
v -0.144204 1.384632 -0.335542
v -0.139481 1.394540 -0.337132
v -0.141815 1.389615 -0.336438
v -0.142191 1.396171 -0.333000
v -0.147269 1.393224 -0.323786
v -0.146450 1.391592 -0.330508
v -0.148084 1.393071 -0.326140
v -0.143589 1.398586 -0.329277
v -0.140426 1.397498 -0.324966
v -0.005696 -0.025170 -0.049347
v -0.019810 -0.015481 -0.042586
v -0.000635 -0.012551 -0.058513
v 0.006392 -0.016463 -0.057160
v 0.009599 0.009234 -0.055319
v 0.029888 -0.005055 -0.045131
v 0.000374 0.028416 -0.060458
v -0.002296 0.012413 -0.058501
v -0.008486 0.025548 -0.053601
v -0.018885 -0.001256 -0.041603
v -0.015540 0.035195 -0.047243
v -0.002810 0.034563 -0.059326
v -0.002688 0.043963 -0.059084
v -0.013695 0.046181 -0.049194
v 0.001347 0.043468 -0.058821
v 0.011891 0.043811 -0.051178
v -0.010018 0.055285 -0.052087
v -0.014882 0.065888 -0.047468
v -0.003632 0.064348 -0.058259
v -0.003107 0.054060 -0.059024
v 0.001805 0.053985 -0.057623
v 0.001585 0.064493 -0.057154
v -0.000039 0.074748 -0.057635
v 0.018131 0.058606 -0.045015
v 0.015274 0.158165 -0.031600
v 0.021079 0.131873 -0.035983
v 0.000896 0.166018 -0.042182
v -0.008905 0.254809 -0.040521
v -0.007726 0.265299 -0.041636
v -0.001209 0.254706 -0.048436
v 0.001671 0.246976 -0.047575
v 0.001047 0.239336 -0.047730
v -0.001800 0.247518 -0.047363
v 0.001532 0.254558 -0.048525
v 0.011285 0.243390 -0.039308
v -0.000846 0.263415 -0.048920
v 0.002150 0.262308 -0.048833
v -0.001863 0.279782 -0.047796
v 0.002565 0.279796 -0.049610
v -0.002503 0.271807 -0.047217
v 0.001423 0.270574 -0.048773
v 0.016562 0.287138 -0.036793
v 0.015383 0.273599 -0.036939
v 0.003386 0.289802 -0.047671
v -0.000571 0.289591 -0.047432
v 0.003891 0.299684 -0.048794
v -0.000377 0.299922 -0.048304
v 0.005444 0.312500 -0.049257
v -0.008377 0.413519 -0.040784
v 0.004235 0.410942 -0.055212
v -0.008388 0.400091 -0.038729
v -0.004672 0.420568 -0.047043
v 0.003243 0.418801 -0.054952
v 0.006529 0.418266 -0.055821
v 0.011507 0.417729 -0.052054
v 0.008911 0.409698 -0.052851
v 0.000896 0.426685 -0.053822
v 0.000114 0.435445 -0.054291
v 0.005172 0.433404 -0.059804
v -0.004815 0.442143 -0.048301
v -0.008180 0.429574 -0.043939
v 0.004975 0.447802 -0.056840
v 0.003056 0.440547 -0.057443
v 0.008021 0.441558 -0.057808
v 0.008584 0.434003 -0.057844
v 0.005196 0.439496 -0.059299
v -0.012338 0.448269 -0.038038
v 0.003593 0.457351 -0.055833
v 0.000695 0.470105 -0.051988
v 0.002986 0.503098 -0.057049
v 0.002558 0.488338 -0.053583
v -0.007741 0.502759 -0.043697
v 0.007962 0.487950 -0.053942
v 0.003022 0.515508 -0.056813
v 0.007818 0.503451 -0.057246
v -0.008274 0.517132 -0.043584
v -0.006672 0.529911 -0.048567
v 0.002413 0.527781 -0.058513
v 0.002020 0.539236 -0.057912
v 0.006761 0.538855 -0.058098
v -0.007365 0.542894 -0.048555
v -0.015776 0.540124 -0.039541
v -0.009473 0.558420 -0.048976
v 0.001375 0.552573 -0.058698
v -0.018502 0.573680 -0.042702
v -0.009870 0.581147 -0.052400
v 0.001495 0.561344 -0.060291
v 0.000622 0.574729 -0.064019
v 0.000024 0.605712 -0.064390
v 0.005079 0.583740 -0.064031
v 0.009583 0.400095 -0.050718
v 0.021559 0.397125 -0.039962
v 0.024408 0.379528 -0.038155
v 0.013471 0.427911 -0.052051
v 0.005974 0.425589 -0.056828
v 0.019404 0.438187 -0.046897
v 0.007435 0.458567 -0.056123
v 0.011899 0.451334 -0.053270
v 0.025527 0.456063 -0.039317
v 0.007210 0.469269 -0.054267
v 0.026319 0.480536 -0.038080
v 0.025225 0.504597 -0.039670
v 0.007098 0.515525 -0.056909
v 0.015767 0.515698 -0.049060
v 0.006553 0.527552 -0.058594
v 0.025522 0.540313 -0.042989
v 0.022160 0.526707 -0.044351
v 0.008345 0.551032 -0.057210
v 0.007545 0.561439 -0.059260
v 0.005604 0.570412 -0.063652
v 0.026385 0.566387 -0.045514
v 0.025792 0.553309 -0.044070
v 0.015039 0.586457 -0.056117
v -0.017628 0.640472 -0.043225
v -0.002554 0.648689 -0.062032
v -0.009035 0.632571 -0.056203
v -0.019195 0.654693 -0.042738
v -0.017513 0.696667 -0.043951
v -0.018618 0.699454 -0.046526
v -0.011875 0.698514 -0.048501
v -0.020593 0.702378 -0.046240
v -0.017347 0.702126 -0.050016
v -0.019415 0.711251 -0.055409
v -0.016207 0.710876 -0.054766
v -0.021239 0.705667 -0.051522
v -0.010710 0.706721 -0.048642
v -0.008772 0.714287 -0.051853
v -0.020957 0.714562 -0.052893
v -0.018828 0.720597 -0.058271
v -0.020764 0.723623 -0.054862
v -0.024308 0.716694 -0.040602
v -0.019757 0.732411 -0.054892
v -0.024536 0.727985 -0.040751
v -0.017548 0.725614 -0.058716
v -0.015019 0.719379 -0.058080
v -0.020446 0.739886 -0.053682
v -0.017164 0.740104 -0.057691
v -0.016968 0.732637 -0.056708
v -0.013721 0.725063 -0.057697
v -0.019516 0.747841 -0.055068
v -0.022695 0.744413 -0.045131
v -0.016697 0.748852 -0.056777
v -0.016079 0.758604 -0.057333
v -0.020873 0.754977 -0.052609
v -0.017416 0.768738 -0.057479
v -0.020432 0.768515 -0.054719
v -0.019043 0.780615 -0.055235
v -0.024883 0.764115 -0.037668
v -0.023162 0.784049 -0.039679
v -0.021122 0.790691 -0.048665
v -0.019233 0.789624 -0.056221
v -0.015751 0.780567 -0.056726
v -0.019433 0.798970 -0.057043
v -0.014685 0.789393 -0.057772
v -0.036990 0.600659 -0.039458
v -0.018936 0.603460 -0.044605
v -0.011137 0.620314 -0.054497
v 0.001777 0.622153 -0.066738
v 0.000257 0.629642 -0.065313
v -0.002839 0.640039 -0.063084
v 0.001535 0.649358 -0.064673
v -0.021347 0.623129 -0.043303
v -0.001806 0.657916 -0.062552
v 0.003170 0.666606 -0.062421
v 0.002250 0.658040 -0.065068
v -0.000470 0.666961 -0.061811
v 0.003196 0.674368 -0.062337
v 0.000005 0.674573 -0.062047
v 0.002623 0.682769 -0.062764
v -0.012593 0.666162 -0.048928
v -0.007947 0.678638 -0.053326
v -0.006495 0.692623 -0.054372
v -0.000709 0.682672 -0.061498
v -0.004341 0.704606 -0.058205
v -0.000275 0.698574 -0.062346
v 0.003614 0.699728 -0.063129
v -0.005718 0.713160 -0.053093
v -0.001938 0.720205 -0.053380
v -0.006298 0.721003 -0.052980
v 0.007002 0.718413 -0.062026
v 0.003466 0.712214 -0.061088
v -0.006346 0.731234 -0.051722
v -0.000730 0.730741 -0.050303
v -0.006965 0.740959 -0.053147
v -0.000376 0.741112 -0.051103
v -0.006971 0.750687 -0.053598
v -0.005411 0.770974 -0.053258
v -0.005527 0.760891 -0.053060
v 0.000300 0.751084 -0.051342
v -0.003329 0.782151 -0.052956
v 0.001785 0.772431 -0.051357
v 0.019610 0.605539 -0.053828
v 0.005205 0.608692 -0.064479
v 0.025800 0.589202 -0.047715
v 0.024061 0.628011 -0.047850
v 0.006655 0.628586 -0.064192
v 0.016079 0.642179 -0.055229
v 0.004268 0.639807 -0.067234
v 0.001302 0.639875 -0.067745
v 0.024568 0.659957 -0.046395
v 0.026855 0.641504 -0.046425
v 0.015443 0.654121 -0.053990
v 0.006311 0.648891 -0.063039
v 0.007328 0.657539 -0.061043
v 0.012075 0.674973 -0.054641
v 0.013971 0.664496 -0.054016
v 0.003055 0.691268 -0.061079
v -0.000641 0.690642 -0.060622
v 0.007128 0.682525 -0.058713
v 0.011063 0.689924 -0.054805
v 0.012580 0.698913 -0.054019
v 0.010841 0.708615 -0.056971
v 0.022967 0.719728 -0.047820
v 0.021623 0.700695 -0.046141
v 0.007453 0.728146 -0.061327
v 0.004815 0.741002 -0.054557
v 0.012116 0.750271 -0.060362
v 0.001097 0.761759 -0.051292
v 0.012726 0.764814 -0.059057
v 0.003448 0.787387 -0.052391
v 0.016896 0.776142 -0.061976
v -0.014526 0.799813 -0.059128
v 0.028204 0.604631 -0.048020
v 0.021956 0.682790 -0.046401
v 0.019926 0.767044 -0.058836
v 0.017242 0.792233 -0.063556
v 0.018975 0.781611 -0.061850
v 0.020322 0.776125 -0.061468
v 0.004125 0.805978 -0.054713
v 0.018187 0.800315 -0.064790
v 0.022103 0.799805 -0.063738
v 0.020615 0.789839 -0.063287
v 0.022858 0.781668 -0.057775
v 0.028977 0.799463 -0.050596
v 0.027282 0.788087 -0.051626
v 0.043426 0.646720 -0.047321
v 0.041925 0.636643 -0.048065
v 0.025253 0.775172 -0.051779
v 0.033071 0.797251 -0.044994
v 0.042759 0.607686 -0.047470
v 0.056543 0.609535 -0.047303
v 0.049903 0.600827 -0.046724
v 0.046938 0.617730 -0.048190
v 0.036716 0.625055 -0.048397
v 0.041400 0.591839 -0.046607
v 0.053811 0.628335 -0.047829
v 0.039073 0.656483 -0.046580
v 0.050900 0.656097 -0.046207
v 0.052434 0.638495 -0.047587
v 0.047519 0.708809 -0.046679
v 0.046413 0.700254 -0.045977
v 0.041689 0.708875 -0.047303
v 0.036923 0.718004 -0.046801
v 0.047263 0.722939 -0.045083
v -0.105603 0.992740 -0.268048
v -0.105839 0.986634 -0.264561
v -0.108576 0.992966 -0.267629
v -0.109278 0.999048 -0.270503
v -0.106896 0.999147 -0.270993
v -0.110334 1.006708 -0.273225
v -0.113550 1.008222 -0.266593
v -0.111699 1.012534 -0.277163
v -0.107234 1.006667 -0.273715
v -0.095746 1.012330 -0.270267
v -0.097812 1.002965 -0.267172
v -0.107583 1.013577 -0.277516
v -0.073430 1.018285 -0.278442
v -0.072375 1.011626 -0.275233
v -0.078532 1.019371 -0.277357
v -0.071096 1.005747 -0.271053
v -0.083045 1.014325 -0.272206
v -0.070159 1.000532 -0.266506
v -0.069053 1.007347 -0.269754
v -0.070386 1.012615 -0.274098
v -0.119023 0.931809 -0.185023
v -0.118967 0.937835 -0.194855
v -0.105639 0.932234 -0.195283
v -0.104407 0.928580 -0.151164
v -0.114411 0.945964 -0.151985
v -0.112884 0.948561 -0.172179
v -0.121111 0.944200 -0.199244
v -0.122458 0.947206 -0.197001
v -0.117093 0.953054 -0.185800
v -0.113718 0.942353 -0.145448
v -0.115168 0.949426 -0.147743
v -0.126043 0.953038 -0.208357
v -0.120295 0.954060 -0.211742
v -0.123253 0.948494 -0.204377
v -0.124482 0.949467 -0.202298
v -0.108969 0.942827 -0.204775
v -0.112878 0.949494 -0.209561
v -0.119684 0.959748 -0.161101
v -0.119944 0.962778 -0.166828
v -0.116290 0.951908 -0.158875
v -0.118625 0.955017 -0.151905
v -0.108628 0.953030 -0.144704
v -0.124390 0.959236 -0.215766
v -0.128588 0.959640 -0.213233
v -0.126288 0.965100 -0.219871
v -0.108024 0.955589 -0.218366
v -0.118729 0.962731 -0.220983
v -0.113709 0.978241 -0.236073
v -0.125052 0.970759 -0.166437
v -0.122611 0.967748 -0.171516
v -0.120306 0.966546 -0.162460
v -0.119652 0.962606 -0.158782
v -0.112720 0.965015 -0.156243
v -0.115525 0.996133 -0.249434
v -0.111599 0.984673 -0.251057
v -0.103121 0.898078 -0.152956
v -0.107603 0.909389 -0.166090
v -0.089740 0.898018 -0.159392
v -0.105104 0.902208 -0.152442
v -0.100773 0.910669 -0.146040
v -0.108346 0.911110 -0.159404
v -0.100165 0.895947 -0.145000
v -0.096949 0.916827 -0.139778
v -0.096304 0.923876 -0.195877
v -0.095613 0.916099 -0.183278
v -0.105983 0.923453 -0.156724
v -0.102058 0.939387 -0.206723
v -0.100175 0.919895 -0.131947
v -0.093259 0.912271 -0.127292
v -0.106107 0.927150 -0.127477
v -0.109817 0.935752 -0.135499
v -0.109470 0.935053 -0.143611
v -0.103884 0.924843 -0.121735
v -0.102950 0.921857 -0.122007
v -0.102408 0.930938 -0.124588
v -0.090955 0.935860 -0.122312
v -0.106063 0.937964 -0.132138
v -0.106419 0.958060 -0.230690
v -0.100585 0.946645 -0.228377
v -0.110934 0.938058 -0.198892
v -0.113788 0.943362 -0.141968
v -0.102004 0.950987 -0.238529
v -0.103186 0.955978 -0.244066
v -0.099948 0.949330 -0.242189
v -0.101076 0.956065 -0.246360
v -0.103958 0.964342 -0.251574
v -0.095762 0.940716 -0.229163
v -0.094857 0.931833 -0.221637
v -0.096507 0.951510 -0.135221
v -0.108695 0.967727 -0.240869
v -0.106811 0.961218 -0.149275
v -0.102426 0.975726 -0.156458
v -0.111737 0.991612 -0.256025
v -0.107890 0.982675 -0.260280
v -0.105966 0.972533 -0.257361
v -0.108538 0.988080 -0.262568
v -0.111890 0.997971 -0.260262
v -0.111115 1.001233 -0.266760
v -0.100746 0.978787 -0.260062
v -0.105958 0.980301 -0.261956
v -0.092090 0.888467 -0.137779
v -0.093480 0.891267 -0.135338
v -0.096900 0.893425 -0.145484
v -0.084163 0.883956 -0.128783
v -0.086349 0.887531 -0.127755
v -0.091398 0.907253 -0.131821
v -0.078874 0.890220 -0.164608
v -0.073038 0.882610 -0.161910
v -0.079860 0.889735 -0.150181
v -0.090009 0.913618 -0.197099
v -0.089143 0.914124 -0.204924
v -0.086149 0.911678 -0.206343
v -0.088718 0.919838 -0.210878
v -0.086644 0.908842 -0.203110
v -0.079344 0.927294 -0.212220
v -0.083300 0.919758 -0.209558
v -0.088852 0.924625 -0.216540
v -0.089091 0.909045 -0.189517
v -0.084312 0.900572 -0.186636
v -0.086870 0.902560 -0.171056
v -0.081189 0.894740 -0.181653
v -0.097681 0.917855 -0.117764
v -0.092911 0.913377 -0.113985
v -0.080706 0.899133 -0.117472
v -0.088433 0.907968 -0.119551
v -0.097530 0.920707 -0.116435
v -0.092015 0.915776 -0.111786
v -0.086900 0.910784 -0.106519
v -0.086859 0.907769 -0.110776
v -0.092907 0.924369 -0.208862
v -0.077992 0.938518 -0.220030
v -0.085747 0.926865 -0.114373
v -0.079519 0.953602 -0.230971
v -0.094610 0.951334 -0.240731
v -0.090049 0.950853 -0.126781
v -0.088312 0.962657 -0.119963
v -0.090631 0.968032 -0.126847
v -0.100710 0.965163 -0.252664
v -0.095982 0.959312 -0.246698
v -0.085219 0.980961 -0.250904
v -0.098091 0.966769 -0.144480
v -0.095964 0.979955 -0.144429
v -0.093263 0.976461 -0.131684
v -0.085725 0.964603 -0.117818
v -0.087420 0.970950 -0.125287
v -0.093847 0.984590 -0.140593
v -0.093402 0.981075 -0.137785
v -0.096189 0.991007 -0.143509
v -0.098364 0.984404 -0.149652
v -0.091076 0.982207 -0.137146
v -0.091176 0.978415 -0.130692
v -0.093730 1.028323 -0.277208
v -0.086627 1.006326 -0.265705
v -0.100108 0.990348 -0.154116
v -0.093922 0.992090 -0.143205
v -0.093883 0.996900 -0.148920
v -0.099736 1.000833 -0.152888
v -0.097573 0.996166 -0.149831
v -0.096247 1.001971 -0.152350
v -0.090191 0.986217 -0.141194
v -0.085004 1.017685 -0.171354
v -0.094985 1.019146 -0.165594
v -0.096725 1.009000 -0.156228
v -0.101201 1.008240 -0.154740
v -0.078175 0.891508 -0.185513
v -0.078345 0.889615 -0.176852
v -0.072917 0.884547 -0.173652
v -0.061215 0.908533 -0.191181
v -0.074277 0.887967 -0.180350
v -0.074259 0.898272 -0.189633
v -0.067512 0.878988 -0.139718
v -0.075945 0.884108 -0.138024
v -0.071288 0.881863 -0.151684
v -0.072294 0.880149 -0.127976
v -0.079075 0.881091 -0.120991
v -0.074432 0.886083 -0.111720
v -0.064766 0.878407 -0.096447
v -0.069228 0.890484 -0.098793
v -0.084220 0.904369 -0.196355
v -0.081195 0.897089 -0.190750
v -0.074906 0.912503 -0.200448
v -0.081826 0.907637 -0.102214
v -0.075505 0.897338 -0.105605
v -0.076322 0.903124 -0.094443
v -0.074999 0.897979 -0.091757
v -0.068738 0.897188 -0.084117
v -0.065236 0.913727 -0.092229
v -0.070626 0.918721 -0.099976
v -0.077865 0.914505 -0.103693
v -0.082291 0.918507 -0.108506
v -0.085255 0.941346 -0.119052
v -0.074988 0.925839 -0.105539
v -0.074425 0.939945 -0.100188
v -0.081260 0.953220 -0.110035
v -0.080244 0.932579 -0.111974
v -0.085417 0.955567 -0.114992
v -0.075809 0.971183 -0.247708
v -0.063255 0.958314 -0.240952
v -0.077794 0.964025 -0.119802
v -0.088883 0.996788 -0.260008
v -0.084604 0.980773 -0.137910
v -0.086557 0.977538 -0.131771
v -0.080671 0.990629 -0.257836
v -0.072629 0.982651 -0.256479
v -0.066401 0.992526 -0.264498
v -0.084130 1.003789 -0.159780
v -0.081386 0.992532 -0.151035
v -0.076715 1.005431 -0.161184
v -0.071408 1.014944 -0.163341
v -0.081534 1.017098 -0.170506
v -0.074800 1.024221 -0.170028
v -0.065335 1.026321 -0.165905
v -0.051024 0.881241 -0.155137
v -0.060769 0.874848 -0.152341
v -0.055377 0.883861 -0.162532
v -0.060195 0.871781 -0.144343
v -0.063051 0.874664 -0.149718
v -0.063993 0.871307 -0.106169
v -0.063170 0.875468 -0.127400
v -0.049814 0.864705 -0.126958
v -0.055534 0.867617 -0.085608
v -0.054475 0.900202 -0.181390
v -0.062646 0.890822 -0.175406
v -0.069715 0.878535 -0.165633
v -0.064788 0.881634 -0.167330
v -0.064796 0.876209 -0.159885
v -0.068921 0.892856 -0.085737
v -0.062707 0.887790 -0.077413
v -0.061578 0.924196 -0.086758
v -0.058663 0.921811 -0.081180
v -0.065268 0.928705 -0.210783
v -0.067035 0.929688 -0.090977
v -0.066393 0.936638 -0.097290
v -0.070569 0.934789 -0.097129
v -0.063909 0.931334 -0.091915
v -0.057619 0.926930 -0.088154
v -0.070181 0.942883 -0.101598
v -0.063775 0.955031 -0.115981
v -0.058704 0.970893 -0.125556
v -0.072789 0.979305 -0.139990
v -0.052299 0.970404 -0.119363
v -0.055939 0.961746 -0.115888
v -0.061724 0.974581 -0.254197
v -0.063284 0.966371 -0.249578
v -0.059155 0.968759 -0.251221
v -0.057163 0.962710 -0.244170
v -0.061267 0.980119 -0.134415
v -0.056151 0.991274 -0.139264
v -0.080449 0.971591 -0.128493
v -0.066846 0.988178 -0.262401
v -0.064925 0.981278 -0.257719
v -0.062608 0.984406 -0.256458
v -0.065014 0.987480 -0.261842
v -0.068649 0.988888 -0.145905
v -0.067519 1.002727 -0.264994
v -0.065557 0.996922 -0.261570
v -0.062474 1.000952 -0.251792
v -0.064086 0.989984 -0.261370
v -0.073419 0.996172 -0.153993
v -0.061895 1.008857 -0.154220
v -0.059645 0.994569 -0.144573
v -0.060967 1.000922 -0.149416
v -0.068156 1.014471 -0.265598
v -0.065013 1.011249 -0.258272
v -0.038587 0.860075 -0.114445
v -0.043655 0.860855 -0.101111
v -0.056331 0.868762 -0.136775
v -0.053520 0.868592 -0.138583
v -0.047512 0.877938 -0.147776
v -0.043913 0.874252 -0.140070
v -0.030990 0.874271 -0.134433
v -0.046528 0.867595 -0.131845
v -0.045390 0.886471 -0.061853
v -0.043910 0.863610 -0.077413
v -0.044529 0.894338 -0.176015
v -0.048919 0.890203 -0.166795
v -0.036996 0.880669 -0.147701
v -0.040612 0.885104 -0.158262
v -0.054537 0.898993 -0.071793
v -0.036578 0.902954 -0.060120
v -0.061271 0.907223 -0.084288
v -0.049608 0.913357 -0.068725
v -0.034229 0.919143 -0.072773
v -0.043579 0.923896 -0.081536
v -0.051282 0.935657 -0.219994
v -0.039405 0.942015 -0.198674
v -0.040807 0.919738 -0.198309
v -0.055363 0.940066 -0.102441
v -0.034318 0.935068 -0.087927
v -0.050309 0.931127 -0.093173
v -0.050151 0.965889 -0.221580
v -0.053429 0.974631 -0.230116
v -0.042756 0.952820 -0.102133
v -0.057835 0.981955 -0.244209
v -0.036265 0.984002 -0.221610
v -0.054469 0.991745 -0.235903
v -0.034669 0.976977 -0.213905
v -0.047781 0.972086 -0.118986
v -0.050916 0.977260 -0.124717
v -0.046603 0.967023 -0.111699
v -0.057816 1.001235 -0.242909
v -0.033060 0.986654 -0.220645
v -0.039398 0.994729 -0.228255
v -0.055125 1.000512 -0.161169
v -0.055742 0.998308 -0.152944
v -0.050056 0.989481 -0.159589
v -0.053322 0.984757 -0.133414
v -0.053222 0.989643 -0.140722
v -0.050227 0.983269 -0.135344
v -0.046062 0.981107 -0.151821
v -0.040134 0.965574 -0.126369
v -0.042923 0.973303 -0.141269
v -0.047485 0.976657 -0.128078
v -0.058096 1.001105 -0.150112
v -0.056604 0.995070 -0.145586
v -0.046438 0.994541 -0.168976
v -0.038781 0.981639 -0.158182
v -0.068046 1.022573 -0.267080
v -0.042641 1.013251 -0.235192
v -0.043739 1.012389 -0.238075
v -0.044947 1.019659 -0.238888
v -0.049435 1.007549 -0.178671
v -0.055010 1.004424 -0.171026
v -0.064358 1.015530 -0.160709
v -0.061307 1.014858 -0.162027
v -0.059085 1.008360 -0.155257
v -0.015321 0.872064 -0.126336
v -0.028112 0.855755 -0.092384
v -0.025874 0.859861 -0.105112
v -0.025293 0.862733 -0.075552
v -0.023749 0.869596 -0.066735
v -0.031642 0.875085 -0.062573
v -0.032346 0.890545 -0.169795
v -0.028763 0.886073 -0.161919
v -0.026433 0.882011 -0.149990
v -0.047886 0.916153 -0.203370
v -0.039036 0.901836 -0.188832
v -0.034781 0.907267 -0.187135
v -0.031154 0.898406 -0.177318
v -0.029511 0.901959 -0.054399
v -0.030067 0.886141 -0.052418
v -0.022144 0.910856 -0.055492
v -0.046444 0.957158 -0.212683
v -0.031948 0.938568 -0.189134
v -0.037235 0.945041 -0.099528
v -0.038346 0.952735 -0.201972
v -0.038560 0.961394 -0.206997
v -0.028315 0.934751 -0.096719
v -0.015664 0.938511 -0.116731
v -0.041565 0.963287 -0.112431
v -0.033625 0.956553 -0.127836
v -0.033043 0.975444 -0.210920
v -0.032993 0.976754 -0.205008
v -0.030286 0.969866 -0.206654
v -0.035878 0.971749 -0.145840
v -0.034630 0.992212 -0.222324
v -0.038305 0.991000 -0.210320
v -0.040452 0.986247 -0.194790
v -0.036313 0.976153 -0.186627
v -0.041808 1.003081 -0.235111
v -0.037337 0.998392 -0.226241
v -0.047035 1.015870 -0.223612
v -0.042369 1.004112 -0.217783
v -0.038831 1.006124 -0.231568
v -0.044760 1.003289 -0.206373
v -0.039368 1.000121 -0.194461
v -0.035333 0.995756 -0.174665
v -0.029737 0.982244 -0.163545
v -0.033579 0.988613 -0.178253
v -0.033773 0.996232 -0.179887
v -0.037857 0.989714 -0.188127
v -0.047954 1.020969 -0.245556
v -0.048890 1.019361 -0.216459
v -0.039688 1.014175 -0.198665
v -0.040655 1.020716 -0.201736
v -0.038336 1.008859 -0.193890
v -0.042951 1.026112 -0.204927
v -0.038646 1.013179 -0.187034
v -0.045528 1.013829 -0.184927
v -0.035651 1.006026 -0.181453
v -0.037010 1.011706 -0.189767
v -0.036905 0.995743 -0.187252
v -0.034244 1.004992 -0.184898
v -0.019895 0.810889 -0.058635
v -0.022321 0.812385 -0.045367
v -0.020167 0.820037 -0.059962
v -0.018492 0.828211 -0.059929
v -0.014282 0.822264 -0.061743
v -0.015494 0.811172 -0.060592
v -0.021570 0.820335 -0.051322
v -0.023079 0.829819 -0.047539
v -0.023632 0.841197 -0.051832
v -0.017396 0.834548 -0.061793
v -0.021468 0.846106 -0.059571
v -0.022639 0.855102 -0.057850
v -0.018594 0.852937 -0.065934
v -0.007910 0.876440 -0.116136
v -0.011876 0.866476 -0.112766
v -0.004788 0.867069 -0.101966
v -0.022565 0.866742 -0.056030
v -0.017623 0.861055 -0.067303
v -0.016749 0.861487 -0.084123
v -0.014151 0.868471 -0.070864
v -0.019167 0.867109 -0.069723
v -0.021576 0.869003 -0.062851
v -0.028095 0.857883 -0.043775
v -0.025626 0.874407 -0.057885
v -0.018005 0.865845 -0.067279
v -0.028596 0.881543 -0.041943
v -0.029845 0.893705 -0.169675
v -0.023693 0.886740 -0.149757
v -0.019834 0.878871 -0.139437
v -0.006828 0.900003 -0.130432
v -0.017669 0.894054 -0.138720
v -0.011478 0.906887 -0.142237
v -0.034137 0.893966 -0.178286
v -0.026391 0.913671 -0.165555
v -0.026667 0.894270 -0.160557
v -0.020584 0.900432 -0.147632
v -0.028518 0.897914 -0.042009
v -0.032424 0.926051 -0.181551
v -0.015034 0.930443 -0.169693
v -0.026674 0.906497 -0.040363
v -0.022408 0.918422 -0.042397
v -0.011836 0.923740 -0.162218
v -0.019490 0.913679 -0.067721
v -0.014725 0.922432 -0.080508
v -0.018852 0.928737 -0.057784
v -0.018360 0.941577 -0.066314
v -0.015473 0.927389 -0.067037
v -0.018584 0.919527 -0.057013
v -0.022811 0.928705 -0.043138
v -0.017418 0.939652 -0.178516
v -0.021587 0.947155 -0.185830
v -0.018189 0.944719 -0.178483
v -0.025320 0.954687 -0.193634
v -0.019440 0.943355 -0.165702
v -0.024431 0.951694 -0.164115
v -0.017223 0.937518 -0.158056
v -0.014607 0.928012 -0.144806
v -0.012863 0.929320 -0.156061
v -0.019736 0.939510 -0.148152
v -0.015496 0.947517 -0.125219
v -0.021404 0.943042 -0.051471
v -0.021315 0.953149 -0.064297
v -0.029226 0.961255 -0.198309
v -0.024430 0.957648 -0.191647
v -0.032220 0.967894 -0.176900
v -0.028884 0.964136 -0.195677
v -0.024160 0.953853 -0.176111
v -0.021035 0.949791 -0.183514
v -0.027877 0.960477 -0.180894
v -0.026696 0.966822 -0.164617
v -0.021842 0.957630 -0.155161
v -0.018678 0.959910 -0.070822
v -0.018513 0.952598 -0.071366
v -0.015315 0.953089 -0.071835
v -0.017433 0.947073 -0.071019
v -0.022481 0.973576 -0.070362
v -0.025837 0.968165 -0.049604
v -0.023801 0.973871 -0.157390
v -0.028970 0.979573 -0.166449
v -0.021141 0.968013 -0.149132
v -0.025460 0.975054 -0.153954
v -0.024790 0.968111 -0.144238
v -0.015887 0.959004 -0.137609
v -0.020808 0.974886 -0.074494
v -0.016584 0.973795 -0.075208
v -0.032213 0.957431 -0.044289
v -0.039845 0.967948 -0.042421
v -0.041546 0.978724 -0.042254
v -0.027438 0.979260 -0.049929
v -0.021479 0.983623 -0.074234
v -0.017768 0.983433 -0.075898
v -0.024400 0.981788 -0.059236
v -0.024294 0.993467 -0.058614
v -0.027521 0.993564 -0.050855
v -0.021247 0.994806 -0.074371
v -0.017438 0.994503 -0.076074
v -0.023374 1.004369 -0.060900
v -0.018267 1.005596 -0.077347
v -0.021198 1.003214 -0.074100
v -0.020256 1.013158 -0.076848
v -0.022266 1.013202 -0.064808
v -0.025123 1.013658 -0.053870
v -0.021584 1.022568 -0.066529
v -0.018929 1.021240 -0.075238
v -0.032849 1.011826 -0.049072
v -0.036752 1.019405 -0.047025
v -0.035871 1.002667 -0.046834
v -0.018185 0.844190 -0.064058
v -0.008746 0.839915 -0.063030
v -0.009687 0.851406 -0.065531
v -0.015231 0.865922 -0.068011
v -0.015149 0.863655 -0.067085
v -0.010447 0.864570 -0.065609
v -0.010580 0.867687 -0.066490
v -0.002659 0.875142 -0.071151
v -0.001798 0.869276 -0.088757
v -0.001679 0.871972 -0.064670
v -0.004685 0.860688 -0.065579
v -0.002700 0.891743 -0.118054
v -0.000734 0.881925 -0.104311
v -0.007647 0.911016 -0.139120
v -0.014272 0.915540 -0.154692
v -0.010271 0.919927 -0.150572
v -0.010289 0.925668 -0.160106
v -0.009830 0.914825 -0.121705
v -0.004449 0.905751 -0.129231
v -0.012960 0.920833 -0.130997
v -0.008808 0.925123 -0.111168
v -0.014076 0.929917 -0.129963
v -0.009733 0.912305 -0.070359
v -0.000922 0.912999 -0.090762
v -0.008032 0.916404 -0.065534
v -0.015334 0.916062 -0.064653
v -0.014810 0.921315 -0.065352
v -0.015771 0.940011 -0.174166
v -0.013761 0.933042 -0.166736
v -0.012652 0.941466 -0.128108
v -0.011536 0.937059 -0.118903
v -0.014316 0.929576 -0.104699
v -0.003361 0.907360 -0.112414
v -0.010926 0.929791 -0.066370
v -0.014734 0.950916 -0.137779
v -0.014323 0.951794 -0.131881
v -0.013863 0.940317 -0.068898
v -0.022882 0.960676 -0.135816
v 0.000388 0.988600 -0.070634
v 0.000147 0.976215 -0.070171
v 0.003165 1.002144 -0.070446
v -0.011548 1.012585 -0.075384
v -0.002176 1.013209 -0.072761
v -0.015905 1.022058 -0.077004
v -0.016972 1.015492 -0.077323
v 0.006660 0.824698 -0.059373
v 0.022435 0.829721 -0.068432
v 0.023652 0.816772 -0.067070
v 0.010302 0.837529 -0.063030
v 0.009027 0.850261 -0.063562
v 0.010410 0.862738 -0.063977
v 0.004103 0.880700 -0.090403
v 0.004235 0.889601 -0.074129
v 0.007504 0.889630 -0.066233
v 0.008095 0.873010 -0.062146
v 0.023757 0.869877 -0.070514
v 0.019308 0.882725 -0.067658
v 0.006325 0.893192 -0.103164
v 0.006356 0.892222 -0.091455
v 0.001448 0.904308 -0.100394
v 0.001261 0.902023 -0.073636
v 0.003900 0.900862 -0.067945
v -0.003552 0.909369 -0.066663
v 0.000910 0.898787 -0.117445
v 0.011393 0.900127 -0.061955
v 0.017580 0.894271 -0.065901
v 0.012212 0.889711 -0.063027
v 0.005020 0.930909 -0.060461
v 0.004552 0.917125 -0.059693
v -0.005944 0.924891 -0.063813
v 0.012337 0.928059 -0.065573
v 0.007733 0.910308 -0.059723
v -0.008644 0.958684 -0.070520
v 0.005505 0.949998 -0.064333
v -0.001180 0.962389 -0.068644
v 0.018287 0.952114 -0.075047
v 0.017804 0.961549 -0.078148
v 0.008178 0.973282 -0.071820
v 0.009934 0.995729 -0.074273
v 0.008628 1.011210 -0.074252
v 0.007131 0.985745 -0.072029
v 0.003587 1.023595 -0.071981
v -0.006317 1.024864 -0.074655
v 0.019331 0.812068 -0.067315
v 0.023700 0.808928 -0.065522
v 0.029593 0.811042 -0.053401
v 0.028606 0.820927 -0.058573
v 0.027299 0.830924 -0.063849
v 0.022831 0.839276 -0.068008
v 0.023849 0.848908 -0.070066
v 0.023958 0.858708 -0.071166
v 0.026129 0.876859 -0.071309
v 0.024574 0.883924 -0.070643
v 0.023721 0.892993 -0.069068
v 0.018437 0.902617 -0.066860
v 0.012753 0.905063 -0.062720
v 0.018169 0.912998 -0.067831
v 0.023282 0.911730 -0.070514
v 0.020689 0.930328 -0.073813
v 0.022067 0.920007 -0.073684
v 0.009368 0.913563 -0.059266
v 0.021056 0.942806 -0.076998
v 0.014398 0.941575 -0.070589
v 0.025333 0.920978 -0.073185
v 0.024929 0.942797 -0.075722
v 0.024843 0.930915 -0.073386
v 0.024074 0.952434 -0.076051
v 0.022959 0.959830 -0.081348
v 0.021836 0.964709 -0.081303
v 0.021218 0.974549 -0.081685
v 0.021772 0.983655 -0.082874
v 0.021158 1.002707 -0.083095
v 0.035961 0.813679 -0.046753
v 0.026693 0.839811 -0.065994
v 0.027385 0.848783 -0.068510
v 0.032259 0.846346 -0.058847
v 0.035362 0.827450 -0.049383
v 0.043802 0.839847 -0.049371
v 0.044522 0.830842 -0.047285
v 0.035429 0.841439 -0.051325
v 0.033820 0.858624 -0.056505
v 0.027765 0.858506 -0.070269
v 0.028263 0.868405 -0.069519
v 0.031498 0.867767 -0.062642
v 0.038541 0.856799 -0.051229
v 0.032383 0.876774 -0.059033
v 0.035465 0.878603 -0.051253
v 0.028766 0.876810 -0.069690
v 0.027852 0.884174 -0.069782
v 0.031776 0.891307 -0.058597
v 0.026944 0.892932 -0.067754
v 0.030499 0.884188 -0.063735
v 0.035115 0.901753 -0.049819
v 0.027161 0.902471 -0.068483
v 0.026570 0.912196 -0.068925
v 0.024305 0.902452 -0.070030
v 0.032695 0.902397 -0.055477
v 0.035264 0.917705 -0.051244
v 0.031101 0.914186 -0.058925
v 0.029689 0.923743 -0.064685
v 0.028062 0.932440 -0.068877
v 0.030449 0.943508 -0.066565
v 0.033255 0.930268 -0.055068
v 0.031337 0.957907 -0.068563
v 0.040049 0.947352 -0.056138
v 0.025158 0.964064 -0.080401
v 0.025539 0.974199 -0.080950
v 0.033878 0.974896 -0.066648
v 0.025514 0.983882 -0.082074
v 0.025281 0.993248 -0.081593
v 0.029479 0.984147 -0.075620
v 0.021409 0.993562 -0.082265
v 0.024883 1.002781 -0.082510
v 0.029011 1.003896 -0.075800
v 0.025058 1.011853 -0.081195
v 0.020988 1.011591 -0.081784
v 0.039762 1.031215 -0.063897
v 0.044101 1.010949 -0.061964
v 0.032489 1.017535 -0.069983
v 0.048928 0.822820 -0.046245
v 0.047441 0.847513 -0.049595
v 0.054745 0.846952 -0.047712
v 0.054750 0.839131 -0.047040
v 0.046988 0.871739 -0.049944
v 0.052135 0.878535 -0.049102
v 0.047427 0.885612 -0.048695
v 0.048002 0.895402 -0.048549
v 0.049191 0.904458 -0.048800
v 0.054169 0.903085 -0.046538
v 0.043886 0.923101 -0.051584
v 0.051130 0.912691 -0.050082
v 0.043661 0.934174 -0.053431
v 0.052544 0.920162 -0.050930
v 0.053778 0.926745 -0.051841
v 0.032237 0.993886 -0.070242
v 0.038942 0.976131 -0.060410
v 0.040679 0.960769 -0.058256
v 0.036758 0.999327 -0.063033
v 0.046002 0.988528 -0.060362
v 0.024799 1.020358 -0.083427
v 0.054891 0.830904 -0.045233
v 0.056378 0.854513 -0.048555
v 0.051075 0.863239 -0.049783
v 0.055575 0.870661 -0.049078
v 0.056064 0.862036 -0.048265
v 0.055176 0.887719 -0.046986
v 0.056134 0.912298 -0.048573
v 0.056228 0.920083 -0.048803
v 0.057526 0.936362 -0.052119
v 0.057328 0.927607 -0.050625
v 0.058268 0.928255 -0.046667
v 0.059202 0.936955 -0.048955
v 0.056272 0.944890 -0.052741
v 0.057721 0.959326 -0.055020
v 0.058398 0.944845 -0.048409
v 0.060525 0.973946 -0.057279
v 0.061909 0.971232 -0.054258
v 0.060007 0.959313 -0.046986
v 0.056619 0.973709 -0.034943
v 0.061458 0.978483 -0.055785
v 0.061808 0.977912 -0.053165
v 0.058571 0.986927 -0.058062
v 0.057302 0.998371 -0.059448
v 0.059823 0.985668 -0.046631
v 0.061169 0.987137 -0.055217
v 0.058816 0.997627 -0.046275
v 0.056567 1.009634 -0.060060
v 0.060365 1.009438 -0.057623
v 0.058376 1.009830 -0.048397
v 0.060643 0.998857 -0.055740
v 0.056573 1.022773 -0.059801
v 0.058967 1.022765 -0.056227
v -0.121757 1.040711 -0.280569
v -0.117406 1.042167 -0.294521
v -0.118747 1.049147 -0.295621
v -0.117984 1.031405 -0.282965
v -0.113927 1.023042 -0.284498
v -0.120885 1.058208 -0.295343
v -0.116591 1.036542 -0.292027
v -0.120662 1.062613 -0.299161
v -0.118937 1.061187 -0.301922
v -0.123326 1.069670 -0.297491
v -0.119264 1.067798 -0.304037
v -0.123349 1.074935 -0.302319
v -0.115219 1.061774 -0.301501
v -0.121369 1.085312 -0.313377
v -0.120182 1.078952 -0.310141
v -0.123843 1.085033 -0.311683
v -0.122688 1.079142 -0.308770
v -0.121021 1.073420 -0.306108
v -0.126586 1.082913 -0.301011
v -0.127935 1.095844 -0.309391
v -0.127088 1.103561 -0.320690
v -0.120564 1.092663 -0.315988
v -0.108418 1.091233 -0.309600
v -0.114797 1.103581 -0.317500
v -0.124185 1.101764 -0.322525
v -0.115342 1.111747 -0.320696
v -0.124100 1.120577 -0.327703
v -0.116204 1.119520 -0.323329
v -0.123995 1.113042 -0.325468
v -0.109605 1.124805 -0.321557
v -0.104629 1.161489 -0.334010
v -0.106645 1.145735 -0.327840
v -0.113799 1.157776 -0.332286
v -0.129679 1.157841 -0.338004
v -0.126579 1.163204 -0.340317
v -0.133333 1.177852 -0.345951
v -0.129755 1.175230 -0.346913
v -0.119607 1.177386 -0.341816
v -0.130932 1.184133 -0.349402
v -0.130350 1.190956 -0.351105
v -0.131416 1.197474 -0.353355
v -0.122060 1.197673 -0.348778
v -0.131384 1.205140 -0.354191
v -0.119944 1.206561 -0.350068
v -0.112007 1.205323 -0.347015
v -0.131523 1.213063 -0.355900
v -0.132407 1.220658 -0.357747
v -0.135123 1.220974 -0.356402
v -0.124162 1.223483 -0.355007
v -0.135756 1.228328 -0.356587
v -0.136426 1.234713 -0.358108
v -0.133228 1.227903 -0.358813
v -0.134380 1.234637 -0.360776
v -0.129190 1.228592 -0.357806
v -0.112860 1.017749 -0.281292
v -0.115596 1.020507 -0.275454
v -0.110651 1.022895 -0.284755
v -0.110670 1.017524 -0.281860
v -0.114813 1.028928 -0.288074
v -0.111154 1.029493 -0.288029
v -0.112899 1.037700 -0.292445
v -0.099064 1.049876 -0.288943
v -0.115778 1.048523 -0.297240
v -0.091635 1.044396 -0.287718
v -0.089442 1.034419 -0.282986
v -0.115525 1.042003 -0.295460
v -0.111683 1.055645 -0.297491
v -0.117092 1.055044 -0.299373
v -0.115211 1.068371 -0.303565
v -0.118245 1.073792 -0.306837
v -0.101147 1.065923 -0.296117
v -0.101885 1.085515 -0.304712
v -0.094516 1.072753 -0.300742
v -0.107501 1.076116 -0.302648
v -0.114557 1.095925 -0.314276
v -0.101960 1.124336 -0.322698
v -0.105152 1.108262 -0.314742
v -0.126759 1.139433 -0.333642
v -0.114016 1.169919 -0.336143
v -0.092124 1.135905 -0.331210
v -0.106839 1.174343 -0.338147
v -0.112597 1.190488 -0.342196
v -0.123459 1.184314 -0.345763
v -0.096779 1.198362 -0.350914
v -0.101182 1.190172 -0.346845
v -0.110932 1.223629 -0.352213
v -0.119850 1.216585 -0.352318
v -0.115919 1.230502 -0.353223
v -0.128578 1.235056 -0.358783
v -0.117370 1.242882 -0.355419
v -0.102826 1.239428 -0.267283
v -0.127569 1.236875 -0.261708
v -0.108774 1.228792 -0.266476
v -0.101560 1.020930 -0.277713
v -0.077990 1.035972 -0.289666
v -0.083879 1.027370 -0.280360
v -0.085611 1.051579 -0.294008
v -0.092908 1.062062 -0.296191
v -0.087484 1.080736 -0.307604
v -0.082589 1.074067 -0.307076
v -0.083037 1.069486 -0.304019
v -0.089795 1.091089 -0.311844
v -0.090338 1.126216 -0.328942
v -0.087538 1.117683 -0.326502
v -0.091369 1.149555 -0.334568
v -0.088067 1.143707 -0.333379
v -0.093247 1.166253 -0.341452
v -0.089193 1.163983 -0.338419
v -0.091944 1.180315 -0.347119
v -0.093272 1.174043 -0.343376
v -0.097315 1.181185 -0.345402
v -0.092600 1.189778 -0.349838
v -0.097030 1.205965 -0.353101
v -0.092118 1.205935 -0.352554
v -0.103620 1.210188 -0.351544
v -0.096867 1.213641 -0.354920
v -0.101488 1.221536 -0.354672
v -0.100801 1.233415 -0.357561
v -0.094972 1.236035 -0.358010
v -0.093669 1.222204 -0.355336
v -0.097388 1.242319 -0.360403
v -0.074376 1.024564 -0.281734
v -0.076827 1.030673 -0.286655
v -0.081957 1.058432 -0.298582
v -0.077337 1.051885 -0.295328
v -0.075784 1.044393 -0.292045
v -0.079630 1.043590 -0.292642
v -0.084439 1.064239 -0.300249
v -0.079530 1.064618 -0.300279
v -0.078730 1.058813 -0.297999
v -0.080121 1.069740 -0.303272
v -0.077990 1.074316 -0.297428
v -0.074887 1.070558 -0.290079
v -0.076527 1.061350 -0.293219
v -0.082204 1.090288 -0.312131
v -0.082185 1.082138 -0.308641
v -0.079418 1.085431 -0.302690
v -0.079635 1.077415 -0.303254
v -0.073815 1.089118 -0.290679
v -0.087353 1.105608 -0.321121
v -0.081891 1.111294 -0.317153
v -0.082896 1.131382 -0.321288
v -0.083837 1.118707 -0.323167
v -0.086317 1.124546 -0.328614
v -0.087094 1.134757 -0.331180
v -0.086402 1.161421 -0.328366
v -0.074690 1.162129 -0.313908
v -0.070873 1.155899 -0.309986
v -0.080746 1.150908 -0.314808
v -0.078438 1.169541 -0.317909
v -0.089721 1.174612 -0.341443
v -0.089776 1.181084 -0.345267
v -0.085270 1.180661 -0.331267
v -0.088587 1.190511 -0.343988
v -0.082504 1.202196 -0.331575
v -0.080510 1.185642 -0.325046
v -0.082083 1.204669 -0.273222
v -0.085999 1.193667 -0.263076
v -0.078510 1.193930 -0.271970
v -0.093395 1.214148 -0.354281
v -0.089789 1.198376 -0.347113
v -0.066680 1.199527 -0.322779
v -0.083227 1.181200 -0.265230
v -0.076730 1.182603 -0.269162
v -0.087170 1.202669 -0.260725
v -0.080951 1.216423 -0.334141
v -0.088711 1.216350 -0.345590
v -0.078623 1.226611 -0.334972
v -0.085695 1.209667 -0.268738
v -0.084897 1.220922 -0.275902
v -0.090193 1.244254 -0.348685
v -0.076202 1.236332 -0.335061
v -0.087489 1.206301 -0.342536
v -0.086384 1.238317 -0.279810
v -0.080612 1.228789 -0.280482
v -0.090678 1.230317 -0.265152
v -0.071437 1.019008 -0.277238
v -0.071564 1.026366 -0.278361
v -0.071845 1.032231 -0.282069
v -0.068767 1.042788 -0.273715
v -0.073794 1.030221 -0.286891
v -0.074209 1.036804 -0.289105
v -0.071128 1.050758 -0.280856
v -0.073790 1.056802 -0.287584
v -0.064254 1.049481 -0.268403
v -0.068161 1.059331 -0.274725
v -0.057678 1.041552 -0.261137
v -0.070377 1.070066 -0.280832
v -0.067221 1.086384 -0.284357
v -0.059783 1.075480 -0.275962
v -0.076815 1.123342 -0.305229
v -0.068116 1.102604 -0.291946
v -0.061997 1.095869 -0.284988
v -0.069358 1.121921 -0.300458
v -0.061767 1.139604 -0.302630
v -0.074284 1.143517 -0.309212
v -0.062127 1.131687 -0.285224
v -0.064038 1.140174 -0.286768
v -0.066399 1.135144 -0.275529
v -0.059956 1.122487 -0.284949
v -0.069231 1.158664 -0.286090
v -0.065037 1.149351 -0.290697
v -0.063802 1.153805 -0.297721
v -0.063762 1.167820 -0.310404
v -0.064218 1.158872 -0.308020
v -0.062677 1.159743 -0.305426
v -0.063266 1.168072 -0.306699
v -0.065692 1.160993 -0.298387
v -0.069116 1.167528 -0.284387
v -0.065005 1.176387 -0.313890
v -0.064332 1.175746 -0.309128
v -0.071405 1.176989 -0.292179
v -0.071776 1.191223 -0.295929
v -0.067978 1.183268 -0.283915
v -0.065223 1.176713 -0.274683
v -0.065032 1.171676 -0.270309
v -0.065653 1.189365 -0.319131
v -0.069570 1.198820 -0.304653
v -0.068353 1.204188 -0.291244
v -0.068693 1.191257 -0.286927
v -0.065953 1.193264 -0.279192
v -0.066306 1.185798 -0.273434
v -0.067686 1.193745 -0.276135
v -0.074772 1.187761 -0.271585
v -0.071843 1.210725 -0.301079
v -0.063523 1.202877 -0.320081
v -0.066988 1.198479 -0.285747
v -0.072678 1.216386 -0.279771
v -0.066782 1.200463 -0.277659
v -0.065188 1.213089 -0.323995
v -0.064484 1.207404 -0.282048
v -0.066165 1.216247 -0.284516
v -0.066338 1.207802 -0.279383
v -0.066557 1.225896 -0.287345
v -0.068939 1.226816 -0.284677
v -0.067065 1.229272 -0.329259
v -0.070589 1.238698 -0.320622
v -0.066461 1.228812 -0.326161
v -0.068683 1.238125 -0.330143
v -0.069895 1.252840 -0.327532
v -0.073295 1.266633 -0.324763
v -0.074598 1.251611 -0.311294
v -0.072445 1.238932 -0.287742
v -0.073289 1.238047 -0.308692
v -0.068841 1.237993 -0.292161
v -0.072388 1.222827 -0.304751
v -0.055799 1.068674 -0.272135
v -0.052991 1.061101 -0.268391
v -0.049804 1.063310 -0.266094
v -0.054404 1.078662 -0.273043
v -0.055507 1.085039 -0.276586
v -0.059410 1.082904 -0.278558
v -0.056572 1.081778 -0.268762
v -0.055867 1.086360 -0.273966
v -0.054874 1.074732 -0.265090
v -0.058094 1.090825 -0.279965
v -0.062438 1.096422 -0.261089
v -0.058484 1.092772 -0.274125
v -0.059397 1.100463 -0.276649
v -0.057183 1.097315 -0.282466
v -0.063562 1.112616 -0.293422
v -0.056935 1.106323 -0.284689
v -0.058066 1.112358 -0.288185
v -0.058399 1.114517 -0.284889
v -0.060733 1.128716 -0.298313
v -0.058403 1.119711 -0.294734
v -0.056747 1.119968 -0.292125
v -0.058276 1.130330 -0.294506
v -0.059161 1.138430 -0.297841
v -0.057886 1.129470 -0.255685
v -0.059172 1.140071 -0.258260
v -0.063251 1.149767 -0.305382
v -0.059539 1.144847 -0.299559
v -0.061354 1.147917 -0.266960
v -0.061555 1.151938 -0.302669
v -0.063380 1.181560 -0.312202
v -0.085584 1.176337 -0.255072
v -0.084254 1.167671 -0.252494
v -0.066581 1.177680 -0.271206
v -0.064839 1.184496 -0.275738
v -0.063705 1.191850 -0.315991
v -0.064958 1.199511 -0.280225
v -0.066382 1.220300 -0.323854
v -0.070633 1.226094 -0.313923
v -0.067478 1.220391 -0.327111
v -0.116145 1.016246 -0.267647
v -0.113122 1.018310 -0.186003
v -0.109269 1.032805 -0.180422
v -0.117310 1.040606 -0.201476
v -0.125518 1.062098 -0.215378
v -0.113348 1.041248 -0.192722
v -0.112673 1.035632 -0.190105
v -0.118569 1.061178 -0.204849
v -0.117698 1.051499 -0.202895
v -0.123747 1.075885 -0.219181
v -0.121737 1.066895 -0.212387
v -0.116064 1.075817 -0.199140
v -0.117423 1.084085 -0.206663
v -0.123977 1.091016 -0.223899
v -0.128295 1.085485 -0.227771
v -0.121640 1.086437 -0.217386
v -0.117597 1.091836 -0.210454
v -0.118873 1.099132 -0.214894
v -0.122716 1.101930 -0.224568
v -0.119409 1.115828 -0.220376
v -0.122332 1.112433 -0.224762
v -0.118483 1.106088 -0.217457
v -0.125377 1.130227 -0.231544
v -0.117898 1.121485 -0.223474
v -0.121262 1.120757 -0.224941
v -0.127012 1.138210 -0.235909
v -0.127877 1.147154 -0.239291
v -0.122188 1.126809 -0.225422
v -0.122456 1.134163 -0.225939
v -0.120205 1.128632 -0.224138
v -0.119641 1.135221 -0.225930
v -0.122888 1.141866 -0.229784
v -0.118517 1.141688 -0.229402
v -0.123859 1.150625 -0.231777
v -0.127386 1.155813 -0.239712
v -0.125289 1.165583 -0.239593
v -0.117096 1.150430 -0.233606
v -0.121429 1.159423 -0.235416
v -0.124989 1.158755 -0.235715
v -0.126206 1.174701 -0.242948
v -0.126827 1.180914 -0.248359
v -0.123616 1.175335 -0.242578
v -0.123662 1.181736 -0.247322
v -0.122506 1.166132 -0.239154
v -0.112462 1.166997 -0.245042
v -0.116782 1.173967 -0.246596
v -0.128578 1.191434 -0.249407
v -0.129153 1.201437 -0.253378
v -0.125411 1.191927 -0.248559
v -0.114238 1.191555 -0.254866
v -0.130845 1.213549 -0.254764
v -0.124660 1.202006 -0.252550
v -0.127140 1.213578 -0.253749
v -0.130773 1.221277 -0.258511
v -0.127698 1.222828 -0.257800
v -0.112048 1.213951 -0.262189
v -0.130062 1.228186 -0.259745
v -0.104756 1.019196 -0.163479
v -0.102067 1.020388 -0.163046
v -0.107096 1.025182 -0.167512
v -0.108831 1.027807 -0.174814
v -0.106472 1.035276 -0.177419
v -0.107113 1.041338 -0.180864
v -0.109537 1.039911 -0.182726
v -0.103670 1.035676 -0.177168
v -0.104467 1.026866 -0.166667
v -0.105768 1.031334 -0.172296
v -0.110016 1.046393 -0.186233
v -0.111552 1.052747 -0.189878
v -0.108812 1.053695 -0.188701
v -0.110302 1.060423 -0.191154
v -0.101323 1.040225 -0.182672
v -0.107308 1.047227 -0.185295
v -0.114195 1.066956 -0.196935
v -0.112781 1.060020 -0.192510
v -0.110603 1.067436 -0.195522
v -0.095729 1.054318 -0.195620
v -0.104599 1.060198 -0.193965
v -0.102248 1.066561 -0.198805
v -0.112405 1.074724 -0.197709
v -0.113667 1.079444 -0.199534
v -0.108345 1.079323 -0.202352
v -0.104937 1.073570 -0.201088
v -0.114666 1.092838 -0.209370
v -0.114096 1.085838 -0.205330
v -0.116680 1.101008 -0.213770
v -0.111649 1.100150 -0.214801
v -0.105911 1.084555 -0.207553
v -0.110400 1.123616 -0.226934
v -0.100713 1.132724 -0.234332
v -0.115943 1.130366 -0.225957
v -0.105009 1.114252 -0.225297
v -0.109704 1.158469 -0.242121
v -0.102137 1.147673 -0.239315
v -0.105491 1.138331 -0.235425
v -0.114690 1.181008 -0.250991
v -0.106734 1.172457 -0.250985
v -0.107201 1.191707 -0.257564
v -0.099400 1.184530 -0.252476
v -0.109458 1.204286 -0.260605
v -0.115177 1.222732 -0.263509
v -0.102823 1.250584 -0.269882
v -0.113922 1.249267 -0.272123
v -0.085506 1.027284 -0.178337
v -0.095345 1.025548 -0.171172
v -0.103328 1.013258 -0.159186
v -0.099455 1.014761 -0.159326
v -0.092008 1.034727 -0.182809
v -0.097107 1.045658 -0.188925
v -0.100268 1.031322 -0.174010
v -0.068316 1.032602 -0.171880
v -0.077875 1.040724 -0.182824
v -0.087026 1.052224 -0.194470
v -0.091409 1.067390 -0.202907
v -0.096029 1.072793 -0.206086
v -0.097907 1.094508 -0.217977
v -0.089618 1.085203 -0.209585
v -0.096319 1.108804 -0.223863
v -0.109769 1.105906 -0.219112
v -0.105912 1.092702 -0.213119
v -0.083830 1.111256 -0.219841
v -0.088908 1.118079 -0.224392
v -0.084063 1.102954 -0.215611
v -0.087676 1.131188 -0.226964
v -0.093999 1.142656 -0.233591
v -0.088442 1.151507 -0.233390
v -0.102974 1.158476 -0.244143
v -0.096767 1.166005 -0.244508
v -0.093573 1.194867 -0.252258
v -0.099477 1.201509 -0.255864
v -0.104491 1.218360 -0.262030
v -0.101746 1.209389 -0.258481
v -0.094106 1.231721 -0.262440
v -0.094148 1.240653 -0.264749
v -0.088826 1.041123 -0.188823
v -0.070118 1.040088 -0.176652
v -0.066714 1.038435 -0.177643
v -0.070656 1.046177 -0.183753
v -0.075848 1.050190 -0.187536
v -0.078896 1.063086 -0.195868
v -0.074183 1.063433 -0.196361
v -0.077209 1.071007 -0.197622
v -0.080441 1.077852 -0.201494
v -0.079900 1.088186 -0.205889
v -0.076505 1.085837 -0.206128
v -0.080108 1.100924 -0.214616
v -0.082918 1.097421 -0.212035
v -0.077386 1.090966 -0.208868
v -0.069007 1.096395 -0.232656
v -0.074536 1.108131 -0.236250
v -0.075253 1.097560 -0.226328
v -0.080470 1.109944 -0.221234
v -0.076453 1.123773 -0.242602
v -0.080725 1.118670 -0.227221
v -0.083717 1.119164 -0.222978
v -0.083608 1.130485 -0.226794
v -0.083452 1.137734 -0.229043
v -0.086168 1.138056 -0.228392
v -0.080520 1.127868 -0.231386
v -0.080126 1.159420 -0.256671
v -0.082720 1.156470 -0.246745
v -0.076622 1.143419 -0.250764
v -0.081054 1.147526 -0.243462
v -0.079252 1.138014 -0.243097
v -0.085595 1.144637 -0.229590
v -0.084474 1.151677 -0.234188
v -0.081187 1.135269 -0.233199
v -0.083328 1.144581 -0.230591
v -0.085831 1.158839 -0.238027
v -0.085968 1.165150 -0.241102
v -0.087864 1.171629 -0.245374
v -0.088706 1.158921 -0.237191
v -0.088445 1.178951 -0.248066
v -0.088634 1.165599 -0.239978
v -0.091300 1.171837 -0.244490
v -0.091506 1.178969 -0.247223
v -0.088945 1.186602 -0.251361
v -0.092148 1.186813 -0.250125
v -0.089732 1.194737 -0.252810
v -0.091929 1.203647 -0.252804
v -0.092777 1.211964 -0.255673
v -0.093309 1.220654 -0.257143
v -0.089844 1.220374 -0.259019
v -0.089216 1.203585 -0.253901
v -0.089807 1.211642 -0.257379
v -0.062552 1.025370 -0.167781
v -0.058566 1.018245 -0.181094
v -0.065293 1.031935 -0.173398
v -0.053207 1.041550 -0.206245
v -0.062158 1.040389 -0.201548
v -0.049389 1.035870 -0.203104
v -0.052430 1.029971 -0.197066
v -0.062106 1.029455 -0.187685
v -0.068022 1.048740 -0.198435
v -0.065429 1.050518 -0.207329
v -0.069855 1.059204 -0.205997
v -0.072930 1.058133 -0.192065
v -0.071381 1.050590 -0.187733
v -0.070905 1.056072 -0.196917
v -0.075634 1.057876 -0.191214
v -0.066385 1.041354 -0.192480
v -0.072851 1.081079 -0.215868
v -0.071570 1.073021 -0.211195
v -0.070252 1.079935 -0.222736
v -0.068549 1.068107 -0.216391
v -0.072354 1.068151 -0.203768
v -0.061101 1.061414 -0.215620
v -0.064331 1.086359 -0.228790
v -0.074492 1.070517 -0.198450
v -0.074919 1.077912 -0.202782
v -0.075311 1.090012 -0.215931
v -0.056972 1.095130 -0.236707
v -0.058774 1.106387 -0.242127
v -0.056639 1.098611 -0.240370
v -0.060006 1.118956 -0.247967
v -0.068474 1.130958 -0.248209
v -0.061330 1.150614 -0.258854
v -0.055107 1.032383 -0.254495
v -0.046762 1.030381 -0.245407
v -0.064621 1.032200 -0.260519
v -0.050229 1.027803 -0.233071
v -0.052353 1.020248 -0.188557
v -0.049126 1.045712 -0.258583
v -0.048786 1.035330 -0.250824
v -0.050667 1.040051 -0.245870
v -0.045136 1.023931 -0.242518
v -0.054501 1.039559 -0.231317
v -0.056044 1.055449 -0.241562
v -0.044454 1.033019 -0.206833
v -0.046519 1.038409 -0.211760
v -0.041051 1.025817 -0.195641
v -0.051174 1.054184 -0.263022
v -0.057246 1.065174 -0.248230
v -0.050180 1.056591 -0.260178
v -0.054028 1.059222 -0.234332
v -0.052974 1.049201 -0.228795
v -0.060075 1.076862 -0.251415
v -0.050769 1.074191 -0.230887
v -0.053880 1.054853 -0.214538
v -0.048283 1.053699 -0.219420
v -0.049456 1.044724 -0.217882
v -0.052894 1.048034 -0.210962
v -0.049132 1.047120 -0.213033
v -0.052550 1.066689 -0.261499
v -0.052577 1.071608 -0.269255
v -0.049871 1.069232 -0.225739
v -0.049754 1.061587 -0.223890
v -0.050838 1.062486 -0.220505
v -0.052153 1.076765 -0.227723
v -0.051792 1.070002 -0.223803
v -0.053285 1.083434 -0.234161
v -0.049028 1.075425 -0.049185
v -0.050127 1.076808 -0.044312
v -0.049497 1.081507 -0.050515
v -0.050516 1.082790 -0.046673
v -0.047270 1.085123 -0.047665
v -0.058374 1.085740 -0.247209
v -0.059701 1.093632 -0.251320
v -0.054218 1.092014 -0.238335
v -0.056366 1.097500 -0.242727
v -0.055004 1.084627 -0.231523
v -0.057028 1.105428 -0.247140
v -0.058584 1.117937 -0.251887
v -0.058637 1.130563 -0.251571
v -0.064728 1.116974 -0.268134
v -0.060657 1.141459 -0.255622
v -0.043634 1.029926 -0.201515
v -0.039262 1.025019 -0.197852
v -0.040062 1.020543 -0.191847
v -0.037770 1.019394 -0.193347
v -0.049219 1.048669 -0.255114
v -0.047110 1.041224 -0.208482
v -0.045096 1.035137 -0.204733
v -0.049119 1.054619 -0.216352
v -0.044492 1.040269 -0.045167
v -0.045341 1.041329 -0.041226
v -0.045349 1.052913 -0.046861
v -0.046584 1.064896 -0.048349
v -0.028601 1.061011 -0.057213
v -0.040935 1.073192 -0.053598
v -0.047735 1.065966 -0.043416
v -0.045311 1.080511 -0.052806
v -0.046422 1.084224 -0.050521
v -0.041502 1.088184 -0.049320
v -0.037026 1.082829 -0.053628
v -0.023586 1.078372 -0.060252
v -0.038629 1.097400 -0.050924
v -0.039245 1.115134 -0.050108
v -0.029086 1.113590 -0.056879
v -0.040251 1.106994 -0.049657
v -0.039500 1.123241 -0.047449
v -0.038431 1.122838 -0.050557
v -0.040107 1.116098 -0.046924
v -0.041542 1.131247 -0.048779
v -0.040426 1.130632 -0.051832
v -0.040087 1.138444 -0.052502
v -0.026667 1.138861 -0.059774
v -0.040256 1.144707 -0.052039
v -0.039511 1.143728 -0.046870
v -0.042116 1.153423 -0.051348
v -0.036147 1.144860 -0.055026
v -0.039653 1.162565 -0.052669
v -0.033485 1.153906 -0.057127
v -0.038365 1.171462 -0.053586
v -0.038741 1.171237 -0.049583
v -0.024347 1.174458 -0.062292
v -0.030182 1.164791 -0.058761
v -0.035600 1.180250 -0.054802
v -0.029377 1.048430 -0.055277
v -0.023477 1.045694 -0.061330
v -0.029655 1.036941 -0.052875
v -0.023666 1.057479 -0.062582
v -0.024025 1.033077 -0.058384
v -0.033010 1.026808 -0.050228
v -0.022427 1.067152 -0.066729
v -0.020841 1.076774 -0.070443
v -0.041768 1.098369 -0.045346
v -0.022715 1.104584 -0.060879
v -0.019462 1.097272 -0.071252
v -0.021265 1.119809 -0.061859
v -0.022256 1.129126 -0.061360
v -0.017593 1.131337 -0.080012
v -0.017756 1.120376 -0.076523
v -0.036557 1.186146 -0.052968
v -0.029737 1.187214 -0.058507
v -0.038027 1.195257 -0.052298
v -0.038003 1.204418 -0.053135
v -0.035168 1.204362 -0.056508
v -0.038453 1.213737 -0.054016
v -0.035793 1.212813 -0.047187
v -0.037148 1.222336 -0.048567
v -0.038029 1.225968 -0.055220
v -0.037082 1.241901 -0.053945
v -0.030183 1.225792 -0.060616
v -0.020041 1.028758 -0.076851
v -0.018591 1.031879 -0.079546
v -0.020280 1.035321 -0.077404
v -0.014231 1.040828 -0.079863
v -0.020451 1.043302 -0.076343
v -0.017177 1.050286 -0.082967
v -0.020102 1.069734 -0.075979
v -0.020144 1.059777 -0.082316
v -0.019008 1.067242 -0.082668
v -0.016326 1.066602 -0.084171
v -0.015252 1.074062 -0.084431
v -0.017498 1.058778 -0.084237
v -0.009161 1.055434 -0.080640
v -0.004061 1.065113 -0.079612
v -0.019320 1.075504 -0.079725
v -0.018661 1.075694 -0.084141
v -0.019054 1.081835 -0.078025
v -0.016406 1.082790 -0.083771
v -0.016271 1.089419 -0.083857
v -0.010677 1.088626 -0.083331
v -0.016071 1.098590 -0.084634
v -0.013303 1.104196 -0.083947
v -0.006688 1.096669 -0.082492
v -0.019923 1.087431 -0.071784
v -0.015921 1.104207 -0.082435
v -0.018084 1.104636 -0.073983
v -0.014463 1.113583 -0.086071
v -0.016663 1.111743 -0.083320
v -0.019908 1.111574 -0.067700
v -0.016281 1.120656 -0.085728
v -0.012904 1.129923 -0.086773
v -0.016962 1.169886 -0.076762
v -0.015862 1.176793 -0.079663
v -0.011036 1.169116 -0.086884
v -0.011143 1.183369 -0.087980
v -0.011224 1.176723 -0.087514
v -0.014583 1.183270 -0.087377
v -0.019681 1.182321 -0.064844
v -0.018674 1.193455 -0.069729
v -0.016932 1.182430 -0.076588
v -0.010942 1.190150 -0.088180
v -0.014229 1.190138 -0.086406
v -0.011934 1.196466 -0.089211
v -0.016565 1.188440 -0.079029
v -0.015018 1.203384 -0.089725
v -0.012858 1.202232 -0.090475
v -0.014843 1.196506 -0.087789
v -0.013249 1.210901 -0.089964
v -0.017483 1.214036 -0.075880
v -0.017938 1.203280 -0.073251
v -0.021479 1.205114 -0.064545
v -0.029044 1.196111 -0.059445
v -0.015484 1.219568 -0.086785
v -0.012932 1.227535 -0.090795
v -0.012206 1.217936 -0.090953
v -0.014814 1.226444 -0.088727
v -0.018694 1.232226 -0.066771
v -0.016796 1.228698 -0.076768
v -0.015116 1.231633 -0.085016
v -0.026788 1.214901 -0.062283
v -0.014033 1.231231 -0.089334
v 0.001554 1.044502 -0.074485
v 0.009313 1.041317 -0.076451
v 0.011054 1.030235 -0.076702
v 0.006271 1.059345 -0.075898
v 0.026145 1.084233 -0.089077
v -0.003027 1.078711 -0.080786
v 0.001809 1.116568 -0.081130
v 0.001795 1.105979 -0.080463
v 0.006265 1.170522 -0.082716
v 0.007077 1.189883 -0.083612
v -0.002731 1.197615 -0.086322
v -0.002896 1.209578 -0.087469
v -0.006791 1.230501 -0.089259
v -0.013536 1.240699 -0.086938
v -0.011692 1.234572 -0.089444
v 0.019842 1.020671 -0.082477
v 0.023823 1.047276 -0.087398
v 0.022399 1.038312 -0.085306
v 0.015247 1.049681 -0.081631
v 0.018824 1.066016 -0.086116
v 0.020170 1.056364 -0.086008
v 0.011027 1.105378 -0.081682
v 0.007413 1.072945 -0.077771
v 0.020805 1.091694 -0.087054
v 0.014452 1.165674 -0.087317
v 0.006253 1.157285 -0.082351
v 0.020031 1.183748 -0.090278
v 0.013998 1.178206 -0.087362
v 0.002109 1.221489 -0.086307
v 0.021927 1.208910 -0.093110
v 0.028302 1.203290 -0.094723
v 0.027341 1.191852 -0.094207
v 0.003310 1.238612 -0.086110
v 0.016540 1.224320 -0.089492
v 0.028607 1.223106 -0.096053
v 0.025108 1.029371 -0.083009
v 0.021823 1.029475 -0.083657
v 0.029286 1.028993 -0.075970
v 0.033374 1.039567 -0.070287
v 0.025573 1.038071 -0.084410
v 0.027379 1.047325 -0.085196
v 0.024486 1.055159 -0.088252
v 0.025181 1.063407 -0.090562
v 0.027824 1.055746 -0.086250
v 0.035660 1.058370 -0.070257
v 0.023765 1.076429 -0.088216
v 0.026911 1.068726 -0.089734
v 0.027715 1.062513 -0.088676
v 0.029454 1.068259 -0.086316
v 0.032647 1.072560 -0.079839
v 0.026972 1.095043 -0.088028
v 0.031308 1.095659 -0.083155
v 0.025732 1.104545 -0.089869
v 0.024630 1.114131 -0.089444
v 0.029336 1.105737 -0.087108
v 0.024561 1.121171 -0.090502
v 0.007584 1.127077 -0.080404
v 0.022389 1.128988 -0.090684
v 0.028132 1.121080 -0.090451
v 0.027706 1.129093 -0.092447
v 0.027976 1.114280 -0.088536
v 0.031152 1.122887 -0.085405
v 0.026612 1.137789 -0.092097
v 0.021563 1.136886 -0.090505
v 0.025790 1.145300 -0.094114
v 0.029289 1.139358 -0.090780
v 0.007392 1.137311 -0.081025
v 0.033602 1.133461 -0.082728
v 0.011855 1.144780 -0.084530
v 0.014888 1.154899 -0.087445
v 0.025417 1.160774 -0.093702
v 0.028939 1.145589 -0.093143
v 0.025732 1.153547 -0.094962
v 0.028753 1.153594 -0.094236
v 0.024950 1.173219 -0.093791
v 0.024920 1.167579 -0.093803
v 0.027563 1.184454 -0.092701
v 0.027429 1.174469 -0.093926
v 0.030234 1.175563 -0.090358
v 0.027834 1.167590 -0.093507
v 0.032128 1.184272 -0.087099
v 0.029881 1.213327 -0.095844
v 0.016661 1.240928 -0.089373
v 0.022605 1.233682 -0.092399
v 0.028262 1.235007 -0.095010
v 0.026436 1.239787 -0.094323
v 0.031502 1.237926 -0.092262
v 0.042502 1.053027 -0.065880
v 0.056895 1.039338 -0.062639
v 0.038944 1.082419 -0.069260
v 0.050398 1.066399 -0.066603
v 0.035961 1.104127 -0.075722
v 0.050957 1.092540 -0.067981
v 0.059323 1.088178 -0.065767
v 0.059733 1.079587 -0.066556
v 0.033846 1.084728 -0.078303
v 0.041946 1.112744 -0.070712
v 0.038015 1.129867 -0.072698
v 0.055123 1.125139 -0.069185
v 0.032604 1.114478 -0.081461
v 0.035483 1.145021 -0.079271
v 0.063104 1.143633 -0.067243
v 0.062550 1.135944 -0.067180
v 0.060029 1.139741 -0.070667
v 0.034279 1.156404 -0.082868
v 0.039217 1.168457 -0.075310
v 0.032542 1.168741 -0.085907
v 0.031160 1.161629 -0.088826
v 0.041262 1.145646 -0.073173
v 0.032004 1.196863 -0.089011
v 0.038635 1.203714 -0.078073
v 0.046925 1.191535 -0.074443
v 0.053310 1.199322 -0.073654
v 0.031107 1.223974 -0.094135
v 0.036323 1.225819 -0.084019
v 0.040204 1.219310 -0.077225
v 0.059614 1.032067 -0.057440
v 0.058450 1.031562 -0.060311
v 0.056667 1.022351 -0.042854
v 0.055942 1.045883 -0.042538
v 0.056174 1.034218 -0.042236
v 0.060190 1.040331 -0.059018
v 0.056864 1.058154 -0.044217
v 0.061240 1.050002 -0.060697
v 0.058882 1.049780 -0.063903
v 0.057954 1.089353 -0.048340
v 0.060142 1.079265 -0.054509
v 0.061088 1.088581 -0.061754
v 0.059162 1.097301 -0.066648
v 0.057624 1.106763 -0.067228
v 0.059029 1.115905 -0.067975
v 0.059906 1.162281 -0.058372
v 0.057481 1.168905 -0.046365
v 0.058437 1.152617 -0.052818
v 0.058941 1.171650 -0.069887
v 0.057709 1.162647 -0.071219
v 0.047667 1.175917 -0.073087
v 0.062004 1.162750 -0.068525
v 0.059853 1.180206 -0.070245
v 0.061045 1.198284 -0.071987
v 0.059946 1.189311 -0.071237
v 0.040343 1.236236 -0.077825
v 0.049595 1.236032 -0.075280
v 0.050695 1.221831 -0.075348
v 0.060624 1.061633 -0.065680
v 0.060045 1.068292 -0.052086
v 0.062832 1.061767 -0.062609
v 0.060340 1.070538 -0.066122
v 0.062261 1.070700 -0.063308
v 0.061966 1.079695 -0.063245
v 0.060976 1.097655 -0.063616
v 0.060493 1.107138 -0.064264
v 0.059906 1.107033 -0.058498
v 0.059167 1.098993 -0.054273
v 0.061401 1.116064 -0.065480
v 0.061296 1.126722 -0.064906
v 0.058941 1.114776 -0.053963
v 0.059645 1.125389 -0.055940
v 0.056302 1.133313 -0.046099
v 0.061046 1.144638 -0.058985
v 0.062093 1.153514 -0.064189
v 0.056705 1.151133 -0.045083
v 0.062131 1.153300 -0.068528
v 0.060244 1.170592 -0.060858
v 0.061178 1.171351 -0.067282
v 0.061593 1.179817 -0.067267
v 0.062057 1.189028 -0.067816
v 0.059134 1.177572 -0.055056
v 0.059343 1.186588 -0.043500
v 0.059067 1.188297 -0.052197
v 0.063169 1.198189 -0.068551
v 0.060190 1.200636 -0.054106
v 0.061794 1.208286 -0.072898
v 0.064078 1.207196 -0.069316
v 0.063253 1.215651 -0.062274
v 0.062513 1.221349 -0.073021
v 0.061094 1.235028 -0.071440
v 0.061739 1.238353 -0.059594
v 0.061831 1.213863 -0.042884
v -0.135176 1.241362 -0.361024
v -0.131497 1.241922 -0.361463
v -0.132718 1.250324 -0.363402
v -0.120051 1.254497 -0.358087
v -0.123854 1.277902 -0.364203
v -0.132229 1.253430 -0.268612
v -0.131714 1.244119 -0.266593
v -0.129360 1.254481 -0.267516
v -0.128786 1.245311 -0.265108
v -0.122357 1.255616 -0.270653
v -0.129815 1.263405 -0.269174
v -0.134687 1.272360 -0.274898
v -0.130898 1.272843 -0.271298
v -0.130112 1.282707 -0.273847
v -0.124688 1.272642 -0.273252
v -0.115119 1.287904 -0.281498
v -0.123485 1.280411 -0.276410
v -0.113075 1.302935 -0.368117
v -0.133102 1.303501 -0.372643
v -0.119094 1.311225 -0.367460
v -0.130259 1.312972 -0.280061
v -0.106786 1.304626 -0.282565
v -0.134863 1.317266 -0.374657
v -0.124024 1.319632 -0.370151
v -0.135232 1.311092 -0.373584
v -0.129228 1.326119 -0.372766
v -0.131722 1.326396 -0.282278
v -0.121961 1.326152 -0.287246
v -0.135729 1.342684 -0.375661
v -0.125361 1.333047 -0.370970
v -0.130389 1.334942 -0.286009
v -0.122016 1.336046 -0.289798
v -0.129141 1.341348 -0.287931
v -0.139554 1.351113 -0.368879
v -0.136444 1.351273 -0.373513
v -0.137133 1.360481 -0.372374
v -0.132571 1.352576 -0.373444
v -0.126827 1.355033 -0.370044
v -0.125506 1.342714 -0.370585
v -0.134195 1.360574 -0.373626
v -0.133912 1.349945 -0.289657
v -0.135590 1.359143 -0.293210
v -0.128338 1.349355 -0.290282
v -0.135817 1.370267 -0.370824
v -0.135591 1.367048 -0.297306
v -0.131774 1.367967 -0.294605
v -0.133981 1.375615 -0.299320
v -0.132423 1.358704 -0.291074
v -0.135472 1.378100 -0.368586
v -0.139752 1.377506 -0.354514
v -0.135080 1.386289 -0.365822
v -0.131634 1.386620 -0.367806
v -0.132150 1.377793 -0.369900
v -0.125677 1.376051 -0.366775
v -0.133763 1.383505 -0.302947
v -0.135391 1.386407 -0.316648
v -0.130942 1.375884 -0.298002
v -0.130526 1.383824 -0.301285
v -0.132421 1.389830 -0.307772
v -0.129167 1.390197 -0.306215
v -0.120875 1.372686 -0.303499
v -0.132975 1.393032 -0.362058
v -0.131071 1.399724 -0.358487
v -0.128348 1.399587 -0.359563
v -0.129750 1.393033 -0.363423
v -0.123430 1.384390 -0.362784
v -0.135100 1.391182 -0.355099
v -0.132226 1.397319 -0.351422
v -0.124175 1.392640 -0.359464
v -0.138495 1.400285 -0.334628
v -0.132944 1.396051 -0.323591
v -0.131587 1.397204 -0.312286
v -0.128141 1.397898 -0.311234
v -0.122832 1.380517 -0.304993
v -0.128635 1.402632 -0.351009
v -0.131952 1.403085 -0.345542
v -0.124627 1.400743 -0.354353
v -0.140888 1.400392 -0.344604
v -0.132969 1.402539 -0.337858
v -0.137706 1.402888 -0.345049
v -0.136451 1.399031 -0.337720
v -0.127534 1.404351 -0.338231
v -0.125609 1.403611 -0.345258
v -0.136132 1.404314 -0.330119
v -0.130139 1.403021 -0.329172
v -0.126101 1.406868 -0.326657
v -0.129244 1.402479 -0.319636
v -0.126625 1.402560 -0.318088
v -0.124999 1.405728 -0.323547
v -0.110021 1.242060 -0.355512
v -0.113077 1.264163 -0.276834
v -0.113171 1.254373 -0.357083
v -0.112633 1.266106 -0.359739
v -0.107715 1.285759 -0.366002
v -0.106429 1.275863 -0.363904
v -0.110436 1.278397 -0.279036
v -0.102203 1.287949 -0.278053
v -0.119805 1.265367 -0.274420
v -0.100350 1.297545 -0.279159
v -0.114274 1.316440 -0.369300
v -0.108203 1.312629 -0.371293
v -0.115295 1.328811 -0.369467
v -0.115179 1.319923 -0.288555
v -0.115845 1.340432 -0.294366
v -0.109369 1.335152 -0.289953
v -0.120325 1.351573 -0.366384
v -0.110372 1.348142 -0.371717
v -0.122307 1.365073 -0.365930
v -0.113703 1.354862 -0.369542
v -0.109768 1.350805 -0.294354
v -0.106171 1.361079 -0.295465
v -0.113700 1.360875 -0.299744
v -0.118106 1.354681 -0.298656
v -0.121592 1.363504 -0.299296
v -0.108175 1.378362 -0.301985
v -0.111955 1.387731 -0.307497
v -0.117263 1.375291 -0.364239
v -0.111241 1.373649 -0.301886
v -0.107237 1.369115 -0.298262
v -0.116540 1.393585 -0.360265
v -0.118628 1.400938 -0.354069
v -0.116989 1.384593 -0.362386
v -0.114417 1.403164 -0.355327
v -0.120867 1.386670 -0.310404
v -0.121288 1.394047 -0.314805
v -0.121090 1.399521 -0.320138
v -0.113557 1.396390 -0.312884
v -0.114072 1.402539 -0.317924
v -0.119627 1.405327 -0.345865
v -0.120996 1.403322 -0.349620
v -0.117017 1.405301 -0.351580
v -0.115887 1.405724 -0.349017
v -0.116186 1.404580 -0.338757
v -0.114277 1.405197 -0.332032
v -0.106543 1.403912 -0.342955
v -0.109657 1.398288 -0.349040
v -0.119673 1.403246 -0.324900
v -0.113300 1.404980 -0.323436
v -0.115583 1.404467 -0.322322
v -0.111468 1.403197 -0.318524
v -0.107834 1.404644 -0.335076
v -0.101090 1.401737 -0.329647
v -0.108071 1.399865 -0.326340
v -0.098683 1.253592 -0.362766
v -0.099664 1.263815 -0.364254
v -0.095478 1.254026 -0.361801
v -0.093850 1.250670 -0.269037
v -0.097994 1.276386 -0.366055
v -0.089468 1.284876 -0.352175
v -0.094303 1.276286 -0.360104
v -0.097446 1.284924 -0.368425
v -0.095261 1.276811 -0.272165
v -0.095286 1.288338 -0.278020
v -0.099327 1.276633 -0.273222
v -0.099140 1.294154 -0.370492
v -0.099657 1.303319 -0.372757
v -0.095857 1.295861 -0.367911
v -0.095571 1.305856 -0.368699
v -0.096091 1.298482 -0.278755
v -0.101418 1.316236 -0.373850
v -0.097165 1.312833 -0.280560
v -0.102155 1.313387 -0.281931
v -0.095534 1.305953 -0.281710
v -0.096210 1.316148 -0.369485
v -0.098799 1.319931 -0.373070
v -0.098259 1.325163 -0.284459
v -0.100302 1.336348 -0.286359
v -0.106449 1.323316 -0.286216
v -0.097000 1.329083 -0.286855
v -0.103310 1.339801 -0.374869
v -0.092734 1.327982 -0.358900
v -0.102722 1.344879 -0.290061
v -0.097498 1.337041 -0.287957
v -0.096808 1.345257 -0.363292
v -0.099008 1.344797 -0.291124
v -0.098880 1.350078 -0.292487
v -0.092568 1.347529 -0.306902
v -0.095084 1.341888 -0.299801
v -0.116411 1.365322 -0.366432
v -0.105643 1.366395 -0.372317
v -0.104566 1.358828 -0.373327
v -0.104233 1.351156 -0.374645
v -0.102622 1.366540 -0.370196
v -0.100115 1.363385 -0.363337
v -0.101507 1.358885 -0.371929
v -0.099693 1.366528 -0.356151
v -0.103936 1.374325 -0.369545
v -0.102916 1.379001 -0.360573
v -0.097795 1.372249 -0.353513
v -0.086949 1.367920 -0.351592
v -0.102487 1.361917 -0.295089
v -0.100628 1.353023 -0.291319
v -0.103156 1.369530 -0.297165
v -0.100270 1.361732 -0.296977
v -0.098159 1.353572 -0.296681
v -0.097125 1.356384 -0.304978
v -0.100778 1.368524 -0.299980
v -0.106660 1.373789 -0.371281
v -0.110638 1.382008 -0.367480
v -0.107961 1.379952 -0.368888
v -0.105878 1.381015 -0.367442
v -0.108648 1.387654 -0.366808
v -0.101717 1.382487 -0.316642
v -0.103862 1.384434 -0.307682
v -0.100357 1.374512 -0.312908
v -0.101697 1.374684 -0.302800
v -0.097997 1.363657 -0.311130
v -0.100742 1.386203 -0.319728
v -0.095361 1.376794 -0.316284
v -0.105706 1.382935 -0.303685
v -0.103829 1.376844 -0.300267
v -0.105484 1.387364 -0.305878
v -0.110911 1.396266 -0.361290
v -0.107771 1.394404 -0.356232
v -0.102920 1.388771 -0.351646
v -0.105351 1.398802 -0.348715
v -0.099386 1.396198 -0.349172
v -0.100795 1.397107 -0.340149
v -0.096749 1.386454 -0.334921
v -0.095077 1.388962 -0.339519
v -0.101694 1.395536 -0.336181
v -0.107195 1.396809 -0.315441
v -0.104552 1.393350 -0.322396
v -0.109351 1.400230 -0.321900
v -0.100327 1.398189 -0.325551
v -0.095230 1.394272 -0.323989
v -0.092405 1.387428 -0.329710
v -0.097632 1.398126 -0.331120
v -0.109434 1.397846 -0.313188
v -0.106664 1.392609 -0.308811
v -0.104518 1.389651 -0.313120
v -0.112694 1.402183 -0.352545
v -0.102106 1.401523 -0.347612
v -0.098389 1.399087 -0.346426
v -0.097132 1.398895 -0.326767
v -0.089967 1.255335 -0.348709
v -0.095079 1.245632 -0.360361
v -0.081285 1.255778 -0.340639
v -0.086967 1.270836 -0.346172
v -0.080025 1.247980 -0.286670
v -0.096378 1.264586 -0.363743
v -0.091432 1.266825 -0.352913
v -0.087496 1.256292 -0.284336
v -0.080681 1.260820 -0.290067
v -0.087423 1.272187 -0.289631
v -0.098841 1.266036 -0.270964
v -0.072606 1.263530 -0.338739
v -0.091721 1.275927 -0.279986
v -0.091012 1.265721 -0.277841
v -0.091128 1.286441 -0.286263
v -0.086070 1.286278 -0.293730
v -0.092817 1.296775 -0.285251
v -0.093928 1.266513 -0.271597
v -0.081237 1.299404 -0.348727
v -0.072315 1.323986 -0.344897
v -0.072570 1.315100 -0.342638
v -0.076564 1.322766 -0.349011
v -0.088466 1.301489 -0.295451
v -0.088898 1.315395 -0.299499
v -0.093511 1.310765 -0.287632
v -0.081490 1.313433 -0.350319
v -0.087316 1.331772 -0.353689
v -0.093270 1.329462 -0.298008
v -0.093147 1.319797 -0.293093
v -0.089469 1.328286 -0.302555
v -0.079373 1.340495 -0.309525
v -0.093565 1.343952 -0.355455
v -0.097979 1.355690 -0.361287
v -0.095423 1.358104 -0.354251
v -0.084430 1.347180 -0.330586
v -0.083499 1.350966 -0.336170
v -0.087475 1.357345 -0.331581
v -0.080263 1.363437 -0.318360
v -0.078325 1.355043 -0.315570
v -0.088434 1.366977 -0.330469
v -0.081375 1.355019 -0.312743
v -0.088051 1.360238 -0.312421
v -0.093150 1.373279 -0.334260
v -0.088256 1.366667 -0.337081
v -0.086727 1.377029 -0.348111
v -0.090690 1.383240 -0.342028
v -0.085789 1.358380 -0.336890
v -0.091244 1.385390 -0.350962
v -0.093055 1.391237 -0.349372
v -0.088576 1.376644 -0.350615
v -0.088068 1.385079 -0.347839
v -0.090138 1.387865 -0.325438
v -0.085845 1.379690 -0.322725
v -0.083302 1.371285 -0.320828
v -0.091088 1.387722 -0.322510
v -0.092356 1.367827 -0.314022
v -0.087157 1.380168 -0.319666
v -0.084359 1.371719 -0.317544
v -0.092101 1.391581 -0.346579
v -0.094355 1.396279 -0.326782
v -0.068543 1.247749 -0.333367
v -0.082420 1.244753 -0.339815
v -0.069560 1.249310 -0.297204
v -0.069947 1.250783 -0.292296
v -0.069682 1.255407 -0.334685
v -0.069169 1.260375 -0.297485
v -0.070392 1.261916 -0.294578
v -0.072232 1.269849 -0.339095
v -0.068696 1.263606 -0.335757
v -0.072188 1.277014 -0.332193
v -0.070505 1.272329 -0.336734
v -0.072518 1.276590 -0.339157
v -0.076115 1.268826 -0.315071
v -0.071810 1.274857 -0.297437
v -0.079840 1.278842 -0.343923
v -0.080133 1.287741 -0.346092
v -0.071196 1.283506 -0.340337
v -0.076601 1.272538 -0.341099
v -0.070952 1.284000 -0.336675
v -0.071237 1.291542 -0.341628
v -0.076777 1.286571 -0.320702
v -0.071803 1.288189 -0.301743
v -0.073840 1.298807 -0.302678
v -0.074718 1.311220 -0.304644
v -0.070638 1.300281 -0.342763
v -0.077824 1.336356 -0.349175
v -0.080056 1.321556 -0.304769
v -0.075242 1.324721 -0.307306
v -0.072640 1.322540 -0.309307
v -0.078940 1.352458 -0.346148
v -0.081692 1.337528 -0.332061
v -0.080577 1.335425 -0.325907
v -0.079653 1.344292 -0.322794
v -0.075356 1.330974 -0.311584
v -0.075461 1.339205 -0.313051
v -0.078939 1.332015 -0.307778
v -0.081846 1.351672 -0.350974
v -0.078215 1.347924 -0.312041
v -0.076674 1.347279 -0.314900
v -0.081227 1.360582 -0.347412
v -0.082736 1.360323 -0.350349
v -0.083070 1.369080 -0.348237
v -0.081661 1.363640 -0.315471
v -0.034784 1.255642 -0.055277
v -0.017598 1.249505 -0.067252
v -0.028398 1.275153 -0.040500
v -0.037084 1.278213 -0.053266
v -0.033955 1.265809 -0.056129
v -0.034051 1.286205 -0.058752
v -0.018758 1.276734 -0.066457
v -0.015019 1.258405 -0.076021
v -0.036739 1.288847 -0.051752
v -0.038203 1.299273 -0.053619
v -0.033078 1.302000 -0.046478
v -0.037220 1.299277 -0.056905
v -0.037217 1.308646 -0.054061
v -0.035628 1.317826 -0.053756
v -0.035965 1.308308 -0.057646
v -0.033024 1.327065 -0.058169
v -0.035268 1.327513 -0.053948
v -0.032221 1.337761 -0.057485
v -0.034987 1.318359 -0.057132
v -0.027047 1.314769 -0.062185
v -0.033259 1.338162 -0.053440
v -0.034692 1.347614 -0.055328
v -0.031936 1.347684 -0.058674
v -0.033386 1.356281 -0.057832
v -0.034311 1.366760 -0.057972
v -0.028252 1.357461 -0.061139
v -0.033967 1.355041 -0.053180
v -0.034961 1.366490 -0.054946
v -0.034044 1.376474 -0.054802
v -0.023616 1.358975 -0.038985
v -0.024533 1.374062 -0.040629
v -0.033152 1.376308 -0.058602
v -0.024396 1.365193 -0.063227
v -0.033153 1.386291 -0.056200
v -0.028646 1.384902 -0.061405
v -0.016436 1.371830 -0.068572
v -0.025096 1.387715 -0.043706
v -0.032456 1.394270 -0.058247
v -0.031301 1.395486 -0.054231
v -0.029249 1.403754 -0.054745
v -0.029104 1.403208 -0.058366
v -0.012051 1.251263 -0.088963
v -0.015706 1.269529 -0.075459
v -0.012283 1.258475 -0.088189
v -0.012813 1.279732 -0.088874
v -0.013335 1.269972 -0.089193
v -0.015603 1.279586 -0.076546
v -0.016055 1.316182 -0.069080
v -0.026875 1.304281 -0.062944
v -0.013289 1.289382 -0.092650
v -0.014900 1.292084 -0.084282
v -0.013502 1.296328 -0.089734
v -0.013034 1.305404 -0.089904
v -0.009417 1.303969 -0.092853
v -0.021241 1.331349 -0.064715
v -0.013842 1.356693 -0.070105
v -0.020551 1.352353 -0.064894
v -0.012456 1.398483 -0.072256
v -0.022346 1.394501 -0.064888
v -0.024413 1.402422 -0.062737
v -0.029007 1.412299 -0.059060
v -0.023613 1.402349 -0.044055
v -0.019548 1.418873 -0.040948
v -0.029445 1.412978 -0.055549
v -0.027722 1.424385 -0.055719
v -0.026825 1.423777 -0.059606
v -0.023111 1.427336 -0.048101
v -0.026238 1.435241 -0.060075
v -0.010507 1.432588 -0.070042
v -0.023909 1.451042 -0.060141
v -0.008639 1.444656 -0.071494
v -0.025485 1.448351 -0.056090
v -0.019639 1.442714 -0.045711
v -0.023415 1.464025 -0.057300
v -0.007609 1.462641 -0.069711
v -0.007481 1.260154 -0.089513
v -0.008729 1.279435 -0.090825
v -0.010164 1.270220 -0.090848
v 0.006551 1.267308 -0.086367
v 0.003729 1.278467 -0.087496
v -0.004803 1.287691 -0.090896
v -0.010011 1.295744 -0.091864
v 0.005717 1.296618 -0.088079
v -0.001422 1.310165 -0.090269
v -0.010991 1.309575 -0.093125
v -0.004563 1.318988 -0.091129
v 0.010812 1.306598 -0.086830
v -0.011846 1.319180 -0.089812
v -0.010759 1.328388 -0.090786
v -0.012497 1.328192 -0.079976
v -0.009858 1.335608 -0.092082
v -0.011121 1.335304 -0.088581
v -0.010660 1.341604 -0.089707
v -0.007835 1.342037 -0.092196
v -0.009812 1.351243 -0.094502
v -0.011781 1.350637 -0.085375
v -0.007684 1.371420 -0.094344
v -0.013105 1.378074 -0.075265
v -0.006806 1.407437 -0.090687
v -0.010178 1.414862 -0.075181
v -0.006076 1.416918 -0.092184
v -0.014419 1.419341 -0.068614
v -0.018860 1.408989 -0.066421
v -0.008112 1.426564 -0.079492
v -0.004757 1.436091 -0.092632
v -0.005056 1.427769 -0.090989
v -0.006714 1.438315 -0.083161
v -0.003884 1.448399 -0.089110
v 0.000161 1.250890 -0.087126
v 0.011576 1.259059 -0.086466
v 0.027034 1.249285 -0.093953
v 0.015237 1.273127 -0.088883
v 0.019189 1.266052 -0.090284
v 0.018014 1.300780 -0.091676
v 0.027615 1.258278 -0.095082
v 0.028507 1.273092 -0.095751
v 0.011306 1.283015 -0.086696
v 0.029097 1.281962 -0.097403
v 0.012792 1.292937 -0.087714
v 0.028979 1.290919 -0.097496
v 0.028548 1.241936 -0.094499
v 0.031387 1.249104 -0.092327
v 0.040130 1.249506 -0.078010
v 0.031295 1.258692 -0.093782
v 0.027302 1.266101 -0.094484
v 0.030239 1.265996 -0.094293
v 0.032748 1.272504 -0.092441
v 0.040220 1.260895 -0.078724
v 0.032531 1.281975 -0.095569
v 0.032009 1.290733 -0.096695
v 0.029381 1.309062 -0.096940
v 0.029490 1.300215 -0.098198
v 0.032454 1.300010 -0.097502
v 0.033709 1.427938 -0.096991
v 0.037370 1.426749 -0.094819
v 0.032994 1.418105 -0.096919
v 0.035031 1.436672 -0.097099
v 0.030127 1.438910 -0.096928
v 0.035332 1.460188 -0.096627
v 0.037621 1.455378 -0.095121
v 0.032788 1.448689 -0.097980
v 0.046689 1.250865 -0.075758
v 0.043195 1.267304 -0.077275
v 0.042581 1.443705 -0.086011
v 0.048028 1.439507 -0.080102
v 0.040210 1.434239 -0.090215
v 0.044163 1.454549 -0.083792
v 0.048184 1.451818 -0.079797
v 0.043606 1.467054 -0.085450
v 0.046396 1.476931 -0.079152
v 0.048239 1.463619 -0.080141
v 0.060727 1.245796 -0.072146
v 0.063306 1.247218 -0.069430
v 0.062036 1.255052 -0.059827
v 0.061191 1.251513 -0.044892
v 0.061530 1.257093 -0.072277
v 0.064456 1.271172 -0.064635
v 0.062294 1.261607 -0.043494
v 0.066680 1.295293 -0.068435
v 0.066438 1.307394 -0.067676
v 0.062259 1.297676 -0.046006
v 0.066074 1.319193 -0.069582
v 0.064223 1.317941 -0.073657
v 0.061758 1.319908 -0.052782
v 0.063129 1.327232 -0.046159
v 0.066823 1.319224 -0.040375
v 0.063720 1.331342 -0.059815
v 0.052060 1.317559 -0.076899
v 0.054293 1.327631 -0.076122
v 0.066241 1.329879 -0.070508
v 0.063693 1.329712 -0.074097
v 0.063961 1.340654 -0.073863
v 0.066192 1.340367 -0.070595
v 0.064444 1.341046 -0.060535
v 0.061570 1.338537 -0.050052
v 0.064193 1.351494 -0.058316
v 0.066072 1.360786 -0.063084
v 0.062464 1.352726 -0.049633
v 0.066588 1.372066 -0.046792
v 0.069196 1.361233 -0.041444
v 0.063572 1.369171 -0.054871
v 0.065377 1.381249 -0.060697
v 0.064576 1.403052 -0.051396
v 0.065690 1.385737 -0.048710
v 0.065527 1.392494 -0.062606
v 0.067129 1.389549 -0.072785
v 0.068730 1.379604 -0.072370
v 0.063986 1.388581 -0.075578
v 0.072999 1.382983 -0.038451
v 0.067384 1.398192 -0.073344
v 0.065775 1.409977 -0.074010
v 0.070885 1.432272 -0.040706
v 0.067841 1.420496 -0.044713
v 0.062519 1.436759 -0.053951
v 0.064534 1.452438 -0.074775
v 0.065648 1.440736 -0.075581
v 0.062594 1.451047 -0.053816
v 0.070745 1.442899 -0.041190
v 0.068471 1.350399 -0.070849
v 0.068354 1.360620 -0.071255
v 0.066299 1.369578 -0.075283
v 0.068523 1.369695 -0.072250
v 0.065704 1.361634 -0.075014
v 0.066445 1.378868 -0.075507
v 0.052530 1.406541 -0.079017
v 0.064904 1.395592 -0.075387
v 0.064450 1.422308 -0.075782
v 0.065412 1.424427 -0.064763
v 0.067498 1.440984 -0.071512
v 0.066585 1.452996 -0.071022
v -0.014138 1.473509 -0.064820
v -0.010572 1.484137 -0.065375
v -0.003451 1.484890 -0.067807
v -0.013383 1.469194 -0.042063
v -0.017740 1.482099 -0.050921
v -0.022567 1.476596 -0.057751
v -0.019006 1.484278 -0.059827
v -0.001807 1.450870 -0.092178
v -0.002166 1.463778 -0.093143
v -0.010516 1.493437 -0.063320
v -0.000014 1.499308 -0.066941
v -0.020663 1.484077 -0.056678
v -0.019389 1.490503 -0.058053
v -0.016305 1.497327 -0.058387
v -0.016151 1.489160 -0.061002
v -0.019097 1.491138 -0.055438
v -0.012938 1.493973 -0.048355
v -0.016434 1.497437 -0.055125
v -0.013439 1.504572 -0.054808
v -0.011973 1.510961 -0.055226
v -0.011656 1.510496 -0.057240
v -0.004937 1.500375 -0.063789
v -0.013001 1.503938 -0.058139
v -0.007473 1.507023 -0.048334
v -0.005857 1.508475 -0.061169
v -0.009902 1.515652 -0.054916
v -0.005927 1.521178 -0.054545
v -0.009134 1.515907 -0.056890
v -0.000033 1.470036 -0.090968
v 0.005126 1.471429 -0.090893
v 0.000832 1.490848 -0.086872
v -0.001501 1.480358 -0.090657
v 0.001852 1.502198 -0.084138
v 0.004016 1.502405 -0.087550
v 0.003538 1.511209 -0.064428
v 0.005607 1.511773 -0.081700
v 0.007733 1.509625 -0.084228
v 0.011214 1.488883 -0.087649
v 0.008607 1.499238 -0.086588
v 0.015856 1.495197 -0.084216
v -0.006245 1.514415 -0.059290
v -0.000226 1.516667 -0.060751
v 0.008287 1.514265 -0.082934
v 0.007966 1.520737 -0.080257
v 0.007254 1.522766 -0.064868
v 0.006963 1.522101 -0.074745
v 0.002961 1.523897 -0.059364
v -0.005259 1.520866 -0.056648
v -0.002694 1.528241 -0.053338
v -0.001978 1.528185 -0.055872
v 0.002200 1.533447 -0.053156
v 0.008314 1.526346 -0.059567
v 0.002977 1.533096 -0.054931
v 0.007433 1.536990 -0.053703
v 0.012787 1.533278 -0.057646
v 0.015998 1.464647 -0.088826
v 0.027697 1.462115 -0.094571
v 0.016249 1.451507 -0.088608
v 0.016982 1.479143 -0.087096
v 0.004122 1.490426 -0.089390
v 0.003551 1.480789 -0.091213
v 0.028974 1.476281 -0.094434
v 0.018579 1.486724 -0.084765
v 0.021117 1.484835 -0.086860
v 0.021162 1.491757 -0.082432
v 0.023653 1.496722 -0.082525
v 0.026321 1.494414 -0.089110
v 0.020947 1.496916 -0.080598
v 0.015961 1.513690 -0.079839
v 0.012210 1.505621 -0.083732
v 0.018974 1.503731 -0.080111
v 0.010768 1.524215 -0.079645
v 0.022455 1.512328 -0.075841
v 0.020347 1.518915 -0.075426
v 0.021677 1.528429 -0.070685
v 0.025171 1.527583 -0.069782
v 0.012183 1.532126 -0.074082
v 0.011900 1.533380 -0.064939
v 0.017751 1.537065 -0.068605
v 0.025986 1.535942 -0.064823
v 0.023138 1.534991 -0.065570
v 0.017027 1.538935 -0.062982
v 0.007214 1.536757 -0.051545
v 0.013402 1.541766 -0.053341
v 0.018326 1.540511 -0.045684
v 0.016389 1.542293 -0.051106
v 0.013829 1.540265 -0.049385
v 0.017278 1.540594 -0.054706
v 0.026060 1.541464 -0.045663
v 0.019686 1.541792 -0.051277
v 0.026099 1.540308 -0.058856
v 0.024711 1.450395 -0.093699
v 0.032993 1.494850 -0.092937
v 0.027909 1.485593 -0.092417
v 0.036234 1.481051 -0.095554
v 0.035001 1.504450 -0.090983
v 0.029892 1.504649 -0.088428
v 0.035341 1.511183 -0.088545
v 0.032818 1.511334 -0.088357
v 0.022457 1.502965 -0.078850
v 0.027816 1.512695 -0.080341
v 0.032596 1.525435 -0.081258
v 0.035413 1.523002 -0.081336
v 0.031170 1.516528 -0.084634
v 0.024930 1.517929 -0.074479
v 0.035003 1.516952 -0.084688
v 0.030865 1.529883 -0.074730
v 0.035015 1.526653 -0.078787
v 0.032333 1.535632 -0.071599
v 0.033469 1.530786 -0.075244
v 0.030453 1.534582 -0.071488
v 0.021470 1.539362 -0.062564
v 0.030686 1.538198 -0.069265
v 0.029743 1.540028 -0.064136
v 0.032445 1.538979 -0.062591
v 0.032453 1.538061 -0.068100
v 0.040608 1.479351 -0.089600
v 0.038176 1.493057 -0.090798
v 0.039463 1.502113 -0.084655
v 0.043981 1.489969 -0.078333
v 0.037360 1.510422 -0.085790
v 0.040525 1.508889 -0.077652
v 0.043731 1.500949 -0.074583
v 0.042766 1.508886 -0.073075
v 0.040578 1.515824 -0.071587
v 0.037457 1.515631 -0.082032
v 0.037426 1.524703 -0.073592
v 0.039085 1.525287 -0.067810
v 0.035724 1.529696 -0.072005
v 0.036134 1.533317 -0.064357
v 0.049648 1.530879 -0.064930
v 0.043004 1.536624 -0.061533
v 0.034544 1.539998 -0.057279
v 0.043541 1.536545 -0.055453
v 0.050834 1.530171 -0.060425
v 0.046500 1.532086 -0.051728
v 0.044793 1.539028 -0.047787
v 0.038935 1.541006 -0.050231
v 0.037849 1.541418 -0.046798
v 0.044469 1.539656 -0.044775
v 0.050150 1.476922 -0.078715
v 0.063804 1.465124 -0.075008
v 0.062404 1.468935 -0.055860
v 0.066107 1.466217 -0.047007
v 0.063050 1.488635 -0.064664
v 0.065756 1.478366 -0.070783
v 0.062877 1.484028 -0.049568
v 0.063501 1.478889 -0.074793
v 0.061946 1.495463 -0.071856
v 0.062369 1.494825 -0.048047
v 0.067821 1.490430 -0.041552
v 0.057231 1.500587 -0.052636
v 0.058703 1.493115 -0.053903
v 0.056582 1.508222 -0.070825
v 0.055032 1.520122 -0.067861
v 0.059598 1.505735 -0.066657
v 0.056323 1.519309 -0.063114
v 0.059113 1.500860 -0.059457
v 0.055770 1.510192 -0.057240
v 0.049125 1.526182 -0.052983
v 0.051724 1.518579 -0.053425
v 0.054449 1.529043 -0.044958
v 0.050011 1.534340 -0.046027
v 0.057983 1.522436 -0.044913
v 0.066112 1.465557 -0.070879
v -0.049162 -0.017010 0.011345
v -0.045855 -0.018823 0.018584
v -0.053287 0.009532 0.014067
v -0.033867 -0.014008 0.029606
v -0.042400 0.014245 0.026645
v -0.055084 0.024917 0.018629
v -0.056284 0.037411 0.020108
v -0.047768 0.037354 -0.011299
v -0.049743 0.053989 -0.002034
v -0.050826 0.017805 0.005982
v -0.032634 0.054491 0.039928
v -0.055284 0.062793 0.024751
v -0.057878 0.051639 0.020478
v -0.054816 0.064009 0.009131
v -0.059710 0.061015 0.019412
v -0.059628 0.075763 0.019827
v -0.056324 0.074263 0.024494
v -0.060924 0.086370 0.021231
v -0.003061 -0.062060 -0.004119
v -0.020291 -0.039080 -0.027325
v 0.012163 -0.050082 -0.030396
v -0.043793 -0.011876 -0.031985
v -0.041928 -0.009309 -0.035595
v -0.042568 -0.020440 -0.032720
v -0.034824 -0.020204 -0.036452
v -0.042247 -0.019442 -0.021806
v -0.034121 -0.028671 -0.026808
v -0.038310 -0.025899 -0.019748
v -0.043477 -0.011859 -0.012655
v -0.045178 -0.000348 -0.002407
v -0.043654 0.004225 -0.035167
v -0.044902 0.004199 -0.026835
v -0.047024 0.023771 -0.027656
v -0.046169 0.020828 -0.010217
v -0.025171 0.005464 0.039641
v -0.020319 0.021371 0.049620
v -0.046815 0.036807 -0.033246
v -0.021432 0.035033 -0.041412
v -0.045229 0.026758 -0.035111
v -0.043078 0.049888 -0.035660
v -0.048540 0.049605 -0.032541
v -0.054025 0.014818 0.018835
v -0.035645 0.065813 -0.036751
v -0.049911 0.061988 -0.033016
v -0.050255 0.062933 -0.020764
v -0.051924 0.078829 -0.030297
v -0.046436 0.080890 -0.033685
v -0.050707 0.083716 0.030424
v -0.037240 -0.030504 -0.006082
v -0.014963 -0.023687 0.044347
v -0.020357 0.013608 -0.042356
v -0.029140 0.038199 0.040848
v -0.019224 0.045953 0.059121
v -0.016895 0.062100 0.063002
v -0.047346 0.099483 0.035043
v -0.033452 0.079081 0.043146
v -0.027680 0.067668 0.050953
v -0.023184 0.095676 0.063566
v -0.024994 0.104192 0.061275
v -0.027926 0.088000 0.054296
v -0.034588 0.101853 0.045769
v -0.032250 0.120935 0.051084
v -0.038912 0.134893 0.041290
v -0.022653 0.127369 0.065592
v -0.023950 0.113295 0.063396
v -0.022118 0.120461 0.066297
v -0.027263 0.136209 0.058792
v -0.026791 -0.041541 0.013825
v -0.013171 0.001454 0.056306
v 0.006312 -0.016935 0.050083
v -0.007446 0.003847 0.058126
v -0.011874 0.024117 0.060101
v -0.015855 0.035247 0.060546
v -0.022185 0.053526 -0.041498
v -0.011940 0.035819 0.061777
v -0.002330 0.035992 0.057914
v 0.000182 0.047909 0.057660
v -0.001574 0.062763 0.058356
v -0.014899 0.048275 0.063256
v -0.016357 0.070898 0.064950
v -0.019927 0.067543 0.062664
v -0.009123 0.071647 0.062085
v -0.019725 0.075701 0.064857
v -0.020455 0.085937 0.065410
v -0.019191 0.095524 0.067800
v -0.011106 0.082502 0.063683
v -0.019851 0.104075 0.066733
v -0.019565 0.112325 0.067755
v -0.010962 0.105121 0.064140
v -0.019455 0.120197 0.067232
v -0.001558 0.126613 0.060453
v -0.018852 0.126928 0.066841
v -0.008407 0.118835 0.063519
v -0.020796 0.144580 0.067698
v -0.025193 0.145051 0.064074
v -0.021629 0.133157 0.067208
v -0.013457 0.142251 0.065078
v -0.016330 0.133956 0.065912
v 0.004369 -0.052794 0.025775
v 0.016386 -0.030760 0.040917
v 0.013829 0.009399 0.048347
v 0.003801 0.024484 0.054081
v 0.008325 0.069524 0.053728
v -0.013168 0.112279 0.065114
v 0.024383 0.023344 0.050917
v 0.037124 0.014992 0.051810
v 0.014228 0.038189 0.051837
v 0.021763 0.060811 0.053910
v 0.008764 0.091123 0.056169
v 0.021779 0.074132 0.055655
v -0.004844 0.093265 0.061048
v 0.004665 0.111703 0.057761
v 0.027811 0.105508 0.059593
v 0.005979 0.134034 0.057657
v 0.017308 0.117530 0.059387
v 0.021883 0.130548 0.060400
v 0.032861 -0.044662 -0.021346
v 0.039317 -0.047352 0.000042
v 0.025570 -0.048697 0.021377
v 0.027510 -0.026075 -0.043909
v 0.037445 -0.014722 0.047600
v 0.038535 -0.021953 0.040738
v 0.015489 0.029184 -0.049383
v 0.032183 0.022189 -0.043285
v 0.035725 0.005166 -0.042867
v 0.018343 -0.006458 0.046623
v 0.037428 0.002227 0.050669
v 0.025912 0.034282 -0.043906
v 0.034471 0.038505 0.053967
v 0.035872 0.046404 0.054735
v 0.023778 0.048487 0.053540
v 0.034417 0.054359 0.054693
v 0.005372 0.121033 -0.047055
v 0.023645 0.103743 -0.039219
v 0.005197 0.090240 -0.051821
v 0.036294 0.062921 0.056130
v 0.034351 0.071972 0.056303
v 0.030898 0.062616 -0.041689
v 0.024386 0.083957 -0.040518
v 0.045480 0.070591 -0.039723
v 0.032562 0.083504 0.058242
v 0.033167 0.093804 0.059267
v 0.043306 0.118345 -0.033990
v 0.035718 0.109069 0.059769
v 0.031261 0.121669 0.060701
v 0.028757 0.139462 0.061657
v 0.043170 -0.028392 -0.030551
v 0.046626 -0.031849 -0.014821
v 0.061097 -0.020099 0.007422
v 0.052606 -0.021980 0.017873
v 0.058182 -0.021602 0.000700
v 0.044931 -0.019295 -0.041373
v 0.051569 -0.019179 -0.015646
v 0.050020 -0.019969 -0.022754
v 0.032113 -0.033492 0.033029
v 0.044146 -0.018863 0.036573
v 0.043624 -0.011387 0.045377
v 0.047314 -0.014631 -0.041660
v 0.043528 -0.010299 -0.041797
v 0.049910 -0.002055 -0.041495
v 0.042267 0.002210 0.048293
v 0.046271 0.018447 0.037284
v 0.043189 0.014956 0.050367
v 0.046147 0.003710 0.036573
v 0.042975 0.024505 0.052216
v 0.040629 0.024269 0.053286
v 0.038997 0.031337 0.054066
v 0.041618 0.031691 0.052874
v 0.034759 0.043393 -0.042188
v 0.046772 0.037575 -0.041397
v 0.040267 0.038940 0.053659
v 0.041755 0.039330 0.049796
v 0.040345 0.046664 0.054535
v 0.038537 0.054278 0.053594
v 0.038622 0.062705 0.054430
v 0.040956 0.054944 0.046244
v 0.041938 0.046227 0.045885
v 0.038586 0.072053 0.051006
v 0.045493 0.053765 0.029498
v 0.045017 0.065645 0.028587
v 0.052201 0.070956 0.022103
v 0.043302 0.077248 0.030953
v 0.037363 0.083830 0.056644
v 0.036267 0.094238 0.057215
v 0.042320 0.096296 -0.038146
v 0.042755 0.088397 0.034198
v 0.043227 0.107264 -0.035756
v 0.041586 0.118983 0.037604
v 0.034739 0.125676 0.055500
v 0.048582 0.123372 0.028614
v 0.039557 0.135742 0.038100
v 0.034263 0.142003 -0.031630
v 0.041560 0.128820 -0.031552
v 0.042982 0.139263 -0.018977
v 0.043404 0.127768 -0.024427
v 0.041391 0.140714 -0.029374
v 0.039973 0.150980 0.035411
v 0.049836 0.144025 0.027174
v 0.032453 0.143143 0.060474
v 0.049336 -0.015999 -0.031606
v 0.049217 -0.019281 -0.038606
v 0.049249 -0.014322 -0.040560
v 0.049808 -0.009879 -0.040695
v 0.049600 -0.013449 -0.037169
v 0.049770 -0.008257 -0.033904
v 0.050482 -0.000217 -0.026712
v 0.059765 -0.010187 -0.001108
v 0.064637 -0.014076 0.006057
v 0.062091 -0.013481 0.009848
v 0.054612 -0.006636 0.017141
v 0.048850 -0.009213 0.024237
v 0.049254 0.022181 0.025193
v 0.050264 -0.001149 -0.014502
v 0.056927 0.012401 0.016782
v 0.049008 0.014372 -0.040898
v 0.048499 0.006313 -0.041101
v 0.040875 0.014027 -0.042126
v 0.048527 0.021021 -0.040928
v 0.048239 0.028471 -0.040778
v 0.050000 0.028438 -0.038681
v 0.050135 0.037084 -0.032915
v 0.050806 0.021677 -0.037163
v 0.059634 0.049610 0.016633
v 0.047908 0.070199 -0.033282
v 0.052883 0.061885 0.022151
v 0.044557 0.089680 -0.038122
v 0.046508 0.092987 -0.034373
v 0.045345 0.104730 -0.030581
v 0.044508 0.098271 -0.036760
v 0.044699 0.132287 -0.005407
v 0.049183 0.139517 0.004748
v 0.051757 0.131627 0.007389
v 0.057378 0.137275 0.018960
v 0.058499 0.130702 0.017063
v 0.057448 0.138783 0.016890
v 0.049468 0.148051 0.006176
v 0.057273 0.145859 0.017434
v 0.049330 0.133741 0.027230
v 0.065324 -0.004683 0.005934
v 0.065638 0.003185 0.005653
v 0.065638 0.002919 0.008396
v 0.065633 0.010384 0.009612
v 0.058935 0.002664 0.013801
v 0.062530 0.059328 0.009191
v 0.061597 0.076573 0.010374
v 0.062261 0.065765 0.014425
v 0.060519 0.076662 0.015892
v 0.062723 0.085884 0.014694
v 0.060661 0.107329 0.013595
v 0.059713 0.118488 0.015366
v 0.059998 0.107551 0.017753
v 0.051411 0.115889 0.002839
v 0.053312 0.124461 0.008483
v 0.057497 0.129218 0.019415
v 0.059535 0.118699 0.017721
v 0.058842 0.124760 0.018175
v 0.058804 0.125429 0.015692
v 0.057173 0.145793 0.020421
v -0.054192 0.185385 0.018411
v -0.058373 0.182926 0.030048
v -0.057932 0.193640 0.028357
v -0.053761 0.182575 0.034738
v -0.058184 0.192746 0.032949
v -0.058444 0.202724 0.029178
v -0.057503 0.202524 0.033424
v -0.057637 0.211980 0.035004
v -0.057881 0.212526 0.029549
v -0.051246 0.205852 0.014963
v -0.048933 0.192692 0.037932
v -0.049270 0.202653 0.038808
v -0.050668 0.211655 0.038634
v -0.057467 0.222101 0.035133
v -0.056642 0.249734 0.032958
v -0.049499 0.253974 0.014930
v -0.057236 0.232612 0.028900
v -0.044337 0.219345 0.042318
v -0.056614 0.231286 0.035644
v -0.041297 0.232360 0.043409
v -0.054732 0.244573 0.036573
v -0.055751 0.274461 0.028043
v -0.058300 0.325005 0.030161
v -0.057162 0.323973 0.032892
v -0.058763 0.333535 0.031742
v -0.053972 0.330020 0.020559
v -0.058270 0.334973 0.027631
v -0.058459 0.341457 0.032955
v -0.060547 0.354168 0.029376
v -0.058132 0.343503 0.027239
v -0.059233 0.353395 0.033983
v -0.059153 0.174036 0.028363
v -0.051180 0.172389 0.035518
v -0.033564 0.200758 0.046644
v -0.044329 0.254088 0.041688
v -0.031071 0.282346 0.045378
v -0.048381 0.304380 0.037006
v -0.055818 0.302546 0.027514
v -0.046683 0.297923 0.010556
v -0.046216 0.354414 0.007079
v -0.046452 0.327211 0.006914
v -0.056640 0.315702 0.028733
v -0.054180 0.316384 0.033513
v -0.055379 0.358146 0.019612
v -0.051570 0.341555 0.037556
v -0.050994 0.333129 0.037287
v -0.045603 0.348646 0.041718
v -0.038360 0.358789 0.044191
v -0.052731 0.373390 0.039528
v -0.059269 0.364302 0.033436
v -0.033252 0.157299 0.047986
v -0.024914 0.153352 0.064932
v -0.020607 0.152272 0.067890
v -0.021344 0.159829 0.068392
v -0.061004 0.163744 0.028993
v -0.025150 0.170575 0.063381
v -0.030443 0.187703 0.053370
v -0.022590 0.192437 0.065631
v -0.022761 0.202423 0.068448
v -0.031205 0.240218 0.048503
v -0.023276 0.217494 0.067382
v -0.022309 0.247420 0.065359
v -0.020915 0.232470 0.069859
v -0.020897 0.272573 0.066838
v -0.022253 0.280631 0.062891
v -0.024172 0.264470 0.060662
v -0.031204 0.339973 0.047355
v -0.000420 0.146699 0.059458
v -0.005273 0.160278 0.061825
v -0.024057 0.160394 0.066429
v -0.022355 0.166316 0.067689
v -0.020055 0.174115 0.067746
v -0.020151 0.167932 0.067660
v -0.019337 0.183572 0.067928
v -0.023362 0.182859 0.065013
v 0.000054 0.184365 0.061675
v -0.004446 0.172741 0.061624
v -0.018728 0.191606 0.068592
v 0.001316 0.196677 0.062870
v -0.016290 0.214943 0.073267
v -0.017604 0.201778 0.072467
v -0.000541 0.210171 0.065972
v -0.017230 0.232119 0.073722
v -0.014796 0.249186 0.073859
v -0.000231 0.249964 0.066931
v -0.003168 0.231996 0.068162
v -0.017379 0.260489 0.073076
v -0.017402 0.273134 0.073220
v -0.017386 0.282937 0.072332
v -0.017282 0.292447 0.071430
v -0.023850 0.288543 0.058499
v -0.024486 0.306806 0.057681
v -0.020062 0.298467 0.065580
v -0.015621 0.298233 0.071547
v -0.016907 0.305983 0.072712
v -0.027770 0.328482 0.053519
v -0.021249 0.318625 0.067125
v -0.017895 0.319185 0.073339
v -0.022513 0.325789 0.065464
v -0.013086 0.337240 0.076148
v -0.018304 0.347190 0.073919
v -0.017941 0.329441 0.073943
v -0.025307 0.375386 0.050029
v -0.025526 0.349248 0.060633
v 0.016585 0.197619 -0.029473
v 0.042561 0.192731 -0.024343
v 0.031608 0.179715 -0.026608
v 0.009142 0.222761 0.063205
v -0.011999 0.261989 0.072574
v -0.014125 0.273985 0.074373
v -0.005175 0.272988 0.068962
v -0.011402 0.287115 -0.036724
v -0.011260 0.300648 -0.037423
v -0.013291 0.292659 0.072147
v -0.013633 0.283299 0.072984
v -0.005492 0.281925 0.068828
v -0.018374 0.311370 -0.030474
v 0.009705 0.300911 0.061681
v -0.009319 0.307880 0.071568
v 0.002365 0.289167 0.064603
v -0.012943 0.320253 0.074056
v 0.002940 0.321500 0.066333
v 0.012532 0.148024 0.059799
v 0.014408 0.159674 0.060710
v 0.013863 0.183518 0.061762
v 0.018922 0.194334 0.064281
v 0.017464 0.218697 -0.031705
v 0.000862 0.228190 -0.045475
v 0.013207 0.232458 -0.036362
v 0.012373 0.253116 -0.039266
v 0.011461 0.256756 0.062727
v 0.003750 0.264399 0.064334
v 0.022491 0.300791 -0.033088
v -0.010161 0.369648 0.074618
v 0.029901 0.148401 0.062945
v 0.029369 0.159795 0.063053
v 0.036634 0.165667 -0.027859
v 0.018274 0.171661 0.061660
v 0.029979 0.171272 0.062129
v 0.028788 0.183301 0.062345
v 0.029901 0.193099 0.065353
v 0.035951 0.206188 -0.028296
v 0.023744 0.254425 -0.030907
v 0.023604 0.238811 -0.030058
v 0.026435 0.270336 -0.030892
v 0.013891 0.262261 -0.038301
v 0.028035 0.284474 -0.031044
v 0.035979 0.289151 0.067474
v 0.038997 0.324709 0.069805
v 0.013986 0.335350 0.062870
v 0.012398 0.362934 0.061341
v 0.032843 0.154582 -0.030178
v 0.041821 0.155023 -0.027647
v 0.038151 0.163605 0.037687
v 0.033078 0.157914 0.057890
v 0.036089 0.170411 0.046856
v 0.040994 0.166983 -0.025200
v 0.040231 0.180950 -0.023465
v 0.042494 0.160667 -0.001631
v 0.033823 0.188483 0.060346
v 0.041026 0.187399 0.038778
v 0.039618 0.175230 0.037529
v 0.032790 0.213764 0.068102
v 0.029366 0.221833 -0.029108
v 0.049453 0.246798 -0.028544
v 0.050892 0.266883 -0.029386
v 0.022817 0.315522 -0.034235
v 0.041738 0.358234 0.070044
v 0.057070 0.159246 0.019301
v 0.052997 0.160134 0.013735
v 0.057013 0.167439 0.019827
v 0.050959 0.154861 0.010278
v 0.057117 0.154232 0.018572
v 0.042388 0.153208 -0.017370
v 0.050199 0.166285 0.011091
v 0.057008 0.156247 0.021915
v 0.056401 0.166700 0.022835
v 0.043963 0.180289 0.001811
v 0.049279 0.173865 0.011760
v 0.055785 0.174682 0.020723
v 0.055493 0.180305 0.020412
v 0.055309 0.180112 0.024060
v 0.045051 0.195039 0.000329
v 0.050950 0.186741 0.011688
v 0.056255 0.186643 0.025351
v 0.051016 0.200245 0.033400
v 0.053913 0.211323 0.032294
v 0.041931 0.204210 0.042411
v 0.045970 0.203921 -0.025108
v 0.045577 0.214622 -0.027104
v 0.049200 0.230889 -0.027411
v 0.054675 0.267141 0.006033
v 0.053087 0.253018 0.003768
v 0.050262 0.275325 -0.000692
v 0.058712 0.245032 0.029919
v 0.055869 0.233441 0.031721
v 0.064402 0.237290 0.025480
v 0.053532 0.267545 -0.023575
v 0.060443 0.257790 0.013878
v 0.050259 0.284449 -0.029915
v 0.053476 0.282292 -0.022449
v 0.052233 0.302213 -0.001867
v 0.057074 0.281368 0.007816
v 0.057356 0.293865 0.007204
v 0.035278 0.297065 -0.031071
v 0.049321 0.306959 -0.031588
v 0.054368 0.304987 -0.028570
v 0.050919 0.295954 -0.028812
v 0.040170 0.317390 -0.033166
v 0.026718 0.331324 -0.034653
v 0.038107 0.337131 -0.035272
v 0.053663 0.326311 -0.033416
v 0.055498 0.325987 0.034189
v 0.058655 0.345852 0.032330
v 0.050002 0.361956 0.037920
v 0.045387 0.323879 0.063922
v 0.048533 0.357684 0.065434
v 0.065583 0.323357 0.026923
v 0.059204 0.315660 0.030792
v 0.050155 0.362064 -0.036715
v 0.058108 0.358194 -0.032687
v 0.053514 0.348103 -0.034946
v 0.047999 0.313895 0.039695
v 0.055310 0.174449 0.022803
v 0.059681 0.192331 0.022121
v 0.061434 0.200723 0.024918
v 0.056635 0.185899 0.020846
v 0.053344 0.194611 0.013206
v 0.044480 0.227069 0.041126
v 0.062964 0.216085 0.025719
v 0.062583 0.224111 0.026749
v 0.062330 0.209165 0.025483
v 0.062725 0.209509 0.023209
v 0.064117 0.223601 0.022973
v 0.063523 0.230848 0.025438
v 0.064119 0.230815 0.022316
v 0.060142 0.248720 0.014288
v 0.056105 0.241397 0.009262
v 0.066253 0.245917 0.022522
v 0.065369 0.238157 0.022680
v 0.065603 0.256552 0.025282
v 0.066905 0.256009 0.022047
v 0.057649 0.254843 0.030687
v 0.067136 0.264383 0.021608
v 0.067324 0.272505 0.020607
v 0.067074 0.272923 0.024368
v 0.054751 0.273428 0.032731
v 0.066813 0.264390 0.024822
v 0.053407 0.294753 -0.022945
v 0.054367 0.306553 -0.017964
v 0.055951 0.324277 -0.000731
v 0.066231 0.312570 0.016200
v 0.066797 0.301876 0.017825
v 0.065840 0.292365 0.023499
v 0.068139 0.302092 0.023182
v 0.046497 0.296843 0.042285
v 0.054429 0.317021 -0.032389
v 0.056565 0.316606 -0.029446
v 0.055967 0.318480 -0.014959
v 0.057070 0.326927 -0.021409
v 0.057364 0.335882 -0.016249
v 0.057095 0.326267 -0.030503
v 0.054305 0.335948 -0.034358
v 0.057359 0.336459 -0.031412
v 0.056003 0.359279 -0.004170
v 0.066883 0.332033 0.026684
v 0.057565 0.348637 -0.031615
v 0.057748 0.348988 -0.017549
v 0.063469 0.347783 0.005364
v 0.070074 0.337802 0.024270
v 0.068400 0.344146 0.025264
v 0.065364 0.354559 0.027906
v 0.066445 0.360217 0.007834
v 0.060872 0.364406 0.030131
v 0.066604 0.281775 0.024404
v 0.067682 0.281307 0.021007
v 0.066437 0.291816 0.020063
v 0.068991 0.313226 0.022764
v 0.071153 0.321482 0.021115
v 0.072819 0.331760 0.018999
v 0.063081 0.335550 0.006831
v 0.072977 0.330028 0.022286
v 0.069995 0.353458 0.012432
v 0.072461 0.343467 0.017249
v 0.073614 0.343487 0.020873
v 0.072677 0.337582 0.018456
v 0.072769 0.337363 0.021198
v 0.074762 0.349440 0.019579
v 0.073504 0.348843 0.016950
v 0.074990 0.354942 0.018390
v 0.073460 0.355641 0.021608
v 0.073381 0.361763 0.021264
v 0.074337 0.361309 0.017317
v -0.053493 0.375158 0.021515
v -0.057024 0.367005 0.024022
v -0.054504 0.375398 0.033522
v -0.060745 0.365356 0.030636
v -0.047407 0.374623 -0.026512
v -0.046258 0.370253 -0.015051
v -0.045049 0.384584 -0.026440
v -0.050789 0.383015 0.017039
v -0.047493 0.395368 0.015596
v -0.043627 0.381910 0.006603
v -0.052922 0.388499 0.023872
v -0.050105 0.383965 0.030164
v -0.048059 0.387200 0.036256
v -0.034698 0.381133 0.043495
v -0.052913 0.395648 0.026920
v -0.049593 0.406928 0.021491
v -0.051420 0.412258 0.025130
v -0.049831 0.406877 0.027825
v -0.051090 0.423100 0.024025
v -0.044055 0.417123 0.011184
v -0.046239 0.420026 0.030382
v -0.052109 0.432934 0.024553
v -0.049214 0.432257 0.029606
v -0.044524 0.437768 0.010741
v -0.051847 0.442005 0.025569
v -0.049889 0.441412 0.028969
v -0.049599 0.464755 0.024204
v -0.049425 0.475605 0.024592
v -0.040806 0.473524 0.008345
v -0.048087 0.464847 0.028094
v -0.045094 0.473944 0.029223
v -0.046298 0.480144 0.028895
v -0.047381 0.496736 0.025414
v -0.048334 0.497639 0.021832
v -0.047692 0.488776 0.025375
v -0.050033 0.507670 0.022531
v -0.049292 0.507794 0.026035
v -0.047913 0.516780 0.025094
v -0.049172 0.516329 0.021213
v -0.043554 0.514126 0.010532
v -0.049164 0.525277 0.024207
v -0.048411 0.535374 0.022871
v -0.050026 0.525237 0.020989
v -0.049690 0.546761 0.022077
v -0.048914 0.534611 0.018689
v -0.050704 0.570107 0.024156
v -0.051233 0.579161 0.023134
v -0.052681 0.569949 0.020401
v -0.049709 0.561238 0.023266
v -0.042880 0.384412 -0.029476
v -0.045117 0.375174 -0.030294
v -0.033298 0.379349 -0.031310
v -0.039772 0.393897 -0.029553
v -0.043449 0.393818 -0.026127
v -0.046024 0.345800 -0.006656
v -0.038208 0.399618 -0.000188
v -0.043283 0.404067 -0.026575
v -0.042305 0.388091 -0.013468
v -0.042994 0.398139 0.033947
v -0.023479 0.397217 0.043474
v -0.022182 0.411081 0.042952
v -0.031743 0.399816 0.038542
v -0.016307 0.394217 -0.032221
v -0.041239 0.404302 -0.029156
v -0.039258 0.413468 -0.010707
v -0.040131 0.428398 -0.010393
v -0.043462 0.424108 -0.025126
v -0.037321 0.418861 -0.030046
v -0.041989 0.414880 -0.023829
v -0.037499 0.440739 -0.000546
v -0.039120 0.435503 -0.030751
v -0.016542 0.427821 -0.033897
v -0.042973 0.436696 -0.027214
v -0.039084 0.446658 -0.031513
v -0.043658 0.445863 -0.029733
v -0.026692 0.449409 -0.033222
v -0.041403 0.447684 -0.018687
v -0.041689 0.453636 0.009621
v -0.036104 0.481465 -0.001093
v -0.042554 0.458596 -0.028039
v -0.040641 0.461182 -0.017537
v -0.043289 0.468810 -0.024603
v -0.039716 0.457855 -0.030990
v -0.037874 0.466838 -0.031982
v -0.042122 0.478000 -0.021531
v -0.049689 0.452305 0.022883
v -0.041043 0.477439 -0.030008
v -0.043276 0.467938 -0.029903
v -0.025588 0.477525 -0.033620
v -0.035345 0.486959 -0.031636
v -0.041038 0.489169 -0.018012
v -0.049243 0.480323 0.026672
v -0.045440 0.487515 0.015570
v -0.042301 0.496651 -0.025852
v -0.041301 0.486721 -0.029326
v -0.031032 0.496346 -0.032622
v -0.041366 0.495951 -0.029804
v -0.036796 0.513396 -0.001150
v -0.039985 0.503685 -0.014020
v -0.044918 0.502349 0.012851
v -0.039375 0.496997 0.030155
v -0.041508 0.487215 0.030111
v -0.042337 0.504504 -0.025472
v -0.040874 0.505136 -0.030211
v -0.032207 0.507126 -0.032953
v -0.027135 0.485806 0.035823
v -0.022426 0.502710 0.036722
v -0.042835 0.513625 -0.029730
v -0.040972 0.522731 -0.021866
v -0.041464 0.522333 -0.029219
v -0.042368 0.513122 -0.022643
v -0.038948 0.514348 -0.031967
v -0.036553 0.522646 -0.031800
v -0.045557 0.524365 0.013613
v -0.037737 0.533336 -0.004621
v -0.037639 0.517529 0.029471
v -0.042614 0.525812 0.027036
v -0.042906 0.539854 -0.023031
v -0.043509 0.537702 -0.031379
v -0.041781 0.530663 -0.022876
v -0.042431 0.529992 -0.029667
v -0.036404 0.536953 -0.034214
v -0.039330 0.529805 -0.031893
v -0.039674 0.546577 -0.001684
v -0.042457 0.533261 0.006152
v -0.043491 0.546020 -0.032529
v -0.044398 0.557811 -0.034316
v -0.031416 0.546943 -0.036509
v -0.016997 0.520027 -0.036013
v -0.044825 0.547360 -0.028869
v -0.042377 0.556045 -0.011816
v -0.049228 0.552661 0.019418
v -0.045682 0.548624 0.011133
v -0.048270 0.552374 0.023140
v -0.044739 0.545166 0.025348
v -0.038835 0.534674 0.028037
v -0.038020 0.552519 0.027714
v -0.044831 0.567402 -0.034313
v -0.032063 0.559189 -0.038484
v -0.046071 0.558028 -0.029401
v -0.042131 0.579925 -0.005640
v -0.050548 0.561641 0.018339
v -0.046964 0.569828 -0.028227
v -0.044573 0.577558 -0.036350
v -0.048048 0.578964 0.008770
v -0.047672 0.604198 0.006795
v -0.042512 0.629673 -0.005479
v -0.037402 0.564062 0.028148
v -0.015740 0.370803 0.073456
v -0.022190 0.428377 0.039767
v -0.018068 0.420015 0.054341
v -0.015159 0.435941 0.061078
v -0.014772 0.427684 0.062306
v -0.008523 0.435895 0.067176
v -0.016465 0.460316 -0.034904
v -0.014137 0.494099 -0.035505
v -0.018908 0.494736 0.044272
v -0.023126 0.520003 0.034526
v -0.036575 0.507083 0.031165
v -0.020041 0.532846 0.039002
v -0.026833 0.541238 0.032041
v -0.022098 0.572417 0.038401
v -0.017191 0.574888 0.047950
v -0.026481 0.583838 0.032420
v -0.024773 0.555992 0.033119
v -0.038213 0.577230 0.028303
v -0.029567 0.365445 -0.032341
v -0.017242 0.370505 -0.033273
v -0.014572 0.386506 0.069449
v -0.007626 0.386506 0.071233
v -0.012849 0.400417 0.068165
v -0.012295 0.408004 0.066996
v -0.012209 0.417167 0.066208
v -0.007809 0.404481 0.068977
v -0.008183 0.415500 0.067292
v -0.006740 0.426538 0.067920
v -0.011287 0.427301 0.067746
v -0.013279 0.494432 0.056608
v -0.013043 0.484967 0.058030
v -0.007955 0.469540 0.066402
v -0.008980 0.476110 0.065380
v -0.011288 0.468962 0.064923
v -0.012266 0.461026 0.063680
v -0.007102 0.461388 0.065891
v -0.012172 0.475616 0.061783
v -0.008622 0.485617 0.063047
v -0.001738 0.479026 0.062067
v -0.016316 0.503392 0.050113
v -0.016957 0.514003 0.046862
v -0.009216 0.495073 0.063178
v -0.010195 0.504675 0.059972
v -0.010137 0.513753 0.059871
v -0.014401 0.521940 0.050866
v -0.010196 0.522155 0.059476
v -0.009765 0.530690 0.057239
v -0.009916 0.542733 0.058488
v -0.019298 0.549789 0.041996
v -0.011043 0.556234 0.057349
v -0.006842 0.566473 0.058243
v 0.012700 0.399412 0.056100
v 0.023945 0.414705 0.056626
v 0.009615 0.426623 0.058087
v 0.009572 0.440175 0.057663
v 0.005005 0.451216 0.059632
v 0.017663 0.476150 0.050666
v 0.014389 0.462011 0.052635
v -0.007065 0.449494 0.067958
v -0.005225 0.495265 0.062670
v -0.005285 0.486270 0.062790
v -0.005763 0.504782 0.060671
v 0.006968 0.502587 0.055303
v -0.004432 0.514466 0.060432
v -0.007470 0.522272 0.060875
v -0.005483 0.529911 0.058257
v -0.006172 0.542064 0.058924
v 0.008752 0.534001 0.050513
v -0.004701 0.553885 0.057292
v 0.016392 0.546291 0.045912
v 0.009919 0.565848 0.049856
v 0.013755 0.589129 0.047657
v 0.025720 0.577473 0.048034
v 0.041153 0.380825 0.067047
v 0.029691 0.402885 0.058559
v 0.028951 0.434160 -0.037743
v 0.034910 0.409895 -0.036052
v 0.022135 0.426957 -0.043775
v 0.033750 0.446025 0.058344
v 0.016481 0.515238 0.048084
v 0.008963 0.486095 0.054851
v 0.032088 0.508191 0.053181
v 0.034437 0.491410 0.055255
v 0.026323 0.531529 0.048694
v 0.036142 0.383713 -0.036210
v 0.053306 0.394613 -0.035421
v 0.048272 0.379527 0.062327
v 0.042534 0.397605 0.061406
v 0.017861 0.409983 -0.044085
v 0.043268 0.434555 -0.038137
v 0.048554 0.419597 -0.036993
v 0.038699 0.451683 -0.037465
v 0.041860 0.464151 0.058332
v 0.035655 0.506856 -0.038917
v 0.041433 0.465635 -0.038412
v 0.049634 0.493898 -0.039443
v 0.036147 0.520133 0.052748
v 0.031660 0.520879 -0.039753
v 0.043908 0.551341 -0.043425
v 0.036696 0.541178 0.050540
v 0.037185 0.553151 0.049913
v 0.019873 0.562031 0.046510
v 0.050829 0.385787 0.033612
v 0.047371 0.395320 0.055915
v 0.049485 0.408153 0.031467
v 0.048445 0.413659 0.039749
v 0.047181 0.409690 0.054257
v 0.047294 0.420360 0.053086
v 0.043236 0.412504 0.060785
v 0.045091 0.420504 0.059124
v 0.039885 0.419325 0.060648
v 0.042819 0.436256 0.060979
v 0.049309 0.429852 0.042713
v 0.046426 0.435529 0.059444
v 0.054127 0.449545 -0.037441
v 0.046714 0.445127 0.056994
v 0.047020 0.455144 0.057522
v 0.049994 0.444344 0.031321
v 0.051559 0.457414 0.029101
v 0.055191 0.499823 -0.035986
v 0.057011 0.466537 -0.033691
v 0.048950 0.467395 0.030248
v 0.043939 0.505576 0.055927
v 0.045967 0.533509 0.044305
v 0.041441 0.531116 0.051455
v 0.046778 0.520245 0.049979
v 0.043438 0.520901 0.054015
v 0.044154 0.553537 0.049671
v 0.042783 0.538957 0.050421
v 0.046353 0.550178 0.043839
v 0.047900 0.578238 -0.046186
v 0.048322 0.564023 -0.045394
v 0.032271 0.580279 -0.046694
v 0.040825 0.564884 0.050971
v 0.058022 0.377961 -0.031495
v 0.057994 0.366894 -0.033685
v 0.057698 0.368407 -0.019010
v 0.056056 0.380894 -0.004541
v 0.057120 0.392481 -0.031693
v 0.054599 0.394670 -0.008965
v 0.055317 0.410935 -0.012798
v 0.055956 0.400625 -0.003507
v 0.067532 0.400373 0.009460
v 0.069685 0.392326 0.011793
v 0.066497 0.373416 0.007900
v 0.069524 0.395947 0.019394
v 0.057101 0.406031 -0.030043
v 0.071185 0.367744 0.012624
v 0.070923 0.385269 0.019704
v 0.072546 0.392776 0.015722
v 0.070620 0.397864 0.013535
v 0.055439 0.410597 -0.034373
v 0.057093 0.414306 -0.027369
v 0.057474 0.423635 -0.024827
v 0.057910 0.423631 -0.034163
v 0.054750 0.436010 -0.037142
v 0.058078 0.435357 -0.032918
v 0.055297 0.424861 -0.036903
v 0.058186 0.423468 -0.003453
v 0.054447 0.429254 -0.008081
v 0.054266 0.445011 -0.008463
v 0.058654 0.443124 -0.003056
v 0.070647 0.405719 0.014566
v 0.071568 0.413680 0.013619
v 0.071985 0.422403 0.013469
v 0.073149 0.433024 0.012931
v 0.049701 0.430520 0.031506
v 0.057456 0.449767 -0.033177
v 0.054296 0.461202 -0.009354
v 0.058329 0.458083 -0.002844
v 0.057910 0.475134 -0.003764
v 0.053240 0.466611 -0.038552
v 0.066815 0.465301 0.006299
v 0.053991 0.481729 -0.009390
v 0.064435 0.492109 0.003069
v 0.064373 0.478007 0.003060
v 0.053844 0.514092 -0.009787
v 0.054228 0.512183 -0.021803
v 0.059107 0.499104 0.021240
v 0.068703 0.496288 0.012534
v 0.071175 0.504719 0.011942
v 0.068198 0.527127 0.004793
v 0.064850 0.518706 0.001904
v 0.063518 0.533834 -0.001179
v 0.041131 0.538359 -0.042096
v 0.051655 0.522835 -0.039673
v 0.054355 0.526998 -0.030680
v 0.053187 0.537886 -0.041791
v 0.062277 0.544752 -0.003029
v 0.055024 0.552721 -0.013268
v 0.054604 0.550304 -0.042834
v 0.055887 0.538780 -0.038011
v 0.056201 0.578540 -0.043849
v 0.057328 0.573951 -0.038585
v 0.055757 0.562052 -0.043210
v 0.056852 0.560714 -0.038711
v 0.056405 0.550230 -0.036356
v 0.056073 0.560213 -0.026467
v 0.056228 0.582964 -0.016151
v 0.061928 0.563243 -0.005246
v 0.075076 0.367843 0.019869
v 0.075600 0.368305 0.017255
v 0.074294 0.376475 0.016128
v 0.072470 0.384606 0.016316
v 0.071262 0.399411 0.016107
v 0.069122 0.406101 0.018578
v 0.071341 0.414149 0.016723
v 0.070042 0.422302 0.018249
v 0.072073 0.433027 0.017858
v 0.072440 0.444435 0.017039
v 0.070982 0.453782 0.016535
v 0.071804 0.454003 0.012409
v 0.073284 0.445075 0.013263
v 0.068926 0.462594 0.017706
v 0.072370 0.463004 0.013397
v 0.063850 0.476920 0.019719
v 0.070267 0.471394 0.010649
v 0.070064 0.477865 0.009881
v 0.070704 0.477941 0.013878
v 0.071136 0.470376 0.013732
v 0.069005 0.470043 0.016875
v 0.069986 0.485481 0.009508
v 0.065411 0.488030 0.017419
v 0.062176 0.509777 0.018423
v 0.065344 0.520925 0.015381
v 0.048653 0.525927 0.026107
v 0.070737 0.486621 0.013111
v 0.070364 0.514385 0.013012
v 0.065853 0.503860 0.003526
v 0.068908 0.511825 0.005689
v 0.071755 0.512472 0.010057
v 0.070751 0.521020 0.008752
v 0.070215 0.521751 0.011799
v 0.071353 0.527548 0.009791
v 0.070388 0.535721 0.007709
v 0.069392 0.544548 0.006266
v 0.060728 0.530699 0.017102
v 0.069508 0.537525 0.010422
v 0.058998 0.544068 0.017069
v 0.069163 0.552839 0.004921
v 0.068673 0.544835 0.010081
v 0.069639 0.553837 0.009137
v 0.062409 0.552105 0.013669
v 0.068382 0.560243 0.003723
v 0.062403 0.574391 -0.006545
v 0.070089 0.567725 0.004097
v 0.070274 0.567736 0.007715
v 0.064141 0.567314 0.012385
v 0.068915 0.560460 0.007882
v 0.071131 0.583714 0.002594
v 0.071062 0.583859 0.007031
v 0.071781 0.575485 0.004109
v -0.053464 0.586931 0.020840
v -0.050231 0.590379 0.012988
v -0.052546 0.579175 0.020099
v -0.048607 0.586347 0.025037
v -0.053318 0.594577 0.022516
v -0.053297 0.596221 0.019146
v -0.053023 0.602968 0.022626
v -0.047103 0.597470 0.025623
v -0.053846 0.611446 0.023472
v -0.054909 0.611625 0.020490
v -0.044082 0.610135 0.027180
v -0.043311 0.621057 0.028013
v -0.048980 0.621621 0.006553
v -0.055250 0.620320 0.020595
v -0.054295 0.629618 0.017933
v -0.044634 0.631454 0.027251
v -0.050023 0.638044 0.024595
v -0.054427 0.629767 0.022925
v -0.054078 0.637764 0.021978
v -0.052816 0.644434 0.021467
v -0.053083 0.640596 0.016349
v -0.051353 0.659863 0.020583
v -0.050798 0.659184 0.015623
v -0.052714 0.651663 0.021151
v -0.050550 0.607251 -0.034543
v -0.048982 0.605766 -0.037611
v -0.048500 0.589643 -0.031979
v -0.046417 0.596462 -0.022942
v -0.047047 0.616945 -0.018173
v -0.049213 0.616116 -0.037363
v -0.044474 0.623517 -0.039440
v -0.050336 0.617256 -0.033969
v -0.047968 0.608177 -0.025365
v -0.050212 0.626910 -0.032239
v -0.045913 0.635330 -0.039218
v -0.045230 0.632207 -0.014657
v -0.049386 0.644477 -0.034256
v -0.049538 0.635662 -0.036222
v -0.054125 0.620740 0.023810
v -0.047509 0.646345 -0.038675
v -0.041103 0.650492 -0.005434
v -0.052194 0.650499 0.015883
v -0.047646 0.654178 -0.034812
v -0.045452 0.654637 -0.038068
v -0.042008 0.663987 -0.038188
v -0.043738 0.648688 -0.017280
v -0.043513 0.661327 -0.023366
v -0.039978 0.664651 -0.008389
v -0.049757 0.651751 0.023209
v -0.048417 0.645371 0.024171
v -0.045445 0.672644 -0.035478
v -0.043647 0.672005 -0.037345
v -0.045984 0.663775 -0.034800
v -0.038357 0.678437 -0.037671
v -0.042937 0.679671 -0.034692
v -0.043913 0.671156 -0.029219
v -0.041488 0.679098 -0.022712
v -0.039844 0.685999 -0.005087
v -0.050008 0.667208 0.015659
v -0.041220 0.666484 0.024007
v -0.049309 0.667372 0.019863
v -0.045444 0.658319 0.023872
v -0.044290 0.687386 -0.034555
v -0.041084 0.687067 -0.036670
v -0.042607 0.688750 -0.027674
v -0.041498 0.701190 -0.022377
v -0.049670 0.674476 0.016857
v -0.048877 0.681609 0.015372
v -0.043297 0.673837 0.001005
v -0.048303 0.681710 0.019226
v -0.048903 0.674648 0.020090
v -0.044651 0.681842 0.021431
v -0.048098 0.688906 0.014446
v -0.044439 0.692520 0.006388
v -0.043813 0.701944 -0.035499
v -0.039666 0.702585 -0.037363
v -0.043962 0.694185 -0.035756
v -0.044667 0.695482 -0.032541
v -0.044752 0.704308 -0.031188
v -0.041620 0.708787 -0.000943
v -0.045321 0.703561 0.008620
v -0.047611 0.695933 0.014494
v -0.047323 0.696380 0.017840
v -0.047302 0.688864 0.018190
v -0.040531 0.688337 0.022477
v -0.039902 0.697083 0.021369
v -0.047662 0.704282 0.017192
v -0.043599 0.704445 0.019845
v -0.045911 0.708041 -0.035594
v -0.042552 0.708423 -0.037097
v -0.046602 0.716999 -0.035000
v -0.044730 0.713765 -0.026775
v -0.038394 0.709787 -0.010169
v -0.047013 0.712344 0.017577
v -0.047723 0.712792 0.014022
v -0.038813 0.716728 -0.038603
v -0.046273 0.723313 -0.032795
v -0.041064 0.726261 -0.036052
v -0.045936 0.735988 -0.035206
v -0.048006 0.731972 -0.032908
v -0.044939 0.723156 -0.026838
v -0.047385 0.730580 -0.028845
v -0.040701 0.726793 -0.016246
v -0.046175 0.736134 -0.024618
v -0.047285 0.721165 0.018710
v -0.044452 0.726569 0.019307
v -0.047640 0.726270 0.013714
v -0.038890 0.735937 -0.007477
v -0.047807 0.738008 -0.031433
v -0.045831 0.745611 -0.030500
v -0.042593 0.743204 -0.017922
v -0.047001 0.739813 0.014500
v -0.045903 0.741263 0.017996
v -0.045519 0.730789 0.017317
v -0.045762 0.755095 -0.030097
v -0.045905 0.754706 -0.025293
v -0.041108 0.755193 -0.013692
v -0.044889 0.764457 -0.023793
v -0.040855 0.755555 -0.032753
v -0.044517 0.748465 0.008802
v -0.038368 0.761778 -0.006136
v -0.044904 0.753781 0.018569
v -0.045558 0.764443 -0.029942
v -0.044190 0.773139 -0.026043
v -0.038809 0.773787 -0.013593
v -0.036633 0.776464 -0.032335
v -0.034630 0.764949 -0.033566
v -0.043242 0.773462 -0.029538
v -0.045252 0.774932 0.015396
v -0.042202 0.776190 0.005196
v -0.045210 0.760184 0.012370
v -0.043770 0.773774 0.025271
v -0.044006 0.782450 -0.029231
v -0.044173 0.781735 -0.024683
v -0.042915 0.790918 -0.023665
v -0.039199 0.787570 0.019295
v -0.035865 0.776355 0.029158
v -0.043818 0.798534 -0.024719
v -0.042733 0.791951 -0.028400
v -0.022943 0.597016 0.040678
v -0.028087 0.622219 0.032471
v -0.029761 0.685085 -0.039771
v -0.020522 0.689409 -0.041830
v -0.015662 0.682455 -0.044716
v -0.035660 0.695045 -0.038242
v -0.024030 0.703076 -0.040452
v -0.033436 0.707203 -0.039069
v -0.025750 0.738331 -0.039003
v -0.035386 0.747240 -0.035021
v -0.028867 0.773736 -0.035532
v -0.031021 0.798687 -0.034758
v -0.035257 0.794006 -0.011648
v -0.033449 0.792985 -0.002610
v -0.040401 0.784915 0.013541
v -0.032477 0.824744 -0.005685
v -0.037180 0.816949 -0.014244
v -0.039695 0.799282 -0.018197
v -0.043599 0.798495 -0.027525
v -0.036844 0.799298 0.013843
v -0.033036 0.799170 0.018336
v -0.012461 0.591918 0.058840
v -0.013897 0.629019 0.056304
v -0.006247 0.628954 0.058063
v -0.012929 0.641228 0.056118
v -0.013058 0.607832 0.059898
v -0.024021 0.616190 0.040538
v -0.010518 0.609622 0.061266
v -0.013545 0.618259 0.057878
v -0.021014 0.636333 0.042010
v -0.025378 0.656879 0.030275
v -0.023263 0.671362 -0.042137
v -0.012213 0.652089 0.055479
v -0.015572 0.660751 0.046310
v -0.040404 0.675369 0.023361
v -0.013129 0.671701 0.047078
v -0.016827 0.678080 0.039773
v -0.018165 0.689654 0.036155
v -0.024804 0.685256 0.028109
v -0.021919 0.712090 -0.044226
v -0.021920 0.800879 -0.043437
v -0.007328 0.601009 0.060352
v 0.010240 0.610820 0.050014
v -0.009001 0.617987 0.059402
v -0.008162 0.641944 0.057639
v 0.005948 0.639438 0.049542
v -0.007650 0.653177 0.056088
v -0.007774 0.664130 0.054176
v 0.007183 0.659245 0.045103
v -0.002458 0.665697 0.050561
v -0.003630 0.682445 0.048625
v -0.009643 0.681984 0.049378
v -0.005131 0.673459 0.050726
v 0.010866 0.671159 0.041694
v -0.008262 0.704715 0.049250
v -0.013507 0.704241 0.041721
v -0.009449 0.694542 0.048966
v 0.009138 0.705410 0.040095
v -0.002354 0.693365 0.047370
v -0.000796 0.716540 0.046576
v -0.010221 0.716632 0.049288
v -0.001841 0.727652 0.046552
v -0.007227 0.716550 0.050370
v -0.007863 0.740210 0.044670
v -0.007792 0.728266 0.048793
v -0.001714 0.739688 0.044242
v 0.000463 0.754991 0.042121
v 0.015762 0.776657 0.030155
v -0.000949 0.774860 0.042802
v -0.013273 0.792624 0.023343
v -0.006408 0.785474 0.036397
v -0.001787 0.792014 0.039922
v 0.021061 0.613672 0.046761
v 0.030466 0.601605 0.048099
v 0.016981 0.625768 0.044640
v 0.017596 0.646319 0.042136
v 0.013323 0.686042 0.038993
v 0.021909 0.677253 0.040705
v 0.015307 0.656287 0.040818
v 0.019556 0.667113 0.040860
v 0.024384 0.698342 0.039593
v 0.030394 0.704359 0.040355
v 0.023337 0.719735 0.038383
v 0.011192 0.723941 0.036645
v 0.014353 0.739225 0.034637
v 0.022206 0.756155 0.034087
v 0.000346 0.783494 0.041556
v -0.004012 0.774716 0.042530
v 0.008240 0.780306 0.035653
v 0.000729 0.790859 0.040218
v 0.027506 0.635794 0.046773
v 0.040907 0.644683 0.047090
v 0.043514 0.665545 -0.045974
v 0.036911 0.673685 -0.045585
v 0.038432 0.694429 0.042127
v 0.030861 0.729768 0.038383
v 0.036124 0.738769 0.038858
v 0.034862 0.745961 0.037287
v 0.036144 0.780799 0.033379
v 0.029724 0.791843 0.031279
v 0.000111 0.798130 0.040544
v 0.004825 0.795479 0.037986
v 0.001483 0.805511 0.039295
v 0.018513 0.805105 0.027679
v 0.042212 0.575553 0.050603
v 0.040642 0.583565 0.050528
v 0.044632 0.596006 0.049823
v 0.045162 0.604275 0.048748
v 0.043053 0.611875 0.050065
v 0.043301 0.635446 0.049294
v 0.042845 0.627515 0.049360
v 0.040821 0.653925 0.046907
v 0.044551 0.652983 0.044275
v 0.040107 0.662852 0.044655
v 0.037741 0.670789 0.043310
v 0.046533 0.691886 -0.045687
v 0.032245 0.699970 -0.046087
v 0.034312 0.686541 -0.045540
v 0.041299 0.700258 0.040275
v 0.037941 0.711231 0.041293
v 0.039092 0.723755 0.040669
v 0.039100 0.730145 0.037508
v 0.039412 0.738776 0.038094
v 0.038797 0.745900 0.035928
v 0.038630 0.753854 0.035742
v 0.035543 0.753716 0.036943
v 0.034761 0.760355 0.035832
v 0.038051 0.760020 0.034619
v 0.033355 0.767234 0.034774
v 0.043127 0.766339 0.012716
v 0.040646 0.773389 0.019528
v 0.039242 0.767259 0.029411
v 0.037860 0.767654 0.034673
v 0.036674 0.774776 0.032480
v 0.038429 0.774279 0.029337
v 0.040595 0.782533 0.019830
v 0.044884 0.800445 -0.044456
v 0.049732 0.784490 -0.042511
v 0.038605 0.796579 0.032223
v 0.036476 0.810090 0.033101
v 0.036710 0.789430 0.032596
v 0.054716 0.592363 -0.045881
v 0.057085 0.584426 -0.033249
v 0.057058 0.594255 -0.040321
v 0.057698 0.601737 -0.043814
v 0.058072 0.609846 -0.042421
v 0.056228 0.603044 -0.026106
v 0.055985 0.601400 -0.046431
v 0.057416 0.619019 -0.044546
v 0.053578 0.635478 -0.027223
v 0.056486 0.628777 -0.043766
v 0.055493 0.638916 -0.042753
v 0.055125 0.618757 -0.047805
v 0.047845 0.633521 0.035865
v 0.046360 0.635258 0.047908
v 0.047316 0.626942 0.041198
v 0.046045 0.627579 0.047819
v 0.054453 0.647694 -0.044465
v 0.052581 0.647727 -0.046945
v 0.044556 0.644702 0.045327
v 0.046395 0.643362 0.036391
v 0.050286 0.666022 -0.045424
v 0.053260 0.655198 -0.041080
v 0.051836 0.665828 -0.041907
v 0.060875 0.642075 -0.010086
v 0.050183 0.657744 -0.018084
v 0.060574 0.655178 -0.007943
v 0.042803 0.670198 0.035064
v 0.043357 0.662086 0.042306
v 0.045659 0.650808 0.027141
v 0.047624 0.674878 -0.044444
v 0.046645 0.683526 -0.044453
v 0.049849 0.675195 -0.041301
v 0.048541 0.673877 -0.018747
v 0.048597 0.685014 -0.029467
v 0.055044 0.674096 -0.010883
v 0.055169 0.662754 -0.012679
v 0.061375 0.676161 0.003389
v 0.053542 0.680140 0.009776
v 0.060182 0.668794 0.005399
v 0.048887 0.683846 -0.041680
v 0.048763 0.692833 -0.035833
v 0.047933 0.691838 -0.018825
v 0.051942 0.690520 -0.014714
v 0.048994 0.692086 -0.043503
v 0.048766 0.700457 -0.042834
v 0.057916 0.683482 -0.007235
v 0.049134 0.709561 -0.041516
v 0.049094 0.720391 -0.040437
v 0.047419 0.710976 -0.020680
v 0.048010 0.727414 -0.031627
v 0.048001 0.733038 -0.022461
v 0.049470 0.722523 -0.018592
v 0.054458 0.797934 -0.038379
v 0.050306 0.794917 -0.018051
v 0.050787 0.784042 -0.032717
v 0.059668 0.791931 0.000016
v 0.049883 0.793917 0.007380
v 0.058035 0.780948 -0.000952
v 0.052752 0.797684 -0.043613
v 0.042258 0.802527 0.018294
v 0.039801 0.795280 0.029295
v 0.040596 0.790686 0.022862
v 0.071937 0.591852 0.003003
v 0.063970 0.594422 -0.006748
v 0.060110 0.584267 0.015157
v 0.062734 0.593189 0.012782
v 0.071743 0.591859 0.006188
v 0.072378 0.599768 0.006042
v 0.064027 0.601306 0.011453
v 0.065275 0.609700 -0.005969
v 0.072289 0.608053 0.002439
v 0.068703 0.600433 -0.001580
v 0.069072 0.616199 0.007088
v 0.071513 0.607896 0.005922
v 0.072373 0.616277 0.002083
v 0.071731 0.625251 0.002463
v 0.069216 0.616415 -0.002022
v 0.068452 0.624238 -0.003068
v 0.070673 0.634530 0.001058
v 0.070106 0.644109 -0.000035
v 0.066651 0.651266 -0.002688
v 0.067045 0.633589 -0.004322
v 0.066525 0.652927 0.004405
v 0.068314 0.644067 0.004868
v 0.067790 0.652804 0.001014
v 0.066119 0.662648 0.003215
v 0.055425 0.661377 0.010135
v 0.067238 0.660719 -0.000167
v 0.064655 0.668026 0.000204
v 0.062778 0.675306 -0.000821
v 0.046298 0.669468 0.016714
v 0.062918 0.684118 0.001946
v 0.063416 0.684283 -0.000833
v 0.062231 0.695597 -0.001765
v 0.061881 0.692313 0.002313
v 0.051942 0.691345 0.010765
v 0.062359 0.698299 0.002328
v 0.055775 0.699474 0.007073
v 0.064741 0.707437 -0.001469
v 0.047910 0.701562 -0.018914
v 0.063959 0.707877 0.001656
v 0.063360 0.717894 0.001572
v 0.054056 0.708665 0.009355
v 0.062750 0.729293 -0.002924
v 0.061780 0.730156 0.001668
v 0.054129 0.723828 0.008480
v 0.061176 0.739456 -0.003029
v 0.056043 0.745470 0.004112
v 0.060688 0.761048 -0.002864
v 0.048500 0.775738 -0.020973
v 0.059700 0.789854 -0.003653
v 0.051609 0.809466 -0.019383
v 0.060801 0.798714 -0.004254
v 0.060622 0.799304 -0.000713
v 0.055800 0.800750 0.003404
v 0.072982 0.599622 0.003538
v 0.058405 0.610601 0.015832
v 0.065815 0.625438 0.008644
v -0.060531 0.932693 0.120569
v -0.061055 0.934276 0.118609
v -0.058325 0.927863 0.115283
v -0.062013 0.937389 0.125211
v -0.063025 0.943448 0.129540
v -0.063125 0.939127 0.122866
v -0.059039 0.948257 0.118555
v -0.064293 0.945347 0.127330
v -0.057134 0.940003 0.113470
v -0.065074 0.949371 0.134715
v -0.050120 0.941437 0.134309
v -0.066242 0.950886 0.132068
v -0.055629 0.957773 0.113757
v -0.059790 0.969514 0.127882
v -0.065659 0.955763 0.139442
v -0.066576 0.957536 0.136609
v -0.065195 0.964914 0.143762
v -0.053705 0.962359 0.148683
v -0.062389 0.976737 0.100348
v -0.062918 0.970773 0.095860
v -0.064229 0.974849 0.103088
v -0.059529 0.968546 0.110996
v -0.064681 0.968789 0.097689
v -0.058585 0.955680 0.095266
v -0.065889 0.974780 0.145683
v -0.064300 0.981960 0.145187
v -0.064816 0.974413 0.149713
v -0.060722 0.985456 0.127616
v -0.064549 0.989375 0.113282
v -0.059347 0.975849 0.120984
v -0.063830 0.981718 0.107931
v -0.062197 0.983072 0.105331
v -0.065711 0.966838 0.140523
v -0.065963 0.979790 0.151823
v -0.056946 0.990113 0.162781
v -0.066894 0.988308 0.156442
v -0.056626 0.979645 0.157356
v -0.062522 0.992042 0.110596
v -0.064063 0.997651 0.116565
v -0.063284 1.009539 0.143403
v -0.065099 0.993159 0.148199
v -0.070140 0.996268 0.158028
v -0.055224 0.999206 0.169964
v -0.069317 0.999534 0.162390
v -0.062310 0.996638 0.132256
v -0.067196 1.012580 0.128474
v -0.070052 1.028350 0.126858
v -0.066401 1.014343 0.121450
v -0.070400 1.026422 0.131055
v -0.068929 1.015707 0.158174
v -0.065356 1.021984 0.149131
v -0.067649 1.008519 0.154284
v -0.071035 1.021083 0.163944
v -0.069428 1.029065 0.161622
v -0.072519 1.011763 0.164553
v -0.070946 1.002924 0.160511
v -0.069607 1.009838 0.167702
v -0.043630 0.806046 -0.025559
v -0.041536 0.807050 -0.020725
v -0.044896 0.815859 -0.024755
v -0.044558 0.824741 -0.027047
v -0.042701 0.823183 -0.029586
v -0.043600 0.825766 -0.023488
v -0.043180 0.815143 -0.028791
v -0.044087 0.845694 -0.026703
v -0.039595 0.850372 -0.017982
v -0.045738 0.856516 -0.026210
v -0.041096 0.859201 -0.019595
v -0.046545 0.864248 -0.026076
v -0.044121 0.864017 -0.030662
v -0.044122 0.856796 -0.030076
v -0.042050 0.866816 -0.020513
v -0.045269 0.872959 -0.026939
v -0.045539 0.880152 -0.027743
v -0.044566 0.880649 -0.024549
v -0.042894 0.887500 -0.023733
v -0.044636 0.887966 -0.027913
v -0.039105 0.884611 0.065425
v -0.047171 0.893389 0.075619
v -0.042804 0.892789 0.061138
v -0.047554 0.897868 0.084546
v -0.051420 0.902274 0.087504
v -0.051321 0.899090 0.081164
v -0.052349 0.903648 0.084982
v -0.052392 0.908292 0.091238
v -0.047073 0.897740 0.071672
v -0.049582 0.902407 0.078481
v -0.041989 0.892923 0.080674
v -0.038098 0.898572 0.093602
v -0.049573 0.905784 0.093611
v -0.054196 0.912815 0.097949
v -0.050954 0.910737 0.099502
v -0.041607 0.908301 0.062378
v -0.044337 0.915515 0.072939
v -0.048171 0.924667 0.062835
v -0.052363 0.919676 0.095532
v -0.050400 0.937754 0.093623
v -0.051922 0.937111 0.082745
v -0.048209 0.922394 0.085941
v -0.056263 0.917584 0.104381
v -0.056261 0.920318 0.102881
v -0.049281 0.915069 0.106263
v -0.050874 0.921080 0.112430
v -0.047551 0.919661 0.056316
v -0.046542 0.922317 0.055670
v -0.047443 0.933863 0.067256
v -0.051308 0.930376 0.068652
v -0.050940 0.937946 0.073097
v -0.046914 0.927266 0.061457
v -0.052732 0.935462 0.074292
v -0.048157 0.927043 0.079165
v -0.047932 0.912216 0.080286
v -0.052808 0.936904 0.102920
v -0.056912 0.925684 0.107366
v -0.056300 0.923112 0.110240
v -0.058637 0.930491 0.112827
v -0.053501 0.931611 0.122962
v -0.046831 0.925559 0.119926
v -0.050358 0.945134 0.077958
v -0.053652 0.940845 0.080289
v -0.043760 0.927496 0.145877
v -0.047252 0.944074 0.141623
v -0.043904 0.932053 0.154072
v -0.048358 0.953445 0.150648
v -0.046434 0.933668 0.129791
v -0.045012 0.955381 0.168909
v -0.049571 0.969724 0.162124
v -0.052804 0.961605 0.089359
v -0.044647 0.946562 0.163758
v -0.047041 0.966725 -0.037273
v -0.046974 0.966571 -0.033611
v -0.047064 0.975045 -0.037435
v -0.050115 0.974303 0.094860
v -0.052775 0.984170 0.165742
v -0.044619 0.974539 -0.031540
v -0.047592 0.984242 -0.035454
v -0.053277 0.982994 0.101746
v -0.052280 0.988908 0.174711
v -0.046011 0.990570 0.101501
v -0.056859 1.002036 0.113518
v -0.054326 0.998819 0.181436
v -0.057497 1.011718 0.176127
v -0.053127 0.992230 0.181517
v -0.041983 0.804513 -0.029204
v -0.026078 0.816610 -0.037865
v -0.036033 0.829271 -0.012377
v -0.036683 0.828495 0.012424
v -0.035076 0.827732 0.017562
v -0.035775 0.840984 -0.012882
v -0.042375 0.839465 -0.026043
v -0.033096 0.828153 -0.034513
v -0.035135 0.843755 0.011166
v -0.030795 0.838358 -0.038062
v -0.038586 0.845610 -0.032478
v -0.035045 0.854532 -0.037596
v -0.032308 0.846111 -0.004409
v -0.032654 0.861117 -0.008517
v -0.041131 0.873450 -0.032622
v -0.032701 0.871492 -0.010110
v -0.036069 0.867967 0.012352
v -0.036721 0.870924 0.009684
v -0.036833 0.861725 0.011838
v -0.034747 0.859387 0.002818
v -0.035755 0.854379 0.010989
v -0.031605 0.858048 0.015626
v -0.032553 0.869338 0.014685
v -0.041722 0.874607 -0.021218
v -0.031512 0.884299 -0.011167
v -0.036119 0.878611 0.006920
v -0.033995 0.865177 -0.001801
v -0.036268 0.872639 0.013254
v -0.025666 0.876439 0.015859
v -0.042646 0.897010 -0.027555
v -0.039715 0.886610 -0.033422
v -0.035679 0.890553 0.007524
v -0.033515 0.904018 0.003135
v -0.033700 0.887949 0.011494
v -0.033040 0.908139 0.008414
v -0.032820 0.902676 0.009358
v -0.034243 0.893674 0.011587
v -0.024574 0.887079 0.013774
v -0.034620 0.880209 0.012884
v -0.023714 0.898099 0.012053
v -0.018131 0.891897 0.028073
v -0.028545 0.884094 0.039689
v -0.034020 0.902051 0.036689
v -0.018422 0.868034 0.069372
v -0.022263 0.870031 0.054872
v -0.034663 0.889386 0.082380
v -0.030195 0.885181 0.101143
v -0.033087 0.889002 0.098376
v -0.029539 0.880545 0.093470
v -0.033674 0.890212 0.109323
v -0.034681 0.893259 0.104797
v -0.043139 0.906059 -0.028842
v -0.037609 0.896738 -0.034008
v -0.037353 0.898293 -0.020886
v -0.041052 0.906232 -0.025024
v -0.041866 0.914959 -0.029135
v -0.028827 0.903148 -0.012491
v -0.036024 0.890487 0.047944
v -0.034323 0.881810 0.052381
v -0.040595 0.905897 0.046438
v -0.040513 0.910403 0.108468
v -0.043217 0.907689 0.101286
v -0.037479 0.900776 0.104725
v -0.035606 0.896117 0.113664
v -0.036393 0.901431 0.118821
v -0.033365 0.894856 0.115956
v -0.037897 0.906973 0.123762
v -0.033883 0.900649 0.120813
v -0.023417 0.906974 0.124145
v -0.035603 0.905854 0.127380
v -0.042016 0.918377 -0.032147
v -0.040605 0.908036 -0.032496
v -0.034049 0.915824 0.008880
v -0.034044 0.914683 0.005238
v -0.043427 0.912083 0.047015
v -0.036187 0.920107 0.047571
v -0.040173 0.910567 0.041966
v -0.042272 0.917877 0.114910
v -0.038208 0.908635 0.128791
v -0.040973 0.917911 0.121605
v -0.029553 0.911677 0.130036
v -0.042134 0.923135 0.127673
v -0.038098 0.912305 0.134142
v -0.039531 0.919636 0.138315
v -0.034959 0.920449 0.139328
v -0.041355 0.932100 -0.035448
v -0.032545 0.943603 -0.041836
v -0.043736 0.930058 -0.030444
v -0.040656 0.923307 -0.034925
v -0.038864 0.928161 -0.023766
v -0.028666 0.928589 -0.013420
v -0.033443 0.944603 -0.018227
v -0.034941 0.933115 0.010219
v -0.036258 0.933437 0.006786
v -0.033537 0.924367 0.009003
v -0.033599 0.922558 0.001109
v -0.039541 0.931500 0.060394
v -0.036835 0.926513 0.146038
v -0.044457 0.948040 -0.031238
v -0.044666 0.947428 -0.035902
v -0.043796 0.937931 -0.030996
v -0.043660 0.937391 -0.034357
v -0.031312 0.941758 -0.009790
v -0.034382 0.957263 -0.008855
v -0.037432 0.951483 0.006607
v -0.036845 0.943120 0.006795
v -0.034287 0.943455 0.010706
v -0.019601 0.933871 0.012011
v -0.034127 0.962753 0.062590
v -0.026623 0.938731 0.043194
v -0.037707 0.943493 0.067669
v -0.024795 0.929037 0.144159
v -0.028218 0.936598 0.150138
v -0.044313 0.957736 -0.031943
v -0.044521 0.957452 -0.037043
v -0.037843 0.967960 0.003374
v -0.028365 0.944559 0.157580
v -0.028941 0.954054 0.164628
v -0.033255 0.965244 -0.016799
v -0.034544 0.978860 -0.017379
v -0.039171 0.993671 0.004793
v -0.032701 0.972831 0.010174
v -0.034281 0.953786 0.010921
v -0.041549 0.974650 0.087387
v -0.045242 0.994066 -0.040177
v -0.045541 0.994297 -0.036192
v -0.034398 0.990505 -0.018881
v -0.035601 0.994539 -0.010304
v -0.034390 1.004262 -0.021209
v -0.034294 0.986757 0.076028
v -0.045707 1.003866 -0.041519
v -0.046488 1.004602 -0.038445
v -0.035832 1.005845 -0.007044
v -0.036770 0.993872 0.007837
v -0.031371 1.006338 0.007581
v -0.038392 0.999324 0.091412
v -0.046691 1.006695 0.108400
v -0.043318 1.012746 -0.042496
v -0.032831 1.017535 -0.020659
v -0.044561 1.015775 -0.039018
v -0.037317 1.010167 0.004500
v -0.038327 1.014625 0.001961
v -0.032461 1.031893 -0.020112
v -0.034678 1.022966 -0.010626
v -0.035926 1.031111 0.000885
v -0.041453 1.013657 0.099954
v -0.035755 1.013605 0.096790
v -0.024827 1.000985 0.094181
v -0.031208 0.844229 0.015761
v -0.015772 0.872025 0.018731
v -0.014130 0.849718 0.020867
v -0.020994 0.873025 0.042043
v -0.028130 0.878967 0.044326
v -0.024450 0.872832 0.081884
v -0.017955 0.874214 0.085834
v -0.021473 0.905658 0.029244
v -0.016889 0.881498 0.031548
v -0.022168 0.880960 0.096267
v -0.031509 0.890035 0.110479
v -0.025795 0.892980 0.111286
v -0.023122 0.898703 0.115896
v -0.034344 0.917102 -0.019237
v -0.019051 0.908520 0.011273
v -0.029487 0.916362 0.010401
v -0.019966 0.914623 0.029588
v -0.025627 0.913825 0.033439
v -0.018814 0.926548 0.035007
v -0.028031 0.923988 0.040627
v -0.024929 0.918113 0.134539
v -0.014554 0.909618 0.131853
v -0.027342 0.924361 0.010864
v -0.011016 0.918776 0.030840
v -0.022483 0.938131 0.040645
v -0.022144 0.947347 0.012477
v -0.015155 0.951267 0.058072
v -0.009024 0.943952 0.050767
v -0.027374 0.960576 0.059626
v -0.021488 0.932501 0.152262
v -0.022917 0.940131 0.158620
v -0.030398 0.968745 0.171795
v -0.019578 0.942204 0.166653
v -0.015914 0.962966 0.067887
v -0.016049 0.974024 0.076700
v -0.022200 0.997256 0.010434
v -0.034223 1.015432 -0.013318
v -0.003277 0.806507 0.036214
v -0.002554 0.838083 0.033776
v 0.002792 0.839139 0.038240
v -0.001439 0.849566 0.035106
v -0.006774 0.862228 0.030024
v -0.010475 0.870843 0.026053
v -0.013207 0.869658 0.043403
v 0.002892 0.867716 0.047323
v 0.011411 0.868454 0.058909
v -0.009323 0.866915 0.053002
v -0.008719 0.875699 0.031578
v -0.012627 0.880570 0.025686
v -0.004365 0.871354 0.035181
v -0.010134 0.876428 0.034383
v -0.005979 0.873019 0.036678
v 0.001005 0.863520 0.038207
v -0.005585 0.871278 0.040194
v 0.000884 0.870256 0.040499
v -0.007785 0.873517 0.083608
v -0.016906 0.886294 0.015728
v -0.014709 0.896452 0.014894
v -0.013228 0.899915 0.026245
v -0.013670 0.891245 0.024571
v -0.026380 0.885324 0.102469
v -0.021617 0.891255 0.107907
v -0.015099 0.893489 0.110912
v -0.008752 0.909467 0.026552
v -0.012143 0.898284 0.023212
v -0.011080 0.906628 0.013819
v -0.007948 0.906056 0.021545
v -0.009108 0.915940 0.012573
v -0.011658 0.920038 0.010607
v -0.008842 0.921885 0.151362
v -0.013140 0.922051 0.153376
v -0.002788 0.939981 0.149887
v 0.001183 0.923372 0.134518
v 0.003839 0.935385 0.144819
v -0.008281 0.927447 0.015008
v -0.000058 0.926090 0.031309
v -0.001986 0.930010 0.027508
v -0.000782 0.921780 0.028703
v -0.002944 0.915631 0.021835
v -0.007450 0.923804 0.032907
v -0.009549 0.934411 0.041231
v -0.011813 0.927784 0.038028
v -0.010558 0.927903 0.157681
v -0.013527 0.927259 0.157655
v -0.014750 0.932091 0.161661
v -0.015292 0.936936 0.166761
v -0.012808 0.937505 0.166674
v -0.011568 0.932004 0.161416
v -0.007710 0.937162 0.157320
v -0.010106 0.940416 0.163277
v -0.013171 0.959148 0.013496
v -0.006017 0.944961 0.023128
v -0.013891 0.943421 0.170128
v -0.009545 0.947247 0.164090
v -0.014830 0.950582 0.173253
v -0.006376 0.952740 0.024903
v 0.001483 0.958996 0.055545
v 0.000521 0.950068 0.050047
v -0.009002 0.952082 0.057352
v -0.005836 0.974332 0.029032
v -0.009310 0.978966 0.022062
v -0.006395 0.965427 0.025764
v -0.010193 0.988393 0.020027
v -0.014463 0.992098 0.012456
v -0.004117 0.958476 0.028859
v -0.012021 0.990232 0.181920
v -0.013725 0.972786 0.176611
v -0.007084 0.978380 0.174424
v -0.020647 0.982502 0.082237
v -0.014581 0.986560 0.083456
v -0.009890 1.004749 0.092123
v -0.006857 0.984157 0.076282
v -0.006135 0.995577 0.081965
v -0.007127 0.998385 0.023651
v -0.022271 1.016809 0.103894
v -0.009960 1.012793 0.096619
v -0.011950 1.004690 0.014291
v -0.014825 1.011135 0.009732
v -0.013506 1.025733 0.009012
v -0.033497 1.021619 0.005854
v -0.005748 1.007718 0.024748
v -0.008686 1.020037 0.098394
v -0.004155 0.816577 0.034649
v 0.001575 0.813606 0.039979
v -0.001849 0.826591 0.037654
v 0.000944 0.825954 0.039832
v 0.010525 0.811659 0.033768
v 0.003822 0.825717 0.039328
v 0.007326 0.835615 0.036887
v 0.013986 0.840967 0.032423
v 0.010151 0.861736 0.035387
v 0.003738 0.847517 0.037837
v 0.022713 0.877660 0.068676
v 0.004508 0.865964 0.070384
v 0.004633 0.870570 0.086055
v 0.011203 0.875095 0.036976
v 0.012337 0.875423 0.040836
v 0.018052 0.872822 0.050000
v -0.001293 0.891435 0.117790
v 0.011178 0.891451 0.097277
v 0.007777 0.903400 0.112200
v 0.004079 0.912134 0.123171
v 0.013180 0.906936 0.114154
v -0.000303 0.917294 0.027753
v -0.003168 0.919020 0.030170
v 0.007326 0.914784 0.027057
v 0.017775 0.920038 0.017906
v 0.008220 0.921427 0.025271
v 0.003870 0.924541 0.029740
v 0.004644 0.921521 0.031497
v 0.008597 0.914837 0.031174
v 0.005938 0.918694 0.128047
v -0.006063 0.908208 0.135543
v -0.002705 0.922681 0.031174
v 0.001137 0.929420 0.031123
v -0.001268 0.926463 0.032937
v 0.007368 0.931061 0.028560
v 0.000801 0.926635 0.032184
v 0.004490 0.923791 0.033484
v 0.001308 0.937141 0.031082
v 0.004168 0.939258 0.041580
v -0.000601 0.934504 0.036415
v -0.001619 0.941738 0.043675
v 0.005815 0.929369 0.036459
v -0.000876 0.943783 0.032345
v -0.001623 0.950088 0.033779
v 0.005140 0.940132 0.030953
v 0.001389 0.947179 0.034535
v 0.015213 0.928374 0.045533
v 0.003853 0.949976 0.050516
v 0.007831 0.959113 0.165109
v 0.000276 0.964001 0.166913
v 0.003569 0.953466 0.160801
v -0.005680 0.958846 0.164431
v 0.011042 0.937721 0.148231
v 0.003861 0.945192 0.154739
v 0.011213 0.941688 0.152946
v -0.000830 0.957589 0.033266
v 0.002829 0.957069 0.033684
v 0.001470 0.966395 0.035635
v 0.018278 0.967935 0.022238
v 0.010161 0.963150 0.168297
v -0.001607 0.966126 0.034995
v -0.001987 0.975996 0.034380
v 0.001378 0.976222 0.035184
v -0.002730 0.971506 0.066276
v -0.002692 0.978805 0.071385
v 0.002110 0.971899 0.066031
v 0.002215 0.964023 0.062183
v 0.000149 0.979323 0.072195
v 0.005437 0.968032 0.075344
v -0.000242 0.987257 0.074286
v 0.001585 0.986751 0.078807
v 0.000987 0.993334 0.087570
v 0.003486 0.978673 0.080814
v -0.000447 0.972793 0.171422
v 0.008132 0.968152 0.171246
v 0.011496 0.978300 0.028309
v 0.005213 0.985480 0.031843
v 0.004682 0.994104 0.031431
v 0.000150 0.985014 0.035399
v -0.002500 0.984635 0.034266
v -0.003546 0.992857 0.032785
v -0.001988 1.001119 0.032059
v -0.000584 0.994834 0.034745
v 0.001523 1.003979 0.032109
v 0.016903 0.998776 0.020762
v -0.003467 1.007336 0.093216
v -0.002441 0.996514 0.081932
v 0.004967 0.986093 0.097423
v 0.002871 1.001401 0.106162
v 0.008529 0.998676 0.107793
v 0.008761 0.991330 0.102908
v -0.002116 1.007562 0.031697
v -0.002750 1.016243 0.028599
v 0.006132 1.014033 0.027296
v -0.004965 1.013317 0.096359
v -0.005646 1.020819 0.098800
v -0.003259 1.017820 0.104074
v -0.000760 1.009575 0.104740
v 0.001609 1.014531 0.113993
v 0.008395 1.009193 0.113996
v -0.000105 1.027727 0.119015
v 0.007784 1.020630 0.118594
v -0.001422 1.021842 0.114184
v 0.021126 0.823369 0.027986
v 0.014358 0.822139 0.031401
v 0.021499 0.839930 0.027694
v 0.029044 0.843377 0.029020
v 0.031466 0.833591 0.029489
v 0.024075 0.855886 0.028151
v 0.021457 0.874283 0.028608
v 0.018037 0.882412 0.034153
v 0.019502 0.883113 0.038201
v 0.025992 0.880326 0.052996
v 0.021792 0.891991 0.035345
v 0.021027 0.890564 0.030971
v 0.024446 0.888107 0.024416
v 0.019497 0.903002 0.033215
v 0.028579 0.904076 0.042656
v 0.011909 0.882707 0.087650
v 0.025698 0.891286 0.092293
v 0.024270 0.898778 0.021022
v 0.030675 0.905445 0.021243
v 0.020460 0.910719 0.017777
v 0.018888 0.901343 0.027024
v 0.016517 0.909205 0.022570
v 0.011918 0.908490 0.029438
v 0.022358 0.915986 0.038336
v 0.024397 0.898844 0.099909
v 0.016041 0.897866 0.101904
v 0.023579 0.904786 0.104922
v 0.020954 0.903305 0.107733
v 0.022570 0.906960 0.110975
v 0.020505 0.910807 0.118872
v 0.027267 0.922964 0.046142
v 0.023502 0.911180 0.095197
v 0.025255 0.902554 0.089416
v 0.026879 0.912135 0.086963
v 0.025847 0.919108 0.095562
v 0.020328 0.920459 0.105388
v 0.021669 0.912047 0.108579
v 0.021723 0.913235 0.117512
v 0.015173 0.919401 0.128169
v 0.013508 0.914463 0.122496
v 0.018318 0.917013 0.123036
v 0.018772 0.920303 0.118776
v 0.012913 0.911675 0.031419
v 0.009370 0.922033 0.035094
v 0.023198 0.935559 0.112206
v 0.017725 0.929962 0.116407
v 0.023303 0.928165 0.105848
v 0.016559 0.937485 0.122902
v 0.027694 0.926358 0.100046
v 0.017273 0.927396 0.128973
v 0.017919 0.920601 0.126956
v 0.015346 0.924086 0.134551
v 0.005619 0.928264 0.137903
v 0.017521 0.923998 0.132890
v 0.016733 0.929844 0.137897
v 0.015856 0.934093 0.131297
v 0.015181 0.939467 0.136463
v 0.017530 0.934443 0.019089
v 0.035393 0.939477 0.025710
v 0.029505 0.944997 0.022719
v 0.029099 0.932335 0.021859
v 0.018274 0.953554 0.020915
v 0.015472 0.944113 0.128528
v 0.015263 0.942581 0.153887
v 0.015306 0.939148 0.147634
v 0.015296 0.935543 0.142641
v 0.013229 0.933862 0.143660
v 0.014562 0.946397 0.140012
v 0.016060 0.944615 0.153128
v 0.013562 0.955645 0.142208
v 0.027694 0.955429 0.022707
v 0.023608 0.977638 0.099018
v 0.018242 0.968774 0.110664
v 0.018908 0.959637 0.105095
v 0.016897 0.949095 0.128779
v 0.022700 0.966712 0.135880
v 0.013058 0.964954 0.143908
v 0.020608 0.958392 0.132489
v 0.021088 0.972831 0.140024
v 0.017751 0.979111 0.145345
v 0.014918 0.949556 0.156391
v 0.013619 0.955494 0.159002
v 0.011864 0.953755 0.161434
v 0.011770 0.958968 0.163976
v 0.012031 0.962343 0.159483
v 0.011358 0.965885 0.163528
v 0.011820 0.963832 0.166964
v 0.023304 0.975117 0.021166
v 0.020190 0.972551 0.122699
v 0.016798 0.980874 0.119577
v 0.023505 0.982737 0.140646
v 0.010280 0.969480 0.169931
v 0.009704 0.971447 0.163152
v 0.008025 0.975866 0.172040
v 0.011791 0.970938 0.151987
v 0.011198 0.979907 0.155327
v 0.019871 0.985899 0.020792
v 0.014420 0.986827 0.100608
v 0.021509 0.989727 0.108367
v 0.018183 0.997105 0.113264
v 0.019722 0.994667 0.108576
v 0.018419 0.990904 0.136364
v 0.022525 0.977664 0.131462
v 0.009035 0.981029 0.164129
v 0.010166 0.992950 0.160269
v 0.015979 0.987219 0.150538
v 0.019085 0.996306 0.152184
v 0.021408 0.989716 0.144625
v 0.016904 0.998770 0.110288
v 0.017674 0.994815 0.106631
v 0.017922 1.003019 0.114859
v 0.017231 1.004445 0.113485
v 0.012747 1.004139 0.112370
v 0.013582 1.010783 0.139436
v 0.015731 0.999983 0.136391
v 0.015893 1.005714 0.122158
v 0.015503 0.995202 0.124602
v 0.021517 1.013941 0.157087
v 0.019305 1.012660 0.160009
v 0.020962 1.005685 0.152671
v 0.015035 1.003740 0.158727
v 0.008708 1.011831 0.169112
v 0.008399 0.994154 0.169289
v 0.017868 1.009368 0.018680
v 0.027233 1.001574 0.020239
v 0.016332 1.009724 0.116846
v 0.015540 1.014745 0.118169
v 0.016106 1.013403 0.123995
v 0.012929 1.018794 0.137037
v 0.016529 1.022144 0.120204
v 0.017407 1.020770 0.124441
v 0.013168 1.029377 0.149639
v 0.011865 1.027506 0.143269
v 0.011716 1.037090 0.145483
v 0.021561 0.997903 0.148366
v 0.018857 1.015801 0.152336
v 0.008057 0.997143 0.177579
v 0.007875 1.005557 0.179229
v 0.006228 1.020701 0.183928
v 0.034049 0.819141 0.032106
v 0.040779 0.809537 0.031772
v 0.048973 0.809097 -0.045021
v 0.036003 0.826552 0.032931
v 0.041049 0.819358 0.033307
v 0.039863 0.834328 0.031339
v 0.039095 0.842216 0.031748
v 0.039203 0.850991 0.030792
v 0.041178 0.864236 0.029848
v 0.028727 0.871420 0.026929
v 0.029596 0.886212 0.024108
v 0.033533 0.897102 0.023042
v 0.042640 0.879240 0.027965
v 0.033403 0.896312 0.049211
v 0.030485 0.900222 0.071714
v 0.025254 0.884186 0.081221
v 0.027562 0.890634 0.079622
v 0.041202 0.892620 0.025862
v 0.036407 0.910492 0.071597
v 0.027105 0.893429 0.089105
v 0.023941 0.914726 0.018560
v 0.030893 0.917653 0.021629
v 0.028679 0.931473 0.060636
v 0.030644 0.917787 0.070821
v 0.033125 0.917211 0.083608
v 0.032052 0.923197 0.091442
v 0.028682 0.923233 0.078852
v 0.029546 0.926041 0.087898
v 0.026902 0.923660 0.020260
v 0.029485 0.929745 0.098851
v 0.028125 0.933034 0.103993
v 0.026563 0.932507 0.093174
v 0.028421 0.938887 0.108630
v 0.039519 0.932511 0.025892
v 0.027179 0.948219 0.116287
v 0.022142 0.945927 0.101546
v 0.023315 0.958524 0.115944
v 0.022887 0.944000 0.119317
v 0.027476 0.953902 0.122935
v 0.028082 0.960627 0.125113
v 0.026481 0.969047 0.131273
v 0.025010 0.974790 0.136708
v 0.032232 0.965580 0.024455
v 0.022135 0.983703 0.137028
v 0.038124 0.985470 0.025360
v 0.038991 1.009611 0.021826
v 0.027726 1.017743 0.018076
v 0.017819 1.023820 0.155970
v 0.015969 1.019359 0.165112
v 0.019637 1.022250 0.160774
v 0.054362 0.808502 -0.042881
v 0.053444 0.816037 -0.045609
v 0.060572 0.814506 -0.009488
v 0.058090 0.826398 -0.015317
v 0.045148 0.815775 0.010559
v 0.055492 0.821875 -0.035986
v 0.053752 0.825761 -0.023154
v 0.054503 0.809788 -0.035627
v 0.040694 0.826474 0.033968
v 0.042906 0.825192 0.031294
v 0.047390 0.837667 0.010072
v 0.044567 0.824370 0.018530
v 0.042388 0.834614 0.029677
v 0.042479 0.841828 0.030702
v 0.045340 0.837444 0.018034
v 0.044022 0.850119 0.026268
v 0.048341 0.854428 0.010416
v 0.061570 0.848620 -0.000507
v 0.044723 0.866469 0.027347
v 0.046957 0.870860 0.011004
v 0.050253 0.874754 0.007004
v 0.046309 0.883739 0.008085
v 0.044875 0.881590 0.023481
v 0.044890 0.895774 0.006368
v 0.044647 0.888554 0.014649
v 0.057607 0.886143 0.005582
v 0.051381 0.890883 0.002914
v 0.048889 0.884415 0.006511
v 0.052696 0.893911 -0.001636
v 0.050306 0.895987 -0.001508
v 0.048274 0.891294 0.002824
v 0.050765 0.899702 0.001743
v 0.043232 0.902926 0.012202
v 0.043859 0.893656 0.022399
v 0.041761 0.905990 0.020974
v 0.042890 0.899782 0.023397
v 0.046089 0.904681 0.002726
v 0.042570 0.914813 0.006816
v 0.039915 0.913463 0.024186
v 0.035248 0.912821 0.022824
v 0.039000 0.905860 0.023412
v 0.040928 0.899726 0.024775
v 0.054503 0.903596 -0.042923
v 0.053384 0.917685 -0.037008
v 0.049274 0.905668 -0.027121
v 0.056714 0.912409 -0.045839
v 0.044425 0.914621 0.001265
v 0.053156 0.907420 -0.002049
v 0.055398 0.911619 -0.004415
v 0.042968 0.926281 0.006989
v 0.042487 0.924864 0.017846
v 0.040954 0.918181 0.024389
v 0.042203 0.914794 0.020631
v 0.043754 0.926992 0.001575
v 0.044636 0.937881 0.002400
v 0.044231 0.937126 0.008662
v 0.042161 0.932492 0.024799
v 0.040891 0.925107 0.023379
v 0.043409 0.933376 0.019442
v 0.045514 0.948241 0.003386
v 0.038219 0.918910 0.024822
v 0.038151 0.925432 0.024515
v 0.043217 0.940421 0.025572
v 0.044252 0.940528 0.020879
v 0.055566 0.936791 -0.002488
v 0.050004 0.947734 0.000598
v 0.046775 0.958659 0.002962
v 0.044810 0.947138 0.014993
v 0.039782 0.948083 0.025940
v 0.040526 0.940119 0.027180
v 0.042543 0.947896 0.024688
v 0.045052 0.956053 0.020720
v 0.055114 0.957018 -0.001391
v 0.048479 0.971335 0.002349
v 0.045028 0.965052 0.022113
v 0.041854 0.954152 0.026845
v 0.041568 0.965636 0.025973
v 0.048179 0.982269 0.002430
v 0.045620 0.973483 0.019433
v 0.043207 0.973899 0.025067
v 0.039263 0.974220 0.026062
v 0.047906 0.996246 0.001743
v 0.053483 0.996705 -0.003032
v 0.043983 0.986029 0.024769
v 0.042757 0.998350 0.024189
v 0.042752 1.007830 0.020729
v 0.047458 1.006324 0.001232
v 0.043522 1.018292 0.019725
v 0.040852 1.018559 0.021650
v 0.056748 0.816665 -0.043395
v 0.063051 0.806605 -0.003850
v 0.064593 0.817137 -0.002374
v 0.061169 0.817917 0.001184
v 0.063231 0.807873 -0.000815
v 0.056288 0.824505 -0.044345
v 0.055027 0.844697 -0.024842
v 0.055695 0.832908 -0.038011
v 0.055744 0.844808 -0.033082
v 0.064809 0.824399 -0.004959
v 0.059100 0.826767 0.001856
v 0.064044 0.833988 -0.004872
v 0.062897 0.837862 -0.008795
v 0.060191 0.838711 -0.000546
v 0.056874 0.847374 -0.044235
v 0.056706 0.840032 -0.043891
v 0.057637 0.854856 -0.044820
v 0.056212 0.850268 -0.036751
v 0.057261 0.861965 -0.045203
v 0.054232 0.862046 -0.032105
v 0.061687 0.850718 -0.014719
v 0.066427 0.853899 -0.007752
v 0.065414 0.846841 -0.006366
v 0.065700 0.855462 -0.004887
v 0.056043 0.870616 -0.039538
v 0.053891 0.880242 -0.029613
v 0.056135 0.861127 -0.023931
v 0.060685 0.879378 -0.026527
v 0.060629 0.863142 -0.018669
v 0.066866 0.857796 -0.007579
v 0.054241 0.865191 0.003714
v 0.060668 0.860456 -0.002112
v 0.062964 0.864549 -0.002476
v 0.059455 0.870049 0.002236
v 0.064932 0.865517 -0.000710
v 0.055556 0.878443 -0.047635
v 0.056509 0.878581 -0.044232
v 0.050289 0.897968 -0.028122
v 0.060099 0.893669 -0.024391
v 0.068629 0.875841 -0.031740
v 0.065783 0.865562 -0.020375
v 0.057590 0.877906 0.005465
v 0.061316 0.877935 0.006547
v 0.062536 0.871230 0.003697
v 0.069197 0.866944 0.012985
v 0.064849 0.874765 0.012955
v 0.055586 0.895318 -0.045254
v 0.054496 0.885448 -0.039111
v 0.053458 0.895473 -0.038230
v 0.054513 0.897340 -0.016981
v 0.060471 0.893526 0.001946
v 0.062589 0.897657 -0.005132
v 0.062366 0.885867 0.007592
v 0.067031 0.880630 0.016086
v 0.054806 0.896744 -0.007967
v 0.058435 0.897629 -0.014062
v 0.053106 0.898022 -0.008463
v 0.053955 0.901394 -0.016309
v 0.048672 0.915434 -0.028358
v 0.053639 0.912979 -0.021298
v 0.064805 0.897970 -0.016118
v 0.060015 0.916898 -0.007851
v 0.061487 0.905701 -0.009351
v 0.060665 0.916400 -0.010797
v 0.055127 0.902437 -0.003319
v 0.053125 0.919675 -0.003393
v 0.062802 0.924345 -0.006327
v 0.065578 0.927560 -0.010767
v 0.058625 0.926994 -0.017686
v 0.054489 0.928162 -0.002321
v 0.053311 0.927947 -0.035756
v 0.054875 0.938482 -0.036691
v 0.049838 0.927724 -0.028621
v 0.056535 0.919900 -0.044728
v 0.052154 0.926811 -0.024677
v 0.055749 0.936060 -0.022144
v 0.061907 0.937535 -0.015541
v 0.062522 0.931827 -0.014110
v 0.052312 0.944054 -0.028968
v 0.062460 0.946121 -0.016814
v 0.060291 0.946660 -0.003722
v 0.063229 0.962703 -0.019503
v 0.057822 0.967649 -0.002494
v 0.056836 0.984898 -0.036129
v 0.064536 0.984844 -0.007316
v 0.055509 1.001882 -0.034160
v 0.062112 0.994564 -0.024555
v 0.057864 0.984778 -0.030100
v 0.058672 0.974640 -0.027976
v 0.061400 1.008918 -0.025828
v 0.068500 1.001206 -0.014250
v 0.055556 1.022310 -0.034949
v 0.061679 1.018477 -0.025296
v 0.070932 0.856531 -0.009936
v 0.082222 0.852004 -0.019527
v 0.085287 0.862279 -0.034202
v 0.073936 0.863442 -0.030133
v 0.078215 0.876041 -0.039111
v 0.066742 0.858904 -0.005269
v 0.070742 0.857566 -0.000101
v 0.082089 0.853034 0.002938
v 0.071418 0.874057 0.018973
v 0.081876 0.867219 0.020541
v 0.075685 0.893086 -0.034797
v 0.089591 0.888991 -0.044053
v 0.069565 0.891203 -0.028164
v 0.071158 0.892221 0.018796
v 0.069931 0.900169 -0.015804
v 0.079943 0.909997 -0.023399
v 0.068177 0.900618 0.005648
v 0.079735 0.912777 -0.009599
v 0.066559 0.931144 -0.007761
v 0.064452 0.935119 -0.008057
v 0.068571 0.946617 -0.008111
v 0.066539 0.955746 -0.009007
v 0.065370 0.954575 -0.014104
v 0.068204 0.964629 -0.007905
v 0.069304 0.973085 -0.012037
v 0.066070 0.974954 -0.007202
v 0.064165 0.984502 -0.021394
v 0.070114 0.983865 -0.013342
v 0.067323 0.994147 -0.010812
v 0.068347 0.994442 -0.014400
v 0.067761 1.010380 -0.016312
v 0.065831 1.010973 -0.012102
v 0.067064 1.021098 -0.017591
v 0.052041 1.007804 -0.003650
v 0.050738 1.019175 -0.004212
v 0.066273 1.021517 -0.014319
v 0.102300 0.851075 0.009756
v 0.099398 0.871930 0.028733
v 0.080348 0.875940 0.023550
v 0.082343 0.898501 0.024464
v 0.090049 0.904226 -0.033524
v 0.083512 0.916570 0.006424
v 0.079716 0.902717 0.016535
v -0.050427 0.984074 0.182455
v -0.050017 0.978332 0.178754
v -0.046948 0.962140 0.169925
v -0.045559 0.976132 0.179474
v -0.047875 0.983742 0.183889
v -0.051255 0.988300 0.188314
v -0.045298 0.991790 0.187902
v -0.054932 1.010041 0.195774
v -0.055823 1.013832 0.190032
v -0.054658 1.003178 0.193280
v -0.053050 0.988972 0.186659
v -0.054509 0.995548 0.190937
v -0.052198 0.995404 0.192828
v -0.047787 0.996727 0.191908
v -0.052291 1.002933 0.195051
v -0.052581 1.009847 0.197352
v -0.042056 1.012339 0.194908
v -0.052907 1.016417 0.199616
v -0.032820 0.982634 0.178500
v -0.044560 1.003772 0.192954
v -0.035357 0.992136 0.183755
v -0.032761 1.005326 0.193381
v -0.037027 1.022721 0.198637
v -0.043184 1.018957 0.197444
v -0.035696 1.013972 0.195365
v -0.023368 0.964414 0.175219
v -0.016244 0.942369 0.170540
v -0.017788 0.949398 0.173782
v -0.019510 0.955854 0.175852
v -0.019625 0.964226 0.180307
v -0.019923 0.971119 0.181777
v -0.027153 0.976296 0.178688
v -0.024130 0.979765 0.184989
v -0.025958 0.987322 0.189802
v -0.021836 0.981695 0.189417
v -0.019526 0.976520 0.184427
v -0.019577 0.981704 0.188601
v -0.029343 0.994674 0.190937
v -0.025308 1.007342 0.203432
v -0.024448 0.999961 0.199820
v -0.022254 0.986466 0.193190
v -0.023643 0.993026 0.196587
v -0.026722 1.013686 0.205156
v -0.023899 1.014532 0.205153
v -0.022576 1.008242 0.203040
v -0.016039 1.015271 0.195389
v -0.017188 0.954912 0.176325
v -0.017344 0.965954 0.180122
v -0.011346 0.956224 0.169241
v -0.017966 0.987908 0.189614
v -0.003976 0.991752 0.182219
v -0.001383 0.985378 0.178780
v -0.018079 1.002878 0.194950
v -0.020512 0.993638 0.195664
v -0.008110 0.997908 0.184801
v -0.010217 1.015353 0.193169
v -0.011791 1.005612 0.188867
v -0.016209 1.025574 0.198538
v -0.010154 1.024844 0.197149
v 0.006042 0.974665 0.172886
v 0.005121 0.993066 0.184251
v 0.005665 0.986057 0.180681
v 0.004698 0.980016 0.176611
v 0.007612 0.981184 0.175461
v 0.007550 0.994058 0.182527
v 0.007737 0.987063 0.179533
v 0.005484 1.000188 0.188962
v 0.004465 1.007323 0.192870
v 0.007421 1.008489 0.191553
v 0.003068 1.015829 0.195129
v 0.006010 1.016723 0.193519
v 0.008007 1.001311 0.187271
v 0.007578 1.010986 0.186498
v 0.008960 1.028681 0.174813
v -0.079412 1.131286 0.159405
v -0.078686 1.129550 0.164840
v -0.080602 1.136706 0.162471
v -0.078865 1.137632 0.160116
v -0.075302 1.142741 0.182162
v -0.081428 1.152223 0.166277
v -0.080420 1.144123 0.165216
v -0.074573 1.133875 0.180905
v -0.076444 1.153809 0.183779
v -0.080734 1.167701 0.172844
v -0.079987 1.170165 0.170484
v -0.081396 1.163187 0.169169
v -0.070836 1.164872 0.165429
v -0.078735 1.152352 0.163758
v -0.063161 1.030014 0.124868
v -0.067029 1.032752 0.148249
v -0.071982 1.018722 0.170744
v -0.062444 1.018200 0.175348
v -0.069731 1.026670 0.174651
v -0.072461 1.027670 0.171126
v -0.074012 1.036100 0.173579
v -0.073143 1.019577 0.168437
v -0.070976 1.036707 0.130135
v -0.064223 1.037931 0.128038
v -0.071714 1.035755 0.133556
v -0.070308 1.044363 0.131614
v -0.071855 1.045638 0.140977
v -0.067654 1.039352 0.156734
v -0.070688 1.046606 0.165372
v -0.070786 1.051538 0.134070
v -0.072820 1.058166 0.137760
v -0.073495 1.056953 0.140720
v -0.055079 1.047115 0.127428
v -0.056863 1.055446 0.130571
v -0.058860 1.064251 0.133717
v -0.074738 1.066572 0.145124
v -0.068990 1.057513 0.160517
v -0.069620 1.072727 0.163301
v -0.073936 1.069001 0.140574
v -0.073405 1.077120 0.142241
v -0.060461 1.073346 0.136998
v -0.073449 1.070045 0.171942
v -0.073786 1.060296 0.172945
v -0.075327 1.075478 0.146971
v -0.076799 1.085880 0.148444
v -0.071320 1.085263 0.168885
v -0.075892 1.108940 0.152862
v -0.074216 1.101436 0.151186
v -0.077815 1.107662 0.155181
v -0.076773 1.115928 0.154834
v -0.076042 1.099450 0.153469
v -0.067069 1.096340 0.146406
v -0.078243 1.115661 0.157209
v -0.073621 1.110814 0.169808
v -0.072774 1.092958 0.164604
v -0.072830 1.101125 0.168195
v -0.073336 1.097406 0.175852
v -0.074141 1.107753 0.179423
v -0.073491 1.122712 0.156618
v -0.067157 1.113050 0.152127
v -0.074924 1.120993 0.170382
v -0.061329 1.127577 0.154476
v -0.067524 1.136119 0.158088
v -0.077781 1.123587 0.158841
v -0.062591 1.154240 0.160720
v -0.078306 1.144778 0.162202
v -0.076481 1.171886 0.168817
v -0.065428 1.176911 0.167983
v -0.060076 1.181614 0.165993
v -0.054784 1.171351 0.150726
v -0.080925 1.176447 0.173477
v -0.050489 1.022032 0.117605
v -0.046415 1.015716 0.110216
v -0.052020 1.038379 0.123138
v -0.048817 1.031255 0.117178
v -0.052183 1.059191 0.127118
v -0.045832 1.048525 0.114118
v -0.047561 1.055393 0.118525
v -0.047403 1.065144 0.117629
v -0.052348 1.069318 0.128163
v -0.042574 1.079475 -0.035992
v -0.043434 1.085899 -0.041519
v -0.057056 1.090229 0.140921
v -0.048753 1.096057 0.125806
v -0.055322 1.080471 0.135525
v -0.048142 1.087785 0.120793
v -0.047099 1.078777 0.118011
v -0.056014 1.101983 0.142845
v -0.049568 1.104216 0.129472
v -0.054997 1.122338 0.145480
v -0.050035 1.119144 0.133861
v -0.052833 1.111219 0.138722
v -0.051807 1.127596 0.138187
v -0.054499 1.132721 0.145731
v -0.049477 1.140656 0.138130
v -0.048577 1.129594 0.135032
v -0.052573 1.144988 0.140084
v -0.061777 1.144598 0.158315
v -0.054350 1.157585 0.145268
v -0.048712 1.162824 0.143729
v -0.047500 1.146800 0.139403
v -0.053784 1.183331 0.151655
v -0.049542 1.172985 0.146340
v -0.055674 1.190543 0.158954
v -0.059714 1.208930 0.172411
v -0.060183 1.197556 0.170337
v -0.069610 1.205776 0.176169
v -0.075589 1.181586 0.171553
v -0.080478 1.186480 0.175195
v -0.069987 1.193842 0.173931
v -0.053773 1.203663 0.155554
v -0.050828 1.212881 0.156645
v -0.050380 1.204554 0.154969
v -0.053965 1.212382 0.157189
v -0.054856 1.220952 0.158357
v -0.060912 1.219563 0.175336
v -0.057863 1.228129 0.168787
v -0.043879 1.018575 -0.042872
v -0.043991 1.030353 -0.044289
v -0.044853 1.030525 -0.040001
v -0.037680 1.023362 0.000667
v -0.043256 1.030692 0.104746
v -0.036991 1.039243 0.002343
v -0.035502 1.040605 -0.007020
v -0.041966 1.041191 0.105570
v -0.042474 1.036477 0.105287
v -0.044972 1.041625 0.110273
v -0.033757 1.060919 -0.024851
v -0.046479 1.053876 -0.042744
v -0.032805 1.048179 -0.022449
v -0.037322 1.049397 -0.000286
v -0.035311 1.050494 -0.009832
v -0.036191 1.048765 0.002699
v -0.035351 1.055899 0.002576
v -0.042865 1.050890 0.110521
v -0.043223 1.057775 0.112842
v -0.039102 1.050436 0.110718
v -0.038377 1.058204 0.114581
v -0.038157 1.071147 -0.030366
v -0.037690 1.057155 0.000834
v -0.037990 1.064125 -0.003295
v -0.038102 1.070987 -0.000991
v -0.036179 1.079028 -0.003740
v -0.033984 1.066666 -0.017925
v -0.036213 1.071583 0.002179
v -0.038058 1.063642 0.003153
v -0.028765 1.070613 0.004234
v -0.043440 1.065842 0.114020
v -0.044298 1.072641 0.115806
v -0.037521 1.067437 0.118555
v -0.046839 1.071366 0.116580
v -0.040740 1.073523 0.118101
v -0.041031 1.107455 -0.046099
v -0.035429 1.101680 -0.034994
v -0.043519 1.087944 -0.045636
v -0.044823 1.088796 0.120377
v -0.045106 1.096744 0.124796
v -0.033817 1.092806 0.129675
v -0.049258 1.112236 0.131450
v -0.046383 1.105098 0.127631
v -0.036783 1.107901 0.134464
v -0.046251 1.112794 0.130482
v -0.034299 1.115941 -0.037019
v -0.034567 1.126819 -0.038603
v -0.046755 1.120274 0.133209
v -0.039988 1.119523 0.137210
v -0.036626 1.136536 -0.041193
v -0.041196 1.138078 -0.049747
v -0.048945 1.124348 0.134031
v -0.050403 1.123845 0.134790
v -0.044123 1.127705 0.137168
v -0.036127 1.132084 0.143278
v -0.037128 1.168212 0.152776
v -0.037032 1.187659 0.159199
v -0.037027 1.176918 0.155707
v -0.050708 1.184823 0.150463
v -0.051997 1.193216 0.152653
v -0.047202 1.194450 0.154777
v -0.039342 1.198774 0.160681
v -0.051910 1.221442 0.157308
v -0.042186 1.206359 0.161156
v -0.041058 1.222628 0.165100
v -0.042535 1.213848 0.162635
v -0.054780 1.229104 0.160457
v -0.050986 1.236451 0.162160
v -0.052084 1.229567 0.159083
v -0.054083 1.236468 0.162964
v -0.046449 1.229977 0.162677
v -0.039519 1.237634 0.169581
v -0.033546 1.030581 0.003732
v -0.021039 1.030953 0.006959
v -0.025351 1.034011 0.111519
v -0.040187 1.033552 0.103575
v -0.025913 1.050536 0.004826
v -0.029143 1.038666 0.004787
v -0.038427 1.040235 0.106204
v -0.016405 1.043788 0.110954
v -0.011750 1.039409 0.106252
v -0.025639 1.051048 0.117381
v -0.030635 1.060855 0.004160
v -0.013675 1.052058 0.006368
v -0.029078 1.062610 0.121139
v -0.030047 1.078330 0.126613
v -0.023547 1.067572 0.121761
v -0.019872 1.058717 0.117213
v -0.031814 1.076264 -0.023100
v -0.031253 1.087904 -0.025532
v -0.034662 1.079880 0.001211
v -0.021120 1.081280 0.003526
v -0.034197 1.089103 -0.000274
v -0.031100 1.096112 -0.020115
v -0.033505 1.094637 -0.005335
v -0.035425 1.088503 -0.003056
v -0.029723 1.096240 -0.001093
v -0.032877 1.101665 -0.003991
v -0.026893 1.083957 0.128133
v -0.039671 1.081877 0.121513
v -0.017047 1.080251 0.121163
v -0.030967 1.103994 -0.015254
v -0.029301 1.112751 -0.025359
v -0.032160 1.111315 -0.006530
v -0.030373 1.109648 -0.016670
v -0.032238 1.105091 -0.008675
v -0.032069 1.117244 -0.006951
v -0.030157 1.122983 -0.015858
v -0.030446 1.109608 -0.002778
v -0.030888 1.114142 0.138838
v -0.027977 1.098675 0.132821
v -0.020553 1.113093 0.133992
v -0.028063 1.124928 -0.028119
v -0.031311 1.123821 -0.003782
v -0.032476 1.123363 -0.005957
v -0.031040 1.116732 -0.003901
v -0.032257 1.128471 -0.008236
v -0.022946 1.114105 -0.001980
v -0.025214 1.129337 0.140682
v -0.020383 1.121215 0.135579
v -0.027885 1.136711 -0.029706
v -0.032489 1.137568 -0.006228
v -0.033913 1.144666 -0.007292
v -0.029391 1.140555 -0.022242
v -0.030315 1.132480 -0.017247
v -0.032005 1.129849 -0.005246
v -0.028279 1.130467 -0.003755
v -0.028947 1.150333 -0.025305
v -0.029242 1.148661 -0.032840
v -0.030470 1.162150 -0.035221
v -0.037414 1.152703 -0.044193
v -0.032982 1.153620 -0.008374
v -0.026034 1.137344 -0.003510
v -0.029620 1.145914 -0.003629
v -0.030789 1.154148 -0.005377
v -0.022991 1.157048 -0.004549
v -0.032427 1.142184 0.146878
v -0.039232 1.162925 -0.048190
v -0.028441 1.160726 -0.026885
v -0.032289 1.161617 -0.009100
v -0.030468 1.161929 -0.006342
v -0.031969 1.169578 -0.009010
v -0.031620 1.156006 0.149388
v -0.022199 1.153969 0.143998
v -0.033861 1.180973 -0.044064
v -0.028681 1.170642 -0.025365
v -0.020738 1.165381 -0.005287
v -0.029603 1.169172 -0.006841
v -0.029429 1.177219 -0.010325
v -0.029146 1.177713 -0.017277
v -0.030433 1.176730 0.155016
v -0.030395 1.186029 0.158016
v -0.031472 1.166488 0.152047
v -0.028272 1.185784 -0.025365
v -0.029000 1.197331 -0.037154
v -0.030313 1.184949 -0.011302
v -0.026215 1.185621 -0.007836
v -0.027251 1.193547 -0.008042
v -0.021492 1.176444 -0.006441
v -0.008548 1.191203 -0.004657
v -0.019888 1.199324 0.155838
v -0.019412 1.193424 0.154494
v -0.025272 1.194593 0.157622
v -0.035781 1.204944 -0.047491
v -0.026575 1.210283 -0.033470
v -0.030887 1.208150 -0.013713
v -0.028241 1.196612 -0.025182
v -0.030218 1.203251 -0.009434
v -0.028971 1.209565 -0.008302
v -0.030513 1.195231 -0.010674
v -0.020358 1.199939 -0.006954
v -0.033474 1.197441 0.162456
v -0.033707 1.210684 0.165327
v -0.031088 1.228360 -0.011923
v -0.030731 1.218566 -0.012305
v -0.029517 1.228176 -0.009168
v -0.017065 1.209928 -0.006222
v -0.028892 1.218428 -0.009037
v -0.017534 1.219202 -0.006587
v -0.034452 1.224440 0.168013
v -0.024778 1.244609 -0.033733
v -0.027882 1.231212 -0.023665
v -0.028603 1.240046 -0.013952
v -0.026489 1.240244 -0.010277
v -0.032506 1.240616 0.170630
v -0.027905 1.232578 0.166444
v -0.008192 1.024789 0.017299
v -0.009007 1.015270 0.017960
v -0.001907 1.041940 0.025599
v -0.006616 1.042698 0.017703
v -0.003556 1.033819 0.023723
v -0.007623 1.033190 0.102690
v -0.007378 1.025593 0.101415
v -0.012987 1.032109 0.105054
v -0.012583 1.024229 0.102553
v -0.010334 1.036265 0.012713
v -0.009209 1.050869 0.013117
v -0.007950 1.040160 0.105986
v -0.017429 1.051493 0.113867
v -0.010318 1.052882 0.110342
v -0.008322 1.053354 0.111274
v -0.009931 1.046935 0.108967
v -0.008831 1.061133 0.114273
v -0.011733 1.060781 0.112968
v -0.009962 1.076782 0.006693
v -0.006979 1.058822 0.016460
v -0.014200 1.066812 0.116691
v -0.011636 1.070341 0.117428
v -0.006651 1.065080 0.126105
v -0.010347 1.074982 0.119379
v -0.008567 1.076107 0.126439
v -0.005537 1.092514 0.011488
v -0.012281 1.097043 0.002564
v -0.021431 1.091723 0.127237
v -0.014613 1.089596 0.123141
v -0.010988 1.082569 0.122463
v -0.005494 1.083468 0.138943
v -0.011971 1.090739 0.124354
v -0.015704 1.098486 0.125818
v -0.012386 1.099515 0.126813
v -0.014610 1.106703 0.130526
v -0.012305 1.107258 0.133583
v -0.018272 1.105558 0.130138
v -0.015335 1.113442 0.132343
v -0.010449 1.128608 -0.001350
v -0.015736 1.120846 0.132555
v -0.016145 1.131060 0.136723
v -0.013644 1.120986 0.133601
v -0.006659 1.114861 0.149412
v -0.012364 1.113903 0.136203
v -0.013045 1.127502 0.138342
v -0.021531 1.123911 -0.002371
v -0.013760 1.144178 0.139851
v -0.013995 1.134767 0.138049
v -0.017767 1.145789 0.139364
v -0.011903 1.133463 0.143840
v -0.009305 1.128751 0.149570
v -0.011224 1.140839 0.146833
v -0.011450 1.154871 -0.002975
v -0.016646 1.157282 0.142008
v -0.015642 1.150711 0.140942
v -0.007454 1.143015 0.157236
v -0.013679 1.150271 0.142552
v -0.013758 1.157358 0.143756
v -0.009499 1.156863 0.157538
v -0.017128 1.165733 0.143920
v -0.013995 1.166414 0.145581
v -0.018807 1.172415 0.147162
v -0.018622 1.179314 0.149552
v -0.015894 1.172537 0.147482
v -0.014874 1.177339 0.151897
v -0.010930 1.168228 0.158404
v -0.018491 1.187220 0.151763
v -0.015405 1.186787 0.153415
v -0.016637 1.192790 0.155241
v -0.019661 1.206380 0.156080
v -0.016964 1.199285 0.156504
v -0.016336 1.206324 0.156851
v -0.014509 1.198896 0.161586
v -0.016406 1.215856 0.158458
v -0.019665 1.215107 0.156976
v -0.021305 1.223490 0.160329
v -0.007337 1.239240 -0.005502
v -0.018638 1.229547 -0.007008
v -0.007192 1.214468 -0.004257
v -0.021064 1.229868 0.161377
v -0.019521 1.236668 0.161787
v -0.017277 1.236444 0.162277
v 0.000504 1.033394 0.027873
v -0.001853 1.025611 0.027676
v 0.004208 1.024893 0.026752
v 0.018458 1.027584 0.016224
v 0.007485 1.035183 0.023496
v -0.005135 1.025148 0.103808
v -0.004452 1.031319 0.108857
v -0.005627 1.039412 0.108456
v -0.000449 1.037485 0.122657
v -0.001988 1.049454 0.026152
v 0.001051 1.041713 0.026773
v 0.000897 1.049298 0.027323
v 0.005346 1.042044 0.024697
v -0.006476 1.047179 0.113267
v -0.001612 1.048044 0.127097
v 0.009330 1.037367 0.125824
v -0.001682 1.057268 0.026687
v 0.001153 1.056836 0.027649
v -0.005635 1.054851 0.121548
v -0.001972 1.062064 0.132746
v -0.001443 1.078135 0.025671
v -0.004178 1.084584 0.016078
v -0.004454 1.064460 0.020514
v 0.001139 1.064163 0.027054
v 0.001121 1.071100 0.027706
v -0.001400 1.064245 0.026203
v 0.004848 1.063714 0.025539
v 0.006851 1.069425 0.023771
v -0.004650 1.073678 0.135573
v -0.005071 1.071190 0.018205
v -0.001156 1.071442 0.026947
v -0.000505 1.091629 0.020971
v 0.001597 1.078117 0.027036
v 0.002479 1.084523 0.024192
v -0.000572 1.084517 0.023245
v 0.002473 1.091597 0.022644
v 0.008281 1.089886 0.019555
v 0.007066 1.096057 0.019540
v 0.003088 1.098893 0.021186
v 0.000351 1.099069 0.020317
v -0.007225 1.092049 0.139400
v -0.009620 1.100880 0.136914
v -0.002980 1.095400 0.144419
v 0.010391 1.086124 0.143529
v 0.011297 1.078143 0.140694
v -0.006763 1.103454 0.007261
v -0.006711 1.119483 0.004393
v 0.001438 1.106511 0.019053
v 0.005407 1.106382 0.018692
v 0.001004 1.114274 0.018112
v 0.002983 1.111787 0.151996
v 0.005462 1.104459 0.149788
v 0.001852 1.128473 0.016609
v 0.004940 1.117315 0.018148
v 0.005744 1.118387 0.154685
v 0.000405 1.151374 0.015462
v -0.001256 1.135277 0.158028
v -0.000551 1.124264 0.155016
v 0.003805 1.141784 0.160819
v -0.001603 1.148448 0.161201
v 0.009227 1.146477 0.162710
v 0.001895 1.179906 0.012418
v -0.008150 1.171488 0.165820
v -0.004471 1.158465 0.162940
v -0.011427 1.177513 0.162420
v -0.000362 1.182637 0.172061
v 0.008848 1.179754 0.174965
v 0.007505 1.173232 0.170543
v -0.012421 1.190596 0.164786
v 0.001244 1.218942 0.010951
v -0.003685 1.200116 0.002502
v 0.013003 1.027526 0.121883
v 0.016358 1.026733 0.127443
v 0.015738 1.027372 0.123900
v 0.016309 1.036507 0.127386
v 0.016047 1.032009 0.158052
v 0.016940 1.029366 0.168105
v 0.019498 1.030997 0.164407
v 0.019157 1.049527 0.014049
v 0.008559 1.049302 0.022205
v 0.015614 1.041173 0.132023
v 0.014697 1.033986 0.133257
v 0.012921 1.045259 0.130703
v 0.014212 1.046433 0.134449
v 0.011129 1.043339 0.152898
v 0.016076 1.037706 0.172097
v 0.017044 1.051780 0.170053
v 0.019077 1.039916 0.169531
v 0.009914 1.059826 0.156570
v 0.006802 1.057060 0.024022
v 0.013142 1.060984 0.018922
v 0.014092 1.053146 0.136269
v 0.011122 1.051124 0.148692
v 0.012085 1.054155 0.133735
v 0.014913 1.061615 0.138527
v 0.009246 1.072066 0.159420
v 0.013868 1.069341 0.142396
v 0.019105 1.065993 0.012597
v 0.022512 1.069896 0.011503
v 0.025136 1.056616 0.013598
v 0.011366 1.069708 0.138486
v 0.013759 1.062121 0.136672
v 0.014534 1.078477 0.143066
v 0.017679 1.061572 0.174735
v 0.010636 1.075930 0.168515
v 0.008026 1.087839 0.168007
v 0.007600 1.076262 0.022925
v 0.014095 1.071675 0.017640
v 0.009193 1.082728 0.020562
v 0.020004 1.079976 0.010670
v 0.009134 1.092436 0.160269
v 0.010362 1.099120 0.016678
v 0.019326 1.094875 0.010449
v 0.010538 1.093614 0.146753
v 0.010690 1.099846 0.148922
v 0.012089 1.093519 0.149074
v 0.011151 1.106143 0.151912
v 0.010742 1.109555 0.156477
v 0.012067 1.100464 0.151434
v 0.016875 1.110368 0.010365
v 0.009026 1.111660 0.153944
v 0.007526 1.106624 0.172608
v 0.010141 1.099722 0.177657
v 0.010435 1.118549 0.156229
v 0.010612 1.117325 0.160442
v 0.010106 1.125342 0.157499
v 0.011362 1.125075 0.161261
v 0.007217 1.119202 0.175897
v 0.021457 1.135898 0.005373
v 0.013878 1.120531 0.011617
v 0.024507 1.126086 0.006442
v 0.009187 1.133021 0.160436
v 0.010520 1.132786 0.163466
v 0.007163 1.132823 0.177902
v 0.011483 1.142508 0.168091
v 0.010648 1.140192 0.162076
v 0.011850 1.139012 0.164078
v 0.020668 1.153242 0.005988
v 0.011699 1.151372 0.166749
v 0.012253 1.145836 0.163522
v 0.009683 1.152020 0.164688
v 0.010598 1.157647 0.169683
v 0.010433 1.148770 0.171810
v 0.012056 1.178169 0.011214
v 0.008365 1.158373 0.166540
v 0.006607 1.166018 0.168120
v 0.010747 1.165051 0.170260
v 0.007627 1.163405 0.183525
v 0.020224 1.198819 0.005164
v 0.030006 1.189780 0.003974
v 0.003367 1.205756 0.013108
v 0.007511 1.215901 0.015047
v 0.002873 1.235941 0.010491
v 0.008388 1.235421 0.013209
v 0.022602 1.216892 0.003335
v 0.027709 1.034485 0.016128
v 0.033640 1.027161 0.017939
v 0.027760 1.045607 0.015399
v 0.040919 1.045156 0.018760
v 0.035607 1.054680 0.016657
v 0.034449 1.064713 0.016624
v 0.026716 1.084101 0.011465
v 0.030148 1.074114 0.014025
v 0.040934 1.100733 0.013045
v 0.022394 1.110273 0.007724
v 0.035465 1.085956 0.013965
v 0.029903 1.143629 0.007025
v 0.041832 1.149101 0.010338
v 0.029275 1.157493 0.005869
v 0.045648 1.206697 0.006433
v 0.037426 1.197201 0.004745
v 0.027125 1.249243 0.001076
v 0.023860 1.231350 0.002454
v 0.037103 1.240253 0.003323
v 0.033867 1.229415 0.003798
v 0.040647 1.036127 0.018725
v 0.040524 1.028168 0.018901
v 0.047043 1.017924 0.000927
v 0.043096 1.027848 0.016630
v 0.047040 1.026015 -0.000310
v 0.043636 1.035384 0.015127
v 0.044791 1.044855 0.010984
v 0.045316 1.055212 0.009215
v 0.041950 1.054776 0.017518
v 0.048887 1.043949 -0.006055
v 0.046405 1.065227 0.011139
v 0.042484 1.064864 0.018638
v 0.038752 1.072226 0.017365
v 0.043049 1.072631 0.017350
v 0.045544 1.073110 0.014631
v 0.042394 1.079805 0.017096
v 0.036955 1.078848 0.015522
v 0.047704 1.076408 -0.005350
v 0.046114 1.098098 0.002071
v 0.045437 1.080953 0.012827
v 0.040865 1.091945 0.014127
v 0.043808 1.093718 0.011605
v 0.032893 1.118006 0.008614
v 0.048445 1.118979 -0.010949
v 0.046371 1.126123 0.000646
v 0.044096 1.114436 0.008991
v 0.041533 1.127889 0.010314
v 0.042505 1.172878 0.007351
v 0.040808 1.187386 0.005746
v 0.057745 1.062020 -0.035505
v 0.068192 1.059366 -0.021493
v 0.056533 1.047428 -0.035328
v 0.056842 1.035075 -0.033643
v 0.048203 1.031731 -0.004042
v 0.048236 1.058947 -0.006638
v 0.065336 1.050542 -0.015888
v 0.057396 1.064593 -0.011242
v 0.056004 1.076760 -0.040841
v 0.060382 1.075129 -0.034608
v 0.051754 1.105588 -0.012093
v 0.057342 1.079615 -0.012527
v 0.056929 1.107528 -0.041749
v 0.066894 1.106562 -0.023766
v 0.065351 1.114093 -0.021714
v 0.066788 1.127719 -0.025427
v 0.065899 1.120372 -0.026784
v 0.062364 1.124349 -0.021116
v 0.063096 1.140297 -0.021678
v 0.046427 1.134024 0.002806
v 0.044887 1.126561 0.008916
v 0.047519 1.140887 -0.001547
v 0.046145 1.154943 0.008770
v 0.046606 1.142492 0.009281
v 0.053047 1.152085 -0.016309
v 0.049266 1.162889 -0.011851
v 0.065378 1.159952 -0.022956
v 0.067545 1.150195 -0.023766
v 0.047085 1.173275 0.000563
v 0.061806 1.176959 -0.022628
v 0.051442 1.180930 -0.016157
v 0.046305 1.185246 0.004199
v 0.049085 1.183347 -0.008660
v 0.049604 1.194538 -0.009306
v 0.052320 1.194565 -0.016784
v 0.054230 1.205460 -0.017740
v 0.056062 1.216113 -0.018364
v 0.049084 1.206148 -0.003259
v 0.065032 1.188168 -0.025102
v 0.049817 1.218787 -0.003569
v 0.045572 1.217645 0.006840
v 0.048977 1.227588 0.004381
v 0.052119 1.234575 -0.016422
v 0.049182 1.236195 0.000120
v 0.060362 1.227176 -0.021065
v 0.044738 1.233834 0.005645
v 0.046953 1.226539 0.006881
v 0.051747 1.249419 -0.013820
v 0.048917 1.247414 -0.001347
v 0.067037 1.030929 -0.019383
v 0.066782 1.031228 -0.015783
v 0.064762 1.040471 -0.016163
v 0.065792 1.040025 -0.019942
v 0.067325 1.049565 -0.020324
v 0.067191 1.060186 -0.016954
v 0.067527 1.070933 -0.026198
v 0.070854 1.069634 -0.018556
v 0.070863 1.067381 -0.021298
v 0.066723 1.081253 -0.026297
v 0.067964 1.082394 -0.020617
v 0.070880 1.073520 -0.021322
v 0.061605 1.151305 -0.037934
v 0.067243 1.139874 -0.028899
v 0.063760 1.166892 -0.035974
v 0.069571 1.150450 -0.027247
v 0.067340 1.152970 -0.031713
v 0.069031 1.159420 -0.026885
v 0.068086 1.159474 -0.030832
v 0.065558 1.178083 -0.033183
v 0.067359 1.167331 -0.026846
v 0.067823 1.179160 -0.028110
v 0.060705 1.199982 -0.043401
v 0.067440 1.187267 -0.029508
v 0.067396 1.196964 -0.025215
v 0.069746 1.196477 -0.029350
v 0.068716 1.205796 -0.026303
v 0.069867 1.205676 -0.029995
v 0.071509 1.215473 -0.029885
v 0.070538 1.215349 -0.026371
v 0.059315 1.223910 -0.049045
v 0.070647 1.224560 -0.031967
v 0.070513 1.224751 -0.027519
v 0.065918 1.233869 -0.024630
v 0.061840 1.231231 -0.043610
v 0.070879 1.233505 -0.031513
v 0.070056 1.242591 -0.031776
v 0.069479 1.242585 -0.028209
v 0.070895 1.233580 -0.028227
v -0.076122 1.050159 0.177657
v -0.075624 1.049628 0.180597
v -0.077679 1.056398 0.180719
v -0.074226 1.054917 0.184027
v -0.078994 1.066099 0.186139
v -0.079621 1.065019 0.182255
v -0.079038 1.071573 0.183110
v -0.079157 1.075099 0.186985
v -0.077448 1.076276 0.189874
v -0.080617 1.086993 0.189184
v -0.076609 1.076411 0.179354
v -0.069979 1.069473 0.191822
v -0.065172 1.083504 0.199306
v -0.079157 1.097015 0.194687
v -0.080176 1.097578 0.191544
v -0.078075 1.086463 0.192846
v -0.082115 1.105655 0.193399
v -0.081069 1.105212 0.196954
v -0.083447 1.114064 0.195458
v -0.075389 1.116606 0.182168
v -0.083655 1.119396 0.196450
v -0.084721 1.127121 0.197761
v -0.074791 1.125537 0.181774
v -0.069099 1.106814 0.204223
v -0.082907 1.116450 0.199461
v -0.084157 1.125752 0.201260
v -0.070386 1.118500 0.206981
v -0.079183 1.128769 0.205469
v -0.086541 1.132849 0.203034
v -0.084716 1.142887 0.199339
v -0.083595 1.138854 0.197214
v -0.086987 1.141212 0.203166
v -0.084964 1.139231 0.205995
v -0.085898 1.148200 0.205947
v -0.081328 1.149001 0.195571
v -0.074852 1.146333 0.213061
v -0.072870 1.135864 0.211209
v -0.085424 1.156697 0.209945
v -0.086300 1.163955 0.210761
v -0.083453 1.156386 0.200892
v -0.073284 1.155527 0.216282
v -0.076260 1.172950 0.188344
v -0.075943 1.163203 0.188257
v -0.083653 1.169044 0.204782
v -0.077352 1.182728 0.197761
v -0.085918 1.178555 0.211361
v -0.074032 1.182053 0.222305
v -0.085390 1.185395 0.216267
v -0.085365 1.178166 0.213781
v -0.076365 1.182373 0.190137
v -0.079138 1.192990 0.182339
v -0.086276 1.193738 0.217650
v -0.086758 1.186047 0.213067
v -0.076693 1.201576 0.200949
v -0.075735 1.192339 0.196793
v -0.086975 1.194464 0.214391
v -0.074052 1.191503 0.224629
v -0.080896 1.202999 0.184152
v -0.082679 1.209621 0.180654
v -0.080635 1.202145 0.177188
v -0.087486 1.202434 0.216395
v -0.077811 1.213072 0.204477
v -0.072607 1.201761 0.227387
v -0.086638 1.201863 0.219508
v -0.077599 1.215662 0.195443
v -0.081792 1.216918 0.183519
v -0.080035 1.217077 0.180244
v -0.087953 1.211702 0.217178
v -0.087801 1.211257 0.221164
v -0.087278 1.220628 0.222678
v -0.087420 1.221395 0.218442
v -0.082755 1.234207 0.185999
v -0.080535 1.234099 0.183510
v -0.082428 1.225010 0.184848
v -0.080561 1.225139 0.181965
v -0.087640 1.229809 0.221262
v -0.087034 1.230054 0.224289
v -0.083607 1.245709 0.219027
v -0.078326 1.227748 0.207635
v -0.069565 1.037397 0.179300
v -0.074332 1.042658 0.178984
v -0.075151 1.042921 0.176202
v -0.060516 1.040347 0.186566
v -0.062682 1.058137 0.191762
v -0.066809 1.096472 0.202804
v -0.062155 1.072042 0.201161
v -0.062241 1.102530 0.217743
v -0.061785 1.089197 0.212120
v -0.064886 1.108867 0.210166
v -0.068631 1.126683 0.210557
v -0.065537 1.117264 0.212490
v -0.066325 1.126045 0.215571
v -0.064413 1.123697 0.229771
v -0.063099 1.115195 0.226305
v -0.078262 1.140116 0.189279
v -0.066659 1.135726 0.219389
v -0.064506 1.132266 0.233070
v -0.061666 1.132120 0.235119
v -0.065323 1.140868 0.235292
v -0.063361 1.140463 0.238086
v -0.065496 1.148950 0.237572
v -0.068471 1.158970 0.221525
v -0.083506 1.172087 0.213880
v -0.067365 1.146781 0.221648
v -0.065483 1.163225 0.240885
v -0.065943 1.170616 0.242666
v -0.066962 1.164959 0.228705
v -0.085976 1.170733 0.210701
v -0.068101 1.172617 0.226748
v -0.068475 1.180838 0.229329
v -0.065113 1.176512 0.243685
v -0.081221 1.182333 0.175135
v -0.068923 1.189613 0.230942
v -0.069405 1.198899 0.235349
v -0.066131 1.182571 0.244710
v -0.067130 1.189381 0.247841
v -0.073708 1.212504 0.229930
v -0.068851 1.196633 0.249072
v -0.066545 1.196348 0.251542
v -0.068563 1.204434 0.249887
v -0.066149 1.204233 0.252032
v -0.073559 1.224008 0.180480
v -0.069075 1.216226 0.178126
v -0.081283 1.209753 0.178174
v -0.069181 1.221774 0.249627
v -0.073144 1.224467 0.232329
v -0.069404 1.210381 0.240464
v -0.071523 1.237117 0.236308
v -0.066006 1.220817 0.255160
v -0.067497 1.210941 0.252549
v -0.069897 1.242476 0.244094
v -0.070561 1.252360 0.244856
v -0.068841 1.231654 0.251728
v -0.059297 1.026511 0.181526
v -0.057237 1.017099 0.182706
v -0.056269 1.023202 0.192222
v -0.057471 1.032493 0.194400
v -0.055180 1.023299 0.200746
v -0.055175 1.016646 0.198284
v -0.046075 1.023949 0.199805
v -0.056688 1.036267 0.205012
v -0.057754 1.042423 0.207701
v -0.057658 1.037485 0.200325
v -0.054208 1.036180 0.206446
v -0.055721 1.030204 0.202066
v -0.052928 1.029928 0.203662
v -0.041310 1.030006 0.200647
v -0.046654 1.036786 0.204238
v -0.059089 1.044852 0.197934
v -0.060641 1.053922 0.198320
v -0.059431 1.055599 0.213025
v -0.060526 1.058662 0.206103
v -0.058780 1.049047 0.210453
v -0.056666 1.048524 0.211848
v -0.054515 1.042470 0.208875
v -0.047569 1.052414 0.209975
v -0.059951 1.061916 0.215347
v -0.060726 1.063008 0.211460
v -0.061008 1.069373 0.210596
v -0.060270 1.067616 0.216781
v -0.060111 1.073720 0.217641
v -0.059173 1.079930 0.218815
v -0.060918 1.074393 0.214603
v -0.058100 1.067614 0.218116
v -0.054985 1.055641 0.213742
v -0.056818 1.061993 0.216102
v -0.061122 1.080553 0.212789
v -0.054889 1.078847 0.219341
v -0.058814 1.087301 0.220871
v -0.047389 1.065541 0.213727
v -0.041715 1.061717 0.211104
v -0.043622 1.082831 0.217949
v -0.060995 1.095473 0.222141
v -0.054449 1.095909 0.222604
v -0.059548 1.103546 0.224576
v -0.044872 1.104446 0.223285
v -0.061156 1.114252 0.228863
v -0.061635 1.123403 0.232666
v -0.053912 1.125859 0.231791
v -0.047017 1.139932 0.234115
v -0.055656 1.146682 0.237939
v -0.062869 1.155882 0.240673
v -0.065214 1.156187 0.238845
v -0.063370 1.148571 0.239714
v -0.045324 1.152671 0.237518
v -0.055695 1.156409 0.239813
v -0.063433 1.163002 0.242720
v -0.057951 1.163910 0.241555
v -0.062745 1.176480 0.245200
v -0.063756 1.170169 0.244536
v -0.046265 1.162853 0.239520
v -0.050580 1.172998 0.242122
v -0.058548 1.181940 0.245902
v -0.064551 1.189746 0.249514
v -0.054935 1.199055 0.249242
v -0.059934 1.205939 0.251623
v -0.066246 1.228929 0.180002
v -0.062892 1.211560 0.253114
v -0.028633 1.029065 0.208878
v -0.042154 1.043882 0.205619
v -0.038073 1.048618 0.208254
v -0.049741 1.074313 0.216858
v -0.058003 1.073331 0.218908
v -0.036006 1.079738 0.221666
v -0.038669 1.100040 0.225645
v -0.052432 1.086782 0.220124
v -0.038592 1.111193 0.229885
v -0.044394 1.120498 0.228382
v -0.037440 1.122158 0.234426
v -0.040501 1.134635 0.236225
v -0.035410 1.116035 0.234569
v -0.041553 1.146124 0.238719
v -0.041000 1.165226 0.243846
v -0.042428 1.174479 0.244966
v -0.042805 1.183731 0.247596
v -0.051630 1.191226 0.246885
v -0.044976 1.192357 0.247936
v -0.046388 1.202611 0.249299
v -0.051478 1.228892 0.254171
v -0.056832 1.219422 0.253395
v -0.045249 1.219945 0.255101
v -0.048745 1.212519 0.250876
v -0.045328 1.237842 0.258399
v -0.039837 1.226051 0.261443
v -0.029322 1.039014 0.213659
v -0.027269 1.021287 0.206058
v -0.024525 1.022218 0.206055
v -0.025103 1.029756 0.209562
v -0.026089 1.037848 0.213665
v -0.020856 1.039496 0.207800
v -0.029606 1.046978 0.216688
v -0.025645 1.046012 0.216258
v -0.030968 1.067918 0.224549
v -0.024694 1.060179 0.221588
v -0.020247 1.047850 0.209993
v -0.016126 1.052791 0.207597
v -0.015748 1.066339 0.212251
v -0.019868 1.065935 0.216216
v -0.023383 1.070651 0.221692
v -0.029241 1.086363 0.230497
v -0.018620 1.079804 0.218036
v -0.026660 1.095084 0.232326
v -0.030322 1.100179 0.235319
v -0.021160 1.102337 0.226978
v -0.015342 1.086520 0.218511
v -0.031079 1.108638 0.237294
v -0.027918 1.114878 0.239442
v -0.030898 1.114889 0.239152
v -0.027934 1.108620 0.237659
v -0.023367 1.111889 0.232938
v -0.027375 1.102606 0.236308
v -0.017183 1.113980 0.226407
v -0.022590 1.118541 0.233727
v -0.030708 1.121290 0.242654
v -0.028214 1.121225 0.242741
v -0.034850 1.128422 0.240019
v -0.024879 1.123124 0.238895
v -0.030822 1.134183 0.246992
v -0.031551 1.141355 0.247829
v -0.036813 1.140844 0.242248
v -0.030356 1.127401 0.245648
v -0.028250 1.134350 0.246962
v -0.024983 1.129077 0.241035
v -0.028358 1.127339 0.245567
v -0.021158 1.136497 0.237414
v -0.023627 1.143191 0.242074
v -0.031586 1.149988 0.250789
v -0.029023 1.152749 0.251548
v -0.033017 1.158897 0.251644
v -0.028666 1.148105 0.250043
v -0.032540 1.165944 0.252448
v -0.030077 1.166165 0.252576
v -0.029092 1.159531 0.252340
v -0.023902 1.161577 0.244148
v -0.025971 1.167848 0.247778
v -0.018893 1.163814 0.239645
v -0.032898 1.178144 0.255937
v -0.032369 1.171899 0.253837
v -0.020644 1.175419 0.242947
v -0.023759 1.182142 0.248089
v -0.029805 1.172389 0.253472
v -0.030606 1.178477 0.256155
v -0.033949 1.191823 0.259185
v -0.030556 1.192136 0.259149
v -0.030932 1.185423 0.258611
v -0.033376 1.184814 0.258309
v -0.022291 1.195105 0.249233
v -0.026493 1.199828 0.254721
v -0.026600 1.187835 0.253018
v -0.033976 1.198254 0.261447
v -0.031218 1.198285 0.261315
v -0.034474 1.205139 0.263941
v -0.031369 1.205370 0.263807
v -0.035090 1.211838 0.264933
v -0.034807 1.218567 0.265366
v -0.034693 1.224419 0.266364
v -0.032229 1.218839 0.265339
v -0.031697 1.212161 0.264906
v -0.036672 1.230157 0.266505
v -0.034426 1.229297 0.268097
v -0.032364 1.224819 0.265865
v -0.026720 1.231236 0.258805
v -0.030750 1.233757 0.264730
v -0.032600 1.229308 0.266881
v -0.027183 1.221741 0.258874
v -0.009774 1.042899 0.204044
v -0.015563 1.035860 0.201397
v -0.000331 1.033083 0.202287
v 0.002307 1.023849 0.198687
v 0.004342 1.034069 0.200259
v -0.004945 1.049253 0.207650
v -0.008018 1.062666 0.212290
v -0.008433 1.055351 0.209521
v -0.001910 1.068174 0.215610
v 0.000944 1.074409 0.218304
v -0.012430 1.098806 0.221794
v -0.020247 1.127587 0.233395
v -0.016565 1.128156 0.230784
v -0.006895 1.113693 0.227261
v -0.007091 1.124321 0.231635
v -0.016109 1.139614 0.234175
v -0.007078 1.133900 0.234348
v -0.018354 1.151563 0.237067
v -0.025404 1.148651 0.245277
v -0.000251 1.138521 0.237237
v -0.002119 1.146268 0.239099
v -0.011484 1.154416 0.238510
v -0.012709 1.164611 0.240082
v -0.023942 1.154615 0.243246
v -0.012990 1.174001 0.242101
v -0.017305 1.187127 0.245370
v -0.009658 1.181521 0.244689
v -0.008359 1.194570 0.248626
v -0.022844 1.208965 0.252113
v -0.017005 1.204290 0.249379
v 0.006344 1.033851 0.183214
v 0.005311 1.024888 0.197486
v 0.005070 1.041281 0.190606
v 0.005337 1.058956 0.188888
v 0.009826 1.045694 0.180104
v 0.000910 1.041877 0.205616
v 0.004167 1.042232 0.203955
v 0.002695 1.049810 0.209996
v 0.004660 1.045275 0.198577
v 0.004777 1.050664 0.207949
v 0.004716 1.054945 0.197349
v 0.004621 1.060788 0.204113
v 0.008245 1.087312 0.194636
v 0.003502 1.074666 0.200653
v 0.009807 1.069190 0.187498
v 0.004303 1.065409 0.213599
v 0.001915 1.063869 0.214728
v 0.004819 1.057945 0.210513
v 0.003536 1.069084 0.216168
v 0.002629 1.082064 0.209810
v 0.003377 1.073939 0.216691
v -0.005284 1.081301 0.218543
v -0.000618 1.086202 0.220614
v 0.000245 1.080952 0.219269
v 0.002128 1.086813 0.219338
v -0.001780 1.092765 0.222170
v 0.002379 1.087662 0.215036
v 0.002450 1.093656 0.221077
v 0.003264 1.092660 0.203477
v 0.001761 1.110121 0.213031
v 0.002046 1.094034 0.212117
v 0.000450 1.097654 0.224277
v 0.001653 1.100778 0.217644
v 0.004961 1.109096 0.203880
v 0.000844 1.105082 0.224919
v 0.000864 1.109458 0.226604
v 0.002090 1.122562 0.224728
v 0.000668 1.121814 0.232218
v 0.008866 1.121703 0.204191
v 0.002167 1.131144 0.225765
v 0.002498 1.126577 0.231522
v 0.002281 1.133227 0.233497
v 0.000104 1.132000 0.234928
v 0.001909 1.139751 0.223912
v 0.002019 1.141747 0.230963
v 0.007481 1.135571 0.209347
v 0.016152 1.141291 0.205595
v 0.016417 1.148501 0.207976
v 0.001932 1.146231 0.237901
v 0.001385 1.153040 0.238477
v -0.000537 1.152088 0.240210
v 0.001505 1.148429 0.230031
v 0.001390 1.154233 0.233592
v 0.002668 1.149235 0.217701
v 0.000595 1.160790 0.228412
v 0.000165 1.171712 0.224680
v 0.000478 1.167404 0.241928
v -0.002211 1.159398 0.241447
v 0.000715 1.159963 0.239968
v -0.001619 1.167004 0.243213
v 0.008680 1.169332 0.216111
v 0.013010 1.186498 0.214406
v -0.001929 1.174578 0.244966
v -0.000667 1.182629 0.243960
v -0.002835 1.182126 0.245666
v -0.000002 1.174962 0.243365
v -0.000456 1.177288 0.235012
v -0.000484 1.185548 0.233918
v -0.009415 1.205742 0.175407
v -0.001166 1.193916 0.249795
v -0.002278 1.188153 0.247700
v -0.000726 1.192828 0.238119
v -0.015588 1.226681 0.163809
v -0.002748 1.219492 0.180382
v -0.013511 1.207559 0.165644
v -0.001341 1.195356 0.174968
v 0.009538 1.215176 0.182617
v 0.009297 1.205391 0.182360
v 0.006878 1.213551 0.180666
v -0.001034 1.202790 0.232394
v 0.006811 1.205868 0.224686
v 0.006186 1.216779 0.227503
v -0.001900 1.199708 0.251309
v 0.000128 1.202004 0.248450
v 0.000390 1.194422 0.248032
v -0.016289 1.241164 0.167054
v -0.010588 1.233264 0.181281
v 0.017568 1.049609 0.173627
v 0.017480 1.059998 0.178398
v 0.017624 1.071592 0.178084
v 0.017446 1.070458 0.181962
v 0.017343 1.082027 0.186136
v 0.015541 1.082737 0.179315
v 0.016130 1.091270 0.187430
v 0.015919 1.103189 0.193635
v 0.014493 1.091482 0.182327
v 0.016715 1.102914 0.190600
v 0.010698 1.121102 0.186441
v 0.014921 1.111024 0.196429
v 0.015667 1.112128 0.192437
v 0.011763 1.133027 0.191532
v 0.016268 1.120111 0.196596
v 0.014536 1.117948 0.199243
v 0.016162 1.131277 0.201021
v 0.016872 1.140470 0.202258
v 0.008747 1.147932 0.191081
v 0.007369 1.150416 0.182638
v 0.006410 1.161058 0.192258
v 0.017289 1.150256 0.205305
v 0.015713 1.156989 0.207794
v 0.013021 1.161992 0.203763
v 0.010561 1.152879 0.212386
v 0.010558 1.172559 0.176074
v 0.009157 1.179221 0.178577
v 0.005184 1.173164 0.193047
v 0.010814 1.172958 0.172360
v 0.015824 1.163782 0.209470
v 0.013876 1.162223 0.212278
v 0.014540 1.171938 0.210802
v 0.006817 1.185330 0.186781
v 0.007103 1.186405 0.174684
v 0.010528 1.188303 0.177505
v 0.009496 1.185512 0.175363
v 0.008111 1.173830 0.201786
v 0.009766 1.197548 0.180558
v 0.005387 1.193366 0.193725
v 0.005519 1.188184 0.200952
v 0.004396 1.206428 0.204256
v 0.004726 1.205349 0.196109
v 0.007065 1.216418 0.191406
v 0.013251 1.204918 0.216897
v 0.007124 1.205643 0.179536
v 0.008295 1.198150 0.177789
v 0.009274 1.190462 0.176002
v 0.007971 1.221902 0.183202
v 0.008762 1.222753 0.186982
v 0.002717 1.225898 0.205275
v 0.007429 1.231691 0.190301
v 0.013838 1.219206 0.222332
v 0.008479 1.228579 0.216004
v 0.006078 1.231435 0.185150
v 0.005522 1.242246 0.187388
v 0.005530 1.249792 0.194071
v 0.012099 1.226203 0.224880
v 0.012924 1.226191 0.221809
v 0.012088 1.235551 0.223419
v 0.007723 1.225043 0.227829
v -0.058705 1.241096 0.174550
v -0.053824 1.243880 0.164075
v -0.056559 1.235481 0.167565
v -0.060093 1.248556 0.178801
v -0.054187 1.252165 0.166400
v -0.061223 1.255709 0.182497
v -0.053789 1.258346 0.169091
v -0.050422 1.243967 0.163848
v -0.051452 1.252384 0.165443
v -0.043760 1.250631 0.170215
v -0.050775 1.258405 0.168258
v -0.051869 1.264379 0.169124
v -0.037097 1.259047 0.175996
v -0.046011 1.264286 0.172751
v -0.053989 1.264683 0.170206
v -0.051702 1.272019 0.170920
v -0.026951 1.219649 -0.029237
v -0.025528 1.254602 -0.010163
v -0.027423 1.278406 -0.010704
v -0.028576 1.277082 -0.016040
v -0.027388 1.266455 -0.010381
v -0.029130 1.288264 -0.017074
v -0.029050 1.287124 -0.009721
v -0.030474 1.296320 -0.012858
v -0.029266 1.295956 -0.009458
v -0.028495 1.304257 -0.010357
v -0.019601 1.286809 -0.007612
v -0.028758 1.316603 -0.042872
v -0.030044 1.312036 -0.010659
v -0.029446 1.311585 -0.014884
v -0.027673 1.317736 -0.020459
v -0.028716 1.322432 -0.012063
v -0.026982 1.329559 -0.018128
v -0.032749 1.260918 -0.048630
v -0.009970 1.257186 -0.006533
v -0.020127 1.241795 0.164219
v -0.020708 1.247689 0.167164
v -0.027157 1.247193 0.169850
v -0.018232 1.247301 0.167666
v -0.013695 1.242958 0.177624
v -0.028039 1.255327 -0.014964
v -0.028683 1.266162 -0.013178
v -0.025248 1.269997 -0.031549
v -0.028181 1.254301 0.172190
v -0.020052 1.254299 0.168330
v -0.020244 1.261745 0.170042
v -0.026829 1.260958 0.173068
v -0.020419 1.268139 0.172503
v -0.024807 1.267456 0.173743
v -0.017345 1.253397 0.170036
v -0.017748 1.261495 0.171186
v -0.025223 1.303136 -0.032947
v -0.028358 1.292787 -0.040240
v -0.016960 1.268669 -0.007946
v -0.021778 1.277961 -0.008714
v -0.029451 1.304134 -0.014702
v -0.019006 1.297018 -0.007250
v -0.023358 1.305467 -0.008406
v -0.023774 1.330349 -0.031713
v -0.027242 1.312926 -0.008843
v -0.027435 1.332330 -0.011738
v -0.025607 1.339773 -0.021582
v -0.024198 1.322597 -0.009327
v -0.024807 1.333490 -0.010062
v -0.013770 1.331001 -0.008365
v -0.023179 1.341479 -0.037435
v -0.026871 1.349956 -0.017316
v -0.024074 1.361331 -0.028893
v -0.019114 1.348842 -0.009870
v -0.026307 1.348817 -0.012273
v -0.023029 1.340972 -0.010124
v -0.027006 1.340700 -0.012168
v -0.012190 1.337844 -0.008287
v -0.028292 1.357765 -0.013249
v -0.027630 1.366129 -0.014498
v -0.022097 1.356599 -0.009823
v -0.022699 1.375077 -0.031295
v -0.021221 1.388471 -0.035206
v -0.027103 1.357401 -0.010650
v -0.025405 1.366315 -0.011218
v -0.026726 1.374876 -0.015702
v -0.013839 1.362204 -0.009282
v -0.023168 1.376327 -0.011451
v -0.026279 1.382207 -0.014582
v -0.024480 1.382656 -0.021657
v -0.020405 1.399517 -0.035693
v -0.023272 1.398255 -0.018397
v -0.023733 1.390195 -0.020605
v -0.023317 1.389467 -0.014322
v -0.021863 1.398090 -0.014914
v -0.007107 1.394387 -0.010820
v -0.019441 1.411042 -0.035603
v -0.022495 1.406565 -0.019769
v -0.020996 1.414933 -0.021962
v -0.019517 1.423294 -0.029819
v -0.021092 1.407001 -0.015174
v -0.020186 1.415668 -0.016455
v -0.005908 1.404454 -0.011358
v -0.006342 1.414670 -0.012416
v -0.027357 1.434804 -0.055259
v -0.021314 1.423329 -0.017659
v -0.018762 1.433190 -0.028272
v -0.020823 1.431279 -0.016037
v -0.015886 1.423081 -0.015144
v -0.020046 1.440160 -0.021854
v -0.017656 1.449925 -0.026458
v -0.019304 1.439091 -0.017298
v -0.015563 1.452002 -0.019150
v -0.003519 1.251173 -0.001855
v 0.004246 1.251006 0.009992
v 0.000011 1.263821 0.001928
v -0.003447 1.276139 -0.002799
v -0.009413 1.281782 -0.006381
v 0.003321 1.293643 0.008178
v 0.009396 1.293463 0.013553
v 0.007767 1.299658 0.014270
v -0.014626 1.309124 -0.006853
v -0.004644 1.321228 -0.006151
v -0.004421 1.303454 -0.004687
v -0.004319 1.339757 -0.006996
v 0.001547 1.321517 0.002424
v -0.003595 1.365642 -0.008099
v -0.008004 1.383494 -0.010002
v 0.000411 1.392923 -0.006007
v 0.001151 1.403312 -0.006892
v -0.001237 1.426620 -0.012341
v -0.015383 1.441573 -0.039063
v -0.010763 1.430911 -0.015048
v -0.008560 1.440749 -0.015290
v -0.007448 1.452570 -0.016410
v -0.016765 1.465055 -0.019751
v 0.003318 1.441733 -0.012559
v 0.008839 1.250582 0.012253
v 0.018780 1.248212 0.005582
v 0.009597 1.264445 0.011073
v 0.006444 1.264457 0.010308
v 0.019814 1.263196 0.004823
v 0.006105 1.274715 0.011357
v 0.011106 1.274194 0.011402
v 0.007034 1.286938 0.013021
v 0.014205 1.284302 0.010129
v 0.003345 1.306886 0.008154
v 0.012321 1.300154 0.012412
v 0.028055 1.300089 0.000398
v 0.018428 1.307375 0.007240
v 0.018761 1.294550 0.006702
v 0.005160 1.315877 0.009074
v 0.009211 1.308452 0.013529
v 0.008862 1.317819 0.012152
v 0.014594 1.319435 0.008928
v 0.011777 1.330424 0.009995
v 0.007814 1.333464 0.009134
v 0.007547 1.326347 0.010891
v 0.000476 1.341367 -0.001206
v 0.008358 1.341440 0.009442
v 0.008863 1.350347 0.010153
v 0.005126 1.344325 0.004796
v 0.011571 1.340963 0.009304
v 0.000765 1.357797 -0.001777
v 0.005266 1.350793 0.005423
v 0.007433 1.358968 0.008310
v 0.011530 1.349261 0.009905
v 0.015115 1.357646 0.007135
v 0.010868 1.363518 0.010293
v 0.002377 1.377952 -0.000570
v 0.013208 1.384385 0.009224
v 0.009721 1.397153 0.006436
v 0.002906 1.412876 -0.006052
v 0.007448 1.429695 -0.003348
v 0.003854 1.422491 -0.006805
v 0.013667 1.444361 0.001901
v 0.013585 1.459284 -0.001140
v 0.028262 1.269927 0.000736
v 0.038313 1.255153 0.002570
v 0.026091 1.280756 0.000631
v 0.026706 1.319472 -0.000244
v 0.026154 1.335276 -0.001057
v 0.036911 1.322347 0.000790
v 0.021835 1.377530 0.002803
v 0.017596 1.394099 0.005196
v 0.011156 1.405334 0.005438
v 0.015598 1.404942 0.005182
v 0.012160 1.420123 0.003983
v 0.012727 1.426838 0.004315
v 0.015638 1.426575 0.004252
v 0.012205 1.412817 0.006239
v 0.015698 1.412524 0.005364
v 0.012764 1.435450 0.002878
v 0.019715 1.433245 0.001026
v 0.019876 1.443700 0.000034
v 0.024418 1.457330 -0.004424
v 0.042014 1.247844 0.003777
v 0.046961 1.275373 0.003980
v 0.036333 1.285805 0.002528
v 0.038752 1.308042 0.002911
v 0.041518 1.296858 0.003992
v 0.048255 1.318290 0.003825
v 0.027005 1.356640 -0.001759
v 0.038300 1.349588 -0.000710
v 0.030924 1.383937 -0.003498
v 0.037403 1.359795 -0.001203
v 0.041498 1.398824 -0.003357
v 0.041609 1.408779 -0.004065
v 0.029313 1.400847 -0.003847
v 0.030320 1.418201 -0.005060
v 0.016262 1.420270 0.003948
v 0.040405 1.421647 -0.005228
v 0.031952 1.437065 -0.008132
v 0.035625 1.446113 -0.008613
v 0.042498 1.454812 -0.008084
v 0.035105 1.463458 -0.010241
v 0.046673 1.247844 0.004076
v 0.045603 1.239995 0.004303
v 0.050092 1.264518 -0.002598
v 0.047497 1.264906 0.004494
v 0.048465 1.255537 0.001378
v 0.046439 1.255734 0.003341
v 0.039029 1.263979 0.002651
v 0.054282 1.265569 -0.018233
v 0.052833 1.276088 -0.014663
v 0.055055 1.285317 -0.018911
v 0.061906 1.273304 -0.023139
v 0.049825 1.275927 0.001946
v 0.050551 1.285405 0.002639
v 0.047763 1.285406 0.004925
v 0.052973 1.292637 -0.011851
v 0.059754 1.300499 -0.021588
v 0.049194 1.306886 0.004972
v 0.050796 1.295154 0.002785
v 0.051861 1.306126 0.001226
v 0.048110 1.295941 0.004802
v 0.053553 1.305789 -0.016694
v 0.052012 1.317083 -0.001317
v 0.049849 1.325268 0.002997
v 0.049074 1.331426 0.002696
v 0.051368 1.324431 0.000843
v 0.054352 1.320403 -0.019664
v 0.051556 1.331480 -0.001550
v 0.056079 1.330854 -0.021259
v 0.053714 1.337440 -0.017133
v 0.035904 1.336296 -0.000630
v 0.051373 1.341221 -0.002676
v 0.053525 1.353410 -0.008535
v 0.048170 1.341220 0.000592
v 0.049870 1.355636 0.001647
v 0.053263 1.360415 -0.001114
v 0.048599 1.370926 0.001029
v 0.053524 1.370932 -0.001905
v 0.050603 1.380840 0.000876
v 0.045414 1.388941 -0.001621
v 0.052842 1.398626 -0.002927
v 0.051218 1.408187 -0.002999
v 0.051290 1.415902 -0.003184
v 0.051192 1.424220 -0.003602
v 0.045893 1.415633 -0.003931
v 0.050406 1.454915 -0.006680
v 0.049981 1.446383 -0.006169
v 0.061012 1.241081 -0.045454
v 0.062981 1.241209 -0.023327
v 0.068972 1.251926 -0.028364
v 0.069615 1.251913 -0.032114
v 0.069175 1.262024 -0.028561
v 0.070746 1.284790 -0.027805
v 0.071893 1.298310 -0.027859
v 0.063261 1.310795 -0.023930
v 0.071092 1.320839 -0.028797
v 0.073074 1.320002 -0.032613
v 0.070881 1.330762 -0.034017
v 0.069674 1.333804 -0.029774
v 0.058624 1.349054 -0.023288
v 0.054866 1.367993 -0.014468
v 0.073536 1.357213 -0.034223
v 0.075442 1.366046 -0.034519
v 0.069725 1.359946 -0.029257
v 0.067017 1.377756 -0.027955
v 0.057005 1.372611 -0.021720
v 0.062129 1.386839 -0.025621
v 0.056037 1.384427 -0.019252
v 0.067256 1.406133 -0.030629
v 0.056961 1.410087 -0.022478
v 0.062010 1.397284 -0.026073
v 0.053608 1.380994 -0.000976
v 0.052744 1.390043 -0.002694
v 0.055672 1.399343 -0.016891
v 0.062420 1.434184 -0.028499
v 0.054570 1.430627 -0.016360
v 0.060512 1.423077 -0.026802
v 0.053419 1.416100 -0.005592
v 0.052824 1.409552 -0.005517
v 0.053534 1.424462 -0.005416
v 0.056006 1.420930 -0.021077
v 0.064360 1.414592 -0.028776
v 0.051802 1.430861 -0.005511
v 0.043438 1.430463 -0.005679
v 0.053950 1.439586 -0.010826
v 0.055798 1.445530 -0.025027
v 0.071501 1.440584 -0.034650
v 0.050818 1.437937 -0.004935
v 0.053181 1.454528 -0.010593
v 0.052689 1.446476 -0.008167
v 0.055368 1.458759 -0.024349
v 0.069457 1.261969 -0.032153
v 0.070107 1.271896 -0.031931
v 0.062506 1.273809 -0.043640
v 0.064383 1.285408 -0.042176
v 0.071441 1.284844 -0.031701
v 0.062254 1.310195 -0.046616
v 0.071862 1.309848 -0.032678
v 0.072619 1.298340 -0.031985
v 0.071184 1.310300 -0.029138
v 0.071152 1.337721 -0.033855
v 0.072375 1.347758 -0.032562
v 0.074394 1.374782 -0.035558
v 0.074025 1.375433 -0.032069
v 0.075054 1.366965 -0.031633
v 0.074464 1.391167 -0.033503
v 0.074617 1.382821 -0.032989
v 0.074713 1.391003 -0.036494
v 0.071760 1.405217 -0.039732
v 0.072640 1.397767 -0.037910
v 0.072359 1.398803 -0.033996
v 0.073614 1.405620 -0.035269
v 0.072026 1.413173 -0.039308
v 0.072611 1.413920 -0.034889
v 0.071906 1.421413 -0.034623
v 0.071197 1.457796 -0.037124
v 0.070557 1.455096 -0.040996
v 0.071354 1.463813 -0.038958
v 0.058550 1.463236 -0.028274
v 0.067415 1.463113 -0.033622
v -0.077570 1.244297 0.186462
v -0.077521 1.245649 0.205245
v -0.079924 1.247878 0.191030
v -0.078090 1.230351 0.198622
v -0.086017 1.253613 0.228322
v -0.077145 1.277557 0.207522
v -0.077941 1.266240 0.204092
v -0.076548 1.277360 0.214657
v -0.077725 1.257754 0.211794
v -0.085797 1.261610 0.225334
v -0.085886 1.275780 0.232093
v -0.072898 1.271006 0.240691
v -0.072411 1.261264 0.239840
v -0.085771 1.286647 0.229915
v -0.086532 1.276257 0.229466
v -0.085298 1.285655 0.234044
v -0.072300 1.282830 0.242681
v -0.085652 1.294510 0.232021
v -0.085032 1.293626 0.235158
v -0.081585 1.303783 0.228415
v -0.086116 1.302627 0.234139
v -0.083483 1.311071 0.232792
v -0.083467 1.301637 0.237733
v -0.084765 1.310139 0.236577
v -0.084026 1.318419 0.238985
v -0.085047 1.328210 0.239132
v -0.081637 1.318865 0.231116
v -0.084487 1.335798 0.238627
v -0.080606 1.329044 0.230381
v -0.085335 1.344907 0.238426
v -0.083465 1.346598 0.243039
v -0.061544 1.235002 0.179530
v -0.076378 1.250993 0.187678
v -0.066380 1.230679 0.256039
v -0.066076 1.238694 0.256705
v -0.078137 1.260783 0.190050
v -0.079142 1.252832 0.189094
v -0.080367 1.259155 0.193402
v -0.077031 1.269215 0.191711
v -0.079854 1.267900 0.194409
v -0.079894 1.279552 0.197038
v -0.059557 1.269715 0.183226
v -0.066890 1.273652 0.261769
v -0.066013 1.262458 0.260789
v -0.079705 1.288080 0.198726
v -0.077956 1.288032 0.195948
v -0.076978 1.289659 0.208687
v -0.067361 1.254378 0.257616
v -0.064329 1.285648 0.263705
v -0.070356 1.291824 0.248420
v -0.064467 1.299730 0.264625
v -0.062365 1.293714 0.193307
v -0.062602 1.284822 0.191236
v -0.079032 1.297560 0.204137
v -0.077687 1.305036 0.208633
v -0.078630 1.306649 0.201305
v -0.075618 1.307007 0.198299
v -0.077780 1.301432 0.197585
v -0.075394 1.298941 0.218161
v -0.067869 1.301995 0.262409
v -0.069818 1.305873 0.253446
v -0.074126 1.317407 0.246496
v -0.076715 1.309256 0.243033
v -0.070715 1.316343 0.251820
v -0.076717 1.314612 0.200065
v -0.062615 1.316167 0.196626
v -0.079055 1.314290 0.202446
v -0.079420 1.322747 0.203656
v -0.076918 1.322957 0.201000
v -0.075863 1.323522 0.220736
v -0.077770 1.316746 0.209924
v -0.078657 1.330328 0.204812
v -0.062244 1.337390 0.199366
v -0.061755 1.325370 0.196799
v -0.076453 1.330982 0.202422
v -0.076480 1.337305 0.218636
v -0.075304 1.326465 0.247013
v -0.070002 1.325073 0.257135
v -0.077493 1.336496 0.246174
v -0.067019 1.321877 0.267756
v -0.069469 1.335670 0.261742
v -0.080047 1.339707 0.205374
v -0.075595 1.340008 0.203088
v -0.074716 1.354505 0.225337
v -0.076855 1.348040 0.216742
v -0.077522 1.340428 0.226921
v -0.069278 1.348836 0.261560
v -0.074384 1.349929 0.205269
v -0.078077 1.348726 0.208221
v -0.078931 1.357479 0.209264
v -0.077091 1.358099 0.206927
v -0.083171 1.359442 0.239801
v -0.067396 1.373353 0.267171
v -0.068489 1.369125 0.253664
v -0.064841 1.370584 0.270678
v -0.074037 1.365290 0.225042
v -0.077547 1.376259 0.213276
v -0.076189 1.376667 0.210268
v -0.078936 1.366002 0.210531
v -0.077187 1.366361 0.208188
v -0.067475 1.362035 0.205906
v -0.076263 1.367367 0.231453
v -0.074854 1.385613 0.211806
v -0.066777 1.376423 0.208857
v -0.072312 1.379339 0.226129
v -0.076318 1.385357 0.214976
v -0.082533 1.373570 0.240431
v -0.072686 1.381574 0.231907
v -0.068402 1.394768 0.231017
v -0.072441 1.389901 0.223718
v -0.080907 1.369012 0.245588
v -0.080260 1.384325 0.240790
v -0.077021 1.382817 0.247434
v -0.072909 1.393379 0.214080
v -0.072160 1.399755 0.221298
v -0.074260 1.393984 0.217011
v -0.071323 1.401169 0.215923
v -0.075138 1.394892 0.247664
v -0.072359 1.410973 0.243526
v -0.072267 1.408745 0.241832
v -0.071172 1.405193 0.247198
v -0.058054 1.263265 0.178664
v -0.066332 1.247557 0.258578
v -0.068277 1.239564 0.254163
v -0.058793 1.238568 0.256260
v -0.050742 1.246780 0.257530
v -0.060078 1.254391 0.258572
v -0.044174 1.253974 0.262247
v -0.051620 1.262263 0.259259
v -0.054076 1.271585 0.172088
v -0.054299 1.278459 0.174592
v -0.060863 1.277452 0.187394
v -0.054069 1.285751 0.174550
v -0.079584 1.296093 0.196724
v -0.074188 1.297447 0.196109
v -0.076145 1.280072 0.193605
v -0.053427 1.271957 0.260425
v -0.047766 1.282843 0.263418
v -0.053515 1.293082 0.176366
v -0.059407 1.299381 0.189886
v -0.053965 1.299735 0.178270
v -0.054823 1.305968 0.179889
v -0.061415 1.307342 0.194696
v -0.053921 1.321451 0.182892
v -0.066590 1.308555 0.265955
v -0.068798 1.316045 0.265163
v -0.047561 1.293179 0.264769
v -0.046663 1.301708 0.267144
v -0.055838 1.317042 0.266564
v -0.054288 1.329416 0.183083
v -0.054241 1.360275 0.189440
v -0.055556 1.350779 0.188278
v -0.061386 1.356145 0.203058
v -0.053246 1.334624 0.182924
v -0.053053 1.341701 0.184860
v -0.066062 1.333676 0.269857
v -0.065706 1.349734 0.270251
v -0.053918 1.328732 0.267825
v -0.053778 1.342573 0.269011
v -0.048144 1.366479 0.271392
v -0.052992 1.369915 0.269304
v -0.049321 1.347830 0.270905
v -0.059426 1.383466 0.209156
v -0.057483 1.374445 0.198726
v -0.058020 1.364661 0.197430
v -0.081644 1.358656 0.244285
v -0.066346 1.381535 0.255582
v -0.056156 1.382061 0.198048
v -0.066511 1.381436 0.268324
v -0.064794 1.381398 0.270720
v -0.065630 1.388846 0.267762
v -0.059022 1.379845 0.270129
v -0.063161 1.388726 0.269952
v -0.065264 1.392555 0.212478
v -0.056125 1.392462 0.203465
v -0.055204 1.388194 0.198293
v -0.062019 1.403490 0.215472
v -0.056401 1.400100 0.213787
v -0.062373 1.403182 0.254805
v -0.064282 1.393294 0.256048
v -0.062673 1.396181 0.269119
v -0.064462 1.396398 0.267281
v -0.063502 1.403640 0.265498
v -0.065149 1.406348 0.231734
v -0.068770 1.409818 0.219736
v -0.066333 1.416309 0.223930
v -0.067486 1.410323 0.237614
v -0.074168 1.403951 0.242872
v -0.058530 1.418220 0.234390
v -0.059602 1.415849 0.248701
v -0.067695 1.417699 0.245483
v -0.061412 1.410511 0.259062
v -0.058425 1.415270 0.253063
v -0.053877 1.423862 0.247216
v -0.055136 1.423641 0.252020
v -0.060755 1.411471 0.263607
v -0.058120 1.411751 0.265534
v -0.058722 1.419880 0.260422
v -0.064817 1.416197 0.221011
v -0.063113 1.424027 0.225415
v -0.060808 1.423284 0.223381
v -0.054427 1.418366 0.222018
v -0.061025 1.425218 0.241698
v -0.065991 1.418858 0.240844
v -0.061747 1.423069 0.244841
v -0.054330 1.425903 0.257028
v -0.058640 1.425462 0.245032
v -0.036946 1.235975 0.267311
v -0.035541 1.241127 0.267918
v -0.051790 1.278430 0.173471
v -0.051138 1.285336 0.173806
v -0.050121 1.293036 0.176044
v -0.037824 1.277949 0.180696
v -0.037568 1.290780 0.183295
v -0.046843 1.269827 0.262295
v -0.039432 1.284185 0.272166
v -0.051129 1.299989 0.177182
v -0.051872 1.306605 0.177854
v -0.044551 1.299981 0.181135
v -0.037608 1.301123 0.185721
v -0.054558 1.313626 0.180890
v -0.051312 1.313018 0.178541
v -0.050630 1.321673 0.181983
v -0.046364 1.308709 0.181320
v -0.044754 1.321766 0.184935
v -0.041739 1.309138 0.272749
v -0.042563 1.303468 0.271228
v -0.038775 1.303870 0.275450
v -0.048659 1.314691 0.268025
v -0.045512 1.324060 0.271808
v -0.049860 1.328623 0.182458
v -0.050460 1.334681 0.183125
v -0.046197 1.340991 0.187277
v -0.037058 1.332536 0.190095
v -0.046557 1.335276 0.272193
v -0.041050 1.348812 0.279172
v -0.040096 1.356320 0.280060
v -0.044644 1.352656 0.275725
v -0.043516 1.341782 0.275689
v -0.052233 1.357824 0.187394
v -0.049406 1.360879 0.189309
v -0.042836 1.351806 0.191206
v -0.041706 1.366368 0.195428
v -0.036698 1.359126 0.196312
v -0.054156 1.367396 0.190044
v -0.051162 1.367642 0.189363
v -0.053336 1.382333 0.193552
v -0.054044 1.375169 0.191227
v -0.048444 1.374517 0.191929
v -0.050166 1.382166 0.193238
v -0.055111 1.387850 0.268602
v -0.048528 1.383191 0.268536
v -0.042168 1.391147 0.276071
v -0.041267 1.384440 0.278148
v -0.044032 1.377537 0.275097
v -0.041200 1.371258 0.278832
v -0.049862 1.396468 0.196357
v -0.050157 1.389428 0.194406
v -0.053114 1.396045 0.196910
v -0.043940 1.395373 0.201006
v -0.054756 1.401254 0.205332
v -0.049190 1.403051 0.199999
v -0.044462 1.401199 0.202521
v -0.057649 1.401688 0.267945
v -0.047822 1.400295 0.265378
v -0.043063 1.398617 0.272889
v -0.050990 1.410002 0.204227
v -0.052335 1.403219 0.200889
v -0.053515 1.407433 0.207450
v -0.047520 1.409209 0.203569
v -0.056179 1.409568 0.218116
v -0.054203 1.408734 0.215586
v -0.052588 1.409624 0.264799
v -0.056027 1.419204 0.262928
v -0.049959 1.415653 0.261724
v -0.047297 1.409594 0.262776
v -0.040378 1.410299 0.272528
v -0.045063 1.405679 0.267010
v -0.041696 1.404635 0.272582
v -0.044918 1.410160 0.265154
v -0.051340 1.416374 0.209843
v -0.045076 1.414400 0.207647
v -0.047497 1.423988 0.214158
v -0.044548 1.420755 0.211723
v -0.055821 1.427551 0.227683
v -0.050613 1.425032 0.226503
v -0.054896 1.427365 0.238764
v -0.057758 1.426378 0.231211
v -0.051047 1.428312 0.251507
v -0.050356 1.424190 0.258333
v -0.046045 1.414536 0.261509
v -0.044991 1.421584 0.257589
v -0.047389 1.427754 0.253021
v -0.046357 1.428414 0.220560
v -0.050918 1.427837 0.236060
v -0.045216 1.430547 0.227734
v -0.058961 1.427282 0.243523
v -0.053625 1.429232 0.243613
v -0.046735 1.430003 0.246900
v -0.047624 1.430396 0.240088
v -0.033697 1.235269 0.268981
v -0.033036 1.241948 0.267547
v -0.036943 1.245943 0.267891
v -0.031520 1.247993 0.266221
v -0.035755 1.252126 0.270281
v -0.028315 1.239157 0.261512
v -0.033732 1.258457 0.270436
v -0.036669 1.257976 0.270514
v -0.034042 1.252573 0.270263
v -0.037419 1.265593 0.269770
v -0.046528 1.271535 0.174093
v -0.048140 1.278036 0.174595
v -0.029244 1.272463 0.176943
v -0.034175 1.265505 0.269773
v -0.034947 1.271409 0.272172
v -0.036714 1.271349 0.272113
v -0.038594 1.276716 0.272023
v -0.035202 1.277317 0.273421
v -0.031045 1.292680 0.181780
v -0.030602 1.282237 0.179838
v -0.036168 1.285908 0.273562
v -0.039000 1.290098 0.273445
v -0.035659 1.291134 0.274712
v -0.038719 1.295829 0.274688
v -0.028911 1.315089 0.184687
v -0.032024 1.302733 0.183749
v -0.037700 1.313311 0.187310
v -0.038922 1.300029 0.275091
v -0.037167 1.299547 0.276173
v -0.038310 1.315758 0.277389
v -0.036860 1.304271 0.276134
v -0.037579 1.310078 0.275414
v -0.035988 1.316024 0.277063
v -0.034608 1.302682 0.274037
v -0.037231 1.320586 0.279017
v -0.038263 1.330246 0.279504
v -0.034953 1.331472 0.278249
v -0.029237 1.316519 0.269701
v -0.036647 1.352896 0.194809
v -0.029656 1.338086 0.188759
v -0.022990 1.327270 0.184687
v -0.038855 1.337176 0.280251
v -0.036326 1.337360 0.280119
v -0.027011 1.340090 0.269686
v -0.036677 1.343296 0.281096
v -0.026277 1.333447 0.268745
v -0.038762 1.343027 0.281213
v -0.036747 1.365744 0.197982
v -0.024490 1.368765 0.192413
v -0.037055 1.357049 0.280962
v -0.036124 1.350067 0.280648
v -0.037781 1.364550 0.281661
v -0.029471 1.352771 0.273042
v -0.035487 1.376455 0.199921
v -0.042888 1.363251 0.277248
v -0.033740 1.366183 0.277930
v -0.035431 1.372269 0.280054
v -0.035855 1.391111 0.204463
v -0.026377 1.388250 0.197433
v -0.038232 1.372285 0.281294
v -0.038877 1.378108 0.280863
v -0.034144 1.378525 0.277607
v -0.036785 1.384704 0.280418
v -0.038941 1.384493 0.280807
v -0.038400 1.394480 0.205956
v -0.040581 1.388235 0.202556
v -0.040435 1.380020 0.200110
v -0.038735 1.394953 0.278673
v -0.038294 1.390308 0.279683
v -0.039108 1.400209 0.276125
v -0.036504 1.394764 0.278369
v -0.039441 1.403297 0.208753
v -0.038729 1.409618 0.211791
v -0.035688 1.402846 0.207609
v -0.026559 1.399848 0.200830
v -0.036554 1.405752 0.274270
v -0.032264 1.407365 0.266959
v -0.037798 1.409654 0.274031
v -0.043323 1.424531 0.216004
v -0.039217 1.416220 0.214884
v -0.039034 1.422145 0.219180
v -0.035376 1.417139 0.213832
v -0.030417 1.426354 0.215738
v -0.029062 1.421045 0.210835
v -0.038255 1.426196 0.223282
v -0.033066 1.428964 0.223276
v -0.035794 1.423557 0.218678
v -0.040740 1.420718 0.265641
v -0.042579 1.426881 0.254936
v -0.040703 1.424798 0.262071
v -0.037426 1.420850 0.266092
v -0.038586 1.425575 0.262376
v -0.033501 1.416969 0.263625
v -0.036224 1.424598 0.261240
v -0.037671 1.428970 0.257787
v -0.033542 1.426651 0.253553
v -0.041121 1.416084 0.269194
v -0.037585 1.416425 0.270547
v -0.040958 1.430826 0.227521
v -0.043737 1.428549 0.220076
v -0.032230 1.429823 0.228134
v -0.042302 1.430193 0.234674
v -0.039577 1.430445 0.246120
v -0.038602 1.431238 0.252382
v -0.032099 1.429479 0.246813
v -0.027227 1.430195 0.242759
v -0.031589 1.429522 0.234919
v -0.039441 1.428381 0.259164
v -0.018140 1.267814 0.173585
v -0.013948 1.254735 0.180361
v -0.020408 1.275312 0.173152
v -0.018940 1.284698 0.177588
v -0.017607 1.275398 0.175700
v -0.021845 1.284436 0.175993
v -0.012186 1.263002 0.186097
v -0.013113 1.274999 0.189061
v -0.020964 1.296918 0.176707
v -0.018232 1.294181 0.178138
v -0.016111 1.282956 0.184848
v -0.014285 1.289186 0.190824
v -0.012820 1.297009 0.195329
v -0.004091 1.284377 0.195171
v -0.023344 1.306457 0.180513
v -0.018300 1.299678 0.178497
v -0.021037 1.314175 0.181980
v -0.020478 1.322151 0.183307
v -0.015876 1.313043 0.191866
v -0.017017 1.305494 0.186554
v -0.005470 1.305534 0.199378
v -0.024850 1.311926 0.265330
v -0.023933 1.317724 0.265862
v -0.026472 1.324210 0.268085
v -0.013109 1.331120 0.268052
v -0.020113 1.336115 0.267792
v -0.033530 1.310001 0.273092
v -0.019677 1.328379 0.186369
v -0.014530 1.322147 0.196491
v -0.018701 1.322564 0.185551
v -0.020370 1.341718 0.268456
v -0.022181 1.347583 0.268859
v -0.012153 1.324420 0.267231
v -0.021956 1.336166 0.185159
v -0.019351 1.335752 0.186617
v -0.019387 1.343602 0.187794
v -0.014653 1.340091 0.200208
v -0.025618 1.350150 0.189566
v -0.020614 1.350692 0.190032
v -0.021622 1.344041 0.186459
v -0.019918 1.359063 0.191224
v -0.016849 1.349082 0.197809
v -0.020111 1.366984 0.193638
v -0.015032 1.362233 0.206886
v -0.029726 1.360657 0.273299
v -0.023274 1.365123 0.269621
v -0.027572 1.373360 0.269701
v -0.027765 1.346464 0.271037
v -0.021263 1.353898 0.269471
v -0.014324 1.356985 0.270290
v -0.014423 1.361541 0.270601
v -0.023513 1.359614 0.189945
v -0.020490 1.372713 0.195750
v -0.016563 1.372924 0.208296
v -0.018931 1.378856 0.203381
v -0.020856 1.378283 0.195562
v -0.020186 1.389364 0.203291
v -0.031607 1.388033 0.272486
v -0.015842 1.372792 0.270861
v -0.026706 1.387121 0.267870
v -0.017672 1.380208 0.270693
v -0.018965 1.393415 0.214077
v -0.026916 1.407433 0.203175
v -0.023541 1.407292 0.204083
v -0.021245 1.406435 0.218039
v -0.021981 1.400248 0.204047
v -0.008928 1.381176 0.212942
v -0.029686 1.395198 0.267416
v -0.013551 1.391503 0.270571
v -0.015996 1.396414 0.270066
v -0.014403 1.386111 0.271165
v -0.025285 1.397967 0.267491
v -0.034878 1.410583 0.209864
v -0.028261 1.413749 0.207205
v -0.024995 1.413671 0.208556
v -0.025542 1.420220 0.212861
v -0.023545 1.415047 0.221439
v -0.014680 1.400123 0.217127
v -0.015449 1.402169 0.253604
v -0.018670 1.414451 0.251118
v -0.015449 1.406150 0.258121
v -0.022411 1.407279 0.267380
v -0.024055 1.415838 0.264333
v -0.017760 1.415460 0.262925
v -0.025703 1.419980 0.223775
v -0.027796 1.425551 0.216769
v -0.028237 1.424643 0.225968
v -0.030400 1.428160 0.222607
v -0.023403 1.421079 0.225272
v -0.016433 1.418728 0.223246
v -0.016710 1.408963 0.219679
v -0.024843 1.428218 0.239875
v -0.025548 1.427518 0.237049
v -0.021471 1.422927 0.236610
v -0.024700 1.427660 0.229165
v -0.020934 1.421769 0.238044
v -0.018998 1.417584 0.236610
v -0.016708 1.414274 0.237073
v -0.014823 1.413381 0.234136
v -0.016734 1.423747 0.241865
v -0.016569 1.419612 0.239380
v -0.028801 1.428598 0.252893
v -0.026059 1.426800 0.251058
v -0.022247 1.424979 0.257739
v -0.024228 1.425182 0.247195
v -0.019253 1.419974 0.260090
v -0.017485 1.423414 0.247145
v -0.021439 1.428576 0.243691
v -0.016346 1.424453 0.244656
v -0.011321 1.419600 0.243870
v -0.021052 1.427797 0.241895
v -0.031600 1.421172 0.257670
v -0.025373 1.425816 0.259298
v -0.022424 1.421603 0.263135
v -0.019858 1.421313 0.262707
v -0.022595 1.429145 0.232630
v -0.010775 1.248229 0.184499
v -0.004421 1.258753 0.189333
v 0.004691 1.304505 0.203441
v 0.003322 1.290448 0.201245
v -0.008527 1.318648 0.200812
v -0.009887 1.328419 0.201576
v 0.000745 1.287895 0.213199
v 0.000285 1.304641 0.216309
v 0.001905 1.292704 0.221468
v 0.001803 1.323287 0.204725
v 0.001606 1.333267 0.206772
v -0.006390 1.319121 0.265082
v -0.006307 1.321604 0.259134
v -0.007370 1.323935 0.266018
v -0.008167 1.319315 0.266723
v -0.006625 1.333039 0.268966
v -0.006874 1.332382 0.257715
v -0.007658 1.336172 0.203955
v -0.014603 1.330869 0.198132
v -0.009793 1.344429 0.204714
v -0.006337 1.342270 0.252731
v -0.002231 1.328316 0.247079
v 0.002940 1.351278 0.245946
v -0.006979 1.354558 0.253230
v -0.001827 1.343084 0.248092
v 0.001159 1.336486 0.245427
v -0.007358 1.342928 0.267335
v -0.009658 1.345350 0.269474
v -0.008039 1.335869 0.269561
v -0.007594 1.357940 0.208391
v -0.014342 1.353097 0.204537
v -0.002052 1.351659 0.228510
v -0.000809 1.355907 0.221226
v -0.003233 1.363401 0.230975
v -0.009191 1.341315 0.269352
v -0.009500 1.351343 0.270120
v -0.007567 1.350544 0.268357
v -0.007669 1.355711 0.269220
v -0.008966 1.356189 0.270929
v -0.000818 1.364568 0.211400
v -0.002516 1.372355 0.212377
v -0.000277 1.346268 0.220530
v 0.002561 1.358160 0.246296
v -0.007909 1.360914 0.264927
v -0.007868 1.366815 0.253696
v -0.002705 1.362736 0.249902
v -0.011341 1.375830 0.271620
v -0.009451 1.368858 0.269935
v -0.009481 1.363711 0.271010
v -0.008342 1.386672 0.233210
v -0.003903 1.382084 0.236930
v -0.004863 1.377537 0.227862
v -0.001834 1.366323 0.223389
v -0.004208 1.374580 0.233664
v 0.002045 1.372678 0.240733
v -0.007278 1.386463 0.251746
v -0.010323 1.398411 0.251853
v -0.010954 1.385033 0.260192
v -0.008433 1.368325 0.262286
v -0.007957 1.375441 0.252848
v -0.009974 1.376248 0.257554
v -0.008844 1.375072 0.270457
v -0.009214 1.380448 0.270759
v -0.005709 1.397352 0.217537
v -0.002692 1.388510 0.215696
v -0.002477 1.393085 0.217214
v -0.000800 1.387898 0.217725
v -0.001948 1.392396 0.220103
v -0.003964 1.397737 0.221256
v -0.005500 1.389156 0.227253
v -0.006796 1.396033 0.228032
v -0.011203 1.408533 0.231420
v -0.013680 1.409082 0.237288
v -0.009577 1.396670 0.236006
v -0.002517 1.385852 0.222457
v 0.000776 1.388802 0.247446
v 0.000581 1.389407 0.244028
v -0.002100 1.398239 0.248441
v -0.012562 1.397114 0.263878
v -0.013760 1.402385 0.263840
v -0.011284 1.391414 0.265345
v -0.010899 1.386287 0.270177
v -0.007734 1.403158 0.250189
v -0.011601 1.391795 0.269146
v -0.012988 1.397300 0.269256
v -0.013977 1.403154 0.267777
v -0.009025 1.412644 0.222042
v -0.007092 1.403760 0.219607
v -0.005667 1.404167 0.222278
v -0.008289 1.402088 0.228678
v -0.005687 1.406566 0.244453
v -0.011067 1.413264 0.240897
v -0.001506 1.399763 0.245818
v -0.010262 1.415466 0.226915
v -0.011983 1.408752 0.250792
v -0.007312 1.412870 0.247297
v -0.005053 1.405521 0.247646
v -0.014913 1.408330 0.264993
v -0.016181 1.402395 0.269492
v -0.016535 1.424153 0.227136
v -0.012248 1.418470 0.225562
v -0.016494 1.423466 0.231086
v -0.013768 1.417009 0.240126
v -0.007716 1.413361 0.244632
v -0.011555 1.420239 0.246601
v -0.013833 1.419204 0.248659
v 0.002668 1.255132 0.211788
v 0.007177 1.236389 0.216434
v 0.010336 1.252581 0.224758
v 0.010470 1.261634 0.226335
v 0.007567 1.245944 0.219072
v 0.012375 1.245278 0.225538
v 0.011603 1.244281 0.228008
v 0.010381 1.251168 0.228863
v 0.010640 1.257783 0.229935
v 0.002861 1.273944 0.217704
v 0.009682 1.277546 0.232684
v 0.010474 1.270391 0.231749
v 0.009528 1.277605 0.229198
v 0.010746 1.263470 0.230975
v 0.011057 1.269772 0.229087
v 0.000556 1.304325 0.222460
v 0.001455 1.317627 0.226649
v 0.005142 1.284242 0.224280
v 0.010791 1.285160 0.231728
v 0.009710 1.292024 0.232233
v 0.009115 1.291566 0.235382
v 0.009638 1.298499 0.235427
v 0.009010 1.298728 0.232693
v 0.009215 1.305105 0.236299
v 0.001910 1.316661 0.204917
v 0.001946 1.321199 0.211985
v 0.007284 1.305713 0.232424
v 0.006338 1.312249 0.232831
v 0.008500 1.312438 0.236774
v 0.007276 1.318827 0.237031
v 0.007428 1.312976 0.239233
v -0.000153 1.313530 0.244022
v 0.003418 1.304506 0.240724
v 0.005663 1.319028 0.240494
v 0.002901 1.332655 0.209446
v -0.000891 1.333326 0.223856
v 0.009190 1.325558 0.238256
v 0.004245 1.326592 0.232523
v 0.008167 1.325389 0.240781
v 0.008312 1.332243 0.241328
v 0.008676 1.332476 0.238907
v 0.001854 1.341370 0.207683
v 0.002882 1.341127 0.210850
v 0.002288 1.349414 0.211630
v 0.000667 1.339492 0.229885
v 0.004497 1.333712 0.234217
v 0.005890 1.339189 0.236816
v 0.007502 1.338680 0.239768
v 0.003684 1.345170 0.235965
v 0.007548 1.345212 0.240530
v 0.006442 1.344371 0.243138
v 0.007068 1.352647 0.242122
v 0.006466 1.338062 0.242167
v -0.001130 1.349372 0.208397
v -0.000299 1.357594 0.210755
v 0.003495 1.360581 0.239678
v 0.003018 1.352798 0.236852
v 0.004793 1.359505 0.243652
v 0.000568 1.372580 0.215753
v 0.001674 1.364602 0.213811
v 0.001230 1.357158 0.213455
v 0.004417 1.365425 0.245418
v 0.004541 1.366211 0.242678
v 0.003865 1.372673 0.246547
v -0.000833 1.379956 0.216392
v 0.001996 1.381030 0.243556
v 0.001830 1.380395 0.247082
v -0.013424 1.466713 -0.038663
v -0.015107 1.473038 -0.023907
v -0.012481 1.475810 -0.019676
v -0.003552 1.477027 -0.018122
v -0.010118 1.483802 -0.042257
v -0.011692 1.483311 -0.035101
v -0.010499 1.500147 -0.025508
v -0.004929 1.496666 -0.042003
v -0.009774 1.493895 -0.033584
v -0.009114 1.499754 -0.022738
v -0.001715 1.494052 -0.020372
v -0.005684 1.508255 -0.025335
v 0.002957 1.463989 -0.015643
v 0.007660 1.494545 -0.020781
v -0.000639 1.505320 -0.022825
v 0.015844 1.480531 -0.002455
v 0.008194 1.477587 -0.013429
v 0.019431 1.484986 -0.003082
v 0.014742 1.492335 -0.008275
v 0.023241 1.476183 -0.004630
v 0.012265 1.500879 -0.016969
v 0.016950 1.501187 -0.009025
v 0.019883 1.506411 -0.008759
v 0.020350 1.499698 -0.007716
v 0.035321 1.475483 -0.011442
v 0.028091 1.485009 -0.009957
v 0.033418 1.486601 -0.013787
v 0.027280 1.496447 -0.011526
v 0.023888 1.507231 -0.010934
v 0.021756 1.512284 -0.010868
v 0.018943 1.511256 -0.010838
v 0.031410 1.515190 -0.021451
v 0.023172 1.518300 -0.014358
v 0.041869 1.516436 -0.018902
v 0.044718 1.506545 -0.015514
v 0.031764 1.523964 -0.025478
v 0.024805 1.525407 -0.018155
v 0.019710 1.518349 -0.014606
v 0.020900 1.526299 -0.017824
v 0.038412 1.538916 -0.035717
v 0.035920 1.540158 -0.042239
v 0.035531 1.538803 -0.034886
v 0.023054 1.533243 -0.023978
v 0.026256 1.531801 -0.023784
v 0.024844 1.538872 -0.029473
v 0.028918 1.540634 -0.037817
v 0.030753 1.533601 -0.031456
v 0.049689 1.464782 -0.007618
v 0.049991 1.476823 -0.007937
v 0.048056 1.487440 -0.010474
v 0.045069 1.497232 -0.012996
v 0.048901 1.506131 -0.017035
v 0.048549 1.515489 -0.019924
v 0.045355 1.530910 -0.039448
v 0.042110 1.532650 -0.035947
v 0.048654 1.522476 -0.036670
v 0.047214 1.521997 -0.028134
v 0.045031 1.529565 -0.027151
v 0.046031 1.524316 -0.023136
v 0.041499 1.526472 -0.023079
v 0.049288 1.512157 -0.028370
v 0.053009 1.513077 -0.034853
v 0.038974 1.537008 -0.039625
v 0.039831 1.537287 -0.041913
v 0.049884 1.534617 -0.043129
v 0.035913 1.533989 -0.029655
v 0.040238 1.535746 -0.030751
v 0.043680 1.530257 -0.024686
v 0.052569 1.464790 -0.009787
v 0.052871 1.476654 -0.010065
v 0.051444 1.487383 -0.012075
v 0.053805 1.484442 -0.024641
v 0.059109 1.473319 -0.029359
v 0.054737 1.473196 -0.024211
v 0.059195 1.483097 -0.030778
v 0.053992 1.491291 -0.029553
v 0.051199 1.497000 -0.015840
v 0.055787 1.504364 -0.033652
v 0.051247 1.501078 -0.028149
v 0.060372 1.498139 -0.034307
v 0.064671 1.507113 -0.039114
v 0.060574 1.514815 -0.039526
v 0.058248 1.523282 -0.040536
v 0.053955 1.529461 -0.041662
v 0.060630 1.514027 -0.044593
v 0.064104 1.506489 -0.043093
v 0.054481 1.510335 -0.052905
v 0.067999 1.491325 -0.038053
v 0.071059 1.474000 -0.036425
v 0.069381 1.475219 -0.042140
v 0.069976 1.483629 -0.039538
v 0.069324 1.483299 -0.036640
v 0.065379 1.498802 -0.038304
v 0.065460 1.498424 -0.042128
v 0.102996 0.896230 -0.047202
v 0.104195 0.890454 -0.045974
v 0.114494 0.900558 -0.046228
v 0.152735 0.915618 -0.044232
v 0.142577 0.908901 -0.043634
v 0.147497 0.919433 -0.047832
v 0.164378 0.922328 -0.044333
v 0.157210 0.907600 -0.038466
v 0.156117 0.925848 -0.048758
v 0.155043 0.930234 -0.046245
v 0.164978 0.939113 -0.048958
v 0.168176 0.936436 -0.050342
v 0.172387 0.932443 -0.047145
v 0.176295 0.944685 -0.050930
v 0.172916 0.947113 -0.049188
v 0.180239 0.953623 -0.048952
v 0.182772 0.951001 -0.049583
v 0.186079 0.942371 -0.044330
v 0.186540 0.960033 -0.048376
v 0.188966 0.958099 -0.048875
v 0.183090 0.961718 -0.042063
v 0.192302 0.968154 -0.045953
v 0.195045 0.966278 -0.047461
v 0.201182 0.974779 -0.048038
v 0.198205 0.963194 -0.044958
v 0.198405 0.977147 -0.046726
v 0.204107 0.987967 -0.044563
v 0.210062 0.993039 -0.047895
v 0.207095 0.983644 -0.047458
v 0.213700 0.991045 -0.047393
v 0.214150 1.001514 -0.045950
v 0.230945 1.026210 -0.046395
v 0.228009 1.027537 -0.045657
v 0.234772 1.035154 -0.046968
v 0.238726 1.043378 -0.046171
v 0.235503 1.045059 -0.045268
v 0.242747 1.053749 -0.046233
v 0.099558 0.861435 -0.037465
v 0.109725 0.849023 -0.017725
v 0.107693 0.855821 0.015223
v 0.091310 0.879728 -0.041964
v 0.107836 0.876694 -0.040617
v 0.101595 0.901720 -0.040402
v 0.093769 0.884079 0.025991
v 0.100415 0.896983 0.027762
v 0.098999 0.907168 0.028163
v 0.094965 0.909388 0.019591
v 0.101201 0.917858 -0.031412
v 0.113079 0.926505 -0.031914
v 0.112651 0.907645 -0.038164
v 0.097605 0.922255 -0.027262
v 0.097153 0.921329 -0.014134
v 0.113131 0.929501 -0.009960
v 0.110410 0.928398 -0.018391
v 0.100932 0.927741 -0.003157
v 0.096194 0.916759 0.011010
v 0.091137 0.923322 0.004049
v 0.090275 0.922421 -0.001538
v 0.103618 0.924238 0.009711
v 0.110024 0.912345 0.030006
v 0.100660 0.929488 0.004886
v 0.117876 0.860480 -0.026551
v 0.127294 0.857647 -0.022350
v 0.114416 0.865478 -0.040533
v 0.122786 0.856528 0.000216
v 0.129716 0.853035 -0.012476
v 0.120189 0.854289 0.013051
v 0.119721 0.856689 0.015940
v 0.116899 0.873118 0.026152
v 0.103470 0.882097 0.029609
v 0.116546 0.879588 0.033582
v 0.117130 0.893975 -0.044038
v 0.123406 0.904198 -0.047318
v 0.122296 0.907385 -0.044662
v 0.111725 0.905302 0.029809
v 0.123780 0.899246 0.027490
v 0.113753 0.927374 0.011291
v 0.118106 0.920746 0.020189
v 0.118227 0.934547 -0.029750
v 0.119931 0.932762 -0.032317
v 0.112247 0.929960 -0.028935
v 0.108981 0.934966 0.005671
v 0.109065 0.935551 0.001991
v 0.118926 0.941134 0.001539
v 0.118633 0.939818 0.006143
v 0.136694 0.861730 -0.000086
v 0.125641 0.871350 -0.042547
v 0.128382 0.867953 -0.035358
v 0.134693 0.865311 0.018725
v 0.126329 0.881657 0.033639
v 0.124906 0.900100 -0.045472
v 0.123515 0.887928 -0.039451
v 0.137208 0.886576 -0.040064
v 0.122605 0.884602 0.033439
v 0.144518 0.892572 0.035202
v 0.137657 0.903204 0.029665
v 0.134133 0.886925 0.035417
v 0.122068 0.915619 -0.034504
v 0.131829 0.923017 -0.033470
v 0.130401 0.911151 -0.044426
v 0.127080 0.922573 0.030780
v 0.120208 0.916498 0.030729
v 0.129594 0.915985 0.031625
v 0.127117 0.938683 -0.031955
v 0.132347 0.933072 -0.032920
v 0.120459 0.934461 -0.018624
v 0.124072 0.936113 -0.010241
v 0.128095 0.940654 -0.020946
v 0.155760 0.964628 -0.009306
v 0.139626 0.948234 -0.011272
v 0.141187 0.961465 0.000105
v 0.126621 0.927890 0.016484
v 0.126151 0.940488 -0.029398
v 0.130555 0.946287 -0.029598
v 0.131953 0.944643 -0.032502
v 0.127516 0.948472 0.007814
v 0.128529 0.950584 0.003174
v 0.128514 0.852332 -0.017612
v 0.138413 0.855352 -0.017794
v 0.138370 0.855416 -0.012963
v 0.147056 0.859370 -0.011986
v 0.146840 0.857503 -0.017140
v 0.145022 0.873837 -0.027405
v 0.135015 0.866499 -0.025481
v 0.141326 0.874992 -0.040679
v 0.149957 0.878509 -0.036144
v 0.155060 0.870002 0.018656
v 0.131445 0.876892 0.023657
v 0.142019 0.861749 0.015157
v 0.152805 0.869257 0.002304
v 0.149234 0.878858 -0.042122
v 0.146942 0.882231 -0.042102
v 0.145131 0.861930 -0.020554
v 0.139704 0.877055 -0.042287
v 0.159371 0.872757 -0.020919
v 0.156552 0.879950 -0.026267
v 0.167476 0.885560 -0.024902
v 0.136875 0.884150 0.032286
v 0.135040 0.899405 -0.040981
v 0.153190 0.899055 0.036618
v 0.131962 0.908301 -0.046117
v 0.137948 0.912784 -0.046374
v 0.143503 0.897227 -0.038424
v 0.156875 0.919830 0.030666
v 0.163166 0.905274 0.037203
v 0.169727 0.913570 0.038823
v 0.146296 0.913583 0.029068
v 0.138912 0.918577 -0.042406
v 0.142753 0.928050 -0.035669
v 0.140081 0.936509 -0.033482
v 0.153362 0.938019 -0.035433
v 0.135359 0.927560 0.031587
v 0.137488 0.924611 0.032931
v 0.135069 0.933210 0.018805
v 0.140517 0.945668 0.013628
v 0.141562 0.933863 0.033800
v 0.143801 0.931377 0.035479
v 0.148243 0.942581 -0.033859
v 0.137726 0.950914 -0.032953
v 0.143541 0.957649 -0.033485
v 0.136023 0.952410 -0.029954
v 0.148455 0.962783 -0.021020
v 0.130965 0.954098 0.007070
v 0.153188 0.952244 0.016107
v 0.143162 0.941211 0.017273
v 0.148832 0.944930 0.025076
v 0.143728 0.962014 0.010876
v 0.141582 0.959431 -0.030587
v 0.142377 0.958851 -0.025212
v 0.148727 0.963923 -0.032992
v 0.135981 0.954306 0.010497
v 0.140691 0.964636 0.006227
v 0.147348 0.971712 0.005438
v 0.150876 0.868236 -0.021770
v 0.154057 0.862340 -0.016990
v 0.153823 0.862275 -0.013928
v 0.160773 0.865826 -0.016195
v 0.158212 0.867945 -0.009049
v 0.147793 0.887769 0.028007
v 0.158104 0.889897 0.023472
v 0.158978 0.881967 0.020723
v 0.164238 0.874808 0.017231
v 0.151961 0.890392 -0.040384
v 0.156291 0.885858 -0.041247
v 0.157898 0.884112 -0.038340
v 0.163689 0.888491 -0.041190
v 0.168035 0.871591 -0.017991
v 0.172715 0.881357 0.004327
v 0.164409 0.874346 0.012558
v 0.163697 0.874932 -0.001911
v 0.161715 0.893952 -0.041178
v 0.155898 0.895286 0.033272
v 0.170610 0.882427 0.019764
v 0.166774 0.930097 0.031150
v 0.166903 0.939356 0.033890
v 0.151321 0.938128 0.036860
v 0.148575 0.941050 0.035052
v 0.163824 0.948163 -0.035397
v 0.154954 0.950869 -0.033572
v 0.154545 0.950001 0.029429
v 0.159635 0.954476 0.032641
v 0.161150 0.958206 0.020601
v 0.156711 0.945609 0.038449
v 0.154779 0.947738 0.037105
v 0.160491 0.953237 0.037108
v 0.155910 0.960588 -0.033100
v 0.155901 0.967298 -0.031379
v 0.147323 0.965304 -0.030539
v 0.154534 0.969785 -0.028451
v 0.138706 0.952801 -0.022201
v 0.154832 0.963511 0.013511
v 0.157060 0.968116 -0.016515
v 0.159532 0.974674 -0.029535
v 0.160077 0.975234 -0.025266
v 0.148888 0.970852 0.009340
v 0.156846 0.979575 0.005600
v 0.159576 0.977639 0.000141
v 0.167938 0.869676 -0.014654
v 0.172785 0.876724 -0.008392
v 0.174681 0.876106 -0.017656
v 0.175152 0.874725 -0.014522
v 0.178644 0.882432 -0.005371
v 0.185740 0.888133 -0.003235
v 0.182635 0.888218 0.003995
v 0.172667 0.878308 0.017040
v 0.164561 0.878678 0.019218
v 0.172299 0.895791 -0.043347
v 0.173467 0.893241 -0.041755
v 0.177906 0.887915 0.020398
v 0.169502 0.899300 0.025707
v 0.172428 0.905492 -0.041373
v 0.170372 0.918040 -0.039177
v 0.171148 0.909300 0.039534
v 0.173625 0.907540 0.035904
v 0.183449 0.924650 0.041048
v 0.176656 0.932411 0.034562
v 0.176758 0.919144 0.040296
v 0.164185 0.949971 0.037744
v 0.179050 0.942714 0.031781
v 0.165486 0.958113 -0.032308
v 0.164584 0.959985 0.029146
v 0.169704 0.967100 0.022767
v 0.168873 0.956200 0.037030
v 0.172695 0.963276 0.037592
v 0.166080 0.958525 0.035832
v 0.170609 0.965022 0.035934
v 0.166371 0.979698 -0.028735
v 0.162743 0.970897 -0.031486
v 0.165857 0.980507 -0.025248
v 0.167641 0.978523 -0.015690
v 0.169924 0.979374 -0.008684
v 0.168000 0.987310 0.001351
v 0.166272 0.967287 0.016054
v 0.158693 0.977934 0.009424
v 0.176323 0.974656 0.022250
v 0.170673 0.987250 -0.025953
v 0.172012 0.985022 -0.017453
v 0.171948 0.986266 -0.028938
v 0.170089 0.975466 -0.030677
v 0.166544 0.988507 0.005994
v 0.172311 0.993923 0.001214
v 0.176891 0.988711 -0.010080
v 0.167773 0.986716 0.009328
v 0.177824 0.980250 0.016236
v 0.171887 0.995081 0.010048
v 0.182467 0.882520 -0.018621
v 0.182818 0.879547 -0.014501
v 0.189473 0.882741 -0.014014
v 0.180139 0.882984 0.015235
v 0.187596 0.888138 0.016983
v 0.181370 0.898700 -0.042299
v 0.184755 0.898864 -0.030551
v 0.187127 0.891868 0.020559
v 0.181879 0.906292 0.024156
v 0.178949 0.913020 -0.041976
v 0.179654 0.900467 -0.043831
v 0.186518 0.905550 -0.045714
v 0.188205 0.903261 -0.044348
v 0.181683 0.912787 0.035781
v 0.190344 0.918540 0.031736
v 0.179407 0.915679 0.040744
v 0.178793 0.926166 -0.039517
v 0.188190 0.933306 0.039423
v 0.193083 0.929303 0.042160
v 0.174788 0.955505 -0.039938
v 0.178171 0.953861 0.034344
v 0.195232 0.954723 0.033639
v 0.175431 0.962990 -0.032855
v 0.181007 0.969366 0.035841
v 0.181794 0.976915 -0.031307
v 0.188584 0.984927 -0.030913
v 0.185101 0.971016 -0.034830
v 0.182754 0.983592 0.021933
v 0.179098 0.974117 0.033508
v 0.185675 0.977115 0.036630
v 0.187013 0.985455 0.033869
v 0.188625 0.960311 0.032674
v 0.195408 0.970705 0.032817
v 0.176921 0.994352 -0.022386
v 0.178456 0.994053 -0.028000
v 0.183242 1.002654 -0.026909
v 0.194833 0.994055 -0.030656
v 0.183891 0.995247 0.014936
v 0.184707 1.004072 -0.014609
v 0.186321 1.012135 -0.023680
v 0.182398 0.997223 -0.008314
v 0.174588 1.003321 0.006962
v 0.174954 1.001636 0.003368
v 0.169689 0.996089 0.006819
v 0.177931 1.012070 0.007273
v 0.182370 1.008726 -0.000376
v 0.175954 1.002606 0.009875
v 0.180103 1.010338 0.011124
v 0.185704 1.018524 0.010189
v 0.189030 0.882742 -0.016653
v 0.196672 0.885916 -0.017107
v 0.191976 0.888393 -0.019350
v 0.196842 0.885828 -0.014310
v 0.203215 0.890796 -0.014155
v 0.193570 0.895185 -0.001254
v 0.191586 0.893993 0.007575
v 0.211025 0.912256 0.001498
v 0.201532 0.904294 0.001937
v 0.212350 0.906462 -0.005562
v 0.201073 0.894761 -0.007731
v 0.193093 0.891709 0.019098
v 0.198614 0.897098 0.020971
v 0.194928 0.907674 -0.044274
v 0.199667 0.912038 -0.043736
v 0.196898 0.908008 -0.031513
v 0.196728 0.904695 -0.024528
v 0.187738 0.892652 -0.022425
v 0.198361 0.894336 -0.020504
v 0.189736 0.903121 -0.036984
v 0.194017 0.913410 0.024105
v 0.186469 0.920022 -0.042230
v 0.194132 0.927399 -0.042281
v 0.195206 0.911769 -0.046183
v 0.202207 0.921568 -0.045182
v 0.204189 0.921666 0.024350
v 0.213760 0.930987 0.023756
v 0.208269 0.935106 0.027595
v 0.197482 0.926851 0.034281
v 0.186686 0.922072 0.040989
v 0.195786 0.953407 -0.042866
v 0.193559 0.939584 -0.039729
v 0.198499 0.936659 0.041025
v 0.200698 0.934814 0.039429
v 0.194884 0.940724 0.038867
v 0.202908 0.943427 0.041213
v 0.205450 0.973151 0.031957
v 0.193759 0.983104 0.035623
v 0.197610 1.006245 -0.029494
v 0.206773 1.007779 -0.031259
v 0.192298 0.999493 0.018877
v 0.187318 1.010657 -0.027103
v 0.190762 1.018691 -0.027247
v 0.189537 1.019282 -0.024125
v 0.191931 1.013766 -0.010020
v 0.194046 1.026593 -0.023748
v 0.197425 1.024184 -0.011299
v 0.195931 1.025697 -0.027032
v 0.211530 1.017894 -0.030384
v 0.190271 1.014880 -0.004567
v 0.193447 1.023817 -0.001810
v 0.199682 1.030120 -0.004651
v 0.204184 1.036293 -0.007465
v 0.200261 1.034609 -0.016097
v 0.184377 1.019213 0.006350
v 0.189854 1.026295 0.010153
v 0.188732 1.026479 0.006616
v 0.199227 1.022637 0.015268
v 0.209755 0.895478 -0.014489
v 0.202955 0.891399 -0.017420
v 0.209319 0.895904 -0.017519
v 0.216586 0.900560 -0.014412
v 0.215897 0.901209 -0.017262
v 0.200952 0.897394 0.015919
v 0.208158 0.903235 0.018524
v 0.218774 0.910275 -0.007866
v 0.206777 0.904419 0.021452
v 0.214208 0.909878 0.018028
v 0.205401 0.919115 -0.043634
v 0.209517 0.921458 -0.039218
v 0.205507 0.916016 -0.029293
v 0.210885 0.924900 -0.044118
v 0.208636 0.926929 -0.045289
v 0.215267 0.928270 -0.036025
v 0.207051 0.912675 -0.024170
v 0.216306 0.920230 -0.023154
v 0.219019 0.931387 -0.026443
v 0.213515 0.911647 0.021461
v 0.220370 0.919867 0.021264
v 0.209762 0.941489 -0.041609
v 0.215633 0.943674 0.026454
v 0.210958 0.946056 0.034649
v 0.205908 0.940031 0.037708
v 0.216354 0.952204 0.032277
v 0.212057 0.952441 0.037885
v 0.208499 0.948271 0.039671
v 0.208299 0.953424 0.038386
v 0.205644 0.955675 -0.038636
v 0.213777 0.961729 0.038754
v 0.217919 0.960361 0.039056
v 0.217688 0.974796 -0.037907
v 0.218310 0.968001 0.039172
v 0.214465 0.994552 0.031207
v 0.203731 1.012321 0.034553
v 0.214130 1.030802 -0.029219
v 0.219390 1.021872 -0.037829
v 0.202060 1.016911 0.017954
v 0.206669 1.029554 0.016364
v 0.206709 1.019307 0.029172
v 0.209936 1.029306 0.020595
v 0.210189 1.015397 0.035754
v 0.208489 1.018548 0.034213
v 0.224238 1.002521 0.032145
v 0.215398 1.009762 0.033690
v 0.221863 0.907637 -0.013988
v 0.226223 0.913845 -0.012972
v 0.227672 0.926183 -0.004872
v 0.218928 0.919239 -0.000483
v 0.226484 0.914880 -0.017005
v 0.221477 0.908566 -0.017295
v 0.221226 0.917352 0.016684
v 0.224372 0.923036 -0.020381
v 0.227287 0.924512 0.016926
v 0.226705 0.924966 0.019970
v 0.230012 0.930866 0.021031
v 0.213613 0.933222 -0.043766
v 0.217937 0.938879 -0.042714
v 0.219704 0.936635 -0.039484
v 0.225545 0.943502 -0.038839
v 0.215464 0.931222 -0.041815
v 0.228683 0.932249 0.006368
v 0.222543 0.945204 -0.042863
v 0.217434 0.952396 -0.040763
v 0.226999 0.950353 -0.042230
v 0.230201 0.949747 0.023033
v 0.222052 0.952403 0.026032
v 0.223515 0.940611 0.022976
v 0.222656 0.960338 0.032537
v 0.222324 0.968683 0.039328
v 0.232176 0.966047 0.025297
v 0.227370 0.971941 0.038664
v 0.206616 0.968683 -0.042108
v 0.216353 0.965730 -0.038448
v 0.216781 0.976611 0.035981
v 0.224057 0.974223 0.040466
v 0.231517 0.983215 0.041849
v 0.224661 0.987320 0.037039
v 0.217973 0.999962 -0.046464
v 0.227941 0.992888 -0.037802
v 0.218642 1.010550 -0.044934
v 0.222684 1.008250 -0.045989
v 0.230465 1.002922 -0.039499
v 0.223850 1.019284 -0.045448
v 0.216898 1.023500 0.035907
v 0.231537 0.923236 -0.017352
v 0.232420 0.930443 0.018052
v 0.239119 0.932718 -0.012237
v 0.232181 0.937942 -0.020351
v 0.249030 0.947355 -0.015383
v 0.236994 0.945147 0.001510
v 0.237094 0.937129 0.018396
v 0.234929 0.939165 0.009376
v 0.235657 0.937953 0.020472
v 0.222886 0.959426 -0.040533
v 0.232738 0.954656 -0.038797
v 0.228760 0.949519 -0.040581
v 0.229839 0.956083 -0.042302
v 0.235624 0.955184 -0.024869
v 0.240727 0.946444 0.011055
v 0.240867 0.943901 0.018178
v 0.239023 0.944357 0.020362
v 0.228684 0.984048 -0.037853
v 0.241492 0.993693 -0.039009
v 0.246469 0.984155 -0.042424
v 0.229405 0.964554 -0.041382
v 0.239286 0.967098 -0.044041
v 0.241307 0.965204 -0.040518
v 0.235374 0.959930 -0.043315
v 0.240482 0.957335 0.022632
v 0.233331 0.971988 -0.041498
v 0.234933 0.980295 0.036349
v 0.247796 0.979012 -0.043443
v 0.242946 0.973724 -0.043616
v 0.235404 0.998870 -0.037073
v 0.233929 0.994116 0.039136
v 0.242187 0.990023 0.030726
v 0.237035 0.991290 0.039328
v 0.236511 1.011851 -0.038472
v 0.240918 1.021165 -0.037990
v 0.243198 1.008019 -0.037399
v 0.239905 1.003901 0.039265
v 0.232261 1.017830 0.032495
v 0.243474 1.002590 0.039175
v 0.227337 1.017648 -0.046096
v 0.244841 1.015327 0.039883
v 0.225148 1.019242 0.032295
v 0.225301 1.030704 0.034497
v 0.243181 0.954397 0.001895
v 0.251205 0.948442 -0.012583
v 0.245984 0.950906 0.014763
v 0.242747 0.949613 0.021405
v 0.245767 0.969280 -0.022992
v 0.245040 0.970132 -0.030001
v 0.236657 0.959195 -0.041399
v 0.248789 0.958350 0.009089
v 0.250714 0.954233 0.018698
v 0.256064 0.975084 0.003903
v 0.265926 0.970550 -0.009912
v 0.253690 0.959518 0.018581
v 0.252568 0.959917 0.021309
v 0.248164 0.961161 0.022603
v 0.246292 0.967799 0.023451
v 0.244748 0.971834 -0.041579
v 0.248839 0.977138 -0.036299
v 0.252521 0.984309 -0.038418
v 0.264539 1.004786 0.023744
v 0.250555 0.998814 0.025722
v 0.263918 0.994570 0.022256
v 0.251383 0.973927 0.023179
v 0.243747 0.981811 0.024894
v 0.249373 0.998748 -0.039493
v 0.249424 0.991250 -0.040844
v 0.255586 0.991512 -0.036323
v 0.253241 0.991121 -0.040303
v 0.255978 0.988916 0.023185
v 0.255465 1.025340 -0.037357
v 0.246571 1.029423 -0.037100
v 0.258000 1.036098 -0.037103
v 0.250417 1.013711 0.038144
v 0.241747 1.025547 0.036298
v 0.256826 0.965372 0.022286
v 0.255280 0.968812 0.010189
v 0.263249 0.989612 0.003962
v 0.268442 0.989918 -0.002572
v 0.259936 0.972197 0.022262
v 0.261068 0.971308 0.019958
v 0.261196 0.979169 0.021593
v 0.264586 0.985698 0.014497
v 0.263521 0.985507 0.020849
v 0.262122 0.977429 0.016054
v 0.255713 0.997077 -0.040115
v 0.259024 1.002356 -0.040372
v 0.259557 0.998915 -0.036574
v 0.268573 0.992267 0.016209
v 0.268338 0.992820 0.020192
v 0.263325 1.003392 -0.023318
v 0.263969 1.009323 -0.038436
v 0.267589 1.015871 -0.036028
v 0.268926 1.012288 -0.021606
v 0.258793 1.021277 0.029955
v 0.265680 1.017693 -0.039407
v 0.270705 1.000433 0.010413
v 0.273329 1.000309 0.020245
v 0.271113 1.005282 0.002708
v 0.280750 1.000674 -0.010208
v 0.284217 1.009077 -0.008305
v 0.280567 1.001509 -0.012951
v 0.284415 1.008263 -0.010737
v 0.277485 1.008349 0.020221
v 0.276060 1.010309 0.022836
v 0.269516 1.029148 -0.039075
v 0.272514 1.027475 -0.036404
v 0.273548 1.024457 -0.022075
v 0.276736 1.013235 -0.017549
v 0.275517 1.005466 -0.016393
v 0.279529 1.022786 -0.017779
v 0.282209 1.032902 -0.018230
v 0.283741 1.016988 -0.004158
v 0.287937 1.014892 -0.010124
v 0.275952 1.014670 0.007422
v 0.267583 1.027601 0.025829
v 0.263508 1.018271 0.025348
v 0.279732 1.017501 0.023170
v 0.281420 1.016358 0.021013
v 0.283539 1.008623 -0.013037
v 0.287084 1.015265 -0.012622
v 0.290729 1.021756 -0.009551
v 0.290045 1.021987 -0.012081
v 0.283058 1.025823 0.001118
v 0.291831 1.029441 -0.011717
v 0.280560 1.024528 0.007524
v 0.281676 1.025790 0.023597
v 0.284441 1.024453 0.020744
v 0.197531 1.035493 -0.024289
v 0.200172 1.034012 -0.027316
v 0.193016 1.034412 0.006167
v 0.196085 1.040052 0.006571
v 0.195701 1.036131 0.010721
v 0.202252 1.043874 -0.023913
v 0.211791 1.028068 0.032035
v 0.215322 1.037722 0.026702
v 0.203969 1.042761 -0.026903
v 0.205521 1.052427 -0.023769
v 0.207007 1.051248 -0.026488
v 0.207938 1.053170 -0.017441
v 0.205219 1.044362 -0.015272
v 0.209689 1.048501 -0.006447
v 0.200759 1.050237 0.007595
v 0.209492 1.059402 0.001617
v 0.201485 1.049440 0.010969
v 0.207619 1.042719 0.014572
v 0.210917 1.058939 -0.025864
v 0.209491 1.060003 -0.022610
v 0.204648 1.058430 0.008432
v 0.206698 1.057152 0.011966
v 0.209987 1.066016 0.011282
v 0.219581 1.059408 0.016579
v 0.221332 1.031177 -0.034115
v 0.231604 1.036675 -0.046048
v 0.213113 1.026240 0.036409
v 0.218944 1.034454 0.036071
v 0.217469 1.042722 -0.028445
v 0.220429 1.053100 -0.028304
v 0.223976 1.041406 -0.031833
v 0.219941 1.047974 0.025465
v 0.216212 1.045156 0.018566
v 0.224567 1.051651 0.034434
v 0.224332 1.058636 0.021485
v 0.220369 1.043729 0.034954
v 0.223253 1.042329 0.036830
v 0.213334 1.066257 -0.025397
v 0.216859 1.064563 -0.009156
v 0.214871 1.072895 -0.020772
v 0.215699 1.073114 -0.025260
v 0.212205 1.067059 -0.022933
v 0.221994 1.069559 -0.026909
v 0.219967 1.079696 -0.025126
v 0.218522 1.080218 -0.021926
v 0.227508 1.074867 -0.026999
v 0.217164 1.070276 -0.000958
v 0.222939 1.080115 -0.010770
v 0.208730 1.066301 0.008289
v 0.212736 1.074840 0.008605
v 0.225029 1.070701 0.016896
v 0.214016 1.074437 0.011769
v 0.220897 1.087873 -0.021723
v 0.222131 1.087058 -0.024770
v 0.237105 1.074251 -0.028137
v 0.224817 1.094715 -0.021271
v 0.226225 1.094350 -0.024417
v 0.223900 1.086954 -0.014896
v 0.225365 1.084343 -0.003068
v 0.216347 1.084278 0.009821
v 0.223326 1.091877 0.003726
v 0.220151 1.092531 0.009030
v 0.221236 1.092382 0.012077
v 0.218615 1.083490 0.012782
v 0.229798 1.090320 0.015868
v 0.224984 1.100251 0.012056
v 0.236870 1.035614 0.032435
v 0.242319 1.046628 0.032471
v 0.227941 1.050467 0.036471
v 0.228766 1.051988 -0.031477
v 0.239439 1.055159 -0.044895
v 0.228543 1.061466 0.035482
v 0.248974 1.056837 0.033200
v 0.247270 1.064839 0.034057
v 0.231637 1.060020 0.037640
v 0.231646 1.062603 -0.028971
v 0.219260 1.062648 -0.027100
v 0.228976 1.068870 0.021536
v 0.233503 1.078869 0.022160
v 0.235828 1.069481 0.037383
v 0.238816 1.076895 0.038479
v 0.233360 1.071564 0.035420
v 0.226145 1.099130 0.004228
v 0.232657 1.103244 -0.001149
v 0.238626 1.081995 0.038333
v 0.242981 1.088997 0.037595
v 0.227629 1.101185 -0.020832
v 0.228973 1.102292 -0.023895
v 0.238654 1.098950 -0.025816
v 0.234079 1.105626 -0.011385
v 0.228566 1.092778 -0.010328
v 0.235908 1.113237 0.000655
v 0.234700 1.096031 0.017332
v 0.229904 1.106428 0.012621
v 0.224045 1.101091 0.009077
v 0.227862 1.107040 0.009068
v 0.242737 1.098348 0.028587
v 0.243417 1.106157 0.020042
v 0.236916 1.114838 -0.023527
v 0.233948 1.109344 -0.024411
v 0.234863 1.115548 -0.020309
v 0.231179 1.109279 -0.022717
v 0.246277 1.107925 -0.025902
v 0.230031 1.114220 0.009068
v 0.235586 1.120844 0.004234
v 0.231211 1.113763 0.012265
v 0.232397 1.121316 0.009251
v 0.233276 1.120579 0.012519
v 0.240590 1.119268 0.016367
v 0.238803 1.122184 -0.023566
v 0.236949 1.122813 -0.021038
v 0.240936 1.115912 -0.005383
v 0.240231 1.125389 -0.014932
v 0.235936 1.128223 0.009071
v 0.236375 1.127753 0.012474
v 0.238072 1.135752 0.009741
v 0.238385 1.135085 0.012654
v 0.253199 1.031105 0.041604
v 0.244023 1.033949 0.035769
v 0.249423 1.025186 0.040804
v 0.254634 1.049372 -0.037330
v 0.250037 1.039407 -0.037515
v 0.256150 1.047328 0.039011
v 0.243329 1.063163 -0.043784
v 0.246852 1.061550 -0.044417
v 0.247348 1.070328 -0.045543
v 0.255958 1.072218 0.034511
v 0.243662 1.075082 -0.037324
v 0.249734 1.078407 -0.043491
v 0.253166 1.077290 -0.043763
v 0.250840 1.079102 0.035252
v 0.255294 1.088450 0.035399
v 0.245515 1.073425 0.035859
v 0.244274 1.085522 -0.031077
v 0.253272 1.117451 -0.025015
v 0.256654 1.111079 -0.031672
v 0.247243 1.095355 0.038485
v 0.246153 1.113131 0.019860
v 0.250366 1.121618 0.021040
v 0.247562 1.108041 0.035291
v 0.251119 1.117259 0.035318
v 0.250738 1.105964 0.038787
v 0.240043 1.129819 -0.020710
v 0.254985 1.129859 -0.023405
v 0.241859 1.129402 -0.022738
v 0.245504 1.136467 -0.021361
v 0.243808 1.136308 -0.018093
v 0.242840 1.126899 -0.000403
v 0.246469 1.131101 -0.006423
v 0.246390 1.139009 0.001701
v 0.245184 1.125811 0.017249
v 0.250794 1.132962 0.018829
v 0.248550 1.144298 -0.020196
v 0.259028 1.139741 -0.022484
v 0.252531 1.151808 -0.018825
v 0.260643 1.148847 -0.021176
v 0.253483 1.147514 -0.004367
v 0.246807 1.150323 0.007852
v 0.242167 1.141843 0.012191
v 0.245504 1.148805 0.012316
v 0.242362 1.142386 0.008895
v 0.252596 1.142243 0.018327
v 0.251208 1.159506 0.010488
v 0.249898 1.156260 0.013481
v 0.253040 1.160691 0.013789
v 0.257405 1.148767 0.019582
v 0.274074 1.037910 -0.038708
v 0.253373 1.040810 0.039235
v 0.263362 1.030685 0.030114
v 0.256198 1.028351 0.040161
v 0.258772 1.040036 0.042757
v 0.261106 1.037812 0.041619
v 0.260776 1.046298 -0.036255
v 0.270274 1.059212 -0.036037
v 0.258000 1.061185 -0.037578
v 0.261527 1.047572 0.041093
v 0.266458 1.043119 0.035438
v 0.250825 1.069233 -0.045009
v 0.268394 1.065431 0.041960
v 0.265719 1.055566 0.042076
v 0.263881 1.073421 -0.036368
v 0.256204 1.085936 -0.044357
v 0.252799 1.086901 -0.043894
v 0.248071 1.095104 -0.030258
v 0.262232 1.093526 -0.040772
v 0.267879 1.084336 -0.036034
v 0.259087 1.101772 -0.040769
v 0.255393 1.095237 -0.041032
v 0.251693 1.103771 -0.029069
v 0.261938 1.100966 -0.041704
v 0.262240 1.110220 -0.042110
v 0.275728 1.096512 -0.032714
v 0.237973 1.085806 -0.027238
v 0.264468 1.092821 0.035423
v 0.253989 1.095542 0.036949
v 0.260389 1.118589 -0.032759
v 0.266652 1.118653 -0.040826
v 0.269190 1.116267 -0.041059
v 0.253396 1.116247 0.039414
v 0.264926 1.128439 -0.033596
v 0.266617 1.139005 -0.028059
v 0.258657 1.138584 0.029409
v 0.261592 1.147380 0.026358
v 0.254821 1.128818 0.026513
v 0.257599 1.128736 0.037983
v 0.262023 1.113601 0.037284
v 0.264851 1.125971 0.037675
v 0.262737 1.138326 0.039205
v 0.248075 1.144073 -0.014982
v 0.251203 1.151622 -0.016608
v 0.265117 1.155291 0.027965
v 0.263068 1.156306 0.021817
v 0.264862 1.147146 0.036271
v 0.267285 1.156440 0.036504
v 0.254191 1.157762 -0.015105
v 0.256043 1.157418 -0.018588
v 0.259439 1.164327 -0.018290
v 0.256576 1.157847 0.001085
v 0.259884 1.162228 -0.002350
v 0.263676 1.174549 -0.010414
v 0.266688 1.171189 -0.017002
v 0.257434 1.165702 -0.013662
v 0.255019 1.170643 0.011016
v 0.260950 1.178311 0.009221
v 0.265348 1.171674 -0.001481
v 0.255995 1.168815 0.016496
v 0.257063 1.156111 0.017667
v 0.262160 1.167065 0.018447
v 0.262725 1.177639 0.014572
v 0.276725 1.046489 -0.038304
v 0.277503 1.038601 -0.036159
v 0.277832 1.035059 -0.022434
v 0.269697 1.049496 -0.036951
v 0.280967 1.049965 -0.037106
v 0.274014 1.035350 0.025758
v 0.275126 1.062088 0.035408
v 0.269851 1.053068 0.037974
v 0.282783 1.054793 0.026427
v 0.282645 1.042767 0.024793
v 0.272758 1.072658 -0.035077
v 0.284884 1.063968 -0.037787
v 0.270217 1.079596 0.041407
v 0.273275 1.073009 0.043956
v 0.276153 1.071385 0.041518
v 0.275253 1.085364 -0.033805
v 0.277068 1.080619 0.043630
v 0.265459 1.108237 -0.042245
v 0.278667 1.109725 -0.033034
v 0.270492 1.108811 0.035925
v 0.278371 1.099152 0.042259
v 0.279310 1.121660 -0.034510
v 0.259380 1.101887 0.036624
v 0.274311 1.121481 0.035862
v 0.273744 1.135295 -0.038609
v 0.271382 1.127130 -0.041468
v 0.281714 1.132274 -0.034292
v 0.275726 1.137046 0.036400
v 0.268894 1.150303 -0.022804
v 0.273785 1.144355 -0.037318
v 0.276378 1.141941 -0.038591
v 0.279392 1.149639 -0.039000
v 0.269147 1.146816 0.037944
v 0.283834 1.150296 0.035151
v 0.280422 1.159175 -0.033590
v 0.282067 1.155935 -0.037238
v 0.276604 1.151032 -0.037214
v 0.278432 1.168275 -0.019813
v 0.273719 1.159031 -0.022831
v 0.266562 1.162387 0.020840
v 0.268776 1.162174 0.028435
v 0.272686 1.156993 0.037457
v 0.270868 1.161367 0.035695
v 0.270498 1.168040 0.020314
v 0.275693 1.174326 0.019773
v 0.267292 1.171374 0.018142
v 0.271101 1.167222 0.023771
v 0.274312 1.171637 0.030687
v 0.275508 1.169970 0.034258
v 0.278677 1.177785 0.028602
v 0.273782 1.171334 0.024790
v 0.278387 1.167126 0.035139
v 0.281799 1.176317 -0.014445
v 0.273763 1.183820 -0.005491
v 0.286591 1.183884 -0.009712
v 0.281748 1.190401 -0.003244
v 0.290858 1.189647 -0.005329
v 0.272372 1.178455 0.000073
v 0.268879 1.181490 0.006087
v 0.277608 1.183508 0.002015
v 0.277884 1.184301 -0.000612
v 0.276044 1.185892 0.005238
v 0.272518 1.176493 0.017422
v 0.271934 1.186830 0.013314
v 0.270380 1.187194 0.010718
v 0.276597 1.182239 0.016251
v 0.286528 1.042238 -0.017370
v 0.286493 1.033412 0.001417
v 0.284492 1.032563 0.009935
v 0.289860 1.042610 0.002364
v 0.299455 1.043972 -0.007911
v 0.291718 1.052155 0.005274
v 0.287739 1.040482 0.009003
v 0.287595 1.032050 0.021249
v 0.286046 1.032061 0.023242
v 0.283588 1.048550 -0.023082
v 0.289481 1.059011 -0.018657
v 0.293002 1.047977 -0.014540
v 0.290572 1.039302 0.020690
v 0.292162 1.046353 0.016003
v 0.296753 1.052433 0.020798
v 0.291135 1.043960 0.022256
v 0.295155 1.052267 0.023923
v 0.287103 1.061568 -0.035845
v 0.290761 1.067666 -0.022720
v 0.304875 1.059134 -0.010668
v 0.304947 1.056312 -0.007038
v 0.302082 1.051839 -0.010599
v 0.294163 1.054946 0.011052
v 0.287340 1.072779 -0.036927
v 0.289802 1.071171 -0.034749
v 0.290942 1.082350 -0.037043
v 0.294603 1.080947 -0.032102
v 0.280071 1.077357 0.039148
v 0.282209 1.068416 0.028814
v 0.293439 1.090636 -0.035968
v 0.287675 1.062199 0.026499
v 0.300122 1.069850 0.025853
v 0.281362 1.087115 0.043259
v 0.274900 1.089721 0.041640
v 0.286836 1.084344 0.032725
v 0.291349 1.094178 0.032534
v 0.296885 1.097433 -0.035729
v 0.285862 1.100055 -0.033622
v 0.284258 1.096600 0.044631
v 0.283600 1.105666 0.044293
v 0.284097 1.113351 0.043316
v 0.296136 1.104898 0.031497
v 0.287443 1.104610 0.044451
v 0.290713 1.139410 -0.028768
v 0.290513 1.130140 -0.029852
v 0.286000 1.109768 -0.032153
v 0.286920 1.120096 -0.030698
v 0.289529 1.112581 0.045575
v 0.293110 1.112669 0.041966
v 0.291050 1.121971 0.044741
v 0.285567 1.147250 -0.032932
v 0.295795 1.158601 -0.025831
v 0.287712 1.154079 -0.031343
v 0.288324 1.142173 0.039387
v 0.286970 1.166102 -0.030539
v 0.289519 1.163525 0.032803
v 0.297541 1.150155 0.042474
v 0.299991 1.159655 0.040863
v 0.283462 1.167814 -0.028974
v 0.286916 1.177254 -0.024895
v 0.290211 1.176128 -0.026509
v 0.280704 1.176949 0.031476
v 0.286602 1.170339 0.031569
v 0.282190 1.186781 0.002197
v 0.283489 1.189041 0.013299
v 0.283639 1.184687 0.024667
v 0.287951 1.189513 0.021070
v 0.281446 1.182079 0.017222
v 0.293770 1.181649 0.024772
v 0.288234 1.192001 0.001378
v 0.279686 1.190865 0.007924
v 0.286272 1.193690 0.007688
v 0.293528 1.192802 0.011414
v 0.295484 1.036310 -0.008335
v 0.292614 1.029177 -0.008729
v 0.294863 1.036856 -0.011146
v 0.299087 1.044447 -0.010620
v 0.302081 1.050235 -0.007597
v 0.296754 1.061659 0.004581
v 0.303159 1.071966 0.003526
v 0.307434 1.061462 -0.006718
v 0.297098 1.062325 0.010547
v 0.308071 1.062871 -0.008454
v 0.310190 1.071514 -0.007367
v 0.304596 1.078757 0.011288
v 0.301727 1.070103 0.014676
v 0.297834 1.060673 0.024628
v 0.299645 1.060196 0.021978
v 0.303723 1.068815 0.023057
v 0.295325 1.072104 -0.017949
v 0.301982 1.085193 -0.016413
v 0.307224 1.071705 -0.011152
v 0.310155 1.097416 0.009505
v 0.307336 1.087111 0.008050
v 0.315249 1.092677 -0.000453
v 0.307504 1.080164 0.022181
v 0.305022 1.081278 0.025790
v 0.296337 1.089712 -0.034486
v 0.312178 1.081143 -0.002643
v 0.308975 1.091418 0.026660
v 0.300490 1.106904 -0.035564
v 0.299618 1.096313 -0.033491
v 0.299697 1.090541 -0.022087
v 0.303404 1.105474 -0.032287
v 0.305089 1.105057 -0.019084
v 0.307109 1.096379 -0.015018
v 0.302923 1.115818 -0.033850
v 0.305388 1.114644 -0.031860
v 0.301560 1.117227 0.030846
v 0.314063 1.099814 0.026361
v 0.314842 1.107939 0.027296
v 0.304967 1.127538 0.030798
v 0.295457 1.120837 0.041628
v 0.307541 1.137006 0.030678
v 0.298630 1.129818 0.041276
v 0.293076 1.131610 0.044266
v 0.284732 1.122551 0.041706
v 0.296769 1.140799 0.043501
v 0.310468 1.142128 -0.030276
v 0.308439 1.132716 -0.031194
v 0.300611 1.143999 -0.029132
v 0.306113 1.167238 -0.023473
v 0.313576 1.164754 -0.025998
v 0.303306 1.156013 -0.026867
v 0.302357 1.149160 0.041111
v 0.303493 1.158860 0.040361
v 0.304860 1.167257 0.038643
v 0.294547 1.171334 -0.024394
v 0.294780 1.181896 -0.021122
v 0.299028 1.167891 -0.020740
v 0.303347 1.174200 -0.018096
v 0.302084 1.168173 0.039355
v 0.298671 1.172398 0.035309
v 0.295305 1.179129 0.026107
v 0.303941 1.174924 0.036618
v 0.291130 1.183112 -0.022126
v 0.294000 1.189963 -0.011806
v 0.300086 1.175498 -0.016981
v 0.301842 1.182031 -0.012610
v 0.305442 1.190530 -0.007026
v 0.298320 1.188997 -0.012350
v 0.296266 1.191841 -0.003808
v 0.286924 1.185826 0.026304
v 0.301491 1.181959 0.030287
v 0.299242 1.186839 0.022483
v 0.287740 1.192762 -0.002222
v 0.292032 1.193688 -0.001583
v 0.289220 1.193673 0.009597
v 0.292783 1.194325 0.002690
v 0.298591 1.192892 0.004309
v 0.302264 1.192182 0.010494
v 0.313390 1.080009 -0.009001
v 0.313882 1.110299 0.009806
v 0.316433 1.104142 0.003222
v 0.317933 1.093583 -0.008780
v 0.323273 1.101382 -0.005535
v 0.311426 1.089397 0.022603
v 0.314258 1.096968 0.022883
v 0.315469 1.102435 0.021730
v 0.311034 1.107725 -0.014077
v 0.320313 1.116189 0.024096
v 0.317680 1.108092 0.024601
v 0.308806 1.121715 -0.027782
v 0.305194 1.124378 -0.033395
v 0.312290 1.122820 -0.014758
v 0.320870 1.109581 0.000338
v 0.320912 1.125748 0.006170
v 0.319290 1.125350 0.013087
v 0.319620 1.116402 0.003977
v 0.313598 1.141622 -0.026070
v 0.311364 1.131481 -0.026422
v 0.315604 1.137376 -0.014176
v 0.322695 1.136014 -0.008577
v 0.321500 1.127535 -0.009124
v 0.319195 1.125922 0.026657
v 0.318679 1.116847 0.026911
v 0.321488 1.125442 0.023893
v 0.321777 1.134511 0.026215
v 0.312017 1.153121 -0.028033
v 0.315104 1.151344 -0.025051
v 0.317965 1.149925 -0.012987
v 0.316784 1.160840 -0.021221
v 0.308877 1.146021 0.030275
v 0.300892 1.139553 0.041267
v 0.322794 1.143978 0.025937
v 0.321147 1.152876 0.026848
v 0.309071 1.155774 0.030657
v 0.309845 1.167504 0.027502
v 0.320752 1.162874 0.025847
v 0.315415 1.171184 -0.020384
v 0.329990 1.168391 -0.001789
v 0.317858 1.168192 -0.008350
v 0.325777 1.177841 -0.001526
v 0.311578 1.175952 0.022740
v 0.308085 1.179216 0.027120
v 0.324228 1.168839 0.018521
v 0.306486 1.173948 0.034909
v 0.312549 1.179040 -0.018448
v 0.306523 1.178833 -0.016945
v 0.315060 1.178282 -0.006536
v 0.310971 1.187234 -0.003187
v 0.318655 1.182875 -0.002371
v 0.314703 1.187135 -0.001021
v 0.320272 1.187327 0.001109
v 0.309173 1.192594 0.002812
v 0.311572 1.189461 0.000046
v 0.309175 1.192394 0.011270
v 0.314884 1.190465 0.003810
v 0.315874 1.189971 0.001492
v 0.305090 1.190718 0.015949
v 0.309030 1.187041 0.016663
v 0.313582 1.189512 0.011766
v 0.315960 1.183341 0.008871
v 0.319768 1.175327 0.009669
v 0.320707 1.177527 0.014428
v 0.304818 1.182384 0.030571
v 0.304968 1.189896 0.023822
v 0.307311 1.186142 0.021434
v 0.324298 1.108297 -0.004418
v 0.323318 1.107701 -0.008230
v 0.325101 1.117127 -0.006886
v 0.327186 1.125504 -0.005595
v 0.321417 1.135593 0.009579
v 0.327378 1.134146 -0.000483
v 0.325671 1.116667 -0.004149
v 0.327303 1.125124 -0.002873
v 0.328004 1.134781 -0.003997
v 0.323611 1.134179 0.022955
v 0.323624 1.145060 -0.008484
v 0.329965 1.142616 -0.003976
v 0.328632 1.141097 -0.000220
v 0.330634 1.149092 -0.001846
v 0.323388 1.146803 0.008955
v 0.324543 1.145592 0.020278
v 0.325979 1.153044 0.023786
v 0.327377 1.159152 -0.005601
v 0.325641 1.157273 0.006544
v 0.330419 1.157051 -0.000400
v 0.328809 1.150698 -0.004926
v 0.330479 1.164312 -0.000349
v 0.322329 1.163494 0.010903
v 0.325655 1.162695 0.021500
v 0.327939 1.163602 0.003586
v 0.326548 1.169615 0.004273
v 0.320618 1.180208 0.006096
v 0.319013 1.186186 0.004246
v 0.323684 1.183627 -0.000211
v 0.324103 1.183250 0.001292
v 0.325893 1.178080 0.001758
v 0.252166 1.022973 0.040585
v 0.176979 0.892144 -0.025463
v 0.299994 1.191087 0.015561
v 0.257727 0.965177 0.018838
v 0.251207 0.984834 -0.041716
v 0.023663 1.492248 -0.007552
v -0.004920 1.318564 0.248773
v -0.068616 1.248157 0.255782
v -0.078840 1.395670 0.242965
v -0.080659 1.298531 0.198902
v 0.064280 1.283095 -0.073227
v -0.001172 1.217338 0.233306
v 0.002522 1.056718 0.212637
v -0.078896 1.193361 0.176599
v -0.079616 1.173316 0.176785
v 0.013314 1.084596 0.147532
v -0.045226 1.034939 0.110351
v 0.038523 0.780923 0.031482
v 0.043625 0.753330 0.013442
v 0.039745 0.760517 0.029325
v -0.009017 0.673004 0.051242
v -0.058360 0.222413 0.031443
v 0.043722 0.030857 0.044756
v 0.010879 1.531564 -0.045546
v 0.059750 1.152585 -0.071133
v -0.020384 1.051098 -0.081363
v -0.061508 1.110929 -0.275547
v -0.161020 1.272699 -0.338619
v -0.130557 0.965848 -0.217607
v -0.156769 1.201603 -0.279580
v -0.157545 1.227492 -0.323131
v -0.146154 1.067833 -0.228918
v -0.161601 1.297739 -0.344637
v -0.161871 1.288255 -0.342524
v -0.053585 0.992359 -0.149921
v -0.080870 1.074876 -0.306705
v -0.084763 1.110952 -0.322638
v -0.092257 1.197665 -0.350624
v -0.099945 1.174585 -0.249360
v -0.016573 1.159077 -0.079988
v 0.009066 1.116924 -0.080646
v 0.049337 1.208655 -0.075283
v -0.139158 1.242082 -0.353011
v -0.132395 1.369562 -0.371908
v -0.127694 1.360543 -0.370059
v -0.127073 1.356700 -0.293264
v -0.100806 1.348726 -0.374457
v 0.036351 1.287443 -0.088829
v 0.036398 1.447427 -0.096785
v 0.064435 1.304354 -0.073618
v 0.034016 1.534784 -0.069227
v 0.038245 1.519300 -0.076280
v 0.050646 0.015050 -0.038209
v 0.051604 0.115589 0.025214
v 0.064440 -0.004449 0.008519
v -0.052169 0.221166 0.017258
v 0.056494 0.184416 0.023296
v 0.061983 0.203334 0.022337
v 0.054902 0.218153 0.010404
v 0.063533 0.216374 0.022746
v 0.057821 0.210544 0.016361
v 0.057566 0.232154 0.012612
v 0.051357 0.260508 0.035369
v 0.071376 0.349901 0.023140
v 0.068248 0.375771 0.023657
v 0.067748 0.384375 0.009932
v 0.058946 0.559473 0.016427
v 0.071747 0.575610 0.007183
v -0.053448 0.603199 0.019077
v -0.012154 0.727037 0.043035
v 0.043203 0.619688 0.050152
v 0.038975 0.789108 0.030807
v 0.046701 0.619983 0.048825
v 0.047584 0.620630 0.044284
v -0.042897 0.831717 -0.028914
v -0.043376 0.879831 -0.030605
v -0.047520 0.983075 -0.039054
v -0.004922 0.929089 0.034945
v -0.002531 0.963574 0.062067
v 0.001132 0.927483 0.034102
v 0.015272 0.928630 0.139188
v 0.013538 0.947417 0.158139
v 0.008183 0.984468 0.171039
v 0.065884 1.001354 -0.010803
v -0.055483 1.007140 0.184475
v 0.042282 1.135078 0.010001
v 0.045304 1.134578 0.008354
v 0.046633 1.198879 0.004960
v 0.044342 1.142428 0.010912
v -0.087000 1.133982 0.200785
v -0.052695 1.023246 0.201896
v -0.028445 1.141413 0.247757
v 0.002453 1.080987 0.217802
v -0.000046 1.188894 0.245928
v 0.057211 1.252407 -0.020178
v -0.051635 1.350195 0.185213
v -0.031077 1.285276 0.269247
v -0.035933 1.296728 0.275578
v -0.038851 1.405846 0.274945
v -0.035667 1.399567 0.275217
v -0.019681 1.306720 0.181203
v -0.011396 1.380802 0.271757
v -0.007738 1.411878 0.223808
v -0.007213 1.508183 -0.028612
v 0.019208 1.493013 -0.005081
v 0.205686 0.901146 -0.005162
v 0.245908 0.948824 0.019970
v 0.249497 0.954029 0.020986
v 0.253242 1.014638 -0.038460
v 0.281669 1.132879 0.037834
v -0.035463 1.389806 0.278049
v -0.021367 0.703084 -0.042723
v -0.138689 1.327250 -0.373775
v -0.135393 1.327268 -0.375287
v -0.057315 0.871466 -0.146028
v 0.005032 1.269568 0.235340
v -0.028881 1.257863 0.263735
v -0.005039 1.303528 0.247859
v -0.006860 1.306981 0.262797
v -0.001343 1.217271 0.252244
v -0.003585 1.207319 0.252424
v -0.021973 1.218407 0.252896
v 0.011354 1.234791 0.226201
v -0.002409 1.227086 0.234348
v -0.001698 1.235305 0.235678
v -0.003060 1.235159 0.244076
v -0.002028 1.244609 0.237399
v -0.003028 1.263101 0.240488
v -0.002530 1.256673 0.239380
v -0.003403 1.244263 0.244438
v 0.010303 1.284729 0.234414
v 0.001960 1.275754 0.238211
v -0.003172 1.280593 0.242633
v -0.004834 1.288689 0.244112
v -0.004171 1.295615 0.244817
v -0.021314 1.239464 0.255399
v -0.021223 1.264852 0.259056
v -0.021922 1.275961 0.260269
v -0.031384 1.278421 0.268796
v -0.011294 1.308431 0.264658
v -0.024987 1.304400 0.264240
v -0.022231 1.289396 0.261668
v -0.024020 1.300008 0.263347
v -0.009814 1.298699 0.264016
v -0.006042 1.298912 0.262161
v -0.008049 1.291601 0.264171
v -0.004508 1.290655 0.263221
v -0.008373 1.277086 0.261452
v -0.005482 1.277157 0.259651
v -0.009294 1.266103 0.260302
v -0.004235 1.265769 0.259439
v -0.004158 1.255260 0.248008
v -0.006795 1.244843 0.257356
v -0.004308 1.244132 0.256753
v -0.005361 1.229739 0.256768
v -0.011079 1.160460 -0.087637
v -0.000612 1.144824 -0.083824
v -0.019297 1.145412 -0.069833
v -0.013985 1.148437 -0.088491
v -0.003467 1.514836 -0.026592
v 0.012673 1.536705 -0.042559
v -0.000670 1.522836 -0.028448
v -0.003702 1.518538 -0.030447
v 0.003665 1.530376 -0.031492
v -0.002202 1.523242 -0.030862
v 0.003169 1.529556 -0.036470
v 0.006745 1.526444 -0.045481
v 0.001221 1.511838 -0.043308
v 0.000276 1.520765 -0.038439
v 0.013025 1.510585 -0.022529
v 0.011397 1.508326 -0.024842
v 0.006608 1.510487 -0.024196
v 0.016973 1.523023 -0.023222
v 0.015009 1.519622 -0.028511
v 0.004617 1.522361 -0.027468
v 0.017749 1.530678 -0.032645
v 0.014470 1.531748 -0.032371
v 0.011500 1.539093 -0.037238
v 0.019063 1.531432 -0.030252
v 0.021182 1.537299 -0.038194
v 0.021718 1.540289 -0.041346
v -0.001521 1.328958 -0.089597
v 0.028959 1.317291 -0.095733
v 0.032602 1.309066 -0.095784
v 0.000131 1.338702 -0.089758
v 0.012302 1.325644 -0.086645
v 0.013634 1.346090 -0.087141
v 0.031335 1.340367 -0.095700
v 0.044960 1.399964 -0.082934
v 0.044801 1.378985 -0.081891
v 0.050946 1.369584 -0.078593
v 0.031835 1.406246 -0.098117
v 0.035897 1.382991 -0.097636
v 0.030725 1.379556 -0.096988
v 0.030952 1.359879 -0.097188
v 0.032894 1.318362 -0.094711
v 0.043811 1.356865 -0.079146
v 0.065333 1.350615 -0.075324
v 0.034189 1.342152 -0.094392
v 0.041929 1.322818 -0.079421
v 0.044718 1.334755 -0.078300
v 0.043024 1.344601 -0.078820
v 0.035802 1.361075 -0.095975
v 0.038830 1.416855 -0.092058
v 0.046038 1.423922 -0.081395
v 0.252516 0.979790 -0.022287
v 0.273851 0.990035 -0.009264
v 0.269250 1.001585 -0.018666
v 0.263934 0.967084 -0.014988
v 0.273315 0.988781 -0.012401
v 0.254506 0.986739 -0.022514
v 0.261458 0.983078 -0.018170
v 0.260285 0.993586 -0.021481
v 0.025331 0.945575 0.072389
v 0.022243 0.941124 0.089338
v 0.006302 0.974062 0.089165
v 0.023816 0.959377 0.088866
v 0.013591 0.939262 0.058177
v 0.010358 0.954565 0.074107
v 0.004827 0.959338 0.056773
v 0.007859 0.952033 0.061463
v 0.007007 0.959077 0.068541
v -0.011824 0.809894 0.022023
v -0.013473 0.834009 0.020771
v -0.019728 0.274321 -0.027967
v -0.003639 0.239354 -0.045540
v -0.020773 0.245457 -0.027602
v -0.008824 0.227031 -0.040420
v -0.004122 0.198380 -0.045293
v -0.021460 0.224895 -0.028992
v -0.007393 0.166512 -0.045803
v -0.023661 0.190126 -0.026817
v -0.008727 0.123546 -0.051301
v -0.025540 0.129486 -0.037076
v -0.004561 0.073945 -0.058474
v -0.005713 0.091689 -0.057061
v -0.023832 0.080301 -0.040210
v -0.049633 0.140083 -0.027065
v -0.051223 0.109373 -0.031645
v -0.026063 0.100151 -0.039664
v -0.048990 0.232929 0.011261
v -0.048733 0.351738 -0.026763
v -0.045528 0.363167 -0.030901
v -0.043406 0.348864 -0.030300
v -0.021880 0.343755 -0.032308
v -0.010230 0.351473 -0.041698
v -0.010690 0.386285 -0.037790
v 0.004215 0.397424 -0.052672
v 0.036486 0.346671 -0.035317
v 0.000694 0.314997 -0.050270
v 0.020843 0.349366 -0.041403
v 0.002563 0.355624 -0.055014
v -0.042059 0.318277 -0.027797
v -0.046475 0.311550 -0.013142
v -0.048390 0.316229 -0.022694
v -0.046307 0.273676 0.012426
v -0.045401 0.265785 -0.007734
v -0.041532 0.265953 -0.024582
v -0.047559 0.266606 -0.022500
v -0.046945 0.225513 -0.022963
v -0.047128 0.219704 0.000688
v -0.050414 0.225974 -0.020029
v -0.025519 0.164197 -0.029276
v -0.045800 0.183166 -0.022293
v -0.050213 0.182073 -0.018072
v -0.049423 0.173836 0.005845
v -0.054148 0.106883 -0.023297
v -0.053477 0.137193 -0.020271
v -0.055928 0.076103 0.009926
v -0.051328 0.077487 -0.016951
v -0.052085 0.087599 -0.002533
v -0.061565 0.143559 0.026289
v -0.062871 0.102130 0.023209
v -0.053043 0.136090 -0.000893
v -0.014088 0.448571 0.062306
v -0.021602 0.469324 0.038736
v -0.020306 0.482737 0.040552
v -0.040550 0.452326 0.032342
v -0.022369 0.449370 0.041102
v -0.128921 1.117875 -0.323096
v -0.134353 1.104712 -0.300276
v -0.156802 1.175464 -0.316409
v -0.157323 1.167982 -0.314685
v -0.154097 1.159253 -0.313299
v -0.134281 1.150180 -0.325023
v -0.139607 1.161580 -0.319627
v -0.138868 1.146166 -0.315196
v -0.150137 1.147893 -0.311040
v -0.150015 1.127851 -0.305367
v -0.136088 1.123063 -0.307987
v 0.041757 1.308223 -0.079295
v 0.038250 1.297973 -0.085838
v 0.041074 1.277557 -0.079235
v 0.041560 1.295436 -0.078701
v 0.053498 1.302901 -0.076681
v -0.072136 1.291038 -0.335366
v -0.073594 1.303245 -0.311151
v -0.072606 1.301396 -0.336782
v -0.077421 1.299322 -0.322719
v -0.079578 1.323434 -0.325348
v -0.077042 1.316343 -0.320111
v -0.076272 1.314862 -0.332985
v -0.079111 1.313191 -0.325279
v 0.047497 0.734041 -0.044647
v 0.047175 0.743648 -0.043987
v 0.033938 0.779536 -0.044208
v 0.015465 0.732298 -0.060105
v 0.018522 0.750485 -0.059320
v 0.028730 0.766127 -0.046123
v 0.027206 0.746752 -0.047079
v -0.035890 0.732890 0.021718
v -0.038117 0.712164 0.021578
v -0.029366 0.720385 0.024810
v -0.022228 0.703457 0.027111
v -0.022008 0.716131 0.026376
v -0.016707 0.714312 0.037320
v -0.021255 0.733374 0.027189
v -0.006427 0.754323 0.043761
v -0.035327 0.753747 0.022507
v -0.022478 0.745498 0.026373
v -0.030891 0.766231 0.024784
v -0.019328 0.777625 0.025420
v -0.031480 0.785035 0.026424
v -0.020089 0.763269 0.025826
v -0.011756 0.771004 0.032716
v 0.043281 0.742353 0.014700
v 0.044174 0.732382 0.014733
v 0.048963 0.750621 -0.020865
v 0.049251 0.762218 -0.019784
v 0.049389 0.767243 -0.041650
v 0.048519 0.701697 -0.031191
v 0.061834 0.717282 -0.004791
v 0.054855 0.615720 -0.017869
v 0.047938 0.205606 0.002086
v 0.050391 0.226873 0.002537
v 0.050310 0.245392 -0.000657
v 0.049548 0.215513 -0.013217
v 0.051896 0.230061 -0.019631
v 0.050945 0.223289 -0.006369
v 0.046665 0.103945 -0.007504
v 0.045792 0.111675 -0.015873
v 0.046902 0.090307 -0.020668
v 0.048472 0.071627 -0.008732
v 0.046529 0.089228 -0.008583
v 0.053282 0.100999 0.002546
v 0.062534 0.086375 0.011706
v 0.060859 0.096500 0.011638
v 0.051020 0.021004 -0.025634
v 0.050629 0.032028 -0.011998
v 0.050908 0.011820 -0.013758
v 0.065589 0.012947 0.006221
v 0.050244 0.008309 -0.033563
v 0.046795 0.039501 0.029244
v 0.050879 0.081290 0.024586
v 0.042408 0.107139 0.034655
v 0.042776 0.097172 0.034186
v 0.059700 0.095212 0.018013
v 0.044820 0.253381 0.040460
v 0.041100 0.292279 0.064460
v 0.037867 0.212519 0.064585
v 0.046981 0.282572 0.038186
v 0.040018 0.251444 0.064382
v 0.035637 0.248634 0.068663
v 0.044888 0.489665 0.054266
v 0.048171 0.481542 0.041727
v 0.047077 0.502868 0.049217
v 0.048279 0.483374 0.028207
v 0.048013 0.499213 0.038464
v 0.048257 0.508630 0.027592
v 0.045506 0.576725 0.048485
v 0.044832 0.586251 0.050298
v 0.047068 0.596343 0.047176
v 0.048970 0.558191 0.024607
v 0.048870 0.573006 0.026726
v 0.049877 0.585790 0.023582
v 0.045656 0.564156 0.049208
v 0.047260 0.574247 0.038972
v 0.047320 0.580833 0.039638
v 0.069510 0.635152 0.005014
v 0.056320 0.653256 0.011297
v 0.046050 0.648954 0.019519
v 0.057260 0.635336 0.014115
v 0.049228 0.620526 0.021667
v 0.048236 0.615704 0.036528
v 0.048633 0.595104 0.033280
v 0.046846 0.604446 0.044245
v 0.047057 0.611555 0.049094
v 0.050801 0.599505 0.022181
v 0.041726 0.711638 0.035348
v 0.044840 0.696406 0.016935
v 0.045398 0.715670 0.014829
v 0.041529 0.722443 0.038162
v 0.042340 0.727655 0.027759
v 0.043606 0.709887 0.026454
v 0.042793 0.786100 0.011605
v 0.054811 0.810845 0.004763
v -0.125859 0.954830 -0.204440
v -0.128680 0.961865 -0.210021
v -0.127203 1.001827 -0.213041
v -0.124355 0.975310 -0.167751
v -0.108689 0.988489 -0.168639
v -0.127127 1.002923 -0.184351
v -0.105737 1.009736 -0.164085
v -0.109977 1.009947 -0.176780
v -0.105448 0.999319 -0.165316
v -0.109496 0.997162 -0.174521
v -0.129572 0.988187 -0.177007
v -0.125956 0.974920 -0.174040
v -0.118531 0.965175 -0.183260
v -0.132391 0.987616 -0.180326
v -0.120625 0.975803 -0.194933
v -0.130332 0.969802 -0.214147
v -0.120058 0.955172 -0.194019
v -0.123453 0.966068 -0.201007
v -0.123962 0.985688 -0.201530
v -0.134097 0.999658 -0.187392
v -0.130264 1.016263 -0.220080
v -0.144954 1.092532 -0.270393
v -0.152975 1.170104 -0.304479
v -0.156464 1.184848 -0.313006
v -0.156804 1.199235 -0.288504
v -0.152677 1.203913 -0.301677
v -0.157017 1.176731 -0.313374
v -0.149595 1.182554 -0.297282
v -0.155029 1.247183 -0.320048
v -0.160042 1.258478 -0.300724
v -0.153683 1.246452 -0.313756
v -0.159056 1.284062 -0.308187
v -0.153998 1.267598 -0.317186
v -0.158728 1.294285 -0.332489
v -0.157206 1.273634 -0.328614
v -0.154711 1.284552 -0.321850
v -0.156693 1.283969 -0.327129
v -0.160996 1.335423 -0.350092
v -0.154243 1.363877 -0.352306
v -0.140404 1.369920 -0.354356
v -0.139621 1.360633 -0.364992
v -0.139206 1.313617 -0.371427
v -0.153103 1.320765 -0.352590
v -0.146051 1.327525 -0.355658
v -0.145244 1.312611 -0.354804
v -0.151763 1.303599 -0.351192
v -0.119752 1.294615 -0.365891
v -0.138064 1.293921 -0.371460
v -0.144867 1.290084 -0.352966
v -0.145960 1.301553 -0.353492
v -0.143594 1.272725 -0.348556
v -0.149199 1.292499 -0.350400
v 0.025322 1.425611 -0.094075
v -0.000605 1.426714 -0.092946
v 0.015057 1.419253 -0.089223
v 0.016365 1.429958 -0.089322
v 0.017718 1.440083 -0.089316
v 0.009336 1.449657 -0.090006
v -0.002013 1.437033 -0.093890
v 0.008775 1.441997 -0.090227
v -0.007002 1.393556 -0.092626
v 0.014004 1.361593 -0.087777
v 0.013491 1.380650 -0.088691
v 0.003912 1.390056 -0.091183
v -0.002931 1.416529 -0.093737
v -0.003665 1.406271 -0.093591
v 0.013914 1.407206 -0.089375
v 0.004207 1.402526 -0.091524
v 0.022965 1.539798 -0.033799
v -0.001872 1.229087 0.255292
v 0.230034 1.082110 0.017365
v -0.053384 1.389517 0.194699
v 0.073000 1.432550 -0.035481
v 0.028363 1.160903 -0.093265
v -0.156681 1.266397 -0.340535
v 0.216484 1.036015 0.034186
v -0.018415 1.413459 0.256048
v 0.069441 1.271870 -0.028206
v 0.002311 1.139095 0.235977
v -0.137565 1.403812 -0.332342
v -0.014619 1.175752 -0.086705
v -0.019634 0.948182 -0.070111
s 1
f 1 2 3
f 4 1 5
f 6 1 7
f 4 8 1
f 9 10 11
f 10 3 12
f 13 14 9
f 15 16 17
f 18 19 20
f 17 21 9
f 22 20 17
f 23 16 11
f 24 25 26
f 27 28 29
f 30 31 27
f 32 28 33
f 34 35 36
f 32 37 38
f 33 39 32
f 40 41 42
f 34 40 35
f 39 41 40
f 42 43 44
f 44 45 42
f 44 46 47
f 47 48 49
f 49 50 51
f 52 53 54
f 55 50 53
f 56 55 53
f 57 55 58
f 52 59 56
f 54 59 52
f 60 61 62
f 63 64 65
f 66 61 64
f 64 67 66
f 68 58 69
f 70 71 72
f 71 70 73
f 74 75 76
f 74 68 75
f 70 72 62
f 77 65 78
f 79 78 62
f 72 80 81
f 71 82 80
f 83 76 84
f 83 84 85
f 79 81 86
f 78 79 87
f 88 89 80
f 90 91 92
f 85 93 92
f 94 95 96
f 29 97 27
f 98 99 96
f 38 100 32
f 38 37 34
f 101 102 103
f 104 105 106
f 104 63 105
f 107 108 109
f 108 105 110
f 69 111 112
f 113 114 115
f 65 77 114
f 116 117 111
f 112 117 118
f 119 120 121
f 122 117 123
f 114 110 65
f 77 124 125
f 93 84 118
f 122 121 118
f 126 127 128
f 77 78 127
f 77 129 124
f 130 90 120
f 131 97 132
f 133 30 132
f 27 131 30
f 134 135 136
f 137 138 139
f 140 139 141
f 142 103 143
f 46 102 48
f 144 145 102
f 146 147 148
f 95 149 150
f 18 149 94
f 148 20 146
f 16 23 151
f 147 152 150
f 153 154 155
f 156 157 155
f 158 151 157
f 159 156 160
f 161 160 25
f 151 162 22
f 151 163 164
f 151 164 162
f 165 163 158
f 157 156 158
f 166 167 168
f 133 163 169
f 169 170 171
f 172 173 171
f 172 170 165
f 158 174 165
f 175 173 165
f 30 133 168
f 168 169 176
f 171 177 176
f 178 136 176
f 177 173 179
f 139 180 137
f 31 137 33
f 135 138 167
f 135 134 138
f 134 181 141
f 178 179 136
f 30 167 31
f 101 182 183
f 184 185 145
f 59 186 116
f 128 87 187
f 188 189 187
f 187 89 188
f 82 92 88
f 190 91 191
f 188 192 189
f 193 194 192
f 193 192 195
f 191 196 197
f 193 198 194
f 199 194 200
f 201 202 203
f 204 205 206
f 204 200 207
f 208 209 210
f 209 208 211
f 209 211 212
f 211 213 214
f 215 216 217
f 211 218 213
f 213 219 220
f 221 222 219
f 222 221 223
f 219 224 225
f 222 226 224
f 223 227 222
f 227 223 228
f 229 230 225
f 231 226 232
f 233 234 235
f 236 237 233
f 238 239 240
f 226 231 241
f 90 130 242
f 243 244 242
f 245 246 247
f 91 90 196
f 248 201 249
f 201 203 244
f 244 250 201
f 204 251 200
f 202 201 252
f 252 248 217
f 253 254 248
f 255 256 254
f 217 256 215
f 257 256 255
f 258 259 260
f 261 228 262
f 263 232 264
f 227 228 232
f 235 230 265
f 231 266 240
f 225 241 267
f 225 267 229
f 263 231 232
f 263 268 231
f 269 237 270
f 237 236 271
f 272 273 233
f 272 274 273
f 236 273 275
f 275 276 277
f 266 278 238
f 279 239 280
f 239 279 274
f 280 278 281
f 282 278 268
f 280 281 279
f 283 284 285
f 283 285 286
f 287 288 286
f 289 290 291
f 285 292 290
f 293 294 291
f 295 294 296
f 289 294 297
f 297 298 289
f 296 299 295
f 300 301 299
f 302 303 295
f 297 303 298
f 304 301 305
f 303 302 304
f 290 289 287
f 306 303 304
f 307 308 309
f 310 311 312
f 313 314 315
f 313 315 316
f 313 317 314
f 318 319 312
f 320 321 322
f 319 318 323
f 324 325 321
f 326 321 327
f 326 324 321
f 328 326 329
f 328 329 330
f 331 332 333
f 331 334 332
f 332 335 336
f 337 338 336
f 335 334 339
f 340 341 339
f 342 340 343
f 344 345 342
f 340 345 341
f 346 347 348
f 349 350 342
f 350 349 351
f 352 353 354
f 353 352 355
f 352 356 357
f 352 354 356
f 358 359 356
f 360 359 361
f 361 362 360
f 363 364 365
f 361 363 366
f 367 368 369
f 367 369 365
f 370 371 372
f 373 374 375
f 373 338 374
f 376 337 377
f 347 346 378
f 379 380 350
f 344 380 346
f 381 380 379
f 353 355 351
f 381 382 383
f 383 355 384
f 385 386 357
f 360 387 356
f 385 387 386
f 388 389 362
f 366 390 361
f 362 390 388
f 390 366 391
f 370 392 369
f 393 394 391
f 392 395 391
f 396 397 398
f 396 399 397
f 400 401 402
f 401 403 404
f 405 406 407
f 408 402 404
f 409 408 406
f 405 410 411
f 412 410 413
f 414 412 415
f 412 414 416
f 416 411 412
f 411 416 417
f 418 419 420
f 416 420 421
f 422 418 423
f 424 419 422
f 425 424 426
f 427 425 428
f 428 429 427
f 430 431 428
f 431 432 429
f 429 433 434
f 433 435 436
f 367 437 438
f 370 372 392
f 368 371 370
f 371 438 439
f 439 440 371
f 439 398 441
f 398 442 441
f 397 443 442
f 439 444 398
f 397 445 443
f 446 447 448
f 446 448 449
f 449 450 451
f 448 445 452
f 452 453 448
f 453 454 455
f 450 453 455
f 454 402 456
f 456 457 454
f 457 456 458
f 408 459 456
f 460 459 461
f 408 409 459
f 462 463 460
f 417 421 461
f 464 465 461
f 419 424 466
f 419 466 420
f 465 464 467
f 466 468 467
f 424 425 468
f 469 470 427
f 468 470 471
f 472 469 434
f 434 436 472
f 469 472 473
f 474 395 475
f 395 474 476
f 477 475 478
f 440 441 478
f 474 475 477
f 478 479 477
f 478 441 480
f 481 443 480
f 482 483 484
f 485 479 480
f 443 447 485
f 447 446 486
f 449 487 446
f 486 488 484
f 489 451 490
f 487 449 491
f 451 489 491
f 490 457 489
f 492 489 493
f 463 494 458
f 495 496 494
f 462 460 497
f 467 498 465
f 499 497 498
f 499 498 471
f 471 500 499
f 473 500 469
f 500 473 501
f 473 502 503
f 436 504 502
f 474 477 505
f 506 482 488
f 506 492 496
f 501 503 507
f 502 508 509
f 510 503 509
f 502 511 508
f 512 513 508
f 509 514 515
f 516 517 513
f 518 519 483
f 520 515 517
f 516 521 517
f 522 523 524
f 525 522 526
f 524 527 522
f 522 525 523
f 526 528 525
f 529 530 518
f 526 519 528
f 519 518 531
f 532 533 534
f 534 535 536
f 537 538 539
f 540 541 539
f 542 543 544
f 542 544 545
f 546 547 545
f 542 545 540
f 545 548 546
f 549 550 551
f 550 552 553
f 554 552 555
f 555 552 556
f 557 558 559
f 560 561 562
f 563 558 564
f 562 565 557
f 561 566 567
f 568 569 570
f 564 571 563
f 572 563 573
f 574 575 562
f 576 561 577
f 576 577 574
f 567 578 577
f 579 580 581
f 582 583 584
f 585 586 587
f 575 574 587
f 588 589 587
f 7 14 584
f 13 590 591
f 13 21 590
f 592 593 594
f 593 592 595
f 595 596 597
f 592 598 595
f 598 599 596
f 600 601 559
f 557 601 593
f 597 602 593
f 572 573 603
f 560 562 602
f 604 599 605
f 606 607 608
f 560 599 604
f 609 606 610
f 610 604 605
f 611 606 609
f 611 612 613
f 582 614 615
f 572 603 616
f 560 608 561
f 607 617 608
f 607 606 613
f 618 619 620
f 621 619 622
f 623 624 615
f 579 583 569
f 582 573 569
f 567 617 578
f 625 617 613
f 581 5 583
f 582 584 614
f 626 619 614
f 583 579 581
f 589 627 628
f 591 629 630
f 591 630 631
f 632 538 630
f 584 631 626
f 633 634 539
f 538 635 636
f 13 591 584
f 634 633 543
f 637 638 639
f 640 641 637
f 638 641 642
f 643 644 645
f 594 639 592
f 638 642 598
f 646 600 647
f 648 647 649
f 646 647 650
f 651 652 653
f 654 655 656
f 656 655 657
f 656 643 594
f 599 560 596
f 658 605 659
f 660 661 642
f 662 658 663
f 664 663 665
f 666 603 624
f 624 653 666
f 624 667 653
f 666 600 603
f 658 662 610
f 609 662 611
f 663 668 662
f 669 667 623
f 620 670 623
f 625 612 671
f 618 620 623
f 672 673 671
f 636 635 631
f 674 675 622
f 675 674 676
f 677 678 628
f 627 578 677
f 679 677 673
f 680 681 672
f 673 681 679
f 635 674 631
f 682 678 683
f 684 685 682
f 686 683 687
f 683 686 682
f 688 553 546
f 546 689 547
f 685 684 690
f 691 692 684
f 693 694 695
f 696 691 682
f 697 698 699
f 693 695 700
f 657 701 702
f 643 702 703
f 704 705 706
f 643 703 644
f 594 645 639
f 707 708 709
f 708 710 640
f 640 711 641
f 711 712 660
f 713 714 712
f 650 715 646
f 654 715 655
f 701 657 716
f 706 701 716
f 716 715 706
f 706 717 704
f 643 656 702
f 659 661 665
f 660 718 665
f 660 719 718
f 720 719 721
f 720 721 722
f 648 717 650
f 717 648 652
f 723 724 725
f 668 663 726
f 612 668 727
f 726 728 668
f 729 730 731
f 731 728 729
f 730 732 727
f 669 733 734
f 733 669 675
f 672 732 680
f 680 730 735
f 680 735 681
f 635 736 676
f 737 686 738
f 687 681 738
f 538 537 736
f 739 740 676
f 741 739 554
f 695 692 742
f 691 696 743
f 696 737 743
f 744 745 746
f 744 746 742
f 747 745 748
f 749 750 751
f 752 707 753
f 754 711 755
f 754 755 756
f 713 754 757
f 711 754 712
f 704 758 759
f 760 703 761
f 705 759 703
f 709 644 762
f 760 761 762
f 708 707 710
f 763 713 764
f 718 720 723
f 726 725 728
f 765 723 766
f 667 767 651
f 724 723 768
f 769 770 771
f 768 765 771
f 765 766 772
f 767 667 734
f 770 769 773
f 774 775 776
f 777 775 778
f 729 773 730
f 733 779 780
f 781 782 780
f 776 783 784
f 785 735 774
f 739 741 786
f 733 740 779
f 740 786 787
f 787 788 779
f 787 789 788
f 776 737 785
f 776 784 790
f 791 792 554
f 793 794 792
f 794 793 788
f 795 743 790
f 744 795 796
f 797 798 790
f 555 799 791
f 800 793 791
f 744 796 745
f 801 802 754
f 803 752 804
f 749 805 750
f 806 804 805
f 807 808 806
f 809 764 810
f 758 811 759
f 812 751 759
f 813 805 814
f 814 749 812
f 809 815 764
f 809 816 815
f 766 817 818
f 819 820 818
f 821 822 823
f 769 771 824
f 825 826 820
f 826 771 772
f 820 819 825
f 782 821 734
f 782 827 821
f 774 773 824
f 827 782 828
f 774 824 829
f 779 830 781
f 831 828 832
f 833 827 831
f 834 835 777
f 778 836 777
f 788 837 830
f 838 831 839
f 840 841 842
f 775 835 783
f 784 843 844
f 844 845 846
f 847 848 849
f 835 834 849
f 835 849 843
f 850 851 841
f 842 852 840
f 850 798 851
f 852 842 853
f 851 797 784
f 799 854 800
f 855 856 857
f 852 858 859
f 860 796 861
f 859 861 840
f 862 796 850
f 850 841 862
f 801 807 863
f 864 802 865
f 864 810 802
f 810 864 866
f 867 868 866
f 807 806 813
f 756 808 801
f 868 809 810
f 812 811 869
f 870 814 869
f 813 814 871
f 872 873 704
f 758 873 811
f 872 823 873
f 874 875 873
f 876 816 877
f 704 767 872
f 876 878 816
f 821 879 822
f 822 880 823
f 824 826 881
f 882 879 883
f 881 884 885
f 847 886 887
f 774 829 778
f 881 886 829
f 833 888 879
f 831 838 833
f 889 890 888
f 848 891 846
f 887 891 847
f 847 834 886
f 838 839 892
f 838 893 889
f 894 895 889
f 839 832 896
f 839 896 897
f 898 899 900
f 897 899 892
f 901 902 893
f 852 903 858
f 903 852 904
f 905 906 903
f 905 907 906
f 908 856 837
f 900 896 855
f 898 900 855
f 901 899 909
f 910 901 911
f 901 910 912
f 911 909 913
f 914 915 916
f 912 910 917
f 906 918 919
f 917 919 912
f 916 919 914
f 903 906 916
f 920 435 921
f 433 432 435
f 435 920 504
f 922 923 924
f 924 925 922
f 922 920 926
f 927 923 926
f 928 929 927
f 928 930 929
f 931 932 930
f 801 863 865
f 863 933 934
f 864 865 935
f 936 937 931
f 938 939 940
f 936 941 937
f 931 942 936
f 942 931 928
f 941 943 867
f 941 867 944
f 941 936 943
f 936 945 943
f 869 946 870
f 871 870 947
f 948 807 871
f 947 948 871
f 949 950 951
f 943 877 868
f 875 946 952
f 953 954 946
f 947 954 955
f 945 956 877
f 823 957 874
f 953 957 958
f 818 816 819
f 878 876 959
f 959 960 878
f 958 961 953
f 825 884 881
f 819 962 963
f 825 963 884
f 964 965 966
f 964 967 968
f 969 970 971
f 970 880 972
f 957 880 969
f 973 974 975
f 976 977 978
f 979 887 885
f 980 981 965
f 882 883 982
f 982 972 882
f 972 982 983
f 895 984 985
f 986 987 988
f 983 987 972
f 984 988 985
f 974 986 984
f 974 971 986
f 984 989 974
f 974 990 978
f 991 992 981
f 993 994 992
f 995 981 996
f 890 883 888
f 894 907 895
f 997 989 998
f 999 1000 1001
f 989 997 990
f 999 1002 990
f 1003 1004 991
f 1003 991 995
f 1005 1006 996
f 1006 1007 1008
f 838 892 893
f 888 838 889
f 891 1000 853
f 903 904 905
f 1000 997 904
f 998 984 905
f 1009 1010 1003
f 1011 1012 1009
f 1008 1013 1011
f 1014 1015 1009
f 1012 1016 1014
f 1017 1015 1018
f 1012 1013 1016
f 1017 1018 1019
f 1020 1021 1022
f 1018 1016 1020
f 1019 1020 1023
f 1024 1025 1021
f 1024 1021 1026
f 925 924 511
f 929 1027 1028
f 1028 1027 1029
f 932 937 1029
f 1030 1031 944
f 1031 1032 937
f 1031 1030 1032
f 864 935 938
f 1030 939 1033
f 939 1034 1033
f 938 1035 939
f 1036 1037 1033
f 948 947 950
f 949 863 950
f 949 1038 863
f 1038 1039 933
f 951 1040 949
f 951 955 1041
f 1042 1041 1043
f 1040 951 1042
f 1044 1045 1046
f 1047 1044 1048
f 963 1049 1050
f 1051 1049 1052
f 1053 1052 967
f 962 878 1052
f 1052 1053 1051
f 969 1054 958
f 1043 1055 977
f 1043 961 1055
f 978 1048 976
f 1042 976 1040
f 1048 978 1056
f 1047 1048 1057
f 1058 1047 885
f 963 1050 1058
f 1047 1050 1059
f 967 964 1053
f 966 1060 1053
f 969 971 1054
f 1054 971 973
f 1054 973 1055
f 1061 1062 1056
f 1057 1056 885
f 1063 965 994
f 979 1062 1064
f 1062 1061 1002
f 992 991 993
f 994 993 1063
f 999 1001 1002
f 1015 1065 1010
f 1010 1066 1004
f 1017 1067 1015
f 1017 1019 1068
f 1068 1069 1067
f 1070 1071 1023
f 1071 1070 1068
f 923 929 924
f 1072 1073 1074
f 929 1028 1072
f 1075 1028 1076
f 1029 1037 1076
f 1037 1036 1077
f 1035 1078 1034
f 1079 1080 1034
f 1036 1080 1081
f 1082 1081 1083
f 1039 1078 1035
f 1084 1085 1039
f 1084 1086 1085
f 1078 1085 1079
f 1079 1085 1087
f 1088 1087 1089
f 1045 1090 949
f 1090 1045 1059
f 1059 1086 1090
f 1090 1084 1038
f 1087 1088 1079
f 1091 1092 1093
f 1047 1059 1044
f 1049 1051 1089
f 1094 1095 1096
f 1094 1097 1095
f 1089 1095 1098
f 1096 1060 1094
f 1099 1100 1063
f 1100 1099 1101
f 1102 1100 1103
f 1100 1101 1104
f 1067 1105 1065
f 1067 1069 1106
f 1065 1107 1066
f 1108 1069 1109
f 1110 1111 512
f 1111 1110 1074
f 1111 1112 513
f 512 511 1110
f 1074 1113 1111
f 1114 1113 1074
f 1073 1115 1114
f 1072 1075 1073
f 1116 1115 1076
f 1117 1077 1082
f 1116 1076 1117
f 1082 1083 1118
f 1093 1080 1091
f 1119 1083 1120
f 1092 1121 1120
f 1091 1121 1092
f 1091 1122 1121
f 1123 1124 1121
f 1125 1126 1097
f 1126 1124 1123
f 1097 1123 1127
f 1128 1125 1129
f 1126 1125 1130
f 1131 1132 1128
f 1131 1128 1133
f 1100 1102 1129
f 1100 1129 1094
f 1103 1134 1102
f 1135 1103 1136
f 1137 1136 1107
f 1067 1106 1138
f 521 516 1139
f 1112 1113 1139
f 1140 1141 1142
f 1113 1114 1143
f 1144 1145 1146
f 1140 1142 1114
f 1142 1141 1147
f 1117 1148 1116
f 1082 1149 1117
f 1147 1148 1150
f 1147 1151 1142
f 1152 1153 1150
f 1149 1082 1154
f 1119 1155 1118
f 1149 1154 1150
f 1156 1153 1152
f 1119 1120 1157
f 1156 1158 1157
f 1153 1156 1159
f 1160 1157 1120
f 1124 1161 1162
f 1163 1156 1160
f 1164 1159 1163
f 1161 1124 1130
f 1161 1165 1160
f 1165 1161 1166
f 1165 1166 1164
f 1167 1166 1132
f 1132 1131 1167
f 1168 1169 1167
f 1131 1133 1168
f 1168 1170 1171
f 1134 1172 1133
f 1134 1135 1172
f 1136 1173 1135
f 1173 1174 1172
f 1137 1175 1136
f 1175 1137 1176
f 1107 1105 1137
f 1175 1177 1173
f 1175 1176 1177
f 1176 1178 1179
f 1179 1180 1176
f 1181 1179 1182
f 1179 1181 1180
f 1183 1184 1185
f 1139 1143 1186
f 1144 1146 1187
f 1188 1189 1187
f 1153 1190 1147
f 1191 1190 1192
f 1193 1192 1159
f 1194 1195 1193
f 1164 1196 1197
f 1164 1197 1194
f 1168 1171 1169
f 1198 1196 1169
f 1199 1196 1200
f 1177 1201 1174
f 1202 1203 1174
f 1204 1205 1202
f 1174 1201 1202
f 1201 1180 1204
f 1181 1206 1185
f 1207 1145 1189
f 1151 1208 1187
f 1151 1209 1208
f 1209 1210 1211
f 1192 1193 1212
f 1195 1194 1213
f 1199 1200 1214
f 1198 1215 1200
f 1216 1217 1214
f 1215 1218 1216
f 1171 1219 1198
f 1215 1219 1218
f 1219 1220 1221
f 1219 1171 1220
f 1202 1222 1203
f 1202 1205 1222
f 1222 1223 1220
f 1224 1223 1225
f 1226 1227 1222
f 1222 1228 1226
f 1228 1205 1229
f 1230 1227 1231
f 1230 1231 1232
f 1233 1229 1184
f 1234 1235 1236
f 1231 1228 1236
f 1236 1229 1234
f 1237 1238 1233
f 1234 1238 1235
f 96 1239 94
f 1240 99 1241
f 94 1242 1243
f 1241 98 1244
f 1240 1245 99
f 38 36 100
f 100 98 29
f 98 96 29
f 1246 1247 1244
f 1248 1249 1246
f 1248 1250 1249
f 1247 1249 1251
f 1252 1253 1254
f 1255 1253 1256
f 1246 1244 1248
f 36 1257 1248
f 1258 1259 1260
f 1258 1260 1254
f 1252 1261 1253
f 1262 1263 1264
f 1265 1266 1267
f 1266 1265 1268
f 1269 1270 1271
f 1272 106 1273
f 106 1274 1275
f 1275 1276 1273
f 107 1277 1274
f 1277 107 1278
f 1279 1280 1278
f 1278 109 1279
f 115 1281 113
f 1282 1280 1281
f 1282 1283 1280
f 1281 115 1284
f 1285 1284 1286
f 1281 1284 1282
f 1285 1287 1284
f 1288 1289 1290
f 1290 1291 1292
f 1293 1294 1243
f 1243 1295 1293
f 548 544 1296
f 1297 1298 1243
f 1299 1300 1298
f 1241 1301 1240
f 1299 1298 1245
f 1302 1303 1300
f 1300 1299 1304
f 1300 1301 1305
f 1305 1306 1251
f 1307 1249 1308
f 1307 1309 1251
f 1251 1309 1305
f 1310 1311 1312
f 1260 1313 1252
f 1266 1268 1264
f 1268 1314 1315
f 1270 1316 1271
f 1317 1271 1273
f 1314 1268 1270
f 1314 1270 1318
f 1319 1269 1317
f 1320 1276 1321
f 1320 1319 1276
f 1320 1321 1278
f 1322 1323 1283
f 1324 1283 1325
f 1326 1327 1328
f 1292 1327 1326
f 1326 1324 1287
f 1329 1330 1331
f 546 1332 688
f 1295 1298 1332
f 1333 1334 1303
f 1300 1335 1302
f 1335 1300 1336
f 1309 1311 1336
f 1308 1312 1307
f 1311 1310 1337
f 1338 1339 1311
f 1261 1313 1315
f 1310 1261 1340
f 1315 1262 1264
f 1314 1341 1342
f 1343 1344 1318
f 1343 1345 1346
f 1270 1269 1343
f 1347 1348 1349
f 1323 1322 1350
f 1319 1320 1349
f 1351 1352 1322
f 1351 1353 1354
f 1355 1324 1356
f 1355 1353 1324
f 1357 1358 1356
f 1357 1356 1359
f 551 553 1334
f 1334 1360 551
f 1303 1302 1333
f 1361 1334 1333
f 1335 1362 1363
f 1364 1365 1363
f 1366 1362 1336
f 1366 1311 1339
f 1366 1339 1367
f 1368 1362 1367
f 1369 1370 1367
f 1371 1372 1367
f 1340 1373 1374
f 1337 1374 1338
f 1339 1338 1369
f 1375 1376 1374
f 1377 1370 1375
f 1375 1374 1373
f 1314 1342 1378
f 1315 1378 1340
f 1373 1378 1379
f 1380 1381 1382
f 1318 1383 1341
f 1382 1383 1380
f 1383 1344 1380
f 1384 1343 1346
f 1343 1384 1344
f 1385 1386 1387
f 1385 1387 1388
f 1269 1319 1345
f 1348 1389 1345
f 1347 1390 1348
f 1389 1391 1346
f 1323 1350 1349
f 1347 1350 1390
f 1392 1391 1390
f 1393 1394 1391
f 1394 1388 1391
f 1395 1396 1397
f 1354 1398 1351
f 1393 1392 1399
f 1393 1400 1394
f 1401 1402 1397
f 1396 1395 1403
f 1404 1405 1406
f 1407 1395 1408
f 1357 1409 1410
f 1393 1411 1404
f 1410 1406 1357
f 1412 1408 1413
f 1412 1414 1408
f 1334 1361 1360
f 549 1360 1415
f 1415 1416 854
f 1417 1418 1416
f 1365 1364 1333
f 1419 1420 1417
f 1418 1420 1421
f 1421 1364 1422
f 1418 1421 1423
f 1421 1422 1424
f 1423 1425 1418
f 1426 1422 1371
f 1377 1427 1371
f 1371 1370 1377
f 1426 1427 1428
f 1429 1430 1379
f 1430 1377 1375
f 1430 1431 1377
f 1430 1429 1432
f 1432 1429 1433
f 1429 1380 1434
f 1379 1381 1429
f 1429 1434 1433
f 1435 1436 1437
f 1435 1437 1438
f 1437 1436 1439
f 1440 1441 1439
f 1442 1443 1385
f 1444 1445 1446
f 1445 1447 1446
f 1448 1449 1442
f 1450 1449 1451
f 1450 1452 1453
f 1454 1447 1453
f 1455 1448 1394
f 1451 1456 1457
f 1458 1452 1450
f 1449 1450 1445
f 1458 1459 1452
f 1460 1461 1462
f 1463 1456 1464
f 1458 1451 1465
f 1408 1466 1413
f 1461 1467 1397
f 1393 1404 1468
f 1464 1468 1463
f 1469 1470 1471
f 1472 1473 1470
f 1466 1395 1471
f 1406 1410 1474
f 1475 1476 1477
f 1478 1479 1480
f 1473 1481 1413
f 1482 1483 1484
f 1472 1483 1473
f 1485 1486 1424
f 1486 1485 1487
f 1424 1426 1485
f 1428 1488 1485
f 1489 1488 1490
f 1491 1488 1492
f 1491 1493 1488
f 1427 1431 1494
f 1495 1491 1496
f 1497 1496 1498
f 1496 1492 1494
f 1430 1499 1500
f 1501 1502 1500
f 1430 1500 1431
f 1498 1500 1497
f 1497 1495 1496
f 1503 1504 1432
f 1505 1504 1506
f 1438 1502 1505
f 1505 1506 1438
f 1506 1503 1507
f 1435 1506 1436
f 1508 1437 1509
f 1433 1510 1511
f 1507 1511 1436
f 1440 1511 1441
f 1437 1439 1512
f 1442 1445 1443
f 1446 1441 1444
f 1444 1513 1443
f 1385 1388 1442
f 1449 1448 1514
f 1401 1515 1516
f 1517 1402 1454
f 1453 1517 1454
f 1453 1518 1517
f 1448 1455 1514
f 1451 1514 1456
f 1455 1400 1519
f 1461 1460 1459
f 1520 1459 1465
f 1520 1465 1469
f 1520 1467 1459
f 1393 1468 1400
f 1521 1522 1468
f 1468 1523 1521
f 1469 1457 1470
f 1484 1472 1463
f 18 94 1524
f 159 1525 1526
f 159 160 1525
f 159 1527 174
f 179 173 1528
f 1529 1527 1530
f 174 1527 175
f 175 1531 1528
f 1531 175 1532
f 179 1533 181
f 1528 1534 179
f 1535 1536 1534
f 1537 1538 1539
f 1533 1536 1539
f 1540 1541 1539
f 1537 1542 1538
f 1543 1544 1545
f 1537 1541 1542
f 183 1546 144
f 183 144 101
f 1544 182 1542
f 1547 1548 1543
f 1543 1548 1544
f 1549 1550 144
f 1546 1551 1552
f 1546 1552 1549
f 1553 1551 1547
f 1552 1553 1554
f 145 1550 184
f 1549 1555 1550
f 1555 1556 1557
f 1550 1557 1558
f 184 1558 1559
f 1560 1561 1557
f 1562 1561 1559
f 54 185 59
f 184 1559 185
f 1563 1564 185
f 1565 1566 1564
f 1559 1567 1563
f 1568 1569 1567
f 1570 1571 123
f 1572 1570 1566
f 1572 1566 1573
f 1574 121 1571
f 1575 1576 1571
f 1575 1571 1572
f 1577 119 1574
f 1578 1577 1576
f 1576 1575 1579
f 120 119 1580
f 159 1526 1530
f 1581 1582 1583
f 1526 1584 1585
f 1586 1587 1585
f 1585 1588 1586
f 1589 1590 1583
f 1591 1529 1587
f 1591 1592 1529
f 1593 1594 1592
f 1592 1591 1593
f 1586 1595 1596
f 1597 1535 1531
f 1532 1598 1531
f 1597 1598 1599
f 1600 1601 1593
f 1602 1599 1601
f 1535 1597 1603
f 1603 1604 1535
f 1604 1603 1605
f 1602 1606 1599
f 1607 1540 1608
f 1608 1536 1604
f 1609 1607 1610
f 1611 1608 1605
f 1542 1541 1545
f 1609 1541 1607
f 1612 1613 1614
f 1615 1612 1547
f 1553 1547 1614
f 1552 1554 1555
f 1554 1614 1556
f 1561 1616 1567
f 1617 1560 1618
f 1619 1566 1569
f 1568 1620 1569
f 1621 1620 1622
f 1620 1621 1619
f 1575 1572 1573
f 1621 1623 1573
f 1578 1576 1624
f 1625 1626 1329
f 1331 1580 1624
f 1627 1628 697
f 1629 1630 1581
f 1629 700 1630
f 1627 1631 1628
f 1595 1631 1632
f 1633 1588 1590
f 1631 1595 1588
f 1600 1593 1632
f 1627 1634 1635
f 1600 1632 1636
f 1600 1636 1637
f 1601 1600 1602
f 1638 1611 1606
f 1606 1602 1638
f 1638 1639 1611
f 1639 1638 1640
f 1639 1641 1642
f 1610 1643 1639
f 1641 1644 1645
f 1639 1646 1641
f 1647 1613 1615
f 1560 1617 1616
f 1613 1648 1618
f 1617 1648 1649
f 1620 1568 1650
f 1650 1651 1620
f 1621 1622 1652
f 1621 1652 1653
f 1579 1654 1624
f 1654 1579 1655
f 1331 1654 1656
f 1657 1329 1656
f 1658 1631 1635
f 1627 747 1634
f 1659 1660 1661
f 1636 1658 1662
f 1663 1664 1665
f 1637 1666 1640
f 1666 1637 1665
f 1667 1666 1668
f 1669 1670 1671
f 1667 1670 1640
f 1639 1670 1646
f 1672 1673 1674
f 1673 1675 1674
f 1676 1677 1673
f 1647 1615 1645
f 1644 1675 1678
f 1679 1680 1681
f 1679 1647 1678
f 1682 1679 1677
f 1683 1684 1685
f 1685 1686 1687
f 1688 1648 1681
f 1681 1680 1688
f 1649 1688 1689
f 1680 1690 1691
f 1687 1686 1691
f 1684 1692 1686
f 1692 1684 1693
f 1694 1693 1516
f 1649 1695 1617
f 1649 1689 1695
f 1696 1694 1515
f 1517 1460 1402
f 1697 1698 1651
f 1693 1694 1697
f 1698 1694 1699
f 1401 1396 1700
f 1700 1701 1696
f 1701 1622 1699
f 1696 1515 1700
f 1700 1702 1701
f 1652 1702 1703
f 1703 1704 1653
f 1704 1705 1655
f 1705 1704 1706
f 1703 1707 1704
f 1407 1708 1403
f 1708 1407 1706
f 1705 1706 1656
f 1709 1710 1711
f 861 1709 860
f 859 1710 861
f 1712 1713 1714
f 1715 1713 1716
f 1661 1635 1659
f 1634 748 1711
f 1659 1634 1660
f 1660 1711 1716
f 1717 1718 1719
f 1720 1721 1722
f 1662 1721 1723
f 1724 1713 1717
f 1721 1662 1661
f 1725 1726 1727
f 1719 1728 1729
f 1728 1719 1730
f 1720 1722 1664
f 1663 1723 1664
f 1719 1729 1664
f 1672 1674 1731
f 1732 1733 1665
f 1732 1729 1733
f 1726 1725 1733
f 1674 1734 1727
f 1674 1669 1734
f 1669 1675 1646
f 1725 1734 1668
f 1735 1736 1672
f 1736 1735 1737
f 1676 1673 1738
f 1682 1676 1690
f 1685 1687 1739
f 1676 1738 1739
f 1740 1454 1683
f 1683 1685 1740
f 908 1741 1742
f 1743 837 800
f 898 1744 909
f 1710 1745 1716
f 858 915 1710
f 1741 908 1743
f 1741 1743 1425
f 1746 1747 1425
f 1742 1748 1744
f 1742 1744 1749
f 1750 1748 1751
f 1752 913 909
f 909 1750 1753
f 1713 1712 1718
f 1715 1745 1754
f 1746 1425 1755
f 1486 1487 1755
f 1756 1751 1757
f 1758 1759 1751
f 1756 1760 1761
f 1730 1718 1762
f 1763 1764 1759
f 1765 1766 1762
f 1493 1491 1760
f 1756 1757 1767
f 1487 1768 1767
f 1751 1756 1758
f 1761 1769 1758
f 1770 1769 1771
f 1756 1767 1760
f 1727 1772 1731
f 1728 1773 1727
f 1761 1774 1772
f 1761 1772 1769
f 1775 1776 1777
f 1778 1779 1777
f 1780 1760 1781
f 1760 1780 1774
f 1782 1780 1783
f 1774 1782 1784
f 1784 1735 1731
f 1782 1783 1735
f 1495 1785 1781
f 1785 1736 1783
f 1786 1738 1785
f 1785 1495 1786
f 1508 1787 1786
f 1786 1788 1508
f 1787 1789 1739
f 1508 1509 1787
f 1512 1740 1509
f 1447 1454 1512
f 1742 1749 908
f 855 857 898
f 1715 1790 1714
f 1791 1790 1754
f 911 913 1791
f 1745 915 1792
f 910 911 1793
f 1791 1754 1792
f 1746 1794 1747
f 1795 1796 1753
f 1764 1766 1753
f 1764 1763 1766
f 1797 1763 1771
f 1766 1765 1795
f 1798 1799 1800
f 1801 1802 1800
f 1801 1803 1802
f 1801 1804 1775
f 1805 1777 1806
f 1806 1807 1808
f 1809 1808 1810
f 1811 1812 1813
f 1814 1815 1816
f 1817 1818 1814
f 1819 1820 1818
f 1821 1822 1823
f 1821 1824 1819
f 1821 1823 1824
f 1823 1825 1826
f 1827 1825 1828
f 1829 1830 1827
f 1827 1831 1829
f 1827 1828 1831
f 1832 1833 1834
f 1802 1835 1832
f 1834 1836 1837
f 1809 1838 1802
f 1809 1839 1838
f 1809 1803 1808
f 1810 1807 1840
f 1841 1842 1810
f 1810 1813 1841
f 1843 1815 1844
f 1845 1846 1844
f 1847 1848 1831
f 1847 1849 1848
f 1850 1851 1849
f 1850 1852 1851
f 1852 1850 1853
f 1853 1854 1852
f 1855 1856 1857
f 1023 1022 1858
f 1023 1858 1070
f 1070 1859 1109
f 1859 1858 1860
f 1836 1833 1860
f 1859 1860 1861
f 1833 1835 1862
f 1861 1862 1863
f 1838 1864 1865
f 1866 1867 1865
f 1867 1866 1868
f 1863 1869 1870
f 1871 1870 1867
f 1864 1839 1872
f 1873 1866 1872
f 1872 1874 1875
f 1875 1874 1876
f 1873 1875 1868
f 1867 1868 1871
f 1876 1877 1875
f 1876 1878 1877
f 1878 1879 1880
f 1874 1839 1881
f 1881 1809 1842
f 1882 1878 1883
f 1884 1879 1885
f 1886 1883 1841
f 1884 1885 1887
f 1888 1887 1845
f 1841 1812 1886
f 1843 1846 1886
f 1889 1890 1891
f 1892 1893 1894
f 1895 1848 1896
f 1895 1896 1897
f 1898 1892 1899
f 1898 1899 1900
f 1897 1894 1890
f 1897 1901 1894
f 1890 1889 1897
f 1902 1903 1904
f 1905 1902 1906
f 1896 1907 1904
f 1907 1908 1906
f 1909 1908 1896
f 1906 1910 1905
f 1911 1912 1913
f 1914 1915 1906
f 1915 1916 1913
f 1857 1914 1917
f 1916 1918 1913
f 1108 1109 1919
f 1919 1861 1870
f 1920 1921 1919
f 1871 1922 1870
f 1877 1923 1924
f 1925 1926 1884
f 1927 1891 1893
f 1928 1898 1929
f 1905 1912 1930
f 1911 1931 1912
f 1911 1918 1931
f 1932 1933 1916
f 1182 1106 1934
f 1935 1936 1937
f 1920 1919 1937
f 1922 1938 1939
f 1926 1940 1880
f 1922 1871 1941
f 1923 1877 1942
f 1927 1943 1944
f 1928 1945 1946
f 1943 1927 1946
f 1930 1947 1948
f 1949 1950 1948
f 1933 1932 1951
f 1952 1947 1951
f 1952 1953 1948
f 1954 1206 1955
f 1954 1956 1206
f 1957 1956 1958
f 1937 1939 1935
f 1955 1921 1936
f 1936 1958 1955
f 1936 1935 1958
f 1958 1959 1957
f 1960 1939 1961
f 1959 1962 1963
f 1962 1959 1960
f 1964 1965 1938
f 1964 1938 1941
f 1961 1965 1966
f 1965 1964 1967
f 1941 1924 1964
f 1964 1923 1968
f 1969 1970 1923
f 1969 1923 1942
f 1971 1940 1972
f 1970 1969 1973
f 1971 1972 1973
f 1974 1975 1976
f 1977 1974 1978
f 1979 1972 1977
f 1977 1980 1979
f 1981 1982 1983
f 1982 1981 1976
f 1981 1984 1978
f 1976 1985 1982
f 1986 1980 1978
f 1987 1988 1983
f 1943 1989 1988
f 1990 1984 1983
f 1990 1983 1991
f 1991 1989 1992
f 1946 1993 1943
f 1943 1994 1989
f 1945 1995 1996
f 1996 1997 1998
f 1928 1950 1945
f 1948 1928 1929
f 1995 1950 1999
f 1948 2000 1949
f 1951 2001 1952
f 1952 2002 1953
f 2003 2004 2005
f 1185 1956 1183
f 1963 2006 1957
f 1183 2006 2007
f 1963 1968 2008
f 1968 1962 1967
f 2008 2009 1963
f 1970 1973 2010
f 2008 2010 2011
f 2012 2013 2011
f 1970 2010 2014
f 2015 2016 2017
f 2010 1973 2018
f 1986 2016 1980
f 1986 2019 2016
f 2020 2021 2022
f 2019 1990 2023
f 2024 2025 1999
f 2026 2025 2023
f 2019 2023 2027
f 1999 1997 1995
f 2028 2029 1999
f 2030 2029 2031
f 2029 2030 2024
f 1953 2032 2000
f 2029 2028 1949
f 2033 2034 2032
f 2003 2002 2004
f 2032 2005 2033
f 2035 1238 2036
f 1183 2007 2036
f 1238 2035 2037
f 2038 2039 2040
f 2035 2036 2040
f 2041 2038 2042
f 2006 2009 2043
f 2044 2045 2046
f 2047 2012 2011
f 2048 2015 2049
f 2015 2048 2011
f 2050 2051 2052
f 2053 2054 2055
f 2024 2054 2027
f 2054 2053 2056
f 2053 2055 2057
f 2058 2059 2031
f 2033 2060 2034
f 2061 2062 2060
f 2043 2063 2042
f 2064 2041 2065
f 2009 2066 2063
f 2066 2009 2013
f 2067 2066 2068
f 2065 2063 2067
f 2064 2065 2067
f 2064 2067 2045
f 2013 2012 2068
f 2046 2012 2069
f 2070 2071 2069
f 2069 2072 2046
f 2069 2047 2070
f 2048 2049 2070
f 2070 2073 2071
f 2073 2049 2074
f 2075 2073 2076
f 2074 2017 2021
f 2074 2021 2076
f 2077 2021 2078
f 2050 2052 2079
f 2052 2080 2078
f 2081 2056 2079
f 2050 2082 2051
f 2083 2084 2082
f 2057 2084 2053
f 2084 2057 2085
f 2051 2086 2087
f 2055 2030 2057
f 2086 2084 2088
f 2089 2090 2085
f 2085 2059 2089
f 2058 2031 2091
f 2091 2092 2058
f 2093 2090 2092
f 2094 2091 2062
f 2061 2095 2062
f 2094 2093 2091
f 2095 2096 2094
f 2093 2097 2090
f 2098 245 2099
f 2100 2101 2099
f 2100 245 247
f 2102 2101 247
f 2103 243 2104
f 2103 250 243
f 2103 2105 250
f 2104 2106 2103
f 1626 2107 2106
f 2105 2107 2108
f 2109 250 2110
f 2110 2111 2109
f 2110 2108 2112
f 2110 2112 2111
f 2113 249 2114
f 2115 2116 2117
f 249 2113 253
f 253 2118 254
f 254 2118 255
f 253 2119 2118
f 2120 2121 2122
f 2121 2120 2123
f 2124 2118 2125
f 260 2126 2127
f 2127 2123 260
f 2124 2128 255
f 2129 2130 2128
f 2129 2128 2125
f 2131 2132 259
f 2132 2133 2134
f 2132 2134 2126
f 2134 2135 2136
f 2135 2134 2137
f 256 257 262
f 262 2138 2139
f 2140 2138 2130
f 2133 2141 2137
f 262 2139 261
f 2142 2143 2144
f 2142 2139 2143
f 2138 2140 2145
f 2146 2147 2148
f 2148 2149 2146
f 2146 2150 2141
f 2150 2149 2151
f 2144 264 2142
f 264 2152 2153
f 264 2153 263
f 2154 2155 2144
f 2156 2152 2157
f 2154 2143 2158
f 2159 2160 2161
f 2149 2162 2163
f 2147 234 269
f 269 2164 2148
f 2165 2160 2164
f 2162 2161 2166
f 277 2167 275
f 282 268 2168
f 2156 2169 2153
f 2170 2169 2157
f 2155 2171 2157
f 2160 2165 2172
f 2172 2165 2173
f 2172 2174 2160
f 236 275 2175
f 2176 2177 2178
f 2178 2167 2176
f 2179 2180 2173
f 2173 270 2177
f 2179 2173 2176
f 277 281 2167
f 282 2181 281
f 2182 2181 2168
f 2179 2176 2181
f 2179 2181 2182
f 2183 2182 2184
f 2182 2183 2179
f 2169 2184 2168
f 2170 2185 2169
f 2185 2186 2184
f 1328 2187 1326
f 1626 1625 2188
f 2101 2189 1328
f 2102 2190 2101
f 1626 2188 2107
f 2191 2192 2102
f 2113 2193 2194
f 2112 2195 2114
f 2113 2195 2193
f 2194 2196 2113
f 2197 2198 2117
f 2199 2197 2121
f 2199 2121 2127
f 2200 2201 2125
f 2201 2200 2202
f 2203 2204 2136
f 2127 2136 2199
f 2129 2201 2130
f 2203 2205 2206
f 2207 2208 2209
f 2201 2210 2140
f 2203 2135 2205
f 2209 2211 2210
f 2201 2207 2210
f 2211 2209 2158
f 2212 2213 2171
f 2151 2163 2214
f 2151 2214 2205
f 2158 2215 2171
f 2209 2216 2215
f 2217 2166 2218
f 2163 2166 2219
f 2218 2220 2217
f 2221 2222 2157
f 2223 2185 2222
f 2213 2224 2221
f 2225 2223 2224
f 2226 2227 2180
f 2172 2227 2174
f 2220 2218 2228
f 2228 2227 2229
f 2230 2226 2179
f 2230 2179 2231
f 2232 2233 2229
f 2232 2229 2230
f 2231 2234 2235
f 2231 2183 2234
f 2235 2236 2237
f 2232 2230 2238
f 2239 2238 2240
f 2185 2223 2186
f 2225 2236 2223
f 1359 2187 2241
f 2241 2242 2243
f 2244 1625 1657
f 2241 2189 2242
f 2242 2190 2192
f 2192 2245 2242
f 2192 2191 2245
f 2246 2247 2248
f 2249 2250 2251
f 2248 2191 2252
f 2253 2252 2115
f 2252 2254 2248
f 2255 2254 2253
f 2256 2196 2250
f 2115 2198 2253
f 2253 2257 2255
f 2258 2259 2260
f 2256 2260 2196
f 2199 2257 2197
f 2261 2257 2262
f 2263 2264 2265
f 2265 2200 2259
f 2265 2259 2263
f 2263 2266 2264
f 2267 2262 2199
f 2267 2268 2262
f 2201 2202 2269
f 2264 2270 2269
f 2268 2267 2271
f 2201 2269 2207
f 2272 2273 2269
f 2274 2273 2275
f 2276 2277 2206
f 2278 2279 2206
f 2280 2281 2282
f 2278 2282 2279
f 2278 2277 2280
f 2283 2284 2285
f 2283 2286 2287
f 2288 2208 2289
f 2216 2208 2290
f 2291 2288 2292
f 2291 2293 2294
f 2274 2293 2292
f 2214 2295 2276
f 2214 2296 2297
f 2298 2299 2285
f 2283 2285 2286
f 2283 2281 2284
f 2300 2301 2302
f 2302 2303 2304
f 2305 2300 2306
f 2213 2212 2307
f 2290 2308 2216
f 2301 2309 2307
f 2294 2303 2290
f 2308 2303 2307
f 2214 2219 2296
f 2219 2217 2299
f 2297 2296 2298
f 2310 2311 2299
f 2312 2311 2233
f 2313 2314 2312
f 2232 2238 2315
f 2316 2317 2318
f 2319 2320 2321
f 2240 2320 2322
f 2320 2305 2323
f 2324 2316 2325
f 2326 2224 2327
f 2326 2327 2319
f 2301 2300 2328
f 2305 2320 2328
f 2307 2309 2213
f 2311 2310 2329
f 2330 2313 2232
f 2313 2330 2314
f 2331 2330 2315
f 2231 2235 2240
f 2332 2239 2322
f 2239 2332 2325
f 2224 2326 2225
f 2321 2237 2319
f 2243 2333 2334
f 2335 2333 2336
f 1657 1412 2244
f 1412 1481 2337
f 1412 1657 1414
f 2338 2339 2243
f 2340 2341 2342
f 2341 2340 2337
f 1625 2244 2343
f 2245 2247 2338
f 2336 2344 2335
f 2345 2346 2342
f 2347 2348 2349
f 2346 2350 2244
f 2249 2350 2345
f 2339 2247 2336
f 2345 2342 2347
f 2254 2255 2351
f 2254 2351 2246
f 2256 2250 2349
f 2352 2353 2354
f 2355 2356 2357
f 2355 2357 2260
f 2355 2260 2349
f 2268 2358 2261
f 2268 2359 2358
f 2360 2361 2362
f 2357 2361 2258
f 2274 2275 2362
f 2275 2270 2360
f 2274 2362 2363
f 2268 2271 2364
f 2365 2281 2366
f 2271 2365 2364
f 2367 2368 2369
f 2370 2371 2369
f 2369 2372 2370
f 2274 2304 2293
f 2274 2373 2374
f 2270 2275 2272
f 2274 2292 2273
f 2283 2287 2366
f 2375 2376 2377
f 2375 2377 2378
f 2372 2376 2375
f 2379 2376 2369
f 2380 2312 2381
f 2312 2380 2286
f 2377 2382 2383
f 2317 2316 2378
f 2384 2385 2324
f 2324 2375 2316
f 2386 2372 2385
f 2384 2387 2385
f 2304 2388 2302
f 2305 2306 2387
f 2389 2306 2390
f 2386 2385 2390
f 2381 2391 2380
f 2317 2378 2391
f 2331 2315 2391
f 2325 2392 2324
f 2392 2332 2323
f 2392 2323 2384
f 2393 1478 1477
f 2394 2393 1410
f 1521 1476 1522
f 1478 1480 1475
f 1484 1522 1482
f 2395 2396 1483
f 1483 1482 2395
f 1409 2333 2394
f 2394 2335 2393
f 2335 2344 2397
f 2395 1480 2398
f 2395 2398 2396
f 2399 2341 2396
f 2344 2400 2401
f 2402 2403 2404
f 2401 2403 1479
f 2405 2406 2398
f 2342 2341 2406
f 2336 2246 2407
f 2408 2409 2407
f 2404 2410 2407
f 2409 2411 2404
f 2408 2412 2409
f 2413 2414 2405
f 2408 2351 2412
f 2411 2409 2412
f 2415 2416 2355
f 2355 2348 2415
f 2351 2358 2417
f 2359 2418 2354
f 2416 2419 2356
f 2420 2419 2421
f 2268 2364 2359
f 2422 2368 2423
f 2352 2418 2423
f 2424 2423 2425
f 2426 2427 2428
f 2424 2425 2427
f 2359 2429 2418
f 2364 2366 2429
f 2274 2363 2430
f 2367 2371 2425
f 2373 2430 2371
f 2427 2431 2363
f 2379 2432 2376
f 2422 2429 2432
f 2368 2422 2379
f 2432 2433 2434
f 2373 2371 2435
f 2386 2390 2370
f 1330 130 1580
f 130 1330 2104
f 1330 1626 2106
f 2436 2437 1856
f 2438 2439 2440
f 2436 2440 2437
f 2439 2441 2442
f 2437 2442 2443
f 2439 2438 2444
f 2445 2444 2446
f 2439 2444 2441
f 2445 2447 2444
f 2445 2448 2447
f 2445 2446 2448
f 2448 2449 2450
f 2451 2452 2453
f 2454 2455 2450
f 2449 2452 2454
f 2454 2451 2455
f 2456 2457 2453
f 2458 2457 2459
f 2459 2460 2461
f 2462 2463 2459
f 2463 2464 2460
f 2463 2462 2465
f 2465 2466 2463
f 2460 2467 2468
f 2464 2469 2467
f 2467 2470 2471
f 2466 2472 2464
f 2473 2469 2474
f 2469 2473 2470
f 2475 2476 2474
f 1914 2437 1932
f 1916 1915 1932
f 2437 2443 2477
f 2443 2478 2479
f 2480 2481 2482
f 2483 2442 2484
f 2485 2480 2486
f 2482 2442 2486
f 2485 2486 2487
f 2441 2447 2484
f 2482 2478 2442
f 2488 2489 2487
f 2487 2486 2488
f 2484 2455 2483
f 2483 2451 2490
f 2483 2490 2491
f 2458 2492 2490
f 2459 2461 2458
f 2492 2461 2468
f 2493 2494 2495
f 2476 2495 2473
f 2476 2475 2496
f 2472 2497 2474
f 2498 2499 2497
f 2500 2501 2499
f 2498 2502 2499
f 2501 2500 2503
f 2503 2504 2501
f 2505 2506 2503
f 2505 2503 2507
f 2508 2509 2507
f 2509 2510 2505
f 2479 2481 2511
f 2479 2511 2477
f 2512 2513 2480
f 2514 2513 2515
f 2512 2516 2515
f 2485 2487 2517
f 2485 2517 2516
f 2517 2489 2518
f 2519 2520 2521
f 2522 2489 2519
f 2483 2523 2488
f 2524 2523 2525
f 2526 2524 2527
f 2527 2528 2526
f 2483 2491 2525
f 2528 2527 2525
f 2529 2528 2530
f 2530 2531 2532
f 2531 2491 2533
f 2471 2491 2468
f 2534 2535 2536
f 2493 2533 2494
f 2537 2535 2538
f 2535 2537 2539
f 2540 2541 2542
f 2510 2543 2506
f 2543 2540 2542
f 2506 2542 2504
f 2544 2545 2546
f 1951 2544 2001
f 2511 2514 2544
f 2514 2515 2547
f 2547 2548 2514
f 2522 2549 2518
f 2001 2546 2004
f 2545 2548 2550
f 2547 2551 2548
f 2552 2553 2547
f 2552 2554 2553
f 2516 2518 2552
f 2554 2549 2555
f 2005 2556 2557
f 2557 2558 2005
f 2550 2559 2557
f 2560 2561 2550
f 2561 2562 2563
f 2562 2561 2551
f 2553 2564 2551
f 2555 2565 2553
f 2522 2566 2549
f 2567 2568 2555
f 2567 2566 2568
f 2569 2570 2571
f 2572 2569 2573
f 2569 2572 2570
f 2574 2575 2576
f 2558 2577 2060
f 2578 2577 2563
f 2579 2580 2581
f 2579 2581 2572
f 2582 2579 2575
f 2582 2583 2579
f 2584 2585 2586
f 2095 2061 2587
f 2587 2588 2095
f 2589 2590 2096
f 2096 2588 2589
f 2587 2577 2591
f 2591 2588 2587
f 2589 2592 2593
f 2594 2595 2596
f 2597 2595 2598
f 2597 2599 2595
f 2600 2601 2599
f 2599 2602 2600
f 2603 2604 2598
f 2605 2597 2606
f 2605 2602 2597
f 2606 2607 2608
f 2609 2602 2608
f 2609 2610 2602
f 2611 2612 2613
f 2609 2611 2610
f 2614 2615 2616
f 2616 2617 2614
f 2618 2619 2620
f 2621 2622 2623
f 2619 2624 2614
f 2618 2620 2625
f 2625 2626 2618
f 2627 2628 2629
f 2630 2631 2583
f 2632 2633 2629
f 2611 2609 2634
f 2635 2612 2634
f 2636 2637 2638
f 2616 2612 2637
f 2636 2639 2637
f 2622 2621 2617
f 2622 2617 2637
f 2640 2626 2641
f 2625 2621 2641
f 2642 2643 2626
f 2644 2629 2643
f 2631 2644 2642
f 2645 2644 2630
f 2629 2644 2632
f 2510 2509 2646
f 2647 2648 2646
f 2507 2509 2505
f 2509 2508 2649
f 2509 2649 2650
f 2646 2651 2652
f 2653 2543 2654
f 2648 2655 2656
f 2657 2651 2650
f 2646 2652 2647
f 2658 2659 2660
f 2658 2661 2659
f 2662 2663 2661
f 2663 2662 2664
f 2665 2666 2664
f 2667 2655 2668
f 2664 2669 2665
f 2666 2670 2668
f 2671 2672 2673
f 2674 2675 2654
f 2654 2510 2674
f 2510 2648 2674
f 2676 2677 2648
f 2674 2677 2675
f 2678 2679 2676
f 2648 2656 2676
f 2660 2655 2647
f 2680 2681 2656
f 2681 2682 2678
f 2683 2684 2685
f 2667 2670 2656
f 2686 2687 2670
f 2688 2681 2689
f 2690 2691 2680
f 2692 2690 2687
f 2673 2693 2686
f 2687 2693 2692
f 2694 2695 2672
f 2694 2696 2695
f 2697 2692 2698
f 2699 2700 2698
f 2698 2696 2699
f 2701 2702 2703
f 2701 2675 2704
f 2705 2683 2706
f 2702 2701 2707
f 2708 2704 2683
f 2704 2708 2709
f 2679 2684 2705
f 2683 2685 2708
f 2710 2711 2712
f 2708 2710 2709
f 2685 2713 2710
f 2682 2688 2714
f 2685 2715 2716
f 2685 2716 2713
f 2689 2691 2717
f 2717 2714 2689
f 2718 2714 2719
f 2719 2717 2720
f 2720 2721 2719
f 2691 2690 2722
f 2722 2723 2724
f 2692 2697 2690
f 2725 2721 2726
f 2700 2723 2697
f 2723 2700 2727
f 2699 2728 2729
f 2730 2731 2732
f 2733 2729 2731
f 2734 2735 2730
f 2735 2734 2736
f 2576 2737 2574
f 2707 2704 2709
f 2702 2707 2574
f 2738 2739 2712
f 2738 2740 2739
f 2741 2738 2742
f 2743 2741 2744
f 2713 2745 2711
f 2742 2745 2746
f 2742 2746 2744
f 2747 2748 2749
f 2750 2746 2718
f 2747 2749 2750
f 2749 2751 2744
f 2750 2718 2719
f 2747 2752 2753
f 2754 2755 2756
f 2747 2753 2748
f 2722 2724 2720
f 2726 2724 2757
f 2725 2758 2756
f 2758 2725 2759
f 2760 2761 2759
f 2731 2735 2733
f 2759 2736 2760
f 2574 2584 2575
f 2583 2582 2586
f 2762 2584 2574
f 2584 2762 2585
f 2740 2763 2762
f 2763 2740 2738
f 2763 2764 2765
f 2738 2741 2763
f 2764 2766 2767
f 2764 2767 2768
f 2769 2767 2770
f 2771 2766 2751
f 2751 2748 2771
f 2753 2772 2748
f 2773 2770 2772
f 2772 2774 2773
f 2755 2754 2774
f 2773 2774 2775
f 2776 2773 2777
f 2778 2779 2777
f 2776 2777 2780
f 2779 2781 2780
f 2779 2782 2781
f 2760 2778 2775
f 2783 2778 2784
f 2778 2783 2779
f 2785 2782 2784
f 2583 2586 2630
f 2586 2786 2787
f 2788 2789 2632
f 2790 2788 2791
f 2788 2790 2792
f 2793 2765 2794
f 2792 2795 2796
f 2797 2795 2798
f 2769 2799 2768
f 2770 2800 2769
f 2801 2794 2799
f 2800 2802 2799
f 2797 2798 2803
f 2803 2804 2797
f 2790 2794 2803
f 2776 2800 2773
f 2802 2800 2780
f 2802 2804 2801
f 2805 2806 2802
f 2807 2805 2808
f 2806 2805 2809
f 2793 2791 2787
f 2632 2645 2810
f 2810 2645 2787
f 2794 2790 2793
f 2793 2786 2765
f 2811 2812 2813
f 2814 2815 2812
f 2816 2817 2818
f 2818 2817 2819
f 2816 2818 2820
f 2821 2822 2823
f 2819 2823 2824
f 2823 2817 2821
f 2825 2826 2824
f 2825 2822 2827
f 2826 2827 2828
f 2829 2830 2831
f 2832 2833 2834
f 2835 2833 284
f 2834 2836 2832
f 2834 2835 2837
f 2836 2838 2839
f 2840 2839 2811
f 2841 292 2833
f 2833 2832 2842
f 2832 2839 2842
f 2842 2843 2841
f 2820 2844 2840
f 2818 2843 2844
f 2811 2813 2840
f 2845 2846 2815
f 2847 2848 2849
f 2848 2847 2850
f 2849 2843 2847
f 2819 2851 2818
f 2852 2815 2816
f 2853 2850 2854
f 2854 2851 2855
f 2854 2855 2856
f 2856 2857 2854
f 2827 2822 2858
f 2838 2837 2859
f 2811 2859 2812
f 283 2830 284
f 2860 2845 2814
f 2849 2861 2841
f 2861 2848 293
f 2846 2862 2816
f 2821 2863 2864
f 2821 2862 2863
f 2865 2858 2866
f 2821 2867 2866
f 2868 2869 2870
f 2870 2871 2866
f 2871 2869 2872
f 2873 2865 2872
f 2874 2873 2872
f 2872 2875 2876
f 2873 2874 2877
f 2834 2837 2836
f 2829 2878 2830
f 2812 2878 2814
f 2846 2845 2879
f 2860 2880 2879
f 2846 2879 2881
f 2882 2883 2846
f 296 2884 299
f 2883 2882 2885
f 2886 2887 2885
f 2883 2885 2863
f 2887 2888 2889
f 2821 2864 2867
f 2864 2890 2891
f 2890 2864 2892
f 2891 2893 2867
f 2894 2870 2893
f 2895 2868 2894
f 2893 2896 2894
f 2896 2893 2890
f 2894 2896 2895
f 2895 2897 2868
f 2898 2875 2897
f 2897 2895 2899
f 2900 2876 2898
f 2901 2902 2903
f 2904 2905 2906
f 2874 2902 2906
f 2907 2904 2908
f 2902 2901 2908
f 2829 2909 2878
f 2909 2910 2860
f 2881 2880 2911
f 2911 2912 2881
f 2912 2886 2882
f 2888 2913 2892
f 2914 2899 2903
f 2903 2900 2914
f 2915 2911 2916
f 2911 2915 2912
f 2912 2917 2886
f 2913 2917 2918
f 306 304 305
f 2917 2913 2887
f 2913 2919 2896
f 2918 2920 2913
f 2899 2921 2922
f 2919 2923 2922
f 2924 2901 2925
f 2924 2925 2926
f 2829 2831 2927
f 2928 2929 2829
f 2831 283 2930
f 2909 2929 2910
f 2931 2910 2932
f 2831 2930 2927
f 286 285 287
f 287 2933 2934
f 287 2935 288
f 2911 2936 2937
f 306 2938 298
f 2917 2915 2939
f 2940 2941 2939
f 2918 2941 2942
f 2943 2944 2945
f 2946 2947 2918
f 2948 2949 2950
f 2945 2949 306
f 2919 2951 2952
f 2919 2920 2951
f 2943 308 2953
f 2954 2955 2923
f 2956 2924 2926
f 2957 2958 2927
f 2959 2960 2961
f 2930 2962 2957
f 2963 2958 2964
f 2932 2965 2966
f 2931 2936 2910
f 2966 2967 2932
f 2968 2962 2969
f 2930 288 2969
f 288 2935 2970
f 2971 2937 2967
f 287 2934 2935
f 2972 2973 2974
f 2971 2967 2974
f 2971 2973 2937
f 2973 2972 2975
f 2975 2976 2973
f 2977 2915 2976
f 2977 2976 2978
f 2948 2979 306
f 2938 2979 2980
f 2939 2981 2940
f 2978 2981 2977
f 2981 2982 2983
f 2983 2984 2940
f 2942 2984 2985
f 2986 2984 2987
f 2988 2989 2990
f 2985 2986 2988
f 2946 2985 2947
f 2990 2991 2992
f 2988 2993 2947
f 2994 2952 2993
f 2944 2995 2949
f 2992 2996 2993
f 2997 2944 2953
f 2998 2999 2954
f 2998 3000 3001
f 308 3002 3003
f 3004 3005 3006
f 2998 3001 2999
f 3007 3001 3008
f 2955 2956 2926
f 3009 2956 2999
f 3001 3007 3009
f 2964 2957 3010
f 2928 2958 2961
f 2929 2928 2965
f 2962 2968 3011
f 3012 3013 3014
f 3012 2968 3013
f 3010 3015 3016
f 3017 3018 2961
f 2960 3019 3020
f 3018 3019 2959
f 2960 3021 2966
f 3022 3021 3020
f 288 2970 2969
f 3014 3015 3010
f 3023 3017 2963
f 3022 3020 3024
f 3025 3026 3027
f 3021 3022 2974
f 3028 2934 3029
f 3030 3031 3032
f 3031 3030 2980
f 3033 3022 3024
f 2950 3034 2980
f 2990 3035 2991
f 2950 3036 3034
f 3036 2995 3037
f 2944 2997 2995
f 2997 3038 3039
f 3040 3041 3042
f 3043 3044 3045
f 3041 3046 3047
f 3048 3043 3008
f 3017 3049 3018
f 3050 3051 3049
f 3051 3052 3053
f 3051 3050 3052
f 3033 3054 3035
f 3054 3055 3056
f 3056 3057 2991
f 3057 3055 3058
f 3059 3060 3061
f 3062 3063 3060
f 3048 3000 3064
f 3065 3060 3066
f 3067 3063 3044
f 3048 3064 3043
f 3043 3045 3068
f 3069 3070 3071
f 3070 3072 3073
f 3074 3071 3075
f 3076 3077 3075
f 3074 3078 3071
f 3073 3079 3075
f 3080 3081 3075
f 3078 3074 3077
f 3076 3081 3082
f 3083 3084 3085
f 3082 3086 3087
f 3087 3088 3089
f 3087 3089 3085
f 3083 3090 3084
f 3091 3092 3093
f 3094 3091 3095
f 3093 3096 3095
f 3097 3098 3099
f 3070 3100 3072
f 3072 3101 3079
f 3079 3102 3080
f 3102 3086 3081
f 3083 3103 3090
f 3104 3105 3090
f 3106 3107 3090
f 3094 3108 3109
f 3091 3094 3110
f 3111 3092 3110
f 3095 3098 3094
f 3108 3098 3112
f 3113 3096 3114
f 3115 3116 3099
f 3115 3099 3113
f 3117 3118 3099
f 2905 3119 2877
f 2905 3120 3119
f 3121 3122 3120
f 3100 3123 3101
f 3119 3124 3125
f 3102 3101 3125
f 3126 3127 3102
f 3102 3128 3086
f 3128 3102 3129
f 3128 3103 3089
f 3130 3128 3131
f 3132 3133 3134
f 3135 3114 3111
f 3120 2905 3121
f 3136 3137 3121
f 3124 3138 3139
f 3140 3124 3141
f 3142 3143 3140
f 3144 3142 3145
f 3146 3126 3142
f 3126 3146 3127
f 3147 3146 3144
f 3129 3127 3148
f 3149 3150 3148
f 3146 3147 3149
f 3148 3151 3129
f 3152 3130 3131
f 3153 3152 3154
f 3134 3128 3130
f 3104 3103 3134
f 3152 3155 3130
f 3156 3132 3155
f 3133 3132 3157
f 3157 3158 3133
f 3159 3104 3133
f 3104 3159 3160
f 3159 3158 3161
f 3162 3163 3161
f 3105 3164 3111
f 3160 3165 3164
f 3166 3165 3163
f 3104 3160 3105
f 3165 3166 3167
f 3113 3114 3115
f 3168 3169 3170
f 3171 3135 3172
f 3135 3116 3115
f 3172 3164 3167
f 2924 3136 2907
f 3173 3174 3175
f 3154 3176 3153
f 3153 3177 3152
f 322 311 320
f 3178 3156 3177
f 3178 3177 3179
f 327 320 3180
f 329 327 3181
f 3182 3158 3183
f 3183 3157 3178
f 3183 3184 3182
f 3181 3180 3185
f 3182 3162 3158
f 3186 3187 3162
f 3182 3188 3162
f 3163 3187 3166
f 3189 3187 3190
f 3168 3170 3189
f 3189 3190 3168
f 3136 2924 3191
f 3191 3192 3136
f 3137 3192 3145
f 3144 3193 3147
f 3147 3194 3150
f 3144 3145 3193
f 3195 3196 3197
f 3151 3148 3154
f 317 313 3198
f 316 319 3198
f 3199 3200 3153
f 3201 324 328
f 3183 3178 3184
f 3168 3202 3169
f 308 307 3002
f 3191 2956 3203
f 3204 3192 3203
f 3175 3205 307
f 3192 3204 3206
f 3207 3208 3206
f 3173 3175 309
f 3209 3194 3208
f 3173 3195 3210
f 3198 3211 317
f 317 3212 3197
f 325 3213 3214
f 3214 3211 3198
f 3186 3188 3199
f 324 3215 325
f 324 3201 3215
f 3200 3188 3179
f 3216 3217 3186
f 3218 3219 3168
f 3220 3221 3002
f 3220 3205 3221
f 3007 3222 3223
f 3009 3223 3203
f 3224 3207 3223
f 3205 3175 3225
f 3225 3226 3227
f 3228 3224 3229
f 3224 3222 3230
f 3208 3207 3224
f 3228 3209 3208
f 3209 3231 3194
f 3212 3232 3197
f 3233 3211 3234
f 3235 3201 330
f 3186 3218 3190
f 3217 3236 3218
f 3237 3238 3239
f 3046 3240 3047
f 3240 3238 3241
f 3227 3242 3225
f 3046 3227 3240
f 3238 3240 3243
f 3244 3237 3245
f 3007 3244 3222
f 3227 3246 3243
f 3243 3247 3239
f 3248 3247 3249
f 3229 3230 3250
f 3174 3251 3226
f 3246 3252 3249
f 3246 3251 3252
f 3253 3254 3229
f 3173 3210 3174
f 3254 3255 3256
f 3257 3210 3258
f 3258 3232 3259
f 3259 3212 3233
f 3260 3261 3262
f 3263 3264 3265
f 3234 3266 3233
f 3260 3267 3261
f 3234 3213 3268
f 3269 3262 3266
f 3262 3269 3270
f 3271 3262 3272
f 3215 3273 3268
f 3274 3273 3235
f 3275 3276 3274
f 3235 3277 3274
f 3278 3279 3280
f 3281 3282 3283
f 3284 3285 3217
f 3286 3281 3287
f 3288 3289 3290
f 3291 3283 3284
f 3047 3241 3068
f 3237 3244 3241
f 3250 3292 3249
f 3293 3294 3254
f 3293 3253 3295
f 3252 3296 3295
f 3297 3255 3298
f 3297 3298 3299
f 3300 3301 3298
f 3299 3298 3302
f 3303 3264 3299
f 3303 3304 3265
f 3305 3306 3261
f 3307 3308 3305
f 3308 3307 3265
f 3263 3307 3309
f 3267 3310 3305
f 3311 3263 3309
f 3310 3267 3312
f 3262 3313 3260
f 3314 3315 3316
f 3268 3269 3234
f 3276 3317 3268
f 3276 3275 3317
f 3318 3270 3317
f 3319 3320 3270
f 3270 3321 3272
f 3322 3323 3324
f 3325 3326 3274
f 3280 3325 3277
f 3327 3318 3326
f 3328 3329 3327
f 3319 3270 3327
f 3291 3323 3287
f 3280 3277 3278
f 3326 3325 3330
f 3280 3331 3330
f 3327 3326 3328
f 3330 3332 3328
f 3319 3329 3333
f 3286 3334 3281
f 3331 3279 3290
f 3335 3332 3290
f 3329 3332 3336
f 3333 3337 3319
f 3338 3339 3334
f 3282 3339 3340
f 3335 3289 3336
f 3333 3341 3337
f 3283 3282 3342
f 3313 3314 3312
f 3343 3314 3344
f 3272 3345 3271
f 3322 3343 3345
f 3321 3323 3345
f 3320 3346 3321
f 3346 3320 3347
f 3319 3348 3347
f 3319 3349 3348
f 3347 3286 3346
f 3347 3350 3286
f 3337 3351 3352
f 3337 3352 3349
f 3352 3353 3354
f 3355 3353 3338
f 3356 3357 3358
f 3358 3359 3356
f 3342 3340 3360
f 3358 3361 3359
f 3362 3363 3364
f 3363 3362 3112
f 3365 3118 3364
f 3365 3097 3118
f 3366 3367 3368
f 3369 3370 3371
f 3372 3369 3373
f 3362 3364 3373
f 3373 3364 3374
f 3116 3375 3117
f 3369 3372 3370
f 3372 3373 3376
f 3370 3376 3377
f 3378 3377 3379
f 3380 3381 3378
f 3379 3382 3378
f 3383 3380 3384
f 3383 3385 3380
f 3383 3386 3385
f 3386 3383 3387
f 3388 3389 3390
f 3388 3391 3389
f 3392 3393 3389
f 3394 3395 3396
f 3397 3395 3398
f 3398 3399 3397
f 3400 3401 3397
f 3402 3403 3404
f 3403 3405 3406
f 3407 3408 3409
f 3407 3409 3410
f 3108 3362 3371
f 3411 3412 3368
f 3412 3411 3413
f 3414 3411 3415
f 3416 3417 3367
f 3417 3416 3371
f 3411 3414 3413
f 3417 3418 3419
f 3374 3420 3376
f 3421 3422 3423
f 3424 3414 3425
f 3417 3426 3418
f 3417 3370 3381
f 3427 3428 3426
f 3429 3430 3428
f 3417 3381 3431
f 3427 3426 3431
f 3432 3433 3429
f 3434 3432 3428
f 3435 3432 3436
f 3433 3432 3437
f 3431 3434 3427
f 3431 3438 3434
f 3431 3439 3440
f 3390 3439 3388
f 3436 3438 3441
f 3442 3443 3441
f 3435 3436 3444
f 3444 3441 3445
f 3444 3445 3437
f 3440 3446 3442
f 3438 3431 3442
f 3447 3439 3385
f 3446 3448 3443
f 3449 3448 3445
f 3450 3448 3451
f 3452 3446 3440
f 3453 3396 3454
f 3390 3454 3440
f 3452 3455 3456
f 3457 3451 3458
f 3459 3460 3440
f 3454 3395 3461
f 3453 3393 3396
f 3462 3394 3463
f 3455 3464 3465
f 3466 3457 3465
f 3440 3461 3459
f 3452 3460 3455
f 3394 3462 3398
f 3467 3468 3462
f 3467 3462 3463
f 3465 3464 3469
f 3470 3471 3472
f 3469 3473 3465
f 3474 3473 3471
f 3459 3472 3460
f 3459 3401 3475
f 3476 3470 3459
f 3404 3400 3402
f 3399 3398 3477
f 3402 3399 3478
f 3479 3480 3481
f 3482 3471 3481
f 3483 3484 3480
f 3474 3471 3484
f 3470 3476 3481
f 3485 3476 3486
f 3486 3475 3406
f 3402 3478 3403
f 3487 3488 3489
f 3490 3474 3483
f 3487 3491 3488
f 3491 3479 3492
f 3480 3487 3483
f 3481 3476 3479
f 3405 3493 3494
f 3406 3494 3486
f 3493 3405 3495
f 3405 3403 3496
f 3405 3496 3495
f 3496 3497 3498
f 3488 3499 3500
f 3491 3492 3501
f 3502 3492 3494
f 3502 3494 3503
f 3503 3493 3410
f 3495 3498 3410
f 3504 3499 3501
f 3499 3504 3505
f 3501 3492 3504
f 3409 3506 3503
f 3502 3507 3508
f 3410 3509 3407
f 3172 3510 3171
f 3171 3421 3375
f 3375 3116 3171
f 3429 3425 3430
f 3375 3423 3420
f 3511 3512 3513
f 3513 3514 3515
f 3516 3445 3450
f 3435 3444 3437
f 3393 3392 3463
f 3517 3450 3457
f 3468 3467 3518
f 358 354 3490
f 3468 3519 3520
f 3519 3497 3477
f 3489 364 3483
f 3489 3500 364
f 3521 3522 3497
f 3523 3524 3525
f 3522 3526 3498
f 3499 3505 367
f 3527 3509 3525
f 3528 3413 3529
f 3171 3530 3421
f 3202 3531 3510
f 3202 3219 3531
f 3530 3531 3532
f 333 3424 331
f 3532 3533 3421
f 3534 3512 3533
f 3533 3532 3535
f 3535 3536 3533
f 3433 343 331
f 3536 3537 3534
f 3515 3538 3537
f 3516 349 3437
f 3450 3517 351
f 342 343 349
f 351 3516 3450
f 3539 3518 3540
f 3541 3542 3543
f 3544 3545 3543
f 3540 3546 3547
f 3542 3548 3547
f 3539 3549 3518
f 3549 3550 3468
f 3551 3539 3547
f 3549 3539 3552
f 3552 3553 3549
f 3457 3466 3517
f 3473 3474 3466
f 3550 3554 3519
f 3555 3554 3553
f 358 3490 359
f 359 364 363
f 3556 3557 3521
f 3521 3554 3556
f 3521 3558 3522
f 3557 3559 3558
f 3558 3523 3526
f 3559 3560 3524
f 371 368 438
f 3561 3562 3563
f 3561 3536 3535
f 3537 3536 3563
f 3564 3515 3563
f 3515 3564 3565
f 3566 3541 3567
f 3568 3565 3545
f 3566 3548 3541
f 3569 3551 3570
f 3571 3569 3572
f 3571 3572 3573
f 3573 3553 3571
f 3555 3553 3574
f 3574 3575 3555
f 3575 3576 3556
f 3576 3575 3577
f 3574 3573 3575
f 3576 3578 3557
f 3579 3578 3577
f 3559 3578 3560
f 3580 3581 3560
f 3581 3580 3582
f 3578 3579 3580
f 3535 3531 3561
f 3561 3583 3584
f 3585 3586 3587
f 3588 3567 3564
f 3589 3572 3590
f 3591 3589 3592
f 3589 3593 3577
f 3236 3583 3219
f 3594 3586 3595
f 3594 374 3586
f 3583 3596 3597
f 3561 3584 3562
f 3585 3587 378
f 376 3587 337
f 337 3598 338
f 3599 3600 3585
f 3564 3563 3588
f 381 3601 3585
f 3585 378 381
f 3588 3602 3567
f 383 384 3603
f 383 3604 381
f 383 3605 3604
f 3566 3602 3592
f 3591 3606 3589
f 384 386 3607
f 388 394 3608
f 389 388 3607
f 3593 3609 3579
f 384 3607 3603
f 3579 3610 3611
f 391 476 393
f 3285 3596 3236
f 3596 3612 3613
f 3613 3614 3615
f 3616 3615 3617
f 3597 3618 3584
f 3613 3616 3597
f 3619 3618 3616
f 3618 3619 3620
f 3620 3619 3621
f 3622 3623 3617
f 3601 3624 3599
f 3621 3588 3562
f 3623 3625 3621
f 3623 3622 3625
f 3625 3626 3588
f 3627 3628 3626
f 3605 3603 3629
f 3629 3630 3605
f 3602 3626 3631
f 3591 3592 3632
f 3633 3634 3635
f 3593 3606 3634
f 3636 3606 3632
f 3593 3634 3609
f 394 393 3608
f 3610 3609 3637
f 3637 3638 3639
f 3640 3641 3642
f 3611 3643 3582
f 3594 3644 3288
f 3288 3645 3289
f 3645 3644 3646
f 3646 3647 3333
f 3333 3289 3646
f 3283 3342 3612
f 3612 3596 3283
f 3594 3595 3644
f 3648 3649 3644
f 3649 3650 3651
f 3651 3652 3653
f 3333 3647 3654
f 3612 3655 3614
f 3648 3656 3649
f 3657 3341 3654
f 3658 3655 3612
f 3659 3660 3655
f 3661 3656 3595
f 3661 3662 3656
f 3663 3662 3664
f 3649 3651 3647
f 3665 3666 3667
f 3664 3666 3663
f 3668 3650 3669
f 3670 3671 3669
f 3672 3652 3673
f 3674 3673 3668
f 3675 3674 3668
f 3622 3615 3676
f 3665 3667 3599
f 3677 3670 3666
f 3678 3679 3670
f 3679 3678 3680
f 3676 3627 3625
f 3681 3624 3604
f 3666 3665 3677
f 3677 3624 3630
f 3670 3677 3678
f 3663 3650 3662
f 3679 3680 3682
f 3629 3683 3630
f 3684 3685 3683
f 3683 3686 3684
f 3683 3629 3687
f 3688 3689 3690
f 3691 3692 3693
f 3607 3694 3695
f 3696 3687 3695
f 3695 3697 3696
f 3698 3693 3699
f 3687 3696 3686
f 3694 3608 3697
f 3697 3700 3701
f 3699 3696 3701
f 3702 3703 3704
f 3704 3705 3700
f 3699 3706 3707
f 3640 3702 3641
f 3705 3703 3707
f 3699 3708 3709
f 3341 3657 3361
f 3360 3361 3710
f 3711 3712 3710
f 3713 3659 3658
f 3659 3713 3653
f 3713 3658 3712
f 3659 3653 3660
f 3655 3714 3715
f 3672 3714 3660
f 3715 3672 3716
f 3614 3717 3676
f 3717 3674 3718
f 3676 3718 3627
f 3668 3671 3675
f 3718 3675 3719
f 3627 3719 3720
f 3679 3721 3671
f 3721 3720 3722
f 3723 3720 3724
f 3679 3682 3721
f 3631 3628 3723
f 3631 3723 3725
f 3682 3726 3724
f 3727 3728 3726
f 3729 3730 3724
f 3725 3730 3728
f 3727 3685 3731
f 3725 3728 3732
f 3727 3731 3728
f 3733 3734 3735
f 3736 3731 3689
f 3688 3732 3689
f 3733 3690 3737
f 3738 3739 3690
f 3686 3692 3738
f 3740 3739 3741
f 3742 3734 3737
f 3692 3691 3741
f 3742 3741 3743
f 3744 3693 3745
f 3743 3691 3744
f 3746 3747 3748
f 3746 3734 3743
f 3746 3743 3747
f 3699 3749 3698
f 3750 3747 3745
f 3751 3750 3749
f 3748 3750 3752
f 3753 3749 3709
f 3709 3754 3755
f 3709 3755 3753
f 3756 3757 3758
f 3753 3758 3749
f 3759 3760 3761
f 3762 3763 3764
f 3762 3765 3766
f 3764 3408 3762
f 3507 3763 3767
f 3768 3766 3769
f 3770 3771 3768
f 3772 3773 3770
f 3774 3775 3776
f 3777 3778 3779
f 3780 3781 3782
f 3783 3784 3785
f 3765 3408 3527
f 3525 3769 3765
f 3786 3787 3788
f 3788 3789 3786
f 3788 3504 3502
f 3506 3763 3502
f 3502 3508 3790
f 3766 3768 3767
f 3769 3772 3768
f 3787 3786 3791
f 3791 3792 437
f 3790 3793 3794
f 3502 3790 3789
f 3792 3795 3796
f 3791 3793 3792
f 3793 3790 3795
f 3797 3798 3799
f 3776 3782 3774
f 3773 3777 3800
f 3801 3796 3798
f 3796 444 3792
f 3508 3802 3797
f 3784 3802 3803
f 3803 3802 3782
f 3782 3781 3803
f 3780 3778 3781
f 3798 3804 3801
f 396 3801 399
f 3805 3806 399
f 3807 3808 3804
f 3804 3798 3807
f 3802 3784 3809
f 3785 3810 3783
f 3778 3777 3811
f 3812 3813 3814
f 3806 3805 3814
f 3815 3813 3816
f 3808 3817 3814
f 3802 3809 3807
f 3809 3818 3808
f 3818 3809 3819
f 3784 3783 3820
f 3821 3822 3823
f 3824 3825 3816
f 3818 3816 3817
f 3824 3816 3826
f 3826 3818 3827
f 3828 3829 3830
f 3831 3832 3833
f 3834 3835 3829
f 3822 3821 3832
f 3836 3837 3838
f 3838 3839 3836
f 3840 3839 3827
f 3819 3835 3841
f 3842 3835 3843
f 3844 3843 3845
f 3846 3847 3845
f 3848 3844 3849
f 3840 3850 3836
f 3837 3836 3851
f 3852 3850 3853
f 3841 3854 3819
f 3842 3843 3848
f 3855 3856 3848
f 3848 3849 3855
f 3857 3851 3852
f 3858 3859 3852
f 3860 3859 3861
f 3862 3863 3858
f 3864 3865 3863
f 3858 3852 3862
f 3866 3867 3868
f 3868 3841 3856
f 3868 3869 3841
f 3861 3863 3870
f 3862 3853 3864
f 3870 3865 3871
f 3869 3872 3864
f 3869 3868 3873
f 3874 3873 3875
f 3870 3871 3860
f 3876 3871 3877
f 3877 3878 3879
f 3876 3880 3871
f 3878 3877 3872
f 3872 3869 3878
f 3869 3881 3882
f 3883 3881 3874
f 3876 3877 3884
f 3879 3885 3884
f 3876 3884 3880
f 3885 3879 3886
f 3887 3888 3889
f 3890 3891 3892
f 3890 3892 3893
f 3889 3894 3887
f 3886 3895 3885
f 3895 3896 3894
f 3893 3897 3890
f 3893 3898 3897
f 3896 3899 3900
f 3525 3901 3902
f 3787 437 3505
f 3772 3769 3525
f 3773 3902 3777
f 3773 3772 3902
f 3813 3815 3806
f 3810 3811 3823
f 3825 3903 3815
f 3904 3905 3903
f 3906 3825 3838
f 3907 3906 3908
f 3907 3904 3906
f 3837 3851 3908
f 3840 3827 3853
f 3859 3860 3909
f 3859 415 3857
f 3869 3864 3854
f 3909 3910 423
f 430 3888 3911
f 3888 3887 3911
f 3912 3894 3900
f 3886 3913 3895
f 3914 3891 3915
f 3916 3917 3914
f 3891 3914 3882
f 3899 3896 3918
f 3912 3900 3919
f 3882 3914 3886
f 3920 3897 3921
f 3897 3920 3915
f 3525 3922 3901
f 3923 3924 3925
f 3901 3926 3927
f 3926 3928 3929
f 3929 3923 3927
f 3925 3930 3923
f 3902 3930 3931
f 399 3932 452
f 3933 3934 3930
f 3932 3905 452
f 3821 3931 3935
f 3936 3937 3934
f 3938 3939 3937
f 3904 3907 400
f 3905 3904 400
f 3907 3908 413
f 413 3940 3907
f 415 3859 3909
f 3909 418 414
f 430 3910 3888
f 3910 430 426
f 430 3911 431
f 432 431 3941
f 3922 3942 3926
f 3943 3944 3928
f 3929 3944 3923
f 3945 3924 3946
f 3947 3933 3945
f 3947 3948 3933
f 3945 3946 3947
f 3934 3948 3936
f 3949 3950 3947
f 3951 3952 3953
f 3949 3954 3950
f 3953 3954 3951
f 3937 3936 3952
f 3955 3956 3957
f 3958 3955 3959
f 3958 3960 3955
f 3956 3955 3961
f 3960 3962 3963
f 3964 3965 3966
f 3967 3968 3969
f 3970 3971 3972
f 3922 3581 3942
f 3973 3943 3974
f 3924 3944 3943
f 3924 3943 3975
f 3947 3976 3949
f 3977 3954 3978
f 3979 3980 3949
f 3951 3977 3959
f 3981 3958 3977
f 3982 3983 3958
f 3962 3984 3966
f 3985 3986 3967
f 3967 3966 3985
f 3969 3987 3988
f 3987 3969 3989
f 3971 3987 3990
f 519 526 483
f 3976 3991 3992
f 3946 3975 3976
f 3993 529 3994
f 506 487 492
f 482 506 3994
f 3977 3978 3995
f 3977 3995 3981
f 3958 3981 3982
f 3958 3984 3960
f 3985 3984 3996
f 3997 3998 3985
f 3968 3999 4000
f 4001 4002 4003
f 4004 4002 3968
f 3968 4000 4004
f 3640 3642 527
f 4005 4006 3582
f 3581 4006 4007
f 476 505 527
f 4008 3974 4007
f 3974 4009 3973
f 3974 4008 4009
f 4010 3991 4011
f 4012 3992 4013
f 518 483 529
f 4014 3980 3979
f 4014 4015 3980
f 533 4016 4017
f 506 496 4018
f 4019 4020 3982
f 535 534 4017
f 3996 3983 4021
f 4021 4022 3996
f 4023 3997 4022
f 4023 4024 3997
f 4025 4026 4024
f 4027 3986 4026
f 4025 4028 4026
f 3968 3986 4029
f 4030 4031 4032
f 4033 4028 4032
f 3968 4029 4034
f 3968 4034 3999
f 4033 4032 4035
f 4031 4036 4035
f 521 4037 4038
f 4000 4039 4040
f 4041 4039 4000
f 527 4042 3640
f 3702 4043 3703
f 4044 4043 4042
f 4045 4046 4047
f 3703 3708 3707
f 4044 4047 4043
f 4048 4042 524
f 4042 4048 4044
f 4046 523 4049
f 4050 4051 4052
f 4053 528 4049
f 528 531 4051
f 4054 4055 4056
f 4011 4057 4010
f 4050 4052 4058
f 4059 4058 531
f 4060 4061 4013
f 4054 4061 4055
f 4055 4060 4010
f 4062 530 3993
f 4063 530 4064
f 4063 4058 530
f 4065 4066 4067
f 4068 4069 4070
f 4013 4069 4012
f 4014 4069 4015
f 4071 3994 4072
f 4071 4073 4062
f 4074 4073 4075
f 4076 4077 4074
f 4078 4079 4080
f 4072 4081 4073
f 4018 4016 4072
f 4075 4081 4082
f 4083 4084 4074
f 4019 3995 4068
f 4016 4085 4072
f 4086 4085 533
f 4087 4076 4084
f 533 532 4086
f 4088 532 4089
f 4090 4088 4089
f 4089 536 4091
f 4092 4093 4091
f 4094 4095 4096
f 4097 4098 4099
f 4100 4094 4038
f 4101 4102 4103
f 3761 3754 3759
f 4104 3759 4105
f 4106 3760 4107
f 4104 4108 3759
f 4109 4110 4108
f 4111 4112 4113
f 4114 4115 4116
f 4046 4045 523
f 4117 4116 4118
f 4117 4119 4120
f 4121 4065 4122
f 4065 4121 4123
f 4124 4125 4126
f 4127 4128 4124
f 4067 4129 4122
f 4126 4129 4124
f 4077 4076 4130
f 4131 4078 4130
f 4077 4130 4067
f 4130 4127 4129
f 4132 4128 4080
f 4133 4079 4078
f 4076 4087 4131
f 4134 4087 4135
f 4134 4133 4131
f 4133 4134 4136
f 4136 4137 4133
f 4135 4138 4136
f 4138 4139 4136
f 4140 4135 4141
f 4142 4138 4140
f 4142 4143 4144
f 4142 4140 4143
f 4092 4145 4093
f 4143 4146 4147
f 4146 4143 4145
f 4145 4092 4148
f 4149 4148 4150
f 4151 4095 4152
f 4099 4152 4097
f 4153 4154 4095
f 4155 4156 4097
f 4152 4154 4097
f 4104 4157 4108
f 4158 4110 4115
f 4159 4114 4117
f 4160 4161 4162
f 4163 4164 4165
f 4161 4160 4165
f 4166 4165 4167
f 4161 4165 4168
f 4167 4164 4169
f 4164 4170 4169
f 4167 4171 4166
f 4172 4171 4173
f 4174 4175 4169
f 4174 4176 4175
f 4176 4174 4177
f 4178 4179 4180
f 4172 4181 4182
f 4182 4179 4183
f 4184 4185 4173
f 4186 4176 4177
f 4187 4188 4189
f 4190 4191 4180
f 4180 4181 4190
f 4192 4176 4184
f 4186 4193 4184
f 4194 4195 4196
f 4197 4188 4198
f 4188 4187 4198
f 4199 4200 4201
f 4194 4202 4203
f 4194 4203 4201
f 4204 4205 4198
f 4205 4204 4199
f 4206 4207 4208
f 4200 4204 4185
f 4209 4210 4211
f 4212 4213 4209
f 4214 4215 4216
f 4209 4211 4214
f 4217 3899 4218
f 3917 4219 4218
f 4220 4221 4219
f 4220 4219 4222
f 4219 4223 4217
f 4224 4225 4226
f 4226 4227 4228
f 4229 4230 4228
f 4228 4231 4232
f 4228 4232 4229
f 4233 4232 4234
f 4235 4236 4234
f 4237 4238 4239
f 4240 4241 4242
f 4243 4241 4244
f 4245 4238 4246
f 4242 4243 4246
f 4240 4247 4248
f 4248 4249 4240
f 4250 4244 4251
f 4252 4253 4254
f 4250 4255 4244
f 4245 4246 4253
f 4256 4257 4258
f 4259 4260 4250
f 4261 4259 4251
f 4261 4262 4259
f 4263 4254 4264
f 4265 4266 4267
f 4254 4266 4268
f 4269 4266 4270
f 4258 4255 4256
f 4253 4271 4270
f 4272 4255 4260
f 4273 4274 4275
f 4273 4260 4274
f 4274 4262 4162
f 4160 4276 4163
f 4277 4276 4162
f 4278 4267 4279
f 4183 4279 4256
f 4272 4168 4172
f 4164 4163 4170
f 4170 4280 4281
f 4281 4282 4283
f 4170 4284 4280
f 4285 4286 4177
f 4172 4182 4183
f 4287 4278 4183
f 4185 4187 4173
f 4256 4272 4183
f 4288 4285 4283
f 4286 4196 4186
f 4289 4290 4291
f 4287 4179 4292
f 4172 4173 4181
f 4194 4196 4293
f 4294 4295 4291
f 4191 4197 4296
f 4293 4297 4194
f 4298 4197 4299
f 4202 4300 4301
f 4302 4300 4297
f 4198 4207 4299
f 4217 4303 3919
f 4303 4223 4304
f 4222 3917 4305
f 3918 3913 3917
f 4306 3920 4307
f 4306 3916 3920
f 4308 4309 4305
f 4221 4310 4304
f 3916 4306 4311
f 942 928 4312
f 4313 4230 4314
f 4313 4224 4230
f 4308 4225 4309
f 4224 4313 4309
f 3916 4311 4315
f 4305 3916 4315
f 4316 4225 4315
f 4229 4317 942
f 4225 4316 4227
f 4230 4229 4314
f 4231 4227 4318
f 4319 4320 4321
f 4315 4322 4316
f 4315 4323 4322
f 4324 4321 4323
f 4324 4325 4321
f 4231 4318 4326
f 4327 4235 4326
f 4328 4329 4320
f 4320 4330 4328
f 4319 4325 4330
f 4330 4325 4331
f 4236 4235 4332
f 4236 4332 4333
f 4318 4328 4327
f 4334 4335 4327
f 4334 4328 4336
f 4328 4318 4329
f 4337 4335 4338
f 4336 4339 4334
f 4331 4340 4341
f 4342 4339 4340
f 4343 4344 4345
f 4346 4237 4347
f 4237 4348 4247
f 4349 4350 4351
f 4248 4348 4350
f 4352 4353 4349
f 4332 4354 4355
f 4356 4357 4332
f 4354 4357 4358
f 4356 4359 4357
f 4335 4334 4338
f 4338 4339 4342
f 4360 4361 4239
f 4360 4362 4345
f 4252 4362 4239
f 4253 4252 4245
f 4363 4364 4365
f 4350 4353 4248
f 4248 4364 4249
f 4366 4367 4365
f 4366 4368 4367
f 4367 4369 4363
f 4370 4371 4372
f 4358 4373 4374
f 4375 4376 4337
f 4377 4378 4379
f 4252 4254 4263
f 4251 4364 4261
f 4363 4380 4261
f 4381 4382 4369
f 4372 4383 4381
f 4384 4382 4385
f 4284 4384 4386
f 4386 4385 4387
f 4388 4389 968
f 4373 4390 4391
f 4390 4373 4392
f 4392 4393 4394
f 4395 4396 4397
f 4396 4393 4398
f 4268 4399 4264
f 4384 4284 4277
f 4387 4400 4386
f 4401 4402 4403
f 4402 4389 4404
f 4390 4392 4403
f 4404 4388 4390
f 4403 4394 4401
f 4393 4396 4405
f 4406 4405 4407
f 4408 4409 4407
f 4395 4410 4409
f 4411 4412 4413
f 4265 4267 4413
f 4413 4399 4265
f 4280 4400 4282
f 4400 4414 4415
f 4416 4290 4417
f 1005 4417 1006
f 4389 4402 1005
f 4416 4417 4401
f 4401 4394 4416
f 4407 4418 4406
f 4419 4420 4288
f 1007 1006 4291
f 4421 4294 4290
f 4421 4422 4294
f 4423 4422 4418
f 4424 4418 4425
f 4418 4424 4423
f 4426 4413 4278
f 1013 1007 4427
f 4428 4295 4429
f 4429 4430 4431
f 4432 4411 4426
f 4296 4298 4292
f 4287 4292 4426
f 4428 4427 4295
f 4433 4427 4434
f 1013 4427 1026
f 4429 4431 4428
f 4429 4422 4430
f 4430 4423 4435
f 4436 4437 4423
f 4432 4426 4438
f 4299 4439 4298
f 1024 1026 4440
f 4441 4442 4431
f 4443 4444 4435
f 4445 4446 4447
f 4438 4439 4448
f 4438 4449 4450
f 3912 4304 3941
f 921 4304 926
f 4312 927 4310
f 942 4312 4314
f 4324 4323 4451
f 4324 4452 4325
f 4452 4324 4453
f 945 4317 4333
f 4454 4347 4455
f 4237 4456 4348
f 4237 4346 4456
f 4456 4457 4351
f 4345 4458 4343
f 4459 4454 4344
f 4351 4460 4349
f 4352 4349 4461
f 4461 4462 4368
f 4355 956 4333
f 4374 959 4355
f 4376 4398 4359
f 4343 4459 4344
f 4371 4370 4463
f 4358 4464 4392
f 4465 4466 4337
f 4467 4468 4469
f 4470 4468 4379
f 4471 4385 4383
f 4472 4371 4463
f 4371 4472 4383
f 4471 4414 4387
f 4389 1005 980
f 4389 980 968
f 4393 4464 4398
f 4410 4395 4473
f 4473 4397 4466
f 4469 4474 4467
f 4378 4399 4470
f 4412 4475 4470
f 4405 4406 4394
f 4409 4476 4425
f 4475 4477 4478
f 4411 4479 4412
f 4415 4414 4480
f 4480 4481 4415
f 4475 4479 4477
f 4420 4482 4285
f 4481 4483 4419
f 4432 4484 4411
f 4484 4432 4485
f 4436 4486 4437
f 4438 4450 4432
f 4441 4431 4487
f 3970 4001 4488
f 4311 4306 4451
f 4489 4490 4491
f 4453 4491 4492
f 4493 4452 4492
f 4454 4494 4347
f 4495 4496 4497
f 4498 4499 4493
f 4492 4500 4493
f 4501 4498 4502
f 4492 4503 4500
f 4502 4504 4494
f 4459 4501 4454
f 4505 4504 4500
f 4505 4497 4504
f 4346 4506 4457
f 4340 4331 4507
f 4452 4499 4507
f 4342 4340 4508
f 4498 4501 4459
f 4343 4509 4510
f 4499 4459 4510
f 4511 4512 4461
f 4513 4512 4460
f 4342 4508 4465
f 4509 4458 4514
f 4507 4510 4508
f 4508 4515 4516
f 4514 4517 4509
f 4463 4462 4513
f 4516 4518 4465
f 4466 4465 4519
f 4516 4517 4518
f 4345 4468 4458
f 4520 4521 4472
f 4414 4471 4521
f 4522 4523 4524
f 4473 4519 4410
f 4410 4525 4476
f 4526 4527 4528
f 4529 4525 4518
f 4530 4474 4469
f 4475 4531 4532
f 4414 4521 4480
f 4520 4533 4521
f 4534 4535 4480
f 4536 4535 4537
f 4533 4538 4534
f 4538 4533 4539
f 4539 4540 4538
f 4541 4525 4542
f 4475 4478 4531
f 4543 4544 4545
f 4522 4544 4539
f 4425 4541 4424
f 4542 4546 4541
f 4547 4548 4549
f 4477 4484 4549
f 4550 4551 4552
f 4553 4554 4551
f 4555 4552 4546
f 4556 4557 4558
f 4424 4554 4486
f 4559 4560 4485
f 4561 4560 4450
f 4562 4560 4563
f 4554 4553 4564
f 4565 4566 4450
f 4554 4567 4486
f 4568 4569 4570
f 4571 4567 4564
f 4572 4566 4565
f 4002 4001 3990
f 4573 4488 4574
f 4575 4573 4576
f 4574 4003 4577
f 4577 4578 4574
f 4576 4490 4575
f 4578 4579 4576
f 4490 4579 4580
f 4581 4582 4580
f 4496 4583 4584
f 4585 4506 4584
f 4347 4497 4346
f 4497 4505 4495
f 4586 4505 4581
f 4586 4587 4505
f 4587 4588 4495
f 4457 4506 4460
f 4506 4585 4589
f 4589 4585 4590
f 4591 4592 4589
f 4591 4593 4592
f 4513 4589 4472
f 4594 4529 4514
f 4514 4474 4595
f 4596 4597 4598
f 4599 4600 4598
f 4596 4600 4601
f 4602 4523 4603
f 4604 4595 4530
f 4594 4528 4529
f 4527 4526 4605
f 4606 4526 4604
f 4607 4605 4599
f 4600 4608 4609
f 4605 4607 4610
f 4611 4612 4613
f 4611 4614 4612
f 4603 4523 4520
f 4615 4616 4542
f 4527 4610 4542
f 4610 4617 4615
f 4618 4616 4615
f 4611 4619 4614
f 4611 4613 4620
f 4478 4548 4613
f 4621 4622 4623
f 4522 4624 4544
f 4522 4524 4625
f 4626 4623 4624
f 4627 4626 4625
f 4628 4555 4616
f 4618 4629 4616
f 4630 4629 4631
f 4621 4632 4622
f 4628 4633 4555
f 4634 4550 4633
f 4633 4628 4630
f 4635 4634 4630
f 4636 4485 4637
f 4638 4639 4636
f 4636 4637 4638
f 4638 4640 4641
f 4642 4643 4640
f 4643 4644 4645
f 4622 4646 4624
f 4622 4647 4646
f 4648 4649 4635
f 4649 4650 4651
f 4652 4634 4635
f 4562 4642 4637
f 4562 4563 4642
f 4653 4553 4652
f 4564 4653 4654
f 4654 4655 4650
f 4656 4650 4657
f 4655 4653 4651
f 4658 4659 4561
f 4659 4658 4644
f 4660 4644 4661
f 4662 4663 4661
f 4564 4654 4571
f 4664 4665 4571
f 4656 4664 4654
f 4656 4666 4664
f 4667 4658 4566
f 4566 4572 4667
f 4668 4669 4667
f 4667 4670 4658
f 4669 4671 4670
f 4661 4670 4672
f 4673 4674 4675
f 4004 4676 4677
f 4004 4677 4577
f 4578 4677 4579
f 4678 4580 4676
f 4679 4678 4680
f 4678 4681 4580
f 4581 4503 4582
f 4581 4681 4682
f 4683 4586 4682
f 4586 4683 4587
f 4587 4684 4588
f 4588 4685 4583
f 4684 4683 4686
f 4687 4683 4688
f 4689 4690 4686
f 4589 4590 4591
f 4590 4691 4692
f 4693 4694 4695
f 4696 4693 4697
f 4698 4689 4696
f 4688 4693 4687
f 4696 4697 4698
f 4686 4687 4689
f 4689 4699 4690
f 4700 4701 4692
f 4702 4703 4700
f 4701 4703 4591
f 4702 4704 4703
f 4705 4593 4704
f 4695 4597 4697
f 4596 4601 4698
f 4706 4699 4619
f 4707 4708 4709
f 4709 4710 4707
f 4711 4712 4707
f 4712 4713 4704
f 4714 4602 4715
f 4716 4715 4705
f 4705 4713 4716
f 4713 4712 4717
f 4699 4718 4719
f 4720 4721 4722
f 4721 4720 4723
f 4722 4711 4724
f 4721 4723 4725
f 4721 4725 4726
f 4523 4727 4728
f 4727 4714 4729
f 4729 4730 4727
f 4731 4730 4725
f 4731 4732 4730
f 4733 4607 4598
f 4734 4735 4736
f 4737 4629 4618
f 4737 4617 4733
f 4732 4731 4738
f 4739 4627 4740
f 4741 4740 4742
f 4741 4732 4743
f 4739 4740 4744
f 4743 4745 4744
f 4746 4737 4735
f 4737 4746 4631
f 4747 4748 4749
f 4743 4750 4745
f 4751 4752 4753
f 4732 4738 4743
f 4754 4755 4752
f 4756 4745 4757
f 4623 4758 4621
f 4758 4757 4759
f 4757 4752 4760
f 4760 4761 4759
f 4762 4632 4759
f 4631 4763 4648
f 4631 4648 4630
f 4764 4748 4765
f 4755 4754 4766
f 4767 4768 4769
f 4762 4767 4632
f 4762 4761 4767
f 4770 4771 4768
f 4649 4648 4772
f 4660 4663 4773
f 4774 4775 4765
f 4774 4776 4775
f 4765 4777 4778
f 4779 4771 4780
f 4781 4771 4755
f 4781 4782 4780
f 4766 4783 4755
f 4784 4785 4662
f 4775 4776 4784
f 4775 4784 4786
f 4787 4784 4788
f 4789 4790 4791
f 4765 4792 4777
f 4792 4775 4786
f 4783 4777 4790
f 4793 4794 4795
f 4796 4782 4795
f 4797 4798 4796
f 4799 4657 4800
f 4672 4788 4661
f 4801 4672 4802
f 4787 4801 4786
f 4789 4803 4804
f 4805 4806 4802
f 4807 4808 4809
f 4803 4789 4791
f 4789 4804 4808
f 4795 4810 4789
f 4789 4811 4795
f 4812 4798 4813
f 4797 4814 4813
f 4796 4794 4797
f 4004 4040 4815
f 4039 4102 4816
f 4817 4037 1139
f 4818 4680 4676
f 4816 4819 4040
f 4820 4821 4680
f 4680 4818 4820
f 4678 4679 4681
f 4821 4822 4679
f 4822 4823 4681
f 4824 4825 4682
f 4825 4826 4688
f 4824 4827 4825
f 4684 4686 4828
f 4828 4829 4685
f 4585 4583 4691
f 4830 4583 4831
f 4826 4694 4693
f 4825 4832 4826
f 4706 4828 4690
f 4706 4833 4828
f 4834 4831 4708
f 4708 4707 4700
f 4692 4830 4834
f 4834 4708 4700
f 4835 4694 4836
f 4706 4837 4838
f 4829 4833 4709
f 4839 4840 4709
f 4841 4839 4838
f 4841 4842 4839
f 4836 4843 4835
f 4597 4695 4835
f 4736 4733 4843
f 4844 4845 4724
f 4844 4846 4845
f 4844 4724 4840
f 4842 4846 4840
f 4847 4720 4845
f 4736 4848 4734
f 4749 4849 4850
f 4847 4845 4850
f 4749 4851 4849
f 4720 4847 4852
f 4849 4853 4852
f 4854 4753 4853
f 4853 4851 4854
f 4855 4854 4764
f 4856 4855 4778
f 4752 4751 4754
f 4754 4751 4856
f 4631 4857 4763
f 4776 4774 4785
f 4766 4856 4858
f 4777 4783 4858
f 4859 4800 4772
f 4772 4763 4859
f 4781 4783 4782
f 4800 4860 4861
f 4811 4862 4793
f 4863 4794 4864
f 4865 4100 4817
f 4817 4866 4865
f 4867 4153 4868
f 4095 4094 4153
f 4101 4869 4816
f 1139 1186 4817
f 4870 4871 4872
f 4873 4818 4819
f 4819 4874 4873
f 1145 1207 1186
f 4869 4875 4876
f 4877 4878 4820
f 4874 4877 4873
f 4879 4877 4876
f 4880 4879 4881
f 4881 4875 4882
f 4821 4878 4822
f 4880 4878 4879
f 4824 4823 4827
f 4880 4881 4883
f 4884 4885 4886
f 4884 4886 4887
f 4827 4883 4887
f 4886 4888 4889
f 4890 4891 4892
f 4893 4894 4895
f 4894 4896 4895
f 4897 4898 4889
f 4827 4887 4832
f 4899 4900 4897
f 4901 4897 4888
f 4896 4901 4888
f 4897 4901 4902
f 4903 4904 4905
f 4832 4898 4906
f 4906 4900 4905
f 4907 4908 4909
f 4907 4910 4908
f 4911 4912 4913
f 4914 4915 4902
f 4905 4899 4903
f 4916 4903 4917
f 4917 4915 4916
f 4918 4914 4911
f 4919 4920 4918
f 4921 4922 4923
f 4919 4924 4920
f 4925 4926 4836
f 4843 4926 4736
f 4926 4922 4848
f 4915 4914 4923
f 4927 4921 4928
f 4929 4930 4919
f 4924 4931 4932
f 4735 4734 4933
f 4848 4921 4934
f 4927 4935 4934
f 4927 4928 4935
f 4932 4936 4935
f 4937 4931 4930
f 4938 4939 4931
f 4746 4940 4857
f 4940 4746 4933
f 4940 4936 4941
f 4942 4943 4938
f 4944 4945 4941
f 4946 4942 4947
f 4948 4949 4859
f 4945 4944 4948
f 4944 4943 4948
f 4942 4946 4948
f 4950 4951 4952
f 4950 4860 4949
f 4953 4860 4952
f 4872 4094 4865
f 4865 4954 4872
f 4153 4867 4955
f 4154 4955 4155
f 4956 4957 4958
f 4155 4958 4156
f 4870 4954 4959
f 4960 4961 4962
f 4868 4963 4867
f 4964 4957 4963
f 1207 4961 4959
f 4960 4871 4961
f 4965 4963 4868
f 4868 4871 4960
f 4963 4965 4964
f 4965 4966 4967
f 4968 4969 1188
f 4969 4968 4962
f 4970 4968 1208
f 4962 4971 4960
f 4970 4972 4973
f 4960 4974 4966
f 4975 4976 4974
f 4882 4976 4977
f 4882 4967 4976
f 4973 4971 4970
f 1211 1210 4972
f 4972 4970 1211
f 4973 4978 4979
f 4979 4980 4973
f 4979 4981 4980
f 4960 4980 4974
f 4982 4983 4974
f 4881 4984 4884
f 4882 4985 4881
f 4985 4882 4977
f 4986 4987 4984
f 4986 4988 4987
f 4989 4990 1210
f 4991 4992 4979
f 4981 4993 4994
f 4885 4995 4892
f 4984 4987 4885
f 4995 4996 4890
f 4987 4997 4995
f 4998 4999 4997
f 4989 1212 4990
f 1212 5000 5001
f 5002 4991 5001
f 4991 5003 4992
f 4893 4891 5004
f 5004 5005 4893
f 4890 5006 5004
f 4999 5007 4996
f 4907 4909 5002
f 5002 5000 4907
f 5008 5009 5010
f 5010 5003 5011
f 5012 5013 4909
f 5014 5009 5005
f 5015 5016 5017
f 5010 5018 4894
f 4896 5018 4901
f 5018 4912 4901
f 5018 5010 5016
f 1213 4910 1195
f 1213 1214 4910
f 5011 5013 5016
f 4912 5018 4913
f 5019 4913 5015
f 5015 5017 5020
f 5021 5017 5022
f 5023 4918 5019
f 5024 5025 5026
f 1217 5024 5027
f 1218 1221 5025
f 5012 4908 5026
f 5024 1217 5025
f 5028 5026 5029
f 5013 5012 5028
f 5013 5028 5022
f 5029 5030 5031
f 5022 5031 5021
f 4929 4919 5023
f 5015 5020 5019
f 5032 5033 5029
f 4937 4930 5034
f 1221 1224 5032
f 1224 1225 5035
f 5032 5035 5033
f 4938 4931 5036
f 5037 1223 1227
f 4938 5036 5038
f 1230 1232 5037
f 5039 5040 5041
f 5042 1225 5041
f 4942 4938 5038
f 4946 4947 4951
f 1235 5039 1232
f 5039 5043 5044
f 5039 1235 5045
f 5046 5043 5045
f 5047 4994 5048
f 5049 5050 5051
f 5047 4983 4994
f 4975 4983 4977
f 4986 5052 4988
f 5053 4998 4988
f 5053 5052 5047
f 5053 5054 4998
f 4981 4994 4982
f 4998 5055 4999
f 4998 5056 5055
f 5057 5058 5051
f 4993 4981 5059
f 5059 4992 5014
f 5059 5057 4993
f 5007 5060 5006
f 5059 5061 5062
f 4992 5003 5009
f 5014 5005 5061
f 5063 5005 5004
f 5063 5064 5061
f 5065 5031 5066
f 5066 4929 5023
f 5020 5021 5065
f 5023 5020 5065
f 5033 5067 5030
f 4929 5066 5034
f 5068 5067 5069
f 4937 5034 5068
f 5068 5069 5070
f 5042 5071 5035
f 5071 5072 5070
f 5040 5073 5041
f 5038 5072 5074
f 5038 5074 5075
f 5042 5073 5071
f 5038 5075 4947
f 5076 5040 5044
f 5076 5044 5075
f 5077 5078 5044
f 5079 5077 5046
f 5080 5078 5081
f 5078 5077 5082
f 5053 5047 5054
f 5048 5050 5049
f 5054 5083 5056
f 5056 5084 5085
f 5060 5007 5085
f 5060 5085 5086
f 5058 5057 5087
f 5064 5063 5088
f 5086 5089 5060
f 5090 4297 5091
f 5092 5091 4293
f 5093 5094 5091
f 5094 5095 5090
f 5095 5094 5096
f 5097 5098 5099
f 4297 5090 4302
f 5100 5095 5101
f 5102 5103 5104
f 5095 5096 5102
f 5105 5106 5107
f 5093 5108 5094
f 5109 5110 5111
f 5110 5109 5096
f 5109 5111 5106
f 5112 5113 5114
f 4482 4420 5115
f 5116 5117 4483
f 5115 5118 5119
f 4482 5120 5121
f 5119 5120 5115
f 4285 5093 5092
f 5093 4482 5108
f 5108 5121 5122
f 5110 5108 5123
f 5122 5124 5123
f 5125 5126 5122
f 5127 5110 5123
f 5128 5111 5129
f 5130 5131 5123
f 5131 5129 5127
f 5132 5114 5128
f 5133 5132 5134
f 5133 5134 5135
f 5136 5118 5117
f 5119 5136 5137
f 5116 4543 5117
f 5136 5117 4545
f 5138 5136 4545
f 5120 4557 5125
f 5137 5138 4557
f 5126 5125 4556
f 5139 5130 5124
f 5140 4556 5141
f 4556 5142 5139
f 5142 5134 5129
f 5142 5129 5143
f 4556 5144 5142
f 5145 5135 5146
f 5147 5135 5148
f 4647 4767 5149
f 5150 5140 5151
f 5149 4769 5152
f 5152 5153 5151
f 5154 5150 5155
f 5156 5144 5150
f 5156 5157 5144
f 5150 5154 5156
f 5157 5156 5158
f 5159 5145 5157
f 5160 5159 5158
f 4798 4812 5155
f 4813 5161 4812
f 5158 5161 5162
f 4797 5163 4814
f 5158 5162 5160
f 5164 5165 5166
f 5167 5164 5166
f 5168 5169 5170
f 5168 5170 5171
f 5168 5172 5169
f 5173 5174 5175
f 5176 5177 5175
f 4206 5178 4207
f 4210 5179 4208
f 5180 5181 5182
f 4209 4214 4212
f 5183 5184 4213
f 5185 5183 4212
f 5186 5187 4206
f 5186 5188 5189
f 5186 4206 5188
f 5188 5179 5190
f 4210 4208 4199
f 5186 5189 5187
f 5191 5179 4213
f 5191 5184 5192
f 5193 5189 5190
f 5194 5193 5195
f 5196 5189 5197
f 5197 5193 5198
f 5199 5195 5200
f 5192 5200 5191
f 5200 5201 5199
f 5195 5199 5194
f 5202 5203 5204
f 5205 5201 5206
f 5203 5207 5208
f 5207 5201 5208
f 5201 5205 5209
f 5210 5211 5212
f 5210 5212 5213
f 5208 5214 5215
f 5216 5212 5217
f 5218 5219 5214
f 5214 5208 5218
f 5220 5221 5219
f 5213 5216 5222
f 5210 5213 5223
f 5213 5222 5223
f 5217 5224 5216
f 5225 5164 5226
f 5227 5164 5222
f 5177 5228 5229
f 5167 5229 5226
f 5176 5175 5230
f 5228 5177 5176
f 5231 5232 5233
f 5174 5234 5230
f 5235 5236 4299
f 5178 5187 5237
f 5237 5238 5178
f 5197 5239 5196
f 5237 5196 5240
f 5241 5239 5242
f 5198 5204 5243
f 5197 5198 5239
f 5244 5245 1776
f 1778 5245 1779
f 5246 5247 5248
f 5208 5246 5203
f 5249 5250 5248
f 5251 5246 5215
f 5252 5247 5246
f 5225 5253 5251
f 5225 5251 5223
f 5253 5254 5255
f 5256 5253 5257
f 5258 5259 5256
f 5260 5261 5262
f 5226 5261 5225
f 5258 5257 5260
f 5263 5264 5262
f 5176 5233 5228
f 5233 5265 5266
f 5267 5265 5232
f 5268 5269 5270
f 5271 5272 5273
f 5273 5232 5231
f 5269 5274 5267
f 5267 5232 5269
f 5275 5276 5277
f 5277 5268 5278
f 5279 5280 5278
f 5281 4440 4442
f 5282 5281 5283
f 1837 1025 5282
f 1024 4440 1025
f 5284 4446 4444
f 4448 5236 5285
f 4449 4448 5285
f 1800 1832 1798
f 1798 1834 5282
f 5286 5287 4447
f 5288 5289 5290
f 1799 1798 5283
f 5283 4445 1799
f 5291 5292 5293
f 5287 5294 5295
f 5287 5286 5294
f 5296 5297 5294
f 5240 5290 5237
f 5240 5298 5290
f 5241 5299 5240
f 5298 5300 5288
f 5301 5300 5299
f 1804 1801 5292
f 1776 1804 5244
f 5291 5302 5292
f 5295 5303 5304
f 5305 5306 5307
f 5308 5309 5310
f 5241 5242 5299
f 5299 5311 5301
f 5311 5312 5313
f 5305 5308 5306
f 5242 5243 5314
f 5312 5250 5315
f 1806 1779 1807
f 5316 1813 1840
f 5316 1840 5317
f 5318 5245 1840
f 5250 5249 5319
f 5249 5247 5319
f 5320 5321 5319
f 5252 5322 5323
f 5320 5247 5323
f 5324 5323 5325
f 5323 5324 5320
f 1816 1811 5316
f 1816 5316 5326
f 5327 1814 5326
f 5322 5254 5325
f 5328 5329 5325
f 5330 1817 5327
f 1822 5331 5330
f 5259 5332 5333
f 5259 5258 5334
f 5335 5329 5334
f 5264 5258 5260
f 5263 5266 5336
f 5337 5338 5339
f 5340 5341 5339
f 5340 5274 5341
f 5341 5276 5342
f 5343 5275 5278
f 5276 5275 5344
f 5345 5346 5343
f 5278 5347 5343
f 5348 5349 5350
f 5345 5343 5351
f 5352 5351 5348
f 4445 5283 4441
f 4487 4446 4441
f 4443 4570 4444
f 4570 5353 5284
f 4570 5354 5353
f 4568 4570 4437
f 5355 4565 5356
f 4445 5287 5293
f 4447 5353 5286
f 5357 5296 5358
f 5359 5355 5356
f 5355 5360 5361
f 5296 5357 5297
f 5355 5359 5362
f 5300 5301 5362
f 5295 5304 5293
f 5310 5363 5364
f 5301 5313 5365
f 5365 5366 5367
f 5362 5365 5368
f 5307 5306 5369
f 5304 5307 5293
f 5370 5244 5369
f 5308 5310 5371
f 5371 5372 5373
f 5313 5315 5366
f 5317 5245 5370
f 5369 5302 5307
f 5370 5374 5317
f 5370 5375 5374
f 5376 5373 5375
f 5375 5377 5378
f 5321 5379 5380
f 5367 5379 5381
f 5374 5382 5383
f 5384 5385 5386
f 5383 5387 5388
f 5384 5387 5385
f 5378 5389 5386
f 5378 5377 5389
f 5390 5391 5324
f 5390 5392 5391
f 5326 5393 5327
f 5393 5326 5383
f 5394 5395 5396
f 5395 5397 5388
f 5383 5388 5393
f 5387 5384 5396
f 5396 5389 5398
f 5399 5400 5390
f 5327 5401 5330
f 5402 5403 5404
f 5405 5397 5402
f 5393 5405 5401
f 5406 5394 5407
f 5335 5390 5329
f 5408 5409 5404
f 1822 5330 5409
f 5409 5410 5411
f 5403 5412 5404
f 5413 5414 5402
f 5415 5414 5416
f 5258 5264 5417
f 5418 5410 1828
f 5408 5419 5409
f 5419 5408 5420
f 5412 5415 5420
f 5420 5421 5422
f 5415 5416 5421
f 5263 5423 5264
f 5423 5424 5417
f 5425 1847 1831
f 5419 5426 5410
f 5421 5427 5428
f 5419 5420 5426
f 5422 5428 5429
f 5426 5422 5430
f 5431 5338 5432
f 5433 5423 5336
f 5425 5426 5434
f 5425 5434 5435
f 5434 5430 5436
f 5437 5438 5436
f 5439 5437 5429
f 5437 5439 5440
f 5341 5342 5337
f 5441 5442 5443
f 5433 5336 5431
f 1853 5444 5445
f 5446 5445 5447
f 5448 5446 5447
f 5446 5448 5449
f 5450 5438 5448
f 5448 5451 5449
f 5337 5452 5432
f 5453 5452 5342
f 5346 5453 5344
f 5454 5455 5456
f 5449 5457 5458
f 5458 5459 5456
f 5460 5453 5345
f 5461 1856 1854
f 5454 5462 5455
f 5454 5463 5462
f 5456 5464 5454
f 5345 5351 5352
f 5465 5466 5352
f 5467 4569 5468
f 5469 5470 5471
f 5472 5473 5474
f 4668 4572 5473
f 5475 4565 5355
f 5364 5476 5477
f 5478 5472 5361
f 5364 5357 5358
f 4569 5476 5354
f 5355 5362 5360
f 5479 5362 5368
f 5480 5481 5482
f 5483 5481 5484
f 5485 5364 5486
f 5484 5487 5483
f 5484 5368 5487
f 5488 5489 5483
f 5490 5491 5489
f 5364 5485 5310
f 5485 5492 5493
f 5381 5494 5495
f 5381 5488 5367
f 5496 5490 5381
f 5381 5495 5496
f 5496 5497 5491
f 5496 5498 5497
f 5485 5493 5372
f 5495 5499 5498
f 5500 5501 5502
f 5494 5391 5499
f 5501 5503 5504
f 5501 5504 5502
f 5493 5505 5398
f 5506 5400 5507
f 5504 5392 5506
f 5506 5508 5504
f 5509 5510 5511
f 5407 5512 5413
f 5513 5514 5515
f 5516 5517 5511
f 5507 5514 5511
f 5516 5514 5518
f 5516 5518 5517
f 5414 5413 5519
f 5519 5427 5416
f 5520 5521 5424
f 5522 5518 5523
f 5524 5525 5523
f 5520 5424 5526
f 5523 5521 5524
f 5527 5524 5526
f 5524 5527 5525
f 5433 5431 5528
f 5528 5529 5530
f 5423 5433 5526
f 5527 5526 5530
f 5530 5531 5532
f 5440 5451 5437
f 5431 5432 5529
f 5432 5443 5533
f 5531 5529 5534
f 5534 5533 5535
f 5441 5443 5536
f 5537 5538 5539
f 5457 5451 5440
f 5540 5538 5541
f 5460 5542 5453
f 5452 5453 5536
f 5541 5542 5540
f 5543 5544 5545
f 5543 5464 5544
f 5546 5466 5547
f 5547 5548 5546
f 5471 5476 5467
f 5468 4665 5467
f 5549 5471 5550
f 5550 5551 5549
f 5551 5552 5553
f 5473 5554 4668
f 5555 5554 5472
f 5554 4675 4669
f 5556 5557 5555
f 4673 4675 5555
f 5477 5470 5558
f 5559 5469 5549
f 5558 5469 5560
f 5559 5561 5560
f 5555 5472 5556
f 5556 5562 5557
f 5557 5563 5564
f 5477 5558 5486
f 5565 5558 5566
f 5563 5567 5568
f 5567 5563 5562
f 5485 5569 5570
f 5486 5565 5571
f 5572 5573 5574
f 5575 5576 5573
f 5491 5577 5489
f 5485 5570 5492
f 5571 5578 5486
f 5485 5578 5569
f 5578 5571 5579
f 5492 5570 5580
f 5569 5579 5581
f 5581 5582 5569
f 5580 5583 5584
f 5585 5586 5584
f 5587 5588 5580
f 5589 5590 5591
f 5592 5497 5591
f 5592 5593 5497
f 5509 5590 5510
f 5594 5595 5493
f 5594 5492 5588
f 5594 5588 5596
f 5596 5597 5598
f 5588 5587 5596
f 5599 5600 5509
f 5505 5595 5601
f 5598 5602 5601
f 5603 5599 5509
f 5509 5517 5522
f 5519 5505 5604
f 5605 5606 5522
f 5607 5608 5609
f 5605 5522 5607
f 5522 5525 5608
f 5440 5519 5610
f 5611 5612 5532
f 5440 5439 5427
f 5531 5613 5532
f 5614 5615 5616
f 5617 5613 5534
f 5613 5617 5611
f 5459 5457 5545
f 5618 5545 5619
f 5545 5618 5543
f 4673 5620 4674
f 4674 5620 4805
f 4806 5621 4804
f 5622 5623 5621
f 5622 5620 5623
f 5621 4806 5622
f 4862 4811 4807
f 5624 4862 4807
f 5625 5163 4863
f 4863 4864 5625
f 5626 4864 5624
f 5627 5628 5553
f 5552 4799 4861
f 5557 5564 4673
f 5623 5564 5629
f 5623 5629 5630
f 5631 5632 5629
f 5633 4809 5632
f 5163 5625 5634
f 5633 5635 5636
f 5636 5634 5626
f 5626 5624 5636
f 5635 5633 5637
f 5638 5628 5639
f 5640 5641 5632
f 5640 5632 5642
f 5637 5641 5643
f 5644 5637 5645
f 5633 5624 4809
f 5576 5575 5639
f 5627 5646 5639
f 5647 5646 5648
f 5638 5575 5566
f 5593 5649 5577
f 5650 5642 5568
f 5645 5643 5649
f 5644 5645 5651
f 5644 5652 5637
f 5653 5644 5654
f 5655 5576 5656
f 5655 5656 5657
f 5658 5656 5647
f 5657 5658 5585
f 5649 5593 5645
f 5593 5592 5651
f 5654 5644 5659
f 5586 5660 5587
f 5661 5660 5585
f 5662 5592 5591
f 5662 5663 5664
f 5665 5666 5667
f 5664 5667 5659
f 5597 5668 5602
f 5661 5668 5660
f 5599 5669 5600
f 5666 5665 5669
f 5667 5663 5665
f 5670 5671 5659
f 5672 5669 5603
f 5672 5673 5669
f 5672 5603 5674
f 5666 5673 5670
f 5673 5675 5676
f 5673 5672 5675
f 5677 5601 5678
f 5668 5679 5678
f 5674 5606 5680
f 5675 5681 5682
f 5682 5681 5683
f 5680 5684 5685
f 5684 5680 5607
f 5686 5604 5677
f 5687 5688 5689
f 5607 5609 5684
f 5688 5683 5684
f 5687 5690 5691
f 5610 5604 5692
f 5693 5612 5694
f 5689 5608 5693
f 5695 5696 5690
f 5697 5692 5698
f 5699 5610 5697
f 5699 5619 5610
f 5619 5699 5618
f 5699 5697 5700
f 5701 5618 5702
f 5700 5703 5702
f 5704 5552 5705
f 5552 5704 5627
f 5706 5707 5708
f 5627 5706 5648
f 5648 5709 5647
f 5710 5658 5711
f 5658 5710 5661
f 5712 5713 5661
f 5710 5714 5712
f 5686 5677 5715
f 5686 5715 5716
f 5717 5686 5716
f 5697 5718 5703
f 5697 5719 5718
f 5697 5698 5719
f 5720 5721 5722
f 5721 5703 5723
f 5704 5705 5724
f 4953 4952 5725
f 4952 5726 5727
f 5726 5081 5728
f 5727 5728 5729
f 5704 5724 5706
f 5724 5725 5729
f 5730 5707 5729
f 5731 5732 5730
f 5730 5733 5731
f 5731 5734 5732
f 5709 5708 5735
f 5709 5735 5736
f 5737 5735 5738
f 5737 5738 5739
f 5714 5710 5740
f 5740 5736 5739
f 5741 5742 5743
f 5744 5745 5712
f 5713 5712 5746
f 5746 5679 5713
f 5747 5748 5749
f 5679 5746 5750
f 5746 5749 5750
f 5751 5692 5717
f 5752 5698 5751
f 5753 5754 5755
f 5081 5726 5080
f 2039 2038 5756
f 5756 5045 2039
f 5729 5757 5730
f 5753 5755 2041
f 5758 5759 5760
f 5761 5753 2064
f 5761 5762 5753
f 2064 2045 5761
f 5758 5760 5741
f 5731 5758 5734
f 5763 5742 5764
f 5738 5734 5741
f 2044 5765 5761
f 5765 2072 2071
f 5765 2044 2072
f 2076 2077 2075
f 5766 5767 5763
f 5745 5742 5712
f 5747 5749 5763
f 5768 5769 2077
f 5770 5771 5747
f 5748 5772 5773
f 5747 5774 5748
f 5775 5716 5776
f 5747 5777 5774
f 5778 5775 5774
f 5779 5777 5780
f 5751 5775 5781
f 5716 5775 5717
f 5778 5782 5783
f 5751 5781 5784
f 5778 5783 5785
f 5785 5786 5784
f 5783 5787 5785
f 5788 5789 5790
f 5783 5791 5787
f 5787 5788 5786
f 5792 5793 5790
f 5792 5794 5793
f 5795 5796 5792
f 5797 5795 5789
f 5723 5798 5722
f 5798 5723 5799
f 5799 5794 5798
f 5795 5800 5801
f 5045 5802 5046
f 5802 5803 5079
f 5803 5804 5757
f 5758 5733 5759
f 5802 5805 5803
f 5805 5806 5804
f 5806 5805 5755
f 5807 5759 5754
f 5753 5762 5808
f 5809 5807 5810
f 5807 5809 5760
f 5765 5811 5761
f 5812 5813 5811
f 5764 5812 5763
f 5764 5809 5813
f 5808 5813 5810
f 5812 5811 5766
f 5747 5767 5770
f 5766 5765 5769
f 5768 5770 5769
f 5769 5767 5766
f 2080 5814 2077
f 5815 5771 5768
f 2051 5816 2080
f 5817 5815 5818
f 5817 5780 5815
f 5817 5819 5780
f 5820 5819 5818
f 2087 5821 2051
f 5818 5814 5820
f 5816 5822 5820
f 5779 5819 5822
f 5822 5778 5779
f 5823 5822 5821
f 5782 5823 5791
f 5823 5782 5822
f 2087 2088 5824
f 2087 5825 5821
f 5826 5791 5827
f 5827 5825 5824
f 5828 5788 5826
f 5827 5824 5829
f 5826 5827 5828
f 5830 5831 5829
f 5831 5789 5828
f 2097 5830 5829
f 2097 2093 5832
f 5832 5833 2097
f 5797 5834 5835
f 5832 5836 5833
f 5832 2096 5836
f 5833 5837 5834
f 5837 5836 5838
f 5839 5840 5838
f 5841 5842 5843
f 5844 5845 5843
f 5846 5845 5847
f 5843 5846 5206
f 5848 5849 5850
f 5848 5851 5847
f 5209 5851 5850
f 5852 5853 5849
f 5209 5850 5220
f 5854 5855 5856
f 5857 5858 5859
f 5855 5854 5857
f 5857 5221 5855
f 5859 5860 5857
f 5861 5862 5863
f 5858 5864 5865
f 5863 5860 5861
f 5865 5866 5861
f 5867 5868 5865
f 5866 5869 5862
f 5869 5866 5868
f 5870 5871 5872
f 5872 5873 5874
f 5875 5870 5874
f 5876 5873 5877
f 5878 5879 5880
f 5874 5876 5878
f 5878 5881 5879
f 5882 5883 5884
f 5885 5884 5886
f 5887 5888 5889
f 5890 5891 5272
f 5888 5892 5893
f 5894 5895 5896
f 5887 5897 5888
f 5898 5899 5900
f 5896 5892 5901
f 5902 5894 5901
f 5903 5904 5897
f 5905 5906 5899
f 5906 5907 5899
f 5908 5901 5909
f 5910 5911 5909
f 5908 5911 5902
f 5904 5903 5909
f 5912 5913 5914
f 5914 5915 5906
f 5916 5917 5918
f 5911 5910 5916
f 5918 5919 5916
f 5184 5920 5921
f 5183 5182 5184
f 5922 5921 5841
f 5200 5841 5206
f 5200 5192 5841
f 5920 5923 5844
f 5842 5921 5920
f 5924 5852 5844
f 5854 5856 5925
f 5853 5852 5926
f 5165 5224 5171
f 5209 5220 5218
f 5925 5864 5854
f 5927 5925 5928
f 5864 5925 5929
f 5221 5860 5217
f 5877 5868 5930
f 5931 5867 5929
f 5932 5930 5931
f 5933 5932 5934
f 5862 5935 5171
f 5936 5877 5932
f 5172 5875 5883
f 5935 5871 5875
f 5875 5172 5935
f 5937 5938 5939
f 5939 5940 5941
f 5942 5943 5879
f 5877 5936 5876
f 5942 5881 5944
f 5945 5946 5947
f 5879 5948 5884
f 5884 5885 5882
f 5943 5942 5949
f 5950 5887 5949
f 5951 5950 5946
f 5234 5952 5271
f 5272 5952 5890
f 5894 5898 5895
f 5898 5894 5905
f 5891 5890 5895
f 5897 5887 5953
f 5954 5903 5953
f 5953 5950 5955
f 5954 5953 5956
f 5270 5273 5900
f 5903 5954 5957
f 5958 5954 5956
f 5958 5956 5959
f 5958 5960 5954
f 5961 5960 5959
f 5915 5962 5907
f 5907 5963 5964
f 5906 5905 5914
f 5902 5919 5905
f 5965 5966 5967
f 5966 5965 5968
f 5969 5965 5970
f 5971 5972 5968
f 5968 5973 5971
f 5974 5181 5975
f 5974 5975 5976
f 5976 5977 5974
f 5976 5978 5977
f 5979 5978 5976
f 5979 5107 5978
f 5113 5980 5107
f 5182 5974 5920
f 5981 5982 5983
f 5981 5984 5982
f 5985 5986 5981
f 5987 5988 5986
f 5923 5977 5989
f 5990 5924 5989
f 5991 5992 5993
f 5993 5982 5994
f 5993 5994 5991
f 5994 5995 5996
f 5997 5998 5991
f 5990 5992 5924
f 5998 5999 5992
f 5997 6000 5998
f 6001 6002 6003
f 6004 6000 5997
f 6000 6004 6001
f 6005 6006 5991
f 5926 6007 5853
f 5926 5999 6007
f 6002 6008 6009
f 6010 6011 6012
f 5928 6007 6009
f 5928 6009 6013
f 6013 6009 6014
f 6015 5927 6013
f 5934 5931 5929
f 6013 6014 6015
f 6015 6016 6017
f 5927 6015 5934
f 5934 6017 5933
f 6018 6017 6019
f 5933 6018 5937
f 6020 6021 5940
f 6022 6023 6024
f 6021 6020 6025
f 6024 5940 6021
f 6021 6026 6024
f 6023 6022 5945
f 5946 5945 6027
f 6026 6028 6022
f 6029 5951 6030
f 5951 6029 5955
f 6026 6031 6028
f 6032 6030 6028
f 6032 6033 6029
f 5956 5955 6034
f 5270 5963 5268
f 6035 6036 5959
f 5962 6037 5963
f 5970 6038 5969
f 5970 5961 6038
f 5279 6037 5280
f 5113 5112 5980
f 5987 5112 6039
f 5988 5987 6040
f 6040 5995 5988
f 6011 5996 6041
f 6011 6010 6005
f 6004 6042 6043
f 6044 6045 6012
f 6046 6012 6016
f 6045 6047 6016
f 6048 6049 6050
f 6047 6051 6048
f 6020 6050 6052
f 6048 6050 6019
f 6021 6025 6026
f 6031 6025 6053
f 6054 6032 6053
f 6033 6055 6056
f 6054 6055 6032
f 6056 6057 6035
f 6035 6058 6036
f 6059 6060 6061
f 6038 6036 6062
f 6063 6059 6064
f 5114 5132 5112
f 6041 6040 6065
f 5132 5133 6066
f 6066 6067 6039
f 6067 5147 6068
f 6068 6069 6039
f 6069 6068 6070
f 6071 6041 6065
f 6069 6072 6065
f 6041 6071 6011
f 6073 6071 6074
f 6075 6076 6074
f 6076 6077 6078
f 6073 6074 6079
f 6080 6044 6073
f 6011 6044 6012
f 6079 6081 6080
f 6080 6082 6083
f 6044 6080 6045
f 6084 6082 6085
f 6047 6086 6051
f 6087 6088 6089
f 6084 6090 6091
f 6092 6093 6090
f 6049 6051 6094
f 6095 6094 6087
f 6049 6094 6096
f 6095 6087 6097
f 6050 6096 6098
f 6099 6100 6098
f 6098 6101 6102
f 6103 6104 6097
f 6105 6106 6102
f 6099 6107 6100
f 6107 6108 6109
f 6107 6099 6110
f 6107 6110 6108
f 6109 6111 6053
f 6112 6111 6113
f 6114 6115 6113
f 6114 6116 6115
f 6054 6117 6055
f 6054 6053 6111
f 6111 6112 6118
f 6119 6120 6121
f 6122 6117 6121
f 6057 6055 6123
f 6124 6123 6125
f 6117 6122 6126
f 6127 6128 6124
f 6125 6122 6129
f 6058 6057 6130
f 6130 6123 6131
f 6132 6130 6133
f 6134 6062 6132
f 6135 6061 6134
f 6136 6064 6135
f 6137 6135 6138
f 6063 6064 6139
f 6140 6139 6136
f 6141 6136 6137
f 6142 6143 6144
f 6137 6145 6141
f 6146 6076 6147
f 6148 6149 6150
f 5147 5148 6147
f 6147 6076 6075
f 6146 6151 6076
f 6152 6077 6153
f 6154 6155 6081
f 6081 6079 6078
f 6082 6080 6085
f 6156 6092 6084
f 6093 6157 6097
f 6157 6093 6158
f 6159 6160 6092
f 6157 6158 6105
f 6161 6158 6162
f 6106 6163 6164
f 6165 6166 6162
f 6166 6167 6161
f 6168 6116 6167
f 6163 6116 6169
f 6119 6116 6170
f 6171 6119 6172
f 6120 6171 6129
f 6120 6119 6171
f 6171 6173 6127
f 6174 6128 6175
f 5159 6149 5145
f 5148 6149 6148
f 5159 5160 6149
f 6176 6177 4814
f 6178 6150 6176
f 6179 6178 6180
f 6148 6150 6181
f 6147 6148 6146
f 6146 6181 6151
f 6181 6182 6183
f 6182 6184 6185
f 6186 6187 6185
f 6188 6189 6190
f 6191 6192 6193
f 6193 6187 6191
f 6077 6152 6154
f 6154 6192 6194
f 6189 6188 6195
f 6189 6187 6179
f 6189 6195 6196
f 6085 6081 6197
f 6198 6199 6200
f 6194 6191 6189
f 6156 6085 6201
f 6085 6197 6198
f 6200 6202 6203
f 6198 6200 6201
f 6204 6205 6206
f 6207 6203 6208
f 6203 6207 6201
f 6205 6204 6209
f 6156 6201 6207
f 6156 6210 6211
f 6092 6156 6159
f 6205 6210 6208
f 6212 6211 6205
f 6211 6212 6213
f 6209 6214 6205
f 6160 6159 6213
f 6215 6216 6212
f 6217 6218 6216
f 6213 6218 6160
f 6162 6218 6165
f 6218 6217 6165
f 6216 6215 6217
f 6219 6220 6217
f 6215 6212 6219
f 6221 6222 6223
f 6166 6165 6224
f 6225 6226 6224
f 6227 6224 6220
f 6227 6228 6224
f 6220 6219 6227
f 6229 6230 6227
f 6231 6232 6230
f 6167 6233 6168
f 6234 6233 6225
f 6233 6234 6235
f 6231 6236 6237
f 6238 6170 6235
f 6170 6238 6172
f 6239 6240 6241
f 6231 6242 6232
f 6241 6238 6235
f 6243 6239 6242
f 5617 5539 6244
f 6231 6230 6236
f 6245 6173 6246
f 6243 6247 6239
f 6244 6248 6249
f 6244 6250 6248
f 6251 5614 5611
f 6252 6253 6254
f 6255 6256 6257
f 6237 6255 6243
f 6245 6258 6173
f 6259 6258 6260
f 6248 6261 6262
f 5163 5634 6176
f 6180 5634 6263
f 6263 6264 6180
f 5652 6264 5635
f 6184 6178 6186
f 6179 6264 6190
f 6265 6266 5652
f 6267 6266 6268
f 6266 6267 6190
f 5654 6268 5653
f 6188 6269 6270
f 6269 6267 6271
f 6267 6269 6188
f 5671 6271 5654
f 6272 6269 6271
f 5670 5676 6273
f 6274 6270 6275
f 6272 5671 6275
f 6273 6276 6277
f 6277 6278 6275
f 6214 6209 6278
f 6279 6214 6277
f 5676 5682 6273
f 5682 5683 5691
f 6280 6222 6279
f 6279 6276 6280
f 6212 6214 6221
f 6281 6282 6283
f 6281 6276 5682
f 6283 6284 6281
f 6284 6285 6223
f 6283 6286 6284
f 6287 6229 6221
f 5696 6288 6289
f 6289 6290 5696
f 6291 6288 5695
f 6292 6285 6286
f 6287 6285 6293
f 6229 6287 6236
f 6292 6294 6293
f 6290 6289 6295
f 5614 6296 5615
f 6297 6289 6298
f 6291 5615 6288
f 6290 6299 6283
f 6237 6243 6231
f 6298 6296 6297
f 6297 6300 6295
f 6301 6302 6295
f 6302 6301 6303
f 6304 6305 6303
f 6299 6290 6302
f 6237 6306 6256
f 6294 6299 6237
f 6253 6300 6307
f 6308 6251 6307
f 6308 6300 6309
f 6304 6253 6305
f 6300 6253 6301
f 6306 6237 6303
f 6244 6249 6254
f 6310 6311 6252
f 6312 6305 6313
f 6257 6256 6314
f 6312 6315 6314
f 6312 6314 6303
f 6310 6249 6316
f 6316 6262 6317
f 6310 6316 6311
f 6316 6317 6313
f 6313 6318 6312
f 6319 6314 6320
f 6320 6321 6319
f 6319 6322 6314
f 6223 6222 6284
f 6323 6324 6325
f 6326 6327 6323
f 6328 6329 6326
f 5350 6324 5348
f 6330 6324 6331
f 5352 5348 6330
f 5352 6330 6332
f 6333 6331 6327
f 6333 6329 6334
f 6331 6333 6332
f 6335 6333 6336
f 6334 6337 6338
f 6334 6338 6336
f 1854 6339 5462
f 5445 6339 1853
f 5464 6340 5463
f 6341 6342 6343
f 6344 6342 6341
f 6344 6345 6346
f 6347 6348 6346
f 6345 6349 6347
f 2448 6350 2449
f 6351 6352 6348
f 6353 6352 6354
f 6353 6354 6355
f 5461 6356 1856
f 5543 6357 6340
f 5547 5466 6358
f 6359 6358 6360
f 5547 6358 5548
f 6359 6361 6358
f 6261 6361 6362
f 6363 6364 6365
f 5463 6363 5461
f 5461 6365 6356
f 6366 6367 6360
f 6368 6367 6369
f 6370 6368 6371
f 6367 6372 6359
f 6372 6367 6373
f 6374 6375 6365
f 6340 6343 6363
f 6376 6377 6343
f 6343 6340 6376
f 6346 6378 6374
f 6374 6365 6344
f 6341 6377 6345
f 6350 2446 6374
f 6379 6380 6347
f 6374 6378 6352
f 6374 6381 6350
f 6351 6348 6382
f 6374 6353 6381
f 6355 6383 6384
f 6354 6385 6383
f 6386 6385 6387
f 2452 6350 6388
f 6389 6390 6388
f 6391 6392 6393
f 6393 6394 6386
f 6393 6386 6395
f 6388 2462 2457
f 6396 6397 6390
f 6388 6381 6384
f 6389 6392 6396
f 6384 6394 6389
f 6391 6398 6392
f 6384 6389 6388
f 6399 6400 2466
f 6401 6402 6396
f 6401 6398 6402
f 6397 6402 6403
f 6402 6404 6405
f 6399 2466 6390
f 6405 6406 6403
f 6406 6407 6403
f 6399 6407 6400
f 2497 2472 6408
f 6409 6408 6410
f 6406 6405 6411
f 6412 6409 6411
f 6412 6411 6413
f 6414 6415 6416
f 6416 6417 6414
f 6412 6418 6409
f 6418 6419 6415
f 6420 6421 6418
f 2500 2502 6422
f 6408 6414 2497
f 6417 6416 6423
f 6417 6424 2498
f 6425 6424 6423
f 6423 6419 6426
f 6424 6425 6427
f 6427 6428 6424
f 6429 6430 6427
f 5543 5701 6431
f 5543 6431 6357
f 6431 6432 6433
f 6434 6357 6433
f 6357 6434 6376
f 6349 6377 6435
f 6349 6435 6379
f 6436 6437 6438
f 6385 6439 6440
f 6441 6439 6379
f 6385 6382 6439
f 6442 6391 6395
f 6440 6443 6442
f 6442 6444 6404
f 6398 6391 6404
f 6405 6444 6445
f 6446 6447 6413
f 6421 6448 6426
f 2508 2502 6449
f 6450 6425 6426
f 6451 6429 6450
f 6450 6448 6451
f 6429 6451 6430
f 6430 6452 6453
f 6451 6454 6452
f 6432 5701 6455
f 5721 6456 5702
f 6457 6458 6455
f 6456 6459 6455
f 6458 6460 6433
f 6461 6460 6457
f 6436 6462 6437
f 6462 6436 6434
f 6462 6460 6463
f 6436 6438 6464
f 6436 6464 6441
f 6438 6437 6465
f 6466 6467 6468
f 6469 6443 6464
f 6464 6470 6469
f 6471 6470 6472
f 6473 6474 6475
f 6474 6476 6475
f 6477 6478 6479
f 6477 6479 6474
f 6477 6474 6480
f 6481 6476 6482
f 6476 6481 6442
f 6481 6482 6483
f 6480 6484 6477
f 6484 6485 6478
f 6483 6486 6487
f 6444 6481 6487
f 6483 6485 6486
f 6413 6445 6446
f 6488 6489 6446
f 6421 6420 6490
f 6454 6448 6491
f 6448 6421 6492
f 6493 6494 6454
f 6456 5721 5720
f 6456 5720 6459
f 6495 6461 6459
f 5720 6496 6495
f 6495 6497 6461
f 6466 6498 6467
f 6473 6475 6472
f 6472 6498 6473
f 6473 6499 6480
f 6498 6500 6499
f 6485 6501 6486
f 6488 6502 6489
f 6488 6501 6502
f 6503 6489 6504
f 6492 6505 6491
f 6492 6490 6505
f 6506 6505 6507
f 6508 6509 6505
f 6454 6491 6510
f 6506 6507 6510
f 6454 6510 6493
f 6511 6512 6510
f 6513 6494 6512
f 6514 6496 5720
f 6495 6515 6516
f 6466 6497 6516
f 6466 6468 6497
f 6517 6466 6518
f 6466 6517 6498
f 6500 6517 6519
f 6520 6499 6521
f 6484 6480 6520
f 6522 6501 6520
f 6520 6523 6522
f 6524 6525 6526
f 6526 6522 6524
f 6522 6526 6502
f 6527 6511 6528
f 6527 6528 6509
f 6527 6509 6526
f 6527 6529 6530
f 6512 6511 6530
f 6530 6531 6512
f 6532 6533 6531
f 6534 6514 6535
f 6536 6537 6538
f 6536 6538 5800
f 5801 6538 6534
f 6534 6539 6514
f 6537 6540 6539
f 6536 5800 6541
f 6541 6542 6536
f 6543 6542 6544
f 6537 6515 6540
f 6536 6545 6537
f 6546 6547 6545
f 6543 6546 6542
f 6543 6548 6546
f 6543 6549 6548
f 6516 6547 6518
f 6517 6518 6550
f 6546 6551 6547
f 6551 6548 6552
f 6551 6552 6553
f 6552 6554 6555
f 6556 6557 6500
f 6556 6519 6558
f 6559 6560 6558
f 6561 6562 6560
f 6500 6557 6563
f 6564 6562 6565
f 6563 6566 6521
f 6557 6560 6566
f 6566 6564 6567
f 6521 6567 6523
f 6565 6568 6567
f 6569 6570 6571
f 6522 6569 6571
f 6524 6572 6573
f 6525 6524 6574
f 6575 6576 6577
f 6525 6574 6577
f 6578 6532 6579
f 6580 2590 5838
f 5795 6581 5800
f 5839 6582 6581
f 6581 5835 5839
f 5839 5838 6582
f 2593 2590 2589
f 2590 2593 6583
f 6541 6584 6544
f 6543 6585 6549
f 6543 6544 6585
f 6549 6586 6587
f 6549 6587 6554
f 6559 6588 6561
f 6589 6590 6588
f 6591 6592 6561
f 6565 6592 6593
f 6570 6569 6568
f 6565 6593 6568
f 6594 6595 6596
f 6597 6598 6596
f 6599 6600 6598
f 6601 6602 6603
f 6598 6600 6604
f 6599 6603 6600
f 6573 6605 6606
f 6607 6608 6609
f 6610 6611 6602
f 6574 6573 6611
f 6574 6611 6575
f 6612 6610 6613
f 6612 6576 6610
f 6613 6608 6612
f 6609 6613 6614
f 6615 6616 6576
f 6617 6608 6618
f 6618 6607 6619
f 6620 6615 6617
f 6618 6621 6622
f 6622 6579 6620
f 6621 6578 6622
f 6618 6623 6621
f 6579 6531 6620
f 6624 6584 6583
f 6624 6625 6584
f 6626 6627 6625
f 6625 6628 6585
f 6629 6630 2596
f 6631 6586 6628
f 6589 6630 2601
f 6632 6588 6587
f 6588 6632 6589
f 6590 2600 6633
f 2600 6590 2601
f 6633 2610 6634
f 6633 6591 6590
f 6594 6634 2615
f 2615 6595 6594
f 6592 6591 6633
f 6594 6596 6634
f 2614 6635 6595
f 6636 6597 6637
f 6636 6637 6635
f 6638 6639 6640
f 6639 6597 6636
f 6636 6635 6639
f 6641 6642 2618
f 6640 2624 2619
f 6643 6638 6642
f 6643 6642 6644
f 6641 6645 6644
f 6614 6601 6646
f 6614 6602 6601
f 6644 6601 6643
f 2618 2628 6645
f 2628 6647 6645
f 2628 2627 6647
f 2633 6619 2627
f 6648 6649 6650
f 6623 6618 6648
f 6649 2633 2632
f 6619 2633 6649
f 6651 6623 6652
f 5913 5912 6653
f 6654 6655 6656
f 5968 6657 5917
f 6658 6659 6660
f 6660 6661 6662
f 6663 6657 5968
f 6664 6663 6665
f 6666 6667 6668
f 6668 6663 6669
f 6670 6666 6671
f 6672 6673 6674
f 6673 6675 6676
f 6677 6678 6679
f 6678 6680 6681
f 6682 6680 6683
f 6653 6684 6037
f 6653 6655 6685
f 6656 5919 6654
f 6686 6687 5973
f 6688 6689 6690
f 6691 6688 6692
f 6655 6654 6690
f 6657 6661 5918
f 6692 6659 6693
f 6661 6659 6690
f 6688 6691 6694
f 6695 6669 6664
f 6696 6695 6665
f 6692 6693 6691
f 6697 6698 6693
f 6699 6697 6658
f 6658 6660 6699
f 6665 5972 6700
f 6695 6701 6702
f 6702 6701 6703
f 6704 6705 6698
f 6699 6706 6697
f 6707 6708 6706
f 6709 6710 6708
f 6670 6711 6666
f 6711 6670 6672
f 6699 6711 6706
f 6670 6671 6673
f 6702 6712 6713
f 6714 6715 6716
f 6717 6718 6709
f 6708 6707 6719
f 6720 6721 6719
f 6711 6672 6679
f 6676 6677 6674
f 6711 6679 6722
f 6714 6677 6715
f 6713 6715 6702
f 6719 6723 6720
f 6720 6724 6721
f 6725 6726 6727
f 6717 6721 6718
f 6722 6681 6728
f 6714 6729 6677
f 6714 6716 6729
f 6729 6730 6731
f 6730 6732 6733
f 6734 6724 6728
f 6735 6727 6734
f 6722 6723 6711
f 6736 6737 6738
f 6729 6731 6678
f 6733 6739 6731
f 6728 6737 6734
f 6740 6735 6741
f 6741 6737 6742
f 6742 6743 6741
f 6744 6736 6682
f 6680 6682 6738
f 6745 6746 6747
f 6736 6748 6742
f 6749 6750 6751
f 6743 6752 6753
f 6751 6748 6749
f 6744 6754 6736
f 6682 6683 6744
f 6750 6755 6756
f 6749 6757 6758
f 6744 6759 6754
f 6760 6757 6754
f 6761 6762 6760
f 6759 6744 6763
f 6764 6759 6765
f 6763 6746 6765
f 6755 6758 6766
f 6767 6768 6762
f 6766 6768 6769
f 6754 6759 6760
f 6765 6770 6764
f 6760 6764 6761
f 6771 6772 6773
f 6774 6328 6694
f 6653 6326 6684
f 6328 6326 6685
f 5280 6684 6325
f 6687 6775 6776
f 6687 6686 6777
f 6778 6779 6775
f 6328 6685 6688
f 6700 6779 6696
f 6778 6780 6781
f 6694 6782 6774
f 6783 6784 6785
f 6786 6787 6698
f 6691 6788 6784
f 6701 6695 6789
f 6701 6789 6790
f 6704 6791 6705
f 6704 6792 6791
f 6793 6792 6794
f 6792 6704 6795
f 6710 6709 6787
f 6726 6796 6718
f 6797 6712 6703
f 6797 6798 6713
f 6799 6800 6703
f 6797 6801 6798
f 6725 6802 6726
f 6803 6804 6805
f 6806 6802 6725
f 6725 6804 6807
f 6735 6740 6725
f 6808 6809 6733
f 6810 6811 6808
f 6743 6753 6740
f 6812 6813 6814
f 6815 6816 6805
f 6805 6817 6803
f 6818 6739 6763
f 6746 6745 6819
f 6811 6813 6809
f 6815 6805 6756
f 6820 6816 6815
f 6765 6819 6770
f 6821 6822 6823
f 6822 6747 6824
f 6822 6824 6825
f 6815 6755 6826
f 6815 6827 6828
f 6829 6830 6826
f 6762 6761 6767
f 6831 6773 6832
f 6825 6833 6823
f 6834 6833 6835
f 6836 6837 6767
f 6837 6829 6769
f 6837 6836 6838
f 6836 6772 6839
f 6772 6836 6840
f 6836 6839 6841
f 6773 6842 6843
f 6831 6844 6845
f 6773 6831 6842
f 6846 6842 6847
f 6834 6835 6832
f 6848 6844 6835
f 6848 6835 6849
f 6848 6850 6844
f 6838 6851 6837
f 6852 6853 6838
f 6853 6854 6851
f 6838 6841 6852
f 6855 6856 6857
f 6839 6771 6856
f 6858 6847 6850
f 6857 6859 6855
f 6059 6063 6777
f 6063 6860 6861
f 6781 6779 6778
f 6778 6063 6780
f 6338 6782 6862
f 6785 6863 6783
f 6791 6864 6785
f 6865 6863 6866
f 6867 6789 6781
f 6790 6868 6799
f 6869 6870 6871
f 6872 6866 6871
f 6790 6799 6701
f 6873 6874 6794
f 6874 6873 6875
f 6794 6870 6793
f 6876 6874 6877
f 6797 6800 6801
f 6878 6879 6880
f 6881 6882 6801
f 6881 6800 6878
f 6875 6883 6877
f 6884 6885 6886
f 6811 6810 6887
f 6883 6802 6884
f 6806 6807 6884
f 6888 6889 6890
f 6814 6811 6891
f 6892 6893 6894
f 6893 6895 6896
f 6888 6890 6891
f 6814 6890 6812
f 6817 6816 6897
f 6897 6898 6803
f 6892 6803 6893
f 6893 6898 6895
f 6899 6900 6820
f 6820 6828 6899
f 6897 6900 6898
f 6901 6900 6902
f 6903 6824 6904
f 6905 6904 6906
f 6904 6813 6907
f 6907 6812 6908
f 6909 6910 6911
f 6909 6912 6910
f 6913 6827 6830
f 6909 6914 6915
f 6916 6833 6903
f 6916 6903 6917
f 6904 6905 6918
f 6919 6920 6921
f 6913 6830 6921
f 6919 6922 6920
f 6914 6922 6915
f 6829 6837 6923
f 6923 6924 6829
f 6916 6925 6849
f 6926 6849 6927
f 6928 6925 6917
f 6925 6928 6927
f 6929 6930 6931
f 6932 6928 6930
f 6923 6854 6924
f 6933 6934 6919
f 6935 6936 6933
f 6937 6938 6854
f 6854 6935 6933
f 6856 6855 6841
f 6853 6852 6937
f 6939 6940 6841
f 6842 6846 6857
f 6846 6847 6941
f 6927 6942 6926
f 6942 6858 6926
f 6858 6942 6941
f 6943 6944 6927
f 6942 6944 6945
f 6854 6938 6946
f 6940 6939 6937
f 6939 6947 6937
f 6947 6948 6938
f 6855 6949 6939
f 6846 6941 6950
f 6951 6952 6950
f 6951 6941 6945
f 6335 5465 6332
f 6360 5465 6366
f 6860 6139 6953
f 6954 6861 6953
f 6861 6954 6955
f 6955 6956 6957
f 6958 6954 6143
f 6369 6366 6335
f 6955 6957 6780
f 6959 6960 6961
f 6960 6962 6780
f 6963 6964 6865
f 6865 6335 6963
f 6371 6369 6965
f 6335 6865 6965
f 6962 6960 6966
f 6966 6967 6968
f 6969 6968 6970
f 6863 6865 6964
f 6971 6972 6866
f 6868 6973 6974
f 6974 6975 6976
f 6866 6872 6971
f 6977 6978 6979
f 6980 6981 6880
f 6871 6876 6872
f 6881 6878 6982
f 6983 6984 6880
f 6982 6984 6985
f 6983 6981 6986
f 6886 6979 6877
f 6987 6988 6882
f 6988 6987 6989
f 6985 6990 6987
f 6894 6991 6885
f 6886 6992 6993
f 6988 6994 6887
f 6995 6996 6997
f 6998 6996 6989
f 6997 6999 6995
f 6886 6991 6992
f 6893 6896 6894
f 7000 7001 6896
f 6888 6891 6999
f 7002 6889 7003
f 7002 7004 6889
f 7003 7005 7002
f 7000 6895 7006
f 7007 7004 6908
f 7008 7009 7004
f 7000 7006 7001
f 7006 7010 7011
f 7012 7013 6908
f 7012 7009 7013
f 7014 7015 7013
f 7016 6906 7013
f 6912 6915 7017
f 7018 7010 7019
f 7010 7018 7017
f 7020 6905 7021
f 7022 6918 7020
f 7020 7021 7023
f 7020 7023 7022
f 7024 6922 7025
f 7024 7026 7017
f 7024 7025 7026
f 7010 7026 7027
f 6918 7022 6931
f 7028 7029 7030
f 6935 6946 7031
f 6936 6935 7031
f 6936 7031 7032
f 7032 7033 7034
f 7035 7036 7034
f 7037 7038 7039
f 6944 6943 7040
f 7041 6944 7042
f 7043 7044 7040
f 7045 7046 7043
f 7047 7046 7048
f 7049 6929 7050
f 7040 7049 7043
f 7029 7045 7050
f 7051 7052 6948
f 7051 7053 7038
f 6947 7054 6948
f 7051 7054 7053
f 6952 6951 7055
f 7056 7041 7047
f 7057 7054 7055
f 7057 7055 7056
f 7057 7056 7048
f 7058 7059 7057
f 7041 7042 7060
f 6951 6945 7056
f 7061 6373 6370
f 6362 6372 7062
f 6370 6371 7063
f 7064 7065 7066
f 7067 7062 7061
f 6370 7063 7061
f 7068 7067 7065
f 6972 6971 7066
f 7069 7070 7066
f 7064 7070 7071
f 7072 7073 7074
f 7075 7069 6978
f 7069 7076 7070
f 7069 7075 7076
f 7075 6978 6977
f 7077 6977 7078
f 7079 7080 7077
f 6977 7077 7075
f 7081 7073 7079
f 7082 7083 6990
f 7084 7085 7086
f 7082 6990 7087
f 6993 6977 6886
f 7088 7089 7090
f 7091 7092 6996
f 7083 7093 7084
f 6993 7094 7088
f 7095 7094 7096
f 7096 7097 7095
f 6998 7086 6996
f 7098 7099 7100
f 7099 7101 7102
f 7103 7104 7101
f 7105 7106 7107
f 7108 7092 7005
f 7106 7105 7109
f 7110 7111 7109
f 7001 7103 7112
f 7103 7001 7113
f 7113 7114 7104
f 7114 7113 7115
f 7011 7116 7006
f 7117 7115 7011
f 7107 7014 7009
f 7118 7014 7107
f 7107 7106 7119
f 7120 7107 7121
f 7122 7114 7115
f 7123 7124 7027
f 7125 7122 7126
f 7114 7122 7127
f 7120 7128 7118
f 7129 7130 7120
f 7120 7121 7131
f 7130 7132 7120
f 7026 7133 7123
f 7134 7135 7123
f 7126 7117 7027
f 7136 7137 7135
f 7135 7125 7124
f 7122 7125 7138
f 7139 7140 7141
f 7128 7132 7029
f 7142 7143 7029
f 7143 7142 7144
f 7036 7134 7034
f 7136 7135 7036
f 7145 7146 7147
f 7146 7035 7148
f 7035 7146 7036
f 7137 7136 7145
f 7145 7149 7137
f 7150 7151 7137
f 7152 7153 7058
f 7153 7152 7154
f 7155 7149 7147
f 7156 7157 7154
f 7158 7159 7157
f 7160 7161 7156
f 7162 7163 7057
f 7163 7164 7165
f 7164 7166 7140
f 7165 7140 7167
f 7168 7058 7165
f 7160 7169 7170
f 7160 7171 7169
f 7048 7172 7162
f 7173 7172 7174
f 7162 7173 7163
f 7174 7143 7175
f 7175 7164 7174
f 7175 7144 7166
f 7053 7148 7038
f 7053 7059 7155
f 7153 7176 7059
f 7057 7048 7162
f 7058 7168 7152
f 6262 6362 7177
f 7067 7178 7062
f 7074 7068 7072
f 7179 7180 7081
f 7181 7089 7182
f 7183 7184 7185
f 7089 7181 7079
f 7186 7182 7187
f 7188 7189 7190
f 7188 7190 7191
f 7192 7085 7190
f 7189 7193 7190
f 7097 7194 7195
f 7097 7102 7196
f 7097 7196 7194
f 7197 7193 7198
f 7199 7200 7201
f 7198 7202 7197
f 7192 7193 7203
f 7092 7091 7204
f 7192 7203 7205
f 7104 7206 7207
f 7208 7209 7210
f 7211 7203 7204
f 7204 7212 7092
f 7212 7204 7213
f 7213 7214 7212
f 7215 7110 7212
f 7216 7104 7217
f 7104 7216 7206
f 7208 7218 7209
f 7199 7219 7200
f 7214 7213 7220
f 7221 7200 7222
f 7110 7215 7111
f 7223 7119 7224
f 7225 7215 7220
f 7225 7220 7224
f 7226 7227 7228
f 7210 7229 7230
f 7230 7231 7210
f 7232 7233 7234
f 7235 7220 7221
f 7236 7232 7237
f 7235 7221 7237
f 7238 7239 7223
f 7237 7238 7235
f 7127 7240 7241
f 7241 7242 7243
f 7244 7242 7245
f 7246 7247 7226
f 7248 7249 7250
f 7251 7246 7228
f 7252 7253 7254
f 7255 7139 7256
f 7234 7257 7258
f 7139 7233 7259
f 7257 7234 7255
f 7260 7261 7129
f 7261 7255 7262
f 7263 7264 7151
f 7265 7266 7245
f 7249 7267 7250
f 7249 7158 7268
f 7269 7253 7250
f 7266 7250 7247
f 7249 7248 7270
f 7139 7271 7140
f 7259 7271 7139
f 7249 7268 7267
f 7272 7271 7273
f 7269 7267 7273
f 7274 7141 7144
f 7142 7275 7274
f 7155 7276 7149
f 7151 7150 7263
f 7276 7277 7150
f 7277 7270 7263
f 7157 7161 7158
f 7159 7277 7278
f 7176 7278 7155
f 7279 7161 7170
f 7169 7168 7167
f 7280 7268 7170
f 7170 7281 7280
f 7281 7282 7272
f 6312 7283 7284
f 7285 7283 7286
f 7283 7285 7287
f 7288 7289 6321
f 7285 7290 7288
f 6318 7178 7074
f 6317 7177 6318
f 7290 7285 7291
f 7074 7178 7068
f 6318 7180 7283
f 7183 7292 7180
f 7293 7294 7295
f 7294 7296 7297
f 7298 7184 7299
f 7292 7183 7300
f 7292 7300 7295
f 7295 7301 7293
f 7302 7303 7301
f 7184 7183 7179
f 7185 7302 7300
f 7304 7305 7306
f 7181 7307 7081
f 7308 7184 7307
f 7307 7186 7308
f 7309 7298 7310
f 7306 7309 7311
f 7299 7312 7310
f 7313 7314 7315
f 7316 7313 7312
f 7313 7316 7314
f 7308 7317 7318
f 7308 7186 7317
f 7308 7318 7299
f 7319 7312 7320
f 7319 7321 7312
f 7322 7321 7323
f 7198 7322 7202
f 7187 7194 7324
f 7187 7324 7325
f 7325 7324 7326
f 7326 7218 7325
f 7327 7328 7318
f 7208 7327 7218
f 7328 7327 7329
f 7330 7323 7329
f 7331 7332 7329
f 7199 7333 7334
f 7335 7322 7330
f 7336 7337 7326
f 7338 7339 7210
f 7334 7332 7339
f 7199 7334 7219
f 7340 7334 7338
f 7341 7342 7217
f 7343 7342 7209
f 7229 7342 7341
f 7216 7342 7337
f 7222 7219 7344
f 7344 7340 7345
f 7344 7345 7346
f 7229 7341 7228
f 7341 7217 7347
f 7243 7347 7241
f 7243 7251 7347
f 7348 7231 7227
f 7221 7346 7236
f 7252 7254 7232
f 7252 7232 7349
f 7348 7227 7253
f 7231 7348 7346
f 7246 7251 7244
f 7269 7273 7254
f 7350 6428 6453
f 6453 7351 7350
f 6428 7350 6449
f 6453 7352 7351
f 7352 6453 7353
f 7354 2662 2650
f 7351 7355 2649
f 7351 7352 7356
f 7354 7357 2662
f 7355 7358 7354
f 7359 7352 7360
f 7351 7356 7355
f 7359 7361 7356
f 7362 7363 7353
f 7360 7364 7359
f 7365 7366 6494
f 7365 7367 7368
f 7365 7369 7367
f 7370 7371 7372
f 7371 7368 7373
f 7373 7372 7371
f 7374 7369 6533
f 7365 6494 7369
f 7369 7374 7375
f 7376 7377 7375
f 7377 7378 7373
f 7379 7380 7378
f 7381 7382 7379
f 7383 7381 7384
f 7385 7386 7381
f 7380 7379 7387
f 7386 7388 7382
f 7389 7390 7391
f 7392 7393 7394
f 7392 7388 7393
f 7395 7396 7391
f 2784 2734 7390
f 6578 7397 6532
f 6533 7397 7374
f 7398 7399 7374
f 7378 7377 7384
f 7399 7400 7376
f 7401 7402 7384
f 7384 7400 7401
f 7403 7404 7405
f 7406 7407 7408
f 7409 7385 7383
f 7407 7406 7405
f 7410 7406 7402
f 7405 7406 7411
f 7409 7383 7408
f 7412 7404 7413
f 7414 2785 7403
f 7415 7416 7391
f 7396 7385 7415
f 7416 7415 7417
f 7412 7389 7404
f 7404 7416 7407
f 7417 7409 7408
f 7412 7390 7389
f 7390 7413 2784
f 6621 7418 6578
f 7419 7398 7418
f 7420 7419 7421
f 7422 7423 6651
f 7421 7423 7424
f 6623 7423 7418
f 7425 7426 7421
f 7424 7425 7421
f 7427 7428 7429
f 7420 7426 7399
f 7399 7398 7420
f 7430 7431 7427
f 7428 7427 7410
f 7428 7410 7401
f 7432 7433 7405
f 7433 7432 2807
f 7434 7435 7436
f 7436 2806 7434
f 7434 2809 7431
f 2782 2785 2808
f 7403 7433 7414
f 6648 6650 6652
f 7425 7424 7437
f 7438 6650 7439
f 7438 7422 6652
f 7439 2792 7440
f 7438 7439 7441
f 7425 7437 7429
f 7424 7422 7441
f 7442 7437 7443
f 7441 7440 7437
f 7442 7430 7429
f 7431 7430 7435
f 7430 7442 7435
f 7444 7445 5058
f 7444 7446 7445
f 7447 7448 7449
f 7447 7450 7451
f 7452 7449 7453
f 7454 7455 7453
f 7456 7450 7455
f 7457 7455 7458
f 7458 7459 7457
f 7455 7457 7456
f 7457 7460 7461
f 7462 7463 7459
f 7462 7464 7465
f 7463 7462 7466
f 7466 7467 7468
f 7469 7467 7465
f 7470 7471 7472
f 7473 7471 7474
f 7475 7476 7477
f 7478 7479 7480
f 5049 7481 5048
f 5048 7482 5054
f 7483 5084 5083
f 5051 7484 5049
f 7484 7485 7481
f 5087 7486 5058
f 7487 7488 5086
f 7489 7490 5086
f 7491 7492 7493
f 5062 7494 5087
f 5064 7495 5062
f 7496 7497 7498
f 5088 7499 7500
f 5064 7501 7495
f 5089 7490 5088
f 7502 7499 7503
f 7499 7490 7503
f 5064 5088 7501
f 7501 7500 7498
f 7504 7500 7502
f 7482 7505 7506
f 7507 7505 7481
f 7482 7508 5083
f 7509 7508 7482
f 5083 7510 7483
f 7511 7512 7483
f 7488 7487 7513
f 7514 7513 7512
f 7445 7515 7485
f 7445 7485 7484
f 5087 7491 7486
f 7516 7446 7517
f 7493 7446 7486
f 7488 7518 7489
f 7513 7519 7488
f 7520 7502 7521
f 7495 7497 7494
f 7522 7523 7524
f 7520 7525 7502
f 7498 7504 7526
f 7498 7526 7496
f 7526 7527 7496
f 7525 7528 7526
f 7508 7509 7529
f 7508 7529 7510
f 7507 7485 7530
f 7530 7531 7507
f 7505 7531 7506
f 7511 7532 7512
f 7511 7510 7532
f 7514 7512 7533
f 7516 7534 7446
f 7535 7536 7530
f 7515 7534 7535
f 7519 7513 7537
f 7514 7533 7537
f 7538 7539 7540
f 7541 7542 7543
f 7543 7517 7541
f 7544 7545 7546
f 7503 7518 7545
f 7542 7541 7523
f 7523 7522 7547
f 7547 7548 7523
f 7497 7496 7549
f 7549 7550 7551
f 7552 7553 7554
f 7528 7525 7520
f 7528 7520 7555
f 7556 7551 7557
f 7557 7558 7556
f 7547 7558 7548
f 7528 7559 7527
f 7527 7560 7550
f 7561 7562 7509
f 7561 7506 7562
f 7563 7564 7529
f 7562 7565 7563
f 7566 7567 7568
f 7566 7568 7569
f 7570 7571 7532
f 7570 7572 7573
f 7574 7568 7575
f 7567 7566 7576
f 7530 7577 7531
f 7578 7579 7580
f 7540 7533 7581
f 7535 7582 7536
f 7540 7581 7538
f 7538 7583 7539
f 7584 7543 7585
f 7582 7584 7448
f 7582 7448 7586
f 7519 7537 7540
f 7545 7519 7546
f 7587 7588 7589
f 7539 7590 7546
f 7585 7591 7449
f 7592 7593 7594
f 7593 7592 7548
f 7595 7544 7596
f 7555 7597 7528
f 7559 7597 7598
f 7595 7599 7597
f 7599 7595 7600
f 7587 7600 7590
f 7601 7593 7602
f 7602 7603 7601
f 7557 7604 7558
f 7553 7552 7605
f 7560 7606 7554
f 7607 7608 7609
f 7610 7598 7607
f 7603 7602 7611
f 7611 7604 7612
f 7603 7611 7613
f 7559 7606 7560
f 7606 7559 7614
f 7615 7616 7554
f 7610 7615 7614
f 7617 7618 7576
f 7618 7619 7565
f 7618 7620 7619
f 7573 7564 7621
f 7581 7571 7622
f 7623 7622 7624
f 7570 7625 7624
f 7626 7627 7575
f 7627 7628 7574
f 7628 7627 7629
f 7629 7580 7628
f 7566 7579 7617
f 7578 7580 7630
f 7631 7632 7633
f 7573 7621 7633
f 7586 7451 7626
f 7575 7536 7626
f 7629 7627 7634
f 7583 7538 7635
f 7622 7623 7635
f 7623 7624 7636
f 7451 7448 7447
f 7449 7591 7592
f 7449 7452 7447
f 7583 7588 7590
f 7587 7589 7637
f 7637 7638 7639
f 7639 7640 7600
f 7600 7587 7639
f 7641 7594 7642
f 7598 7610 7614
f 7643 7644 7645
f 7609 7643 7607
f 7639 7646 7640
f 7647 7646 7648
f 7613 7649 7603
f 7649 7613 7650
f 7605 7651 7612
f 7652 7650 7651
f 7553 7605 7653
f 7607 7654 7610
f 7655 7652 7605
f 7656 7652 7657
f 7616 7615 7658
f 7659 7660 7616
f 7616 7658 7659
f 7578 7620 7617
f 7661 7620 7630
f 7633 7661 7662
f 7663 7664 7630
f 7665 7631 7662
f 7666 7667 7665
f 7625 7668 7669
f 7631 7668 7632
f 7634 7670 7629
f 7629 7671 7580
f 7672 7673 7636
f 7670 7634 7674
f 7451 7675 7674
f 7583 7635 7588
f 7676 7588 7677
f 7678 7679 7680
f 7454 7641 7458
f 7646 7638 7681
f 7682 7638 7679
f 7683 7649 7650
f 7641 7642 7683
f 7684 7685 7645
f 7686 7687 7688
f 7688 7689 7684
f 7652 7656 7650
f 7656 7690 7691
f 7692 7690 7657
f 7693 7655 7694
f 7655 7693 7657
f 7695 7694 7660
f 7696 7697 7654
f 7685 7698 7696
f 7699 7692 7700
f 7690 7701 7702
f 7660 7659 7703
f 7704 7705 7695
f 7703 7659 7706
f 7696 7707 7706
f 7706 7708 7703
f 7663 7580 7709
f 7664 7710 7662
f 7709 7710 7663
f 7710 7711 7665
f 7667 7712 7631
f 7668 7712 7636
f 7712 7713 7672
f 7671 7670 7714
f 7714 7715 7671
f 7667 7713 7712
f 7716 7717 7672
f 7674 7718 7719
f 7720 7721 7719
f 7722 7717 7723
f 7676 7724 7589
f 7722 7724 7677
f 7675 7450 7725
f 7680 7724 7678
f 7456 7461 7725
f 7726 7678 7727
f 7728 7459 7458
f 7682 7729 7681
f 7682 7679 7726
f 7682 7730 7729
f 7728 7731 7464
f 7728 7464 7459
f 7641 7683 7728
f 7686 7729 7687
f 7687 7729 7732
f 7702 7731 7691
f 7733 7734 7735
f 7607 7645 7654
f 7707 7698 7736
f 7698 7685 7737
f 7738 7739 7737
f 7737 7732 7738
f 7737 7689 7732
f 7740 7741 7732
f 7699 7700 7742
f 7701 7699 7743
f 7743 7734 7701
f 7743 7742 7744
f 7744 7745 7743
f 7705 7700 7694
f 7706 7707 7708
f 7707 7736 7746
f 7747 7748 7744
f 7747 7742 7749
f 7750 7751 7752
f 7750 7753 7754
f 7751 7749 7704
f 7751 7754 7749
f 7755 7750 7708
f 7755 7708 7746
f 7755 7756 7750
f 7755 7746 7756
f 7756 7757 7753
f 7711 7710 7758
f 7758 7759 7711
f 7709 7760 7758
f 7711 7761 7666
f 7761 7759 7762
f 7763 7764 7666
f 7765 7766 7767
f 7763 7768 7766
f 7769 7713 7764
f 7769 7716 7713
f 7769 7770 7716
f 7771 7772 7773
f 7774 7775 7715
f 7760 7775 7776
f 7773 7774 7777
f 7763 7766 7764
f 7722 7677 7717
f 7717 7770 7778
f 7779 7780 7781
f 7781 7782 7772
f 7778 7783 7723
f 7784 7785 7783
f 7723 7786 7787
f 7461 7788 7789
f 7790 7727 7791
f 7461 7460 7788
f 7789 7780 7725
f 7730 7792 7793
f 7794 7741 7730
f 7465 7735 7469
f 7469 7734 7470
f 7794 7795 7741
f 7796 7797 7745
f 7756 7798 7757
f 7799 7748 7800
f 7801 7748 7802
f 7801 7803 7800
f 7803 7801 7804
f 7805 7806 7800
f 7807 7808 7804
f 7809 7804 7808
f 7810 7811 7809
f 7807 7802 7754
f 7807 7812 7808
f 7813 7814 7757
f 7813 7757 7815
f 7762 7816 7768
f 7817 7776 7818
f 7762 7817 7816
f 7819 7816 7820
f 7770 7769 7821
f 7766 7822 7821
f 7767 7823 7765
f 7770 7821 7824
f 7766 7765 7822
f 7822 7825 7824
f 7778 7824 7783
f 7826 7827 7828
f 7829 7826 7830
f 7827 7829 7831
f 7828 7832 7773
f 7832 7828 7833
f 7834 7828 7831
f 7835 7836 7783
f 7789 7837 7830
f 7786 7785 7791
f 7785 7784 7838
f 7838 7839 7785
f 7793 7790 7840
f 7841 7842 7839
f 7730 7682 7792
f 7843 7844 7793
f 7793 7840 7843
f 7844 7843 7842
f 7788 7468 7845
f 7844 7846 7794
f 7847 7846 7842
f 7472 7473 7848
f 7794 7846 7849
f 7794 7850 7795
f 7797 7474 7471
f 7851 7798 7739
f 7851 7739 7795
f 7806 7852 7853
f 7815 7854 7855
f 7856 7854 7851
f 7854 7856 7857
f 7858 7859 7851
f 7860 7861 7850
f 7859 7856 7851
f 7819 7820 7862
f 7767 7819 7823
f 7863 7864 7865
f 7862 7863 7823
f 7866 7863 7867
f 7825 7765 7868
f 7833 7834 7869
f 7864 7870 7865
f 7871 7836 7870
f 7871 7872 7784
f 7873 7837 7874
f 7875 7876 7834
f 7877 7875 7831
f 7864 7878 7870
f 7874 7837 7879
f 7880 7837 7845
f 7874 7879 7876
f 7881 7879 7880
f 7882 7883 7884
f 7885 7847 7841
f 7886 7849 7847
f 7847 7885 7886
f 7886 7887 7888
f 7845 7889 7890
f 7891 7849 7892
f 7893 7894 7892
f 7895 7896 7473
f 7794 7891 7850
f 7474 7797 7897
f 7898 7895 7897
f 7898 7899 7895
f 7851 7861 7858
f 7897 7900 7898
f 7900 7897 7853
f 7858 7901 7859
f 7866 7869 7902
f 7864 7863 7902
f 7903 7872 7871
f 7902 7904 7864
f 7904 7905 7906
f 7904 7907 7878
f 7784 7872 7884
f 7908 7903 7909
f 7908 7910 7903
f 7879 7881 7876
f 7880 7911 7881
f 7912 7913 7914
f 7913 7912 7915
f 7884 7910 7882
f 7916 7917 7909
f 7910 7908 7918
f 7919 7920 7921
f 7911 7922 7914
f 7923 7924 7925
f 7887 7885 7883
f 7888 7892 7886
f 7926 7887 7882
f 7911 7890 7922
f 7919 7927 7848
f 7888 7887 7928
f 7892 7888 7893
f 7929 7930 7921
f 7899 7931 7896
f 7894 7893 7932
f 7932 7860 7894
f 7933 7934 7928
f 7899 7935 7931
f 7935 7936 7937
f 7932 7938 7860
f 7860 7938 7939
f 7938 7932 7940
f 7941 7935 7898
f 7475 7936 7941
f 7938 7940 7942
f 7943 7939 7944
f 7834 7915 7905
f 7945 7907 7946
f 7904 7906 7946
f 7916 7947 7917
f 7918 7917 7948
f 7949 7915 7950
f 7915 7912 7951
f 7947 7952 7953
f 7954 7945 7955
f 7956 7957 7953
f 7958 7959 7926
f 7923 7927 7930
f 7924 7923 7960
f 7924 7960 7950
f 7930 7929 7960
f 7931 7920 7896
f 7961 7929 7962
f 7963 7964 7965
f 7966 7967 7959
f 7920 7968 7969
f 7970 7962 7971
f 7928 7967 7933
f 7967 7972 7933
f 7937 7968 7920
f 7964 7940 7933
f 7939 7943 7860
f 7973 7974 7975
f 7963 7976 7964
f 7939 7942 7977
f 7959 7958 7978
f 7957 7956 7978
f 7959 7978 7966
f 7979 7952 7954
f 7980 7954 7981
f 7982 7983 7984
f 7985 7986 7987
f 7982 7984 7966
f 7986 7972 7984
f 7971 7988 7970
f 7989 7990 7988
f 7980 7985 7954
f 7985 7991 7986
f 7992 7965 7986
f 7968 7988 7971
f 7937 7989 7968
f 7993 7990 7994
f 7995 7996 7994
f 7976 7963 7997
f 7995 7994 7998
f 7999 8000 7991
f 7999 7991 7980
f 8001 8002 8003
f 8001 7999 7981
f 8002 8004 8005
f 8000 7999 8006
f 7992 8000 7965
f 7963 8000 8007
f 8008 8009 7998
f 7996 7995 8010
f 8011 8012 7996
f 8013 8011 8010
f 8013 8010 8014
f 8003 8015 8001
f 8015 8003 8016
f 8001 8017 8006
f 8018 8019 8020
f 8006 8021 8007
f 8011 8022 8012
f 8016 8005 8023
f 8024 8016 8025
f 8026 8015 8024
f 8025 8027 8024
f 8026 8028 8015
f 8017 8028 8021
f 8029 8020 8030
f 7803 8031 8032
f 7804 7811 7803
f 7809 7808 8033
f 7814 7813 8033
f 8034 8033 8035
f 7813 7815 8035
f 8032 7852 7805
f 8031 7811 8036
f 7857 8037 8038
f 7856 7859 8037
f 8032 8031 8039
f 8040 8041 8036
f 8042 8040 8043
f 8044 8043 7810
f 8043 8044 8042
f 7810 7809 8034
f 8044 8045 8046
f 7810 8034 8044
f 8045 8034 8047
f 8047 8035 8048
f 8041 8040 8049
f 8040 8042 8050
f 8045 8047 8051
f 8052 8053 8051
f 8053 8052 8054
f 7476 8055 8056
f 8057 8058 8037
f 7944 8058 7901
f 8059 8060 8061
f 8062 8063 8038
f 7855 7857 8048
f 8062 8064 8065
f 8062 8038 8066
f 8067 8066 8058
f 8058 7944 8067
f 8049 8060 8041
f 8049 8050 8068
f 8044 8046 8069
f 8063 8052 8048
f 8066 8064 8062
f 8065 8054 8062
f 8070 8071 8072
f 8071 8073 8068
f 8074 8071 8075
f 8076 8073 8074
f 8072 8050 8069
f 8069 8077 8078
f 8046 8079 8077
f 8079 8053 8080
f 8054 8081 8082
f 8083 8084 8075
f 8085 8076 8084
f 8086 8087 8083
f 8075 8070 8078
f 8083 8075 8088
f 8089 8090 8091
f 8080 8082 8090
f 8092 8090 8093
f 8093 8094 8095
f 8092 8093 8096
f 7900 7853 7476
f 7476 7475 7941
f 7475 7477 7936
f 7901 7943 7944
f 7939 7977 8097
f 8056 8061 7479
f 7479 7478 8056
f 8061 8055 8059
f 8098 8099 8097
f 8099 8064 8067
f 7479 8100 8101
f 8064 8099 8102
f 8103 8104 8105
f 8106 8107 8073
f 8107 8106 8060
f 8073 8076 8106
f 8054 8065 8081
f 8108 8109 8081
f 8065 8102 8108
f 8105 8110 8102
f 8110 8111 8112
f 8113 8114 8091
f 8115 8109 8112
f 8115 8116 8095
f 8086 8117 8087
f 8118 8119 8087
f 8120 8117 8121
f 8121 8088 8089
f 8091 8092 8113
f 8089 8114 8121
f 8114 8122 8120
f 8123 8124 8096
f 8125 8096 8126
f 8125 8126 8113
f 8127 8128 8123
f 8129 8130 8131
f 8132 8120 8131
f 8129 8133 8130
f 8120 8132 8117
f 8122 8134 8135
f 8134 8122 8126
f 8134 8126 8136
f 8137 8134 8138
f 8138 8136 8139
f 8140 8129 8141
f 8142 8143 8131
f 8137 8144 8135
f 8144 8137 8145
f 8146 8144 8147
f 7974 7973 7936
f 8148 8149 8150
f 8151 8152 7480
f 8103 8098 8153
f 8097 8149 8098
f 8101 8154 7480
f 8101 8106 8154
f 7480 8155 8151
f 8154 8156 8155
f 8104 8103 8157
f 8156 8158 8159
f 8159 8160 8156
f 8161 8157 8162
f 8111 8110 8163
f 8156 8154 8158
f 8158 8085 8164
f 8111 8163 8115
f 8123 8116 8127
f 8115 8161 8116
f 8165 8166 8133
f 8115 8095 8109
f 8116 8162 8167
f 8129 8140 8165
f 8122 8135 8142
f 8168 8169 8139
f 8170 8171 8168
f 8172 8170 8167
f 8141 8173 8140
f 8174 8165 8175
f 8176 8175 8177
f 8173 8143 8177
f 8144 8146 8178
f 8179 8143 8178
f 8178 8180 8179
f 8138 8139 8145
f 8181 8169 8182
f 8183 8184 8176
f 8185 8186 8183
f 8176 8177 8183
f 8187 8180 8188
f 8147 8189 8146
f 8189 8190 8191
f 8182 8192 8189
f 8193 8188 8194
f 8193 8194 8195
f 8192 8196 8190
f 8008 7975 8197
f 7998 7973 8008
f 8149 8148 8198
f 7997 8199 8200
f 8148 8150 8200
f 8201 8148 8202
f 8019 8018 7997
f 8151 8203 8152
f 8204 8203 8205
f 8206 8153 8201
f 8207 8202 8199
f 8201 8202 8206
f 8205 8155 8208
f 8161 8163 8157
f 8209 8157 8210
f 8205 8208 8211
f 8160 8212 8211
f 8103 8153 8210
f 8158 8164 8159
f 8212 8160 8213
f 8164 8214 8213
f 8215 8216 8212
f 8217 8218 8219
f 8217 8220 8218
f 8220 8217 8221
f 8222 8215 8220
f 8119 8214 8223
f 8162 8224 8225
f 8167 8225 8172
f 8219 8166 8217
f 8166 8226 8221
f 8227 8228 8221
f 8219 8214 8133
f 8166 8165 8226
f 8172 8229 8170
f 8165 8174 8226
f 8230 8174 8231
f 8182 8147 8181
f 8232 8233 8192
f 8169 8171 8234
f 8234 8171 8235
f 8236 8237 8229
f 8235 8237 8238
f 8239 8187 8240
f 8234 8232 8182
f 8241 8242 8233
f 8238 8232 8235
f 8233 8232 8243
f 8244 8241 8243
f 8240 8245 8185
f 8185 8246 8186
f 8246 8245 8247
f 8187 8188 8248
f 8249 8187 8248
f 8187 8249 8245
f 8250 8251 8252
f 8253 8249 8248
f 8254 8255 8253
f 8242 8256 8257
f 8256 8258 8259
f 8254 8253 8259
f 8008 8197 8009
f 8197 8260 8261
f 8261 8262 8009
f 8020 8029 8018
f 8203 8263 8197
f 8260 8263 8264
f 8018 8265 8199
f 8266 8267 8268
f 8210 8206 8267
f 8263 8203 8204
f 8205 8211 8204
f 8267 8207 8269
f 8210 8267 8209
f 8204 8270 8271
f 8211 8216 8270
f 8157 8209 8272
f 8273 8209 8274
f 8275 8216 8222
f 8157 8272 8224
f 8276 8272 8273
f 8222 8277 8278
f 8279 8224 8280
f 8278 8228 8281
f 8224 8279 8282
f 8237 8236 8283
f 8226 8230 8227
f 8231 8284 8230
f 8227 8285 8228
f 8284 8286 8285
f 8237 8283 8287
f 8231 8288 8289
f 8290 8284 8289
f 8284 8290 8286
f 8290 8289 8291
f 8288 8231 8186
f 8243 8238 8292
f 8293 8292 8287
f 8294 8295 8296
f 8297 8298 8251
f 8288 8298 8296
f 8298 8288 8247
f 8242 8241 8299
f 8241 8244 8300
f 8243 8292 8244
f 8292 8293 8301
f 8244 8301 8302
f 8252 8249 8250
f 8256 8242 8258
f 8299 8303 8258
f 8303 8304 8305
f 8300 8306 8299
f 8300 8307 8306
f 8307 8300 8308
f 8307 8309 8310
f 8308 8302 8311
f 8312 8313 8314
f 8314 8315 8316
f 8255 8317 8250
f 8254 8318 8255
f 8319 8320 8317
f 8318 8321 8319
f 8305 8322 8259
f 8323 8324 8259
f 8324 8318 8254
f 8325 8323 8322
f 8014 8326 8027
f 8027 8025 8014
f 8327 8328 8026
f 8329 8330 8331
f 8329 8332 8327
f 8333 8334 8030
f 8262 8261 8335
f 8336 8337 8335
f 8335 8326 8262
f 8329 8331 8332
f 8332 8338 8328
f 8339 8340 8341
f 8342 8268 8341
f 8341 8338 8339
f 8343 8264 8271
f 8264 8343 8335
f 8336 8343 8344
f 8345 8346 8347
f 8331 8348 8339
f 8270 8275 8349
f 8349 8350 8271
f 8349 8351 8350
f 8350 8352 8344
f 8353 8274 8354
f 8266 8268 8354
f 8276 8273 8274
f 8351 8275 8355
f 8354 8356 8357
f 8358 8359 8276
f 8276 8353 8358
f 8360 8361 8358
f 8362 8355 8363
f 8222 8278 8363
f 8358 8364 8359
f 8365 8366 8279
f 8367 8368 8361
f 8368 8365 8364
f 8286 8369 8370
f 8371 8278 8372
f 8368 8373 8365
f 8367 8374 8368
f 8373 8375 8366
f 8370 8372 8286
f 8291 8376 8290
f 8377 8369 8378
f 8293 8287 8379
f 8291 8295 8376
f 8295 8294 8380
f 8295 8380 8378
f 8301 8381 8311
f 8293 8379 8382
f 8383 8381 8382
f 8294 8298 8384
f 8312 8385 8297
f 8380 8384 8386
f 8309 8307 8387
f 8388 8387 8311
f 8297 8251 8250
f 8313 8312 8250
f 8389 8320 8319
f 8319 8321 8389
f 8322 8304 8325
f 8323 8325 8390
f 8391 8392 8393
f 8304 8309 8393
f 8309 8387 8391
f 8388 8394 8387
f 8389 8395 8315
f 8396 8397 8389
f 8392 8398 8390
f 8390 8396 8323
f 8399 8400 8401
f 8326 8337 8401
f 8399 8330 8329
f 8330 8402 8403
f 8336 8347 8337
f 8346 8404 8403
f 8347 8336 8345
f 8331 8404 8348
f 8405 8404 8406
f 8404 8405 8407
f 8408 8409 8406
f 8410 8411 8405
f 8412 8356 8342
f 8413 8412 8340
f 8413 8414 8412
f 8336 8344 8415
f 8416 8417 8415
f 8418 8419 8420
f 8407 8411 8413
f 8410 8421 8411
f 8357 8414 8422
f 8357 8360 8354
f 8355 8423 8351
f 8355 8362 8423
f 8415 8352 8416
f 8405 8424 8410
f 8367 8361 8425
f 8371 8426 8363
f 8362 8426 8427
f 8352 8423 8428
f 8429 8430 8427
f 8430 8431 8428
f 8361 8360 8422
f 8426 8371 8432
f 8429 8426 8433
f 8367 8434 8374
f 8435 8436 8367
f 8434 8437 8438
f 8438 8375 8374
f 8437 8439 8440
f 8375 8441 8442
f 8440 8441 8438
f 8441 8440 8443
f 8444 8445 8446
f 8369 8445 8370
f 8443 8379 8441
f 8369 8377 8446
f 8447 8448 8449
f 8382 8443 8450
f 8383 8382 8451
f 8451 8452 8383
f 8377 8380 8453
f 8453 8386 8454
f 8453 8455 8377
f 8449 8377 8447
f 8447 8455 8456
f 8457 8458 8381
f 8381 8459 8388
f 8381 8458 8459
f 8458 8457 8460
f 8385 8461 8386
f 8316 8462 8314
f 8461 8462 8454
f 8454 8463 8453
f 8463 8454 8464
f 8465 8466 8467
f 8468 8394 8392
f 8469 8470 8459
f 8458 8460 8469
f 8316 8467 8462
f 8471 8472 8316
f 8473 8398 8474
f 8475 8467 8474
f 8397 8474 8395
f 8475 8398 8476
f 8346 8345 8406
f 8409 8417 8477
f 8477 8424 8409
f 8478 8418 8479
f 8420 8424 8480
f 8480 8481 8420
f 8410 8419 8421
f 8425 8422 8482
f 8419 8418 8482
f 8482 8483 8425
f 8435 8483 8484
f 8480 8431 8485
f 8478 8484 8418
f 8435 8484 8436
f 8478 8486 8487
f 8488 8430 8433
f 8488 8433 8489
f 8488 8490 8485
f 8479 8491 8478
f 8492 8493 8494
f 8367 8436 8434
f 8478 8493 8486
f 8495 8496 8444
f 8488 8496 8490
f 8495 8497 8496
f 8498 8499 8497
f 8500 8501 8502
f 8503 8439 8500
f 8434 8501 8437
f 8444 8446 8504
f 8504 8505 8444
f 8506 8505 8507
f 8497 8495 8506
f 8439 8508 8509
f 8510 8511 8508
f 8508 8512 8450
f 8448 8507 8504
f 8513 8512 8514
f 8448 8447 8515
f 8448 8515 8507
f 8516 8517 8518
f 8513 8452 8512
f 8519 8520 8513
f 8513 8514 8521
f 8452 8513 8522
f 8522 8460 8452
f 8464 8466 8465
f 8465 8523 8524
f 8447 8456 8523
f 8523 8525 8515
f 8526 8525 8523
f 8527 8528 8529
f 8465 8530 8531
f 8530 8532 8533
f 8534 8531 8533
f 8532 8530 8476
f 8535 8536 8532
f 8537 8538 8533
f 8539 8538 8540
f 8537 8536 8540
f 8541 8542 8469
f 8520 8543 8541
f 8536 8543 8519
f 8530 8465 8475
f 8532 8476 8535
f 8542 8535 8470
f 8544 8481 8545
f 8485 8545 8481
f 8479 8481 8491
f 8490 8546 8485
f 8486 8501 8487
f 8547 8546 8499
f 8548 8492 8549
f 8546 8547 8550
f 8549 8551 8552
f 8498 8552 8499
f 8548 8493 8492
f 8502 8493 8553
f 8498 8497 8554
f 8552 8498 8555
f 8555 8556 8552
f 8555 8557 8556
f 8558 8548 8556
f 8503 8510 8439
f 8553 8548 8559
f 8503 8553 8510
f 8559 8560 8510
f 8561 8506 8517
f 8558 8557 8562
f 8561 8563 8564
f 8516 8565 8561
f 8559 8558 8562
f 8559 8566 8560
f 8567 8514 8560
f 8561 8517 8516
f 8525 8527 8518
f 8565 8516 8568
f 8516 8518 8569
f 8562 8563 8568
f 8566 8569 8539
f 8566 8539 8521
f 8562 8568 8566
f 8513 8521 8519
f 8566 8521 8567
f 8539 8570 8538
f 8525 8526 8527
f 8533 8571 8534
f 8527 8529 8572
f 8518 8572 8573
f 8572 8529 8573
f 8539 8574 8570
f 7976 8575 7942
f 8200 8575 7997
f 8576 7775 7709
f 2480 2485 2512
f 2477 2544 1932
f 8534 8528 8531
f 8464 8524 8463
f 8489 8445 8488
f 8480 8477 8431
f 8409 8408 8417
f 8398 8392 8577
f 8473 8474 8397
f 8473 8397 8390
f 8385 8312 8461
f 8407 8413 8348
f 8187 8239 8179
f 8257 8196 8242
f 8215 8212 8218
f 7974 7477 7478
f 8087 8223 8084
f 8578 7983 7978
f 7921 7969 8579
f 7911 7880 7890
f 7735 7731 7733
f 7715 7714 7777
f 7760 7776 7759
f 7724 7722 7787
f 7701 7690 7699
f 7681 7686 7648
f 7573 7632 7570
f 7608 7599 7609
f 7516 7517 7584
f 7522 7524 7549
f 7503 7545 7521
f 2808 7414 2807
f 7431 7432 7411
f 7401 7426 7428
f 7390 7412 7413
f 7375 8580 7367
f 7321 7322 7198
f 8581 7316 7198
f 7303 7302 7304
f 7278 7176 7154
f 7147 7148 7053
f 7101 7099 7112
f 7054 6947 6952
f 7032 7034 7025
f 7025 6934 7032
f 6905 6906 7021
f 6969 6970 6868
f 6793 6869 6791
f 6747 6822 6745
f 6763 6809 6746
f 6683 6739 6818
f 6801 6810 6732
f 6775 6700 8582
f 8583 6770 6840
f 8583 6840 6761
f 8584 6710 6786
f 6630 6632 6631
f 6570 6593 6604
f 8585 6627 2592
f 5798 5796 6535
f 5796 5801 6535
f 6471 6475 6469
f 6414 6408 6415
f 6351 6382 6354
f 8586 6259 6255
f 6154 6194 6155
f 6193 8587 6185
f 6138 6134 6133
f 6125 6129 6124
f 6089 6086 6091
f 6001 6043 6002
f 8588 5891 5900
f 5173 8589 5174
f 5882 8589 5883
f 5875 5874 5880
f 5860 5863 5224
f 5834 5797 5831
f 5763 5712 5742
f 5745 5744 5743
f 5614 5616 5611
f 5687 5689 5690
f 5662 5664 8590
f 5581 5655 5582
f 5566 5572 5565
f 5478 5482 5556
f 5549 5553 5559
f 5546 6248 5542
f 5535 5442 5537
f 5417 5515 5399
f 5507 5511 5506
f 5375 5370 5376
f 5373 5376 5371
f 8591 5289 5285
f 5229 5167 5170
f 5144 4556 5140
f 4285 5092 4286
f 5976 5098 5979
f 4937 5068 5036
f 4978 4990 4979
f 4958 4955 4956
f 4949 4946 4950
f 4940 4933 4935
f 5003 4991 5011
f 4774 4765 4747
f 4854 4855 4753
f 4770 4768 4761
f 4726 4714 4716
f 4698 4718 4689
f 4608 4600 4599
f 4391 960 4373
f 4465 4337 4338
f 4438 4448 4449
f 4388 968 4391
f 4360 4344 4455
f 4200 4185 4195
f 4121 4122 4126
f 3999 4034 8592
f 8593 8594 4025
f 3948 3950 8595
f 3937 3952 3938
f 3931 3821 3823
f 3894 3889 3895
f 3868 3856 3866
f 3684 3738 3689
f 3552 3551 3571
f 3572 3569 3590
f 3566 3590 3548
f 3479 3491 3480
f 3452 3456 3446
f 3221 3242 3006
f 3140 3141 3145
f 2904 2907 3121
f 3076 3082 8596
f 3044 3064 3067
f 2980 2979 2950
f 2952 2994 2923
f 2975 8597 2978
f 2792 7439 2788
f 7443 2795 7435
f 2721 2752 2750
f 2732 2728 8598
f 2650 2661 2657
f 2536 2539 2541
f 2377 2434 2382
f 2428 2420 2426
f 2347 2250 2345
f 2298 2284 2297
f 2284 2280 2295
f 2279 2204 2206
f 2175 2177 271
f 2158 2171 2154
f 2081 8599 2054
f 2078 2020 2079
f 2016 2015 2018
f 2028 1950 1949
f 1994 1993 1998
f 1994 1998 1989
f 1955 1934 1921
f 1899 1901 1904
f 1865 1869 8600
f 1796 1795 1714
f 1757 1794 1755
f 1396 1403 1702
f 1608 1611 1607
f 1469 1471 1520
f 1433 1511 1507
f 1502 1438 8601
f 1495 1497 8601
f 1368 1372 1363
f 1398 1354 1358
f 1285 1286 1290
f 1197 1199 1213
f 1934 1206 1182
f 1178 1105 1138
f 982 890 985
f 1064 887 979
f 784 844 851
f 717 652 651
f 763 764 722
f 750 753 762
f 697 699 742
f 675 676 733
f 677 679 683
f 1524 543 19
f 543 542 634
f 509 515 510
f 3940 410 407
f 351 382 350
f 323 318 322
f 8602 205 207
f 182 101 142
f 95 150 132
f 79 72 81
f 11 15 9
f 4 5 8603
f 3 10 14
f 57 58 68
f 75 69 112
f 75 112 8604
f 86 8605 187
f 109 110 113
f 8606 135 166
f 168 176 166
f 18 20 148
f 146 162 152
f 25 24 161
f 133 132 164
f 134 136 181
f 8602 207 198
f 8607 8608 210
f 272 233 265
f 274 272 267
f 267 239 274
f 325 3214 323
f 339 377 335
f 376 377 347
f 344 346 345
f 411 417 405
f 422 423 426
f 453 3905 454
f 461 409 417
f 486 484 485
f 736 689 554
f 1415 854 556
f 549 1415 550
f 799 555 556
f 558 563 616
f 569 568 579
f 588 577 589
f 7 584 6
f 19 633 590
f 629 633 632
f 645 708 637
f 654 601 646
f 620 621 670
f 685 690 628
f 718 725 664
f 671 732 672
f 696 686 737
f 755 707 803
f 815 817 722
f 721 714 763
f 768 770 724
f 741 794 786
f 743 795 742
f 804 808 803
f 844 846 8609
f 918 907 902
f 867 866 940
f 939 1030 940
f 874 953 875
f 1000 999 997
f 1001 891 1064
f 995 996 1011
f 1003 995 1009
f 511 504 925
f 1043 977 1042
f 966 1063 1060
f 1127 1122 1098
f 1091 1088 1098
f 1141 1140 1116
f 1155 1158 1154
f 1134 1103 1135
f 4989 1191 1212
f 1151 1190 1209
f 1194 1193 1159
f 1183 1237 1184
f 1239 1245 1242
f 1244 1306 1241
f 1256 1250 1255
f 1255 1257 1254
f 1313 1260 1262
f 107 1274 108
f 1277 1321 1275
f 1290 1292 1285
f 1524 1294 544
f 1295 1332 1296
f 1240 1304 1245
f 1310 1312 1253
f 1318 1341 1314
f 1283 1353 1322
f 1333 1420 1361
f 8610 1376 1369
f 1342 1381 8611
f 8612 1399 1350
f 1398 1405 1352
f 1358 1405 1398
f 1411 1399 1352
f 1416 1360 1417
f 1434 1386 1510
f 1474 1523 1406
f 1474 1476 1523
f 1423 1486 1755
f 1489 1490 1494
f 1505 1501 1504
f 183 1548 1546
f 1570 123 1564
f 1577 1578 1580
f 1587 1586 1591
f 1527 1592 1532
f 1642 1545 1610
f 1615 1543 1642
f 1560 1616 1561
f 1589 1582 1628
f 1630 698 1582
f 1590 1589 1633
f 1650 1695 1651
f 1655 1623 1653
f 1627 697 746
f 1663 1636 1723
f 1647 1681 1613
f 1682 1690 1679
f 1676 1682 1677
f 1695 1692 1697
f 1699 8613 1698
f 1717 1721 1724
f 1660 1716 1724
f 1747 1748 1742
f 1758 1770 1759
f 1797 1771 1762
f 1728 1730 1773
f 857 908 1749
f 917 1793 914
f 1796 1790 1752
f 1803 1775 1805
f 1801 1775 1803
f 1811 1815 1812
f 1817 5331 1818
f 5411 5418 1823
f 8614 1830 1889
f 1889 1829 1895
f 1847 5425 1849
f 5435 5444 1849
f 1917 1908 1851
f 1917 1852 1857
f 1838 1865 1835
f 1878 1876 1842
f 1886 1885 1883
f 1878 1882 1879
f 1902 1905 1903
f 1893 1892 1927
f 1898 1928 1892
f 1900 1903 1929
f 1972 8615 1974
f 1961 1966 1960
f 1969 1942 1971
f 1925 8615 1926
f 2023 1992 2026
f 2025 2026 1998
f 1990 2019 1984
f 1953 2003 2032
f 2007 2043 2040
f 2016 2027 2022
f 2062 8616 2034
f 2081 2020 8599
f 2050 2056 2082
f 8617 2098 1289
f 1327 1291 2099
f 2137 8618 8619
f 2145 8620 2143
f 264 2144 2152
f 2148 2159 2149
f 2165 2164 270
f 2150 2151 8618
f 2229 2329 2228
f 2243 2334 2241
f 2188 2343 2251
f 2267 2204 8621
f 2271 8621 2365
f 2288 2291 2290
f 2327 2309 2328
f 2238 2239 2318
f 2237 2321 2235
f 1359 2334 1357
f 2350 2249 2343
f 2360 2266 2361
f 2388 2304 2374
f 2374 2435 2388
f 2381 2314 2391
f 1479 1478 2397
f 2397 1478 2393
f 2403 2400 2404
f 2336 2410 2344
f 2342 2406 2348
f 2362 2419 2428
f 2440 2436 6356
f 6350 2452 2449
f 2476 2496 2495
f 2496 2501 2538
f 2511 2513 2514
f 2489 2488 2520
f 2558 2557 2563
f 2564 2565 8622
f 2576 2573 2737
f 2576 8623 2573
f 8624 2595 2594
f 2657 2658 2652
f 2659 2663 2668
f 2671 2673 2666
f 2677 2676 2706
f 2682 2715 2679
f 2682 2681 2688
f 2670 2666 2686
f 2745 2716 2718
f 2733 2700 2729
f 2713 2711 2710
f 2726 2757 2725
f 2725 2756 2721
f 2758 2761 2754
f 8625 2761 2775
f 2727 2733 2757
f 2743 2766 2741
f 2770 2771 8626
f 2774 2772 2753
f 7436 2804 2806
f 2816 2820 2852
f 2900 2902 2876
f 2901 2903 2922
f 2981 2978 2982
f 2946 2918 2942
f 2985 2984 2986
f 2993 2988 2992
f 3010 3011 3014
f 2934 3028 3027
f 3029 3030 3028
f 3032 8627 3028
f 3000 8628 3066
f 3019 3018 8629
f 3023 3050 3017
f 3020 8629 3053
f 3082 3087 8596
f 3077 8596 8630
f 3097 3365 3363
f 3106 3110 3107
f 3105 3111 3106
f 3138 3124 3119
f 3125 3143 3126
f 3137 3141 3122
f 3007 3008 3244
f 3222 3245 3230
f 3245 3239 3292
f 3229 3250 3253
f 3250 3249 8631
f 3254 3294 3255
f 3301 3300 8632
f 3294 3293 8632
f 8633 8634 8635
f 3304 3303 3302
f 3304 8636 3308
f 8637 3311 3316
f 3344 3313 3271
f 3312 3316 3309
f 3334 3350 3338
f 3354 3355 3348
f 3356 3353 3357
f 3356 8638 3353
f 3358 3351 3361
f 8638 3359 3340
f 3382 3379 3420
f 3415 3368 3419
f 3415 3418 3414
f 3404 3475 3400
f 3172 3169 3510
f 3512 3534 3514
f 3634 3633 3638
f 3600 3661 3586
f 3614 3715 3716
f 3608 3641 3700
f 3710 8639 3360
f 3654 8640 3712
f 3717 3716 3674
f 3727 3726 3685
f 3740 3741 3737
f 8641 3752 3758
f 3756 3758 3755
f 3761 8642 3755
f 3507 3771 3774
f 3771 3507 8643
f 3771 3770 3775
f 3776 3775 3779
f 3779 3780 3776
f 3801 396 3796
f 3820 3822 3828
f 3832 3831 3828
f 3831 3845 3829
f 3809 3820 3830
f 3831 3833 3845
f 3939 3846 3935
f 3838 3824 3839
f 3870 3860 3861
f 3892 3881 3883
f 3825 3906 3903
f 3952 3951 3957
f 8644 3961 3965
f 3989 4002 3990
f 8645 4011 3973
f 3979 3976 4012
f 4026 3986 3998
f 4032 8594 4030
f 4029 4027 4033
f 8646 4041 8592
f 4103 8646 4036
f 8646 4102 4041
f 8645 4009 8647
f 4056 4057 8648
f 8645 8647 4011
f 3994 4071 3993
f 4157 4104 4113
f 4130 4080 4127
f 4138 4142 4139
f 4109 4157 4115
f 4169 4281 4174
f 4173 4175 4192
f 4197 4191 4188
f 4199 4201 4211
f 4201 4203 4215
f 5180 4216 5181
f 4301 4216 4202
f 4309 8649 4222
f 4310 4221 8649
f 4333 8650 4236
f 4233 8650 4232
f 4242 4238 4240
f 4263 4377 4252
f 4263 4264 4377
f 4258 4271 4244
f 4380 4277 4262
f 4270 4257 4269
f 4161 4168 4275
f 4191 4296 4178
f 4309 4312 8649
f 4330 4320 4319
f 4368 4366 4461
f 4235 4327 4356
f 4354 4358 4374
f 4365 4353 4366
f 4372 4369 4370
f 4369 4372 4381
f 4379 4362 4377
f 4397 4398 4375
f 4409 4408 4395
f 4380 4382 4277
f 4415 4419 4282
f 8651 1007 4291
f 4433 4434 4440
f 4536 4537 5116
f 4532 8652 4530
f 8652 4606 4530
f 4520 4522 4533
f 4483 4536 5116
f 4483 4481 4536
f 4537 4540 4543
f 8653 4484 4636
f 4604 4528 4595
f 8654 4608 4606
f 4612 8654 8652
f 4532 4531 8652
f 8654 4614 4609
f 4719 4600 4609
f 4524 4728 4742
f 4605 4610 4527
f 8653 4547 4549
f 4558 4646 5152
f 4634 4652 4550
f 4642 4659 4643
f 4568 4567 5468
f 4656 4657 4666
f 4717 4711 4721
f 4702 4712 4704
f 4523 4602 4727
f 4742 8655 4741
f 4716 4717 4726
f 4723 4852 4738
f 4626 8656 4623
f 4626 4627 8656
f 4739 4744 8656
f 4779 4780 8657
f 4798 5155 8657
f 4779 8657 4769
f 4666 5551 4665
f 4672 4801 4788
f 4805 4802 4674
f 4791 4801 4803
f 4906 4905 4826
f 4764 4765 4778
f 1186 4959 4866
f 4822 4880 4823
f 4888 4886 4895
f 4916 4925 4903
f 4836 4904 4925
f 4899 4897 4917
f 4926 4925 4922
f 4932 4928 4920
f 4941 4939 4944
f 4961 1207 4969
f 4977 5052 4985
f 4989 1210 1191
f 4893 5008 4894
f 4947 8658 5080
f 5074 5073 5076
f 5101 5099 4300
f 5100 5101 4302
f 5101 5102 5099
f 5099 5104 5097
f 5097 5105 5979
f 5098 5975 8659
f 5104 5109 5105
f 5135 5147 5133
f 4557 5120 5137
f 5119 5137 5120
f 5139 5143 5130
f 5224 5165 5227
f 5229 5170 5177
f 5185 5180 5183
f 5194 5202 5198
f 5199 5207 5202
f 5210 5223 5211
f 5176 5230 5231
f 5253 5256 5333
f 5267 5340 5265
f 5277 5274 5268
f 5280 6325 5347
f 5235 5238 5285
f 5237 5290 5238
f 5288 5359 5289
f 5308 5305 5309
f 5312 5311 5314
f 5254 5333 5332
f 5328 5332 5334
f 1819 5331 1821
f 5266 5263 5233
f 5303 5297 5309
f 5386 5382 5378
f 5397 5395 5406
f 5398 5512 5396
f 5406 5407 5402
f 5390 5335 5399
f 5415 5412 5414
f 5447 5434 5450
f 5455 6339 5446
f 5458 5455 5449
f 5480 5482 5479
f 5360 5482 5361
f 5368 5484 5479
f 5496 5491 5490
f 5501 5500 5503
f 5590 5589 5500
f 5391 5494 5321
f 5513 5515 5521
f 5617 5535 5539
f 5535 5617 5534
f 5441 5536 5537
f 5540 6250 5538
f 5460 5466 5542
f 6248 5548 6261
f 5551 4666 5552
f 5483 5567 5481
f 5576 5655 5573
f 5596 5598 5594
f 5621 5630 4804
f 5566 5560 5638
f 5568 5642 5563
f 5642 5650 5640
f 5657 5585 5582
f 5591 5600 5663
f 5659 8590 5664
f 5681 5675 5680
f 5688 5687 5691
f 5690 5693 5695
f 5694 5616 5695
f 5725 5705 4953
f 5708 5709 5648
f 5740 5711 5736
f 5744 5714 5739
f 5750 8660 5679
f 5773 8661 5750
f 5677 8660 5715
f 5719 5752 8662
f 5757 5081 5082
f 8660 8661 8663
f 8661 5772 5776
f 5751 5784 5752
f 5786 5790 8662
f 5805 5802 5756
f 5753 5808 5754
f 5835 6581 5797
f 5833 5834 5830
f 5847 5851 5205
f 5865 5861 5859
f 8664 5871 5862
f 5869 5873 8664
f 5869 5868 5873
f 5883 5173 5172
f 5886 5893 5885
f 5888 5893 5889
f 5889 5886 5943
f 5909 5957 5910
f 6656 5912 5914
f 5968 5917 5966
f 5852 5849 5845
f 5932 5933 5936
f 5941 5944 5939
f 5944 5936 5939
f 6023 5942 5941
f 5945 5947 6023
f 5234 8589 5952
f 5970 5967 5960
f 5964 5270 5900
f 5960 5961 5970
f 5915 5913 5962
f 5973 5965 6686
f 5969 6060 6686
f 8665 5986 5985
f 5981 5983 5985
f 5994 5996 6005
f 6001 6003 6000
f 6042 6004 6010
f 6046 6008 6012
f 6018 6019 5938
f 6056 6035 6034
f 6034 6033 6056
f 8665 5980 5986
f 6075 6072 6070
f 6086 6047 6083
f 6082 6084 6091
f 6090 6087 6089
f 6097 6157 6103
f 6095 6104 6094
f 6104 6103 6102
f 6106 6164 8666
f 6169 6108 6164
f 6105 6161 6106
f 6109 6025 6107
f 6108 6169 6113
f 6054 6118 6117
f 6119 6121 6115
f 6058 6130 6132
f 6174 6133 6128
f 6140 6136 6144
f 6143 6953 6144
f 6182 6150 6184
f 6192 6152 8587
f 6183 8587 6151
f 6155 6199 6197
f 6199 6155 8667
f 6195 6202 8667
f 6204 6206 6202
f 6166 6226 6167
f 6230 6234 6228
f 6171 6172 6246
f 6240 6239 6246
f 6255 6260 6247
f 6246 8668 6245
f 5644 5653 5652
f 6188 6270 6209
f 6273 6277 6275
f 6292 6286 6294
f 5614 6251 6296
f 6308 6309 6251
f 6252 6254 6310
f 7284 6321 6315
f 6312 7284 6315
f 6328 6774 6329
f 6397 6403 6390
f 6410 6407 6411
f 6441 6435 6436
f 6395 6387 6442
f 6413 6420 6412
f 6468 6437 6463
f 6438 6465 6470
f 6446 6489 6447
f 6508 6490 6503
f 6520 6521 6523
f 6504 6509 6503
f 6552 6555 6550
f 6556 6558 6560
f 6564 6560 6562
f 6572 6571 6605
f 6577 6529 6525
f 6615 6620 6616
f 6582 6584 8669
f 6626 6625 2593
f 6612 6615 6576
f 6628 6627 6631
f 6638 6599 6639
f 6599 6638 6603
f 6646 6647 6614
f 6609 6647 6607
f 6667 6662 6663
f 6662 6667 6660
f 6668 6669 6671
f 5972 5971 8582
f 6698 6697 6786
f 6675 6671 6702
f 6719 6717 6708
f 6722 6724 6723
f 6732 6730 6798
f 6725 6727 6735
f 6752 6743 6751
f 6750 6756 6752
f 6749 6758 6755
f 6826 6766 6769
f 6778 6775 6777
f 6782 6694 6783
f 6794 6795 6873
f 6823 6819 6821
f 6819 6823 6832
f 6773 6843 6771
f 6963 6338 6964
f 6964 6862 6863
f 6867 6969 6790
f 6871 6864 6869
f 6870 6874 6876
f 6802 6883 6796
f 6807 8670 6885
f 6803 6892 6804
f 7006 6901 7019
f 6902 6899 6910
f 7018 7019 6902
f 6827 6911 6828
f 6914 6909 6920
f 6920 6911 6913
f 6919 6921 6933
f 6850 6848 6926
f 6928 6932 6943
f 6949 6859 6950
f 7066 7063 6972
f 6867 6962 6968
f 6973 6970 8671
f 6974 6976 6799
f 6980 6879 6976
f 8672 6981 6976
f 6984 6983 7087
f 6881 6982 6882
f 6987 6982 6985
f 6998 6989 7084
f 6988 6989 6994
f 7098 6991 7112
f 7005 7003 7108
f 7105 7008 7002
f 6999 6997 6888
f 7014 7118 7015
f 6918 6931 6917
f 7016 7015 7021
f 6931 8673 6929
f 8673 7022 7028
f 7030 8673 7028
f 7028 8674 7029
f 7037 7033 7052
f 7033 7037 7039
f 7049 6932 6929
f 7047 7060 7046
f 7172 7046 7045
f 7045 7143 7172
f 7051 7037 7052
f 7064 7071 7065
f 8675 7080 7076
f 7078 7090 7077
f 7088 7090 6993
f 7095 7195 7088
f 7098 7100 6992
f 7099 7102 7096
f 7142 7132 7275
f 7152 7171 7156
f 7175 7166 7164
f 7147 7053 7155
f 7182 7186 7181
f 7083 7191 7093
f 7192 7205 7085
f 7205 7211 7086
f 7324 7196 7336
f 7203 7197 7213
f 7337 7336 7206
f 7106 7111 7224
f 7217 7114 7127
f 7345 7338 7231
f 8676 7121 7223
f 7131 8676 7258
f 7131 7258 7129
f 7238 7237 7239
f 7234 7258 7239
f 7246 7244 7247
f 7260 7257 7261
f 7262 7275 7261
f 7265 8677 7266
f 7264 7263 8677
f 7240 7264 7245
f 7249 7270 7159
f 7280 7272 7267
f 7262 7256 7274
f 7158 7249 7159
f 7282 7281 7167
f 7284 7287 6321
f 7296 7291 7286
f 7295 7297 7292
f 7298 7305 7185
f 7305 7298 7309
f 7311 7313 7306
f 7328 7323 7320
f 7335 7333 7202
f 7332 7333 7330
f 7218 7326 7209
f 7339 7331 7208
f 7201 7333 7199
f 7344 7346 7222
f 7349 7348 7252
f 7357 7358 8678
f 8679 8580 7373
f 7386 7385 7393
f 7470 7472 7469
f 7467 7472 7889
f 7492 7491 7494
f 7516 7584 7534
f 7555 7521 7544
f 7544 7595 7555
f 7522 7549 7556
f 7565 7562 7576
f 7553 7653 7557
f 7536 7575 7577
f 7566 7569 7579
f 7592 7594 7453
f 7641 7454 7594
f 7643 7647 7644
f 7647 7643 7640
f 7684 7644 7688
f 7661 7621 7620
f 7752 7704 7703
f 7674 7719 7670
f 7718 7779 7720
f 7675 7725 7718
f 7753 7812 7754
f 7762 7768 7761
f 7781 7771 7720
f 7721 7771 7777
f 7771 7781 7772
f 7789 7830 7780
f 7466 7468 7463
f 7799 7796 7744
f 7799 7800 7796
f 7820 7818 7832
f 7767 8680 7819
f 7829 7827 7826
f 7830 7873 7829
f 7839 7838 7841
f 7820 7832 7867
f 7869 7866 7833
f 7825 7868 7835
f 7875 7877 7874
f 7858 7861 7901
f 7905 7904 7902
f 7870 7878 7903
f 7909 7907 7916
f 7927 7923 7922
f 7916 7945 7947
f 7918 7948 7882
f 8681 8682 7948
f 7947 7953 8681
f 8578 7956 7979
f 7926 8682 7958
f 7921 8579 7929
f 7994 7989 8683
f 8578 7979 7983
f 7987 7979 7954
f 8007 8019 7963
f 8022 8011 8023
f 8327 8026 8400
f 8039 7852 8032
f 8046 8051 8079
f 8041 8059 8039
f 8060 8049 8107
f 8080 8090 8077
f 8082 8081 8094
f 8093 8095 8096
f 8099 8098 8105
f 8132 8130 8118
f 8124 8128 8136
f 8127 8170 8128
f 8174 8175 8176
f 8173 8141 8143
f 8180 8146 8191
f 8189 8147 8182
f 8229 8172 8236
f 8239 8240 8183
f 8196 8257 8194
f 8193 8195 8253
f 8306 8310 8303
f 8318 8324 8321
f 8402 8330 8401
f 8400 8399 8327
f 8333 8030 8328
f 8333 8338 8334
f 8269 8265 8334
f 8341 8269 8338
f 8442 8283 8366
f 8684 8283 8442
f 8389 8315 8320
f 8471 8395 8472
f 8432 8372 8489
f 8391 8468 8392
f 8460 8522 8541
f 8542 8543 8535
f 8494 8491 8550
f 8545 8546 8544
f 8492 8494 8551
f 8500 8502 8503
f 8561 8564 8506
f 8554 8564 8555
f 8573 8571 8570
f 8083 8088 8086
f 8023 8013 8025
f 7994 8683 7998
f 7914 7925 7912
f 7727 7790 7726
f 7264 7240 7138
f 7073 7072 7076
f 7023 8685 7118
f 6099 6098 8666
f 5982 5993 5989
f 5902 5901 5908
f 5250 5312 5314
f 5322 5252 5255
f 5151 5141 5152
f 4757 4758 4756
f 4273 4275 4272
f 5185 4214 5180
f 4116 4112 4118
f 3940 407 403
f 403 401 8686
f 3785 3781 3810
f 3766 3767 3762
f 3409 3764 3506
f 3711 3657 3712
f 3661 3600 3664
f 3524 3523 3559
f 2898 2897 2914
f 8687 260 8688
f 1668 1671 1667
f 980 965 964
f 752 753 8689
f 541 547 537
f 116 111 56
f 7294 7293 8690
f 7193 7189 8581
f 6956 8691 6961
f 7315 7314 8692
f 6143 6142 6958
f 6954 6958 6956
f 8692 7189 8693
f 6259 8586 8694
f 6175 6258 8695
f 6258 6259 8695
f 6133 6174 6138
f 6174 6175 8696
f 6137 6138 6145
f 6145 8696 6142
f 6257 6322 8586
f 6319 8697 6322
f 8698 8697 8699
f 8699 8700 8698
f 8699 7289 8701
f 8699 8701 8700
f 7294 8690 7296
f 8702 8703 7296
f 8701 7290 8703
f 8701 8703 8704
f 7293 8705 8706
f 8690 8706 8702
f 8705 7303 8707
f 8708 7303 8709
f 7315 8692 8709
f 7306 7315 7304
f 6959 8691 6966
f 8691 6956 8710
f 8711 8712 6966
f 6970 6967 8713
f 6973 8671 6975
f 8713 8712 8671
f 7082 8714 7083
f 6986 8715 7087
f 8716 8717 6975
f 8672 8717 6986
f 8693 7188 8714
f 7082 8715 8714
f 8714 8718 8693
f 8715 8717 8714
f 8693 8719 8692
f 8717 8716 8718
f 8718 8720 8719
f 8719 8721 8709
f 8720 8716 8722
f 8720 8722 8721
f 8721 8723 8708
f 8722 8712 8724
f 8722 8724 8723
f 8723 8725 8707
f 8703 8702 8726
f 8710 8727 8711
f 8724 8727 8725
f 8725 8728 8726
f 8704 8728 8700
f 8727 8729 8728
f 8695 8694 8729
f 8586 8698 8694
f 8695 8729 8696
f 8727 8710 8729
f 1824 1826 1820
f 1944 8730 1927
f 1985 8731 1987
f 1925 1884 1887
f 8615 1925 1975
f 1845 1844 8732
f 1888 1845 8733
f 8614 8732 1830
f 1888 8731 1985
f 1888 8733 8731
f 1944 8731 8730
f 1988 1987 1944
f 8732 8614 8733
f 1889 1891 8614
f 7361 8734 8678
f 8598 8735 2732
f 8734 8736 8737
f 8736 8738 8739
f 8735 8598 8740
f 8598 2696 8741
f 2671 2669 8742
f 2669 7357 8742
f 7357 8678 8742
f 2694 2672 8741
f 8739 8743 8737
f 8741 8742 8743
f 8739 8740 8743
f 7362 7366 7363
f 7365 7368 7366
f 7371 7370 7368
f 7361 7364 8734
f 7360 7363 7364
f 7370 7380 8744
f 7363 8745 8746
f 7363 7370 8745
f 8744 7387 8747
f 7388 7392 8747
f 8745 8744 8748
f 8746 8749 8734
f 8745 8748 8746
f 8736 8749 8738
f 8748 8747 8750
f 8749 8748 8751
f 8735 8740 8752
f 8751 8752 8738
f 7396 7395 7394
f 7392 7394 8753
f 8750 8754 8751
f 8752 8755 8735
f 8752 8754 8755
f 2730 8755 2734
f 7395 8755 8754
f 8750 8753 8754
f 2524 2526 8756
f 2566 8757 8758
f 2526 2529 8759
f 2519 2521 8760
f 2523 2524 2521
f 2521 8756 8760
f 8761 8760 8759
f 2566 2522 8757
f 8757 8760 8762
f 2529 2530 8761
f 8763 2623 8764
f 2636 8765 2639
f 8766 8767 8768
f 8762 8761 8769
f 2636 2638 8765
f 8757 8762 8770
f 8764 8765 8771
f 2608 2607 2634
f 2638 2635 8772
f 8770 8773 8774
f 2603 8774 2604
f 2606 2604 2607
f 2638 8772 8771
f 8775 8773 8776
f 8762 8769 8773
f 8767 8764 8777
f 8767 8777 8768
f 8771 8776 8777
f 8772 2607 8776
f 2571 8778 8766
f 8766 8763 8767
f 2641 2623 8763
f 2640 8763 8779
f 8778 8779 8763
f 2581 8779 2570
f 2626 2640 2642
f 2631 2642 2580
f 7949 7950 8780
f 8001 7981 8781
f 7996 8782 7993
f 7915 7949 7906
f 7955 8781 7981
f 7961 7962 8780
f 7949 8780 8783
f 7906 8783 7946
f 8783 8784 7955
f 8785 8786 8780
f 8782 8784 8787
f 8012 8004 8782
f 8002 8781 8004
f 8783 8786 8784
f 8785 8787 8786
f 7962 7970 8785
f 7970 7990 8787
f 4841 8788 4842
f 4838 4837 4841
f 4706 4619 4837
f 4846 4842 8789
f 4660 4773 8790
f 4641 4645 8790
f 4774 4747 4773
f 4747 4749 8791
f 4850 8789 8791
f 4619 8792 8788
f 4747 8791 8790
f 4639 4638 4641
f 8790 8793 4641
f 8653 4639 4547
f 4548 4547 4620
f 4620 8792 4611
f 8794 8795 4620
f 8791 8788 8793
f 8796 8793 8795
f 4639 8796 8794
f 4307 3921 8797
f 4307 8797 8798
f 3970 4488 8797
f 4573 8798 8797
f 4307 8798 4451
f 4491 4453 4489
f 4575 4489 8798
f 311 310 8799
f 8800 8801 315
f 312 315 310
f 314 3196 8800
f 8800 8802 8801
f 8802 3196 8803
f 3196 3195 8803
f 8802 8803 8804
f 3173 309 8803
f 8803 8805 8806
f 2943 8807 309
f 8807 8808 8805
f 8809 8810 305
f 2945 8810 2943
f 2853 2857 8811
f 8812 8808 8813
f 8808 8807 8814
f 8813 8814 8811
f 8809 8811 8810
f 301 300 8809
f 300 2884 8811
f 2853 8811 2884
f 2848 2850 2884
f 293 2848 296
f 3085 8815 8630
f 3413 3528 3412
f 3416 3367 8816
f 3412 8817 3366
f 8817 3528 8818
f 8817 8818 8816
f 8819 3528 8820
f 3424 333 8821
f 338 373 8822
f 373 375 8822
f 3594 3288 375
f 3235 330 3278
f 3290 8823 3288
f 3279 3278 8823
f 3424 8821 3529
f 329 3181 8824
f 3185 8819 8824
f 330 8824 8825
f 8820 8826 8824
f 8822 8826 8821
f 8822 8825 8826
f 3185 8827 8819
f 3107 3109 8828
f 8816 8829 3416
f 8816 8818 8829
f 3084 8830 8831
f 8828 8831 3107
f 3185 8799 8827
f 8827 8832 8829
f 8829 8833 8828
f 8799 8801 8832
f 8801 8804 8834
f 3077 8630 3078
f 8831 8835 8815
f 8833 8836 8831
f 8833 8832 8834
f 8808 8812 8837
f 8804 8806 8834
f 8806 8837 8838
f 8836 8839 8835
f 8834 8838 8836
f 3069 3078 8840
f 3123 3100 8840
f 3070 3069 3100
f 8838 8812 8839
f 2856 8841 2857
f 8812 8813 8842
f 2826 2828 8843
f 8844 8845 8841
f 8839 8842 8840
f 2873 3119 8846
f 2865 2873 8847
f 3123 8840 8846
f 2824 8843 8845
f 2855 2819 8844
f 8842 8841 8848
f 2828 8847 8845
f 8846 8848 8847
f 2828 2858 2865
f 3513 3515 8849
f 3392 8850 3467
f 3543 3546 3544
f 3540 8851 3546
f 3388 3447 3391
f 3386 3387 3447
f 3391 8852 3392
f 3384 3382 3511
f 3387 3384 8852
f 3422 3512 3511
f 8850 8852 8853
f 8850 8853 3544
f 3545 3544 3568
f 3511 3513 8853
f 8852 3511 8853
f 1267 8854 1265
f 45 8855 35
f 36 8855 1257
f 8856 67 8857
f 51 8857 8858
f 64 63 67
f 106 1272 104
f 1272 1316 8859
f 63 104 8860
f 51 8858 49
f 8860 8859 8861
f 49 8862 47
f 8858 8860 8862
f 45 44 8863
f 8862 8861 8863
f 1258 8855 1259
f 8855 8864 8854
f 8859 1316 8854
f 8859 8854 8861
f 1263 1259 1267
f 8855 45 8864
f 2589 2591 2592
f 2596 6627 2594
f 8758 8770 8865
f 2568 8758 8866
f 2568 8866 2565
f 2562 8867 2578
f 2564 8622 2562
f 2591 2578 8585
f 8865 8868 8866
f 8774 2603 8865
f 8865 8869 8868
f 8867 8868 8585
f 8585 8869 2594
f 2598 8624 2603
f 8866 8868 8622
f 1479 2402 2413
f 2411 8870 2413
f 2413 8871 2414
f 2415 8871 2416
f 8870 2412 8872
f 2413 8870 8873
f 2413 8873 8871
f 2427 2426 2424
f 2424 8874 2423
f 8874 2426 8875
f 8871 8875 2416
f 8874 8876 2352
f 8874 8877 8876
f 2417 2353 8872
f 8873 8872 8877
f 8871 8873 8875
f 8874 8875 8877
f 8878 8879 4091
f 510 520 507
f 517 8880 520
f 497 499 8881
f 499 501 8882
f 507 8883 8882
f 463 462 494
f 497 8881 462
f 496 495 4017
f 8882 8884 8881
f 536 535 8878
f 8879 8878 8884
f 8883 8884 8882
f 3875 3867 8885
f 3855 8886 3866
f 3866 8887 3867
f 3939 3938 8888
f 3846 3939 3847
f 3849 3847 8886
f 3965 3964 8644
f 8887 8886 8889
f 8888 3956 8890
f 8888 8890 8889
f 3961 8644 8890
f 8644 8891 8890
f 8887 8889 8891
f 8887 8891 8885
f 3964 3966 8892
f 3969 3988 3967
f 3875 8885 3874
f 3883 3874 8893
f 8891 3964 8894
f 3893 8895 3898
f 3893 3883 8895
f 8895 8896 3898
f 3921 8897 3970
f 3970 8896 3971
f 8896 8898 8899
f 8892 3988 8899
f 8894 8892 8898
f 8894 8898 8893
f 8895 8898 8896
f 4024 4023 8900
f 4025 4024 8593
f 8593 8900 4149
f 8901 4149 8900
f 4147 4146 4149
f 4145 4148 4146
f 4030 8593 4150
f 4092 8879 8902
f 8884 8883 8879
f 4151 8903 8904
f 4151 8904 4096
f 8902 8904 8903
f 8883 8880 8904
f 521 4038 8880
f 4099 4150 4151
f 4148 8902 4150
f 4090 4141 8905
f 4090 4093 8906
f 4083 8905 4141
f 4083 4141 4084
f 4083 4075 4082
f 4085 4086 4082
f 4086 4088 8905
f 4046 4049 8907
f 3708 4047 4105
f 4113 4105 4111
f 4051 4050 4049
f 4065 8907 4066
f 4123 4119 8907
f 4050 4066 8907
f 4118 4111 4119
f 4050 4063 4066
f 4073 4074 4064
f 3251 8908 3296
f 3174 3257 3251
f 3301 8632 8635
f 8633 8635 8908
f 3304 3302 8636
f 8633 8908 8909
f 8634 8633 3302
f 8910 3306 8909
f 3258 8911 3257
f 3259 8912 3258
f 3259 3233 8912
f 8910 8909 8913
f 8911 8912 8913
f 8908 8911 8913
f 3003 3005 2953
f 3063 3062 3040
f 3004 3242 3040
f 3227 3046 3040
f 3060 3059 3062
f 2997 2953 3038
f 3004 3040 3005
f 3040 8914 8915
f 8915 8916 3038
f 3037 8916 3034
f 8915 8914 8916
f 8917 8918 3055
f 3055 8919 8920
f 8921 8919 3059
f 3040 3062 8914
f 8914 8919 8918
f 8916 8918 8917
f 3013 2970 3015
f 2963 2964 3023
f 3032 3031 8922
f 3034 8917 3031
f 3055 3054 8917
f 8923 8924 8922
f 3054 8925 8923
f 3023 3016 8924
f 3023 8924 3050
f 3016 2970 8926
f 3032 8922 8627
f 3025 8627 3026
f 2972 3022 8927
f 3022 3033 8927
f 2982 8597 2987
f 2986 2987 2989
f 2989 8927 3033
f 2990 2989 3035
f 3052 8925 3033
f 3057 3058 8928
f 3000 2998 8628
f 3065 8628 3061
f 8929 2998 2954
f 8929 8930 3061
f 2996 8931 8930
f 2996 8930 2994
f 2992 8928 2996
f 3058 8920 8931
f 3059 3061 8931
f 3297 3264 8932
f 3284 8933 3324
f 3186 3199 3216
f 3263 3311 8932
f 3229 3256 3228
f 3256 3297 8934
f 3228 8934 3209
f 3216 8933 3217
f 3324 8935 3322
f 8932 8637 8935
f 8934 8932 8936
f 3314 3343 3315
f 3199 3176 8937
f 8933 3216 8936
f 3231 8934 8937
f 3324 8933 8935
f 8938 3602 8939
f 3633 3635 3735
f 3632 8938 8940
f 3636 3632 3635
f 3688 8941 3732
f 3602 3631 8939
f 3631 3725 8941
f 3635 8940 8942
f 3688 8943 8941
f 3688 3733 8943
f 8941 8943 8942
f 8940 8939 8942
f 3633 3735 3639
f 3746 3748 3735
f 3752 8641 3748
f 4005 8944 4006
f 4007 8945 8946
f 8947 8641 8948
f 8949 8948 4106
f 3756 8642 3757
f 3760 4106 8642
f 3610 3637 3643
f 3637 3639 8950
f 3643 8950 4005
f 8948 8951 8947
f 8944 8950 8951
f 8945 8944 8952
f 8949 8952 8948
f 4125 8953 4121
f 4124 8954 4125
f 4159 4117 8953
f 4068 4070 4132
f 4132 8955 4128
f 8953 4125 8956
f 8955 8957 8956
f 4007 8946 4008
f 4056 8958 4054
f 8953 8956 4159
f 4115 4114 4158
f 4070 8957 8955
f 4061 4054 4070
f 4114 4159 8957
f 8946 8959 8960
f 4008 8960 8961
f 8647 8961 8648
f 8648 8958 4056
f 8949 8959 8952
f 8949 8962 8959
f 8957 8958 8962
f 4106 4107 8949
f 4107 4110 8962
f 4158 8957 8962
f 4020 4019 8963
f 4132 4079 8964
f 4144 4147 8965
f 4021 4020 8966
f 4022 8967 4023
f 4021 8966 4022
f 8963 8968 8967
f 4132 8964 4068
f 8963 4019 8968
f 4137 4139 8964
f 4144 8965 8964
f 8965 8968 8964
f 8901 8967 8965
f 4098 4869 8969
f 4156 8970 4098
f 4957 4964 8970
f 4874 4819 4876
f 4101 8969 4869
f 4967 4875 4964
f 4150 4099 4030
f 4030 8969 4031
f 4036 8969 4103
f 8971 8972 568
f 12 8973 11
f 154 153 26
f 585 587 8974
f 585 8974 586
f 8974 628 8975
f 694 693 690
f 161 8976 1525
f 1629 1581 8977
f 1525 8978 1584
f 1581 1583 8978
f 8977 8978 8979
f 1629 8977 700
f 8975 693 8979
f 8975 8979 8980
f 8974 8975 8981
f 8978 8976 8980
f 8974 8981 8982
f 8982 8983 586
f 562 575 8983
f 8984 8985 8982
f 4 8603 8
f 580 8972 8603
f 8 8986 2
f 568 570 8971
f 571 564 8971
f 8983 8987 565
f 8985 8988 8983
f 8971 564 8987
f 8971 8987 8988
f 8985 8989 8988
f 8986 8972 8988
f 8989 8973 2
f 8989 8990 8973
f 151 23 8991
f 157 8991 153
f 24 26 8990
f 161 24 8976
f 8976 8990 8984
f 8985 8984 8989
f 46 43 8992
f 46 8992 143
f 180 143 8992
f 33 180 39
f 41 39 8992
f 139 140 180
f 182 142 140
f 50 8993 51
f 73 61 8994
f 76 83 8995
f 92 82 85
f 73 8996 71
f 83 85 8996
f 8856 8997 66
f 50 55 8998
f 76 8995 74
f 50 8998 8993
f 8856 8857 8997
f 8997 8993 8998
f 68 74 57
f 8995 8996 8998
f 8996 73 8998
f 8999 195 188
f 191 197 9000
f 88 9001 89
f 88 190 9001
f 9000 9001 191
f 193 195 198
f 202 9002 9003
f 202 252 9002
f 9002 252 216
f 210 9004 208
f 208 216 218
f 221 219 216
f 8602 9005 205
f 8608 205 9004
f 8999 9001 9003
f 8602 198 9005
f 202 9003 9000
f 216 9006 9002
f 9007 9005 9006
f 216 9004 9006
f 77 127 129
f 1286 129 1288
f 1289 1288 8617
f 8617 126 246
f 128 189 126
f 199 246 126
f 2098 8617 245
f 199 200 246
f 2132 2131 2133
f 213 220 9008
f 220 230 9009
f 9009 9010 258
f 259 258 2131
f 9011 2131 258
f 9009 234 9010
f 2133 9011 2141
f 2147 2146 9010
f 9009 258 9008
f 2122 9012 2120
f 214 9008 9013
f 260 8687 258
f 214 9013 212
f 8688 2120 8687
f 9013 9014 9015
f 8687 9012 9014
f 209 212 9016
f 2122 2116 9012
f 2115 9017 2116
f 247 9018 2102
f 2191 2102 9017
f 9018 9019 9020
f 9015 9020 9016
f 9015 9012 9020
f 9021 251 9019
f 204 206 251
f 209 9016 8607
f 9016 9020 9022
f 8608 8607 206
f 247 9021 9018
f 2569 2571 9023
f 2541 9024 2536
f 9023 9025 9026
f 9026 9027 9023
f 2703 2737 9027
f 2653 2654 9028
f 2703 9028 2701
f 2540 9029 9024
f 2540 2543 9029
f 9025 9024 9026
f 9028 9030 2653
f 9027 9026 9030
f 9027 9030 9028
f 2535 2534 2493
f 2493 9031 2533
f 2530 2532 9032
f 8769 9032 8768
f 8766 8768 9033
f 9031 9034 2532
f 2536 9035 2534
f 2534 9036 9031
f 8766 9033 9037
f 9034 9031 9038
f 9036 9035 9038
f 9024 9025 9035
f 2571 8766 9025
f 9033 9034 9037
f 9034 9038 9037
f 8766 9037 9025
f 9025 9037 9035
f 9035 9037 9038
f 9031 9036 9038
f 9035 9036 2534
f 9034 9033 2532
f 9032 9033 8768
f 2532 9033 9032
f 9031 2532 2533
f 2534 9031 2493
f 9027 9028 2703
f 9026 9029 9030
f 9030 9029 2653
f 9024 9029 9026
f 2543 2653 9029
f 2540 9024 2541
f 9028 2654 2701
f 2737 2573 9027
f 9027 2573 9023
f 9024 9035 2536
f 2571 9025 9023
f 9021 9019 9018
f 8607 9022 206
f 9020 9019 9022
f 9016 9022 8607
f 206 9022 251
f 251 9022 9019
f 9012 9018 9020
f 2102 9018 9017
f 9017 9018 2116
f 2116 9018 9012
f 212 9015 9016
f 9012 9015 9014
f 2120 9012 8687
f 9013 9015 212
f 8687 9014 258
f 9008 9014 9013
f 258 9014 9008
f 2146 2141 9010
f 9011 9010 2141
f 234 2147 9010
f 9011 258 9010
f 230 235 9009
f 220 9009 9008
f 2131 9011 2133
f 200 9021 246
f 8617 246 245
f 189 199 126
f 1288 126 8617
f 129 126 1288
f 127 126 129
f 9004 9007 9006
f 9005 9003 9006
f 9006 9003 9002
f 9003 9001 9000
f 198 9003 9005
f 8999 9003 195
f 205 9007 9004
f 9005 9007 205
f 221 216 215
f 216 219 218
f 9004 216 208
f 252 217 216
f 195 9003 198
f 190 191 9001
f 9001 8999 89
f 197 202 9000
f 195 192 188
f 73 8994 8998
f 74 8998 57
f 8997 8998 8994
f 8857 8993 8997
f 8995 8998 74
f 55 57 8998
f 8997 8994 66
f 8996 82 71
f 82 8996 85
f 83 8996 8995
f 61 66 8994
f 8993 8857 51
f 142 143 140
f 140 143 180
f 180 8992 39
f 43 41 8992
f 8984 8990 8989
f 8976 8984 8981
f 24 8990 8976
f 26 8973 8990
f 8991 8973 153
f 23 8973 8991
f 8973 12 2
f 8972 8971 8988
f 8989 8986 8988
f 564 565 8987
f 8988 8987 8983
f 562 8983 565
f 570 571 8971
f 8986 8989 2
f 8972 8986 8603
f 8603 8986 8
f 8985 8983 8982
f 575 586 8983
f 8981 8984 8982
f 8976 8981 8980
f 8975 8980 8981
f 693 700 8979
f 8977 8979 700
f 8978 8980 8979
f 8978 1583 1584
f 1581 8978 8977
f 8976 8978 1525
f 693 8975 690
f 628 690 8975
f 8974 8982 586
f 587 628 8974
f 153 8973 26
f 8973 23 11
f 8972 580 568
f 8969 4101 4103
f 8969 4036 4031
f 4099 8969 4030
f 4875 4869 4964
f 4819 4869 4876
f 4964 4869 8970
f 8970 4869 4098
f 8967 8968 8965
f 4139 4144 8964
f 4019 8964 8968
f 8964 4019 4068
f 8963 8967 8966
f 8966 8967 4022
f 8967 8901 4023
f 4020 8963 8966
f 4147 8901 8965
f 4079 4137 8964
f 4110 4158 8962
f 4107 8962 8949
f 8958 8959 8962
f 8959 8946 8952
f 8961 8958 8648
f 8960 8958 8961
f 8959 8958 8960
f 4054 8957 4070
f 4114 8957 4158
f 8956 8957 4159
f 8958 8957 4054
f 8946 8960 4008
f 4125 8955 8956
f 8955 8954 4128
f 4070 8955 4132
f 4117 4120 8953
f 8954 8955 4125
f 8953 4120 4121
f 8952 8951 8948
f 8944 8951 8952
f 8951 8950 8947
f 8950 8944 4005
f 3639 8947 8950
f 3637 8950 3643
f 4106 8948 8642
f 8642 8948 3757
f 8641 3757 8948
f 8945 8952 8946
f 8944 8945 4006
f 8641 8947 3748
f 3748 8947 3735
f 3735 8947 3639
f 8939 8941 8942
f 3733 3735 8943
f 3635 8942 8943
f 3725 3732 8941
f 3631 8941 8939
f 3632 8940 3635
f 8938 8939 8940
f 3635 8943 3735
f 8933 8936 8935
f 8934 8936 8937
f 3216 8937 8936
f 3176 3231 8937
f 3343 8935 3315
f 8932 8935 8936
f 8637 3315 8935
f 8935 3343 3322
f 8933 3284 3217
f 8934 3231 3209
f 3297 8932 8934
f 3256 8934 3228
f 3311 8637 8932
f 3199 8937 3216
f 3284 3324 3291
f 3264 3263 8932
f 3059 8931 8921
f 8920 8921 8931
f 8928 8931 2996
f 8930 2954 2994
f 8930 8931 3061
f 8929 2954 8930
f 8628 8929 3061
f 2998 8929 8628
f 3058 8931 8928
f 8925 3054 3033
f 2989 3033 3035
f 2987 8927 2989
f 8597 8927 2987
f 2972 8927 8597
f 8627 8926 3026
f 8922 8926 8627
f 2970 3026 8926
f 8924 8925 3050
f 3016 8926 8924
f 8925 8924 8923
f 8924 8926 8922
f 3054 8923 8917
f 8917 8923 3031
f 3031 8923 8922
f 2964 3016 3023
f 2970 3016 3015
f 3062 8919 8914
f 8919 8921 8920
f 8918 8919 3055
f 8914 8918 8916
f 8916 8917 3034
f 8916 3037 3038
f 3040 8915 3005
f 2953 8915 3038
f 3059 8919 3062
f 3046 3041 3040
f 3242 3227 3040
f 3063 3040 3042
f 3005 8915 2953
f 8908 8913 8909
f 8910 8913 8912
f 3233 8910 8912
f 8912 8911 3258
f 8911 8908 3257
f 3306 8636 8909
f 8633 8909 3302
f 3302 8909 8636
f 8632 8908 8635
f 3257 8908 3251
f 8908 8632 3296
f 4074 4066 4064
f 4063 4064 4066
f 4111 8907 4119
f 4123 8907 4065
f 4050 8907 4049
f 4105 8907 4111
f 4047 8907 4105
f 4046 8907 4047
f 4088 4090 8905
f 4086 8905 4082
f 4083 4082 8905
f 4141 4135 4084
f 4090 8906 4141
f 8902 8903 4150
f 4150 8903 4151
f 4038 8904 8880
f 8904 4038 4096
f 8883 8904 8879
f 8879 8904 8902
f 8593 4149 4150
f 4148 4149 4146
f 4147 4149 8901
f 4024 8900 8593
f 4023 8901 8900
f 8898 8895 8893
f 8892 8899 8898
f 3988 3971 8899
f 8896 8899 3971
f 8897 8896 3970
f 8896 8897 3898
f 3883 8893 8895
f 3964 8892 8894
f 3874 8894 8893
f 8885 8894 3874
f 3988 8892 3967
f 3966 3967 8892
f 8891 8894 8885
f 8891 8889 8890
f 3956 3961 8890
f 8886 8888 8889
f 3964 8891 8644
f 3847 8888 8886
f 3939 8888 3847
f 3938 3956 8888
f 8886 8887 3866
f 3867 8887 8885
f 8878 495 8884
f 535 495 8878
f 8884 495 8881
f 495 535 4017
f 8881 495 462
f 462 495 494
f 501 507 8882
f 499 8882 8881
f 8880 8883 520
f 520 8883 507
f 8879 4092 4091
f 8873 8877 8875
f 8872 8876 8877
f 2353 8876 8872
f 8876 2353 2352
f 8875 2421 2416
f 2426 2421 8875
f 8874 2352 2423
f 2426 8874 2424
f 8870 8872 8873
f 2412 2417 8872
f 8871 2415 2414
f 2411 2413 2402
f 1479 2413 2405
f 8868 8867 8622
f 8624 8869 2603
f 8869 8624 2594
f 8868 8869 8585
f 2603 8869 8865
f 2578 8867 8585
f 8622 8867 2562
f 2562 2578 2563
f 8866 8622 2565
f 8758 8865 8866
f 8770 8774 8865
f 6627 8585 2594
f 2591 8585 2592
f 45 8863 8864
f 1259 8854 1267
f 8854 8864 8861
f 1316 1265 8854
f 8855 8854 1259
f 8861 8864 8863
f 44 47 8863
f 8860 8861 8862
f 8862 8863 47
f 8858 8862 49
f 104 8859 8860
f 1272 8859 104
f 63 8860 67
f 8857 8860 8858
f 67 8860 8857
f 8855 1258 1257
f 8855 36 35
f 3513 8849 8853
f 3544 8849 3568
f 8853 8849 3544
f 3384 3511 8852
f 3382 3422 3511
f 8852 8850 3392
f 3387 8852 3447
f 3447 8852 3391
f 8851 8850 3546
f 3546 8850 3544
f 8850 8851 3467
f 3515 3568 8849
f 2828 2865 8847
f 8848 8845 8847
f 8841 8845 8848
f 2819 8845 8844
f 2824 8845 2819
f 8840 8848 8846
f 2873 8846 8847
f 3119 3123 8846
f 8842 8848 8840
f 8844 8841 2856
f 2828 8845 8843
f 8813 8841 8842
f 8841 8813 2857
f 8812 8842 8839
f 3069 8840 3100
f 3078 8835 8840
f 8838 8839 8836
f 8839 8840 8835
f 8806 8838 8834
f 8812 8838 8837
f 8833 8834 8836
f 8836 8835 8831
f 8831 8815 3084
f 8630 8835 3078
f 8801 8834 8832
f 8833 8831 8828
f 8832 8833 8829
f 8799 8832 8827
f 8831 8830 3107
f 8818 8827 8829
f 8829 8828 3416
f 3109 3416 8828
f 8827 8818 8819
f 8826 8820 8821
f 8824 8826 8825
f 8819 8820 8824
f 3181 3185 8824
f 8821 8820 3529
f 3278 8825 8823
f 8823 8825 3288
f 330 8825 3278
f 3288 8825 375
f 375 8825 8822
f 338 8822 332
f 333 8822 8821
f 3528 3529 8820
f 3528 8819 8818
f 8817 8816 3366
f 3367 3366 8816
f 3528 8817 3412
f 8815 8835 8630
f 2848 2884 296
f 2850 2853 2884
f 300 8811 8809
f 8811 8814 8810
f 8807 8810 8814
f 8808 8814 8813
f 2857 8813 8811
f 8810 8807 2943
f 8810 2945 305
f 8808 8837 8805
f 8807 8805 309
f 8805 8837 8806
f 309 8805 8803
f 8803 8806 8804
f 3195 3173 8803
f 8802 8804 8801
f 3196 8802 8800
f 315 8801 310
f 310 8801 8799
f 4575 8798 4573
f 4453 8798 4489
f 8798 4453 4451
f 4488 4573 8797
f 3921 3970 8797
f 8796 8795 8794
f 8793 8792 8795
f 8788 8792 8793
f 8795 8792 4620
f 8792 4619 4611
f 4547 8794 4620
f 4639 8794 4547
f 8793 8796 4641
f 4639 4641 8796
f 8791 8793 8790
f 8789 8788 8791
f 4749 4850 8791
f 4747 8790 4773
f 4645 4660 8790
f 4842 8788 8789
f 4619 8788 4837
f 4837 8788 4841
f 7990 7993 8787
f 7970 8787 8785
f 8787 8784 8786
f 8781 8784 8004
f 8004 8784 8782
f 8786 8783 8780
f 8784 8781 7955
f 8783 7955 7946
f 7962 8785 8780
f 7949 8783 7906
f 8782 8787 7993
f 8001 8781 8002
f 7950 7961 8780
f 2642 8779 2580
f 2640 8779 2642
f 8779 8778 2570
f 2641 8763 2640
f 8763 8764 8767
f 8778 8763 8766
f 2607 8775 8776
f 8777 8769 8768
f 8764 8771 8777
f 8769 8777 8773
f 8773 8777 8776
f 8772 8776 8771
f 2604 8775 2607
f 8774 8775 2604
f 8773 8775 8774
f 2635 2634 8772
f 2607 8772 2634
f 8762 8773 8770
f 2638 8771 8765
f 8761 9032 8769
f 8765 8764 2639
f 2623 2639 8764
f 2530 9032 8761
f 8760 8761 8762
f 2522 8760 8757
f 8760 8756 8759
f 2524 8756 2521
f 2519 8760 2522
f 2529 8761 8759
f 8757 8770 8758
f 2526 8759 8756
f 8753 9039 8754
f 7395 8754 9039
f 8755 7395 2734
f 8755 2730 8735
f 8754 8752 8751
f 7394 9039 8753
f 7395 9039 7394
f 8740 8738 8752
f 8748 8750 8751
f 8747 8753 8750
f 8749 8751 8738
f 8748 8749 8746
f 8749 8736 8734
f 8744 8747 8748
f 7392 8753 8747
f 7387 7388 8747
f 7370 8744 8745
f 7380 7387 8744
f 7363 8746 7364
f 7364 8746 8734
f 7370 7363 7368
f 7368 7363 7366
f 8740 8741 8743
f 8743 8742 8737
f 2672 8742 8741
f 8678 8737 8742
f 2671 8742 2672
f 2696 2694 8741
f 8598 8741 8740
f 8738 8740 8739
f 8736 8739 8737
f 8735 2730 2732
f 8734 8737 8678
f 1891 8730 8614
f 8614 8730 8733
f 1987 8731 1944
f 8731 8733 8730
f 1888 1985 1975
f 8732 1826 1830
f 1845 8732 8733
f 1844 1820 8732
f 1925 1888 1975
f 1925 1887 1888
f 8730 1891 1927
f 1826 8732 1820
f 8710 8696 8729
f 8698 9040 8694
f 8694 9040 8729
f 8729 9040 8728
f 8728 9040 8700
f 8728 8704 8726
f 8727 8728 8725
f 8727 8724 8711
f 8702 8725 8726
f 8725 8702 8707
f 8724 8725 8723
f 8712 8711 8724
f 8723 8707 8708
f 8722 8723 8721
f 8716 8712 8722
f 8721 8708 8709
f 8720 8721 8719
f 8716 8720 8718
f 8719 8709 8692
f 8717 8718 8714
f 8718 8719 8693
f 7188 7191 8714
f 8717 8715 6986
f 8717 8672 6975
f 8715 7082 7087
f 8714 7191 7083
f 8712 8716 8671
f 8671 8716 6975
f 6967 8712 8713
f 8712 6967 6966
f 8691 8710 8711
f 8691 8711 6966
f 7315 8709 7304
f 7303 7304 8709
f 7303 8708 8707
f 8706 8707 8702
f 8705 8707 8706
f 8703 8726 8704
f 7290 7291 8703
f 8703 7291 7296
f 8690 8702 7296
f 8701 8704 8700
f 7289 7290 8701
f 8700 9040 8698
f 8697 7289 8699
f 8697 8698 6322
f 6322 8698 8586
f 8696 8710 6142
f 6138 8696 6145
f 6175 8695 8696
f 6174 8696 6138
f 6259 8694 8695
f 7189 7188 8693
f 6958 8710 6956
f 6142 8710 6958
f 7314 8581 8692
f 8691 6959 6961
f 7189 8692 8581
f 7293 8706 8690
f 111 58 56
f 547 736 537
f 753 750 8689
f 2897 2899 2914
f 3600 3667 3664
f 3657 3654 3712
f 3767 3763 3762
f 3781 3811 3810
f 401 400 8686
f 3940 403 8686
f 4112 4111 4118
f 4214 4216 5180
f 4758 8656 4756
f 5141 4558 5152
f 5252 5251 5255
f 5993 5990 5989
f 6098 6102 8666
f 7023 7118 8674
f 7072 7070 7076
f 7240 7122 7138
f 7790 7792 7726
f 7925 7951 7912
f 8683 7973 7998
f 8088 8121 8086
f 8564 8557 8555
f 8564 8554 8506
f 8502 8553 8503
f 8494 8550 8551
f 8546 8550 8544
f 8491 8544 8550
f 8543 8536 8535
f 8522 8520 8541
f 8372 8370 8489
f 8315 8313 8320
f 8283 8279 8366
f 8265 8029 8334
f 8338 8269 8334
f 8030 8028 8328
f 8399 8329 8327
f 8330 8399 8401
f 8324 8396 8321
f 8310 8304 8303
f 8195 8256 8253
f 8257 8195 8194
f 8240 8185 8183
f 8172 8282 8236
f 8170 8168 8128
f 8128 8168 8136
f 8130 8119 8118
f 8098 8103 8105
f 8095 8123 8096
f 8081 9041 8094
f 8090 8089 8077
f 8049 8068 8107
f 8059 7852 8039
f 8026 8024 8400
f 8011 8013 8023
f 7979 7987 7983
f 7989 7937 8683
f 8682 7957 7958
f 7956 7952 7979
f 7953 8682 8681
f 8682 7926 7948
f 7948 7926 7882
f 7945 7952 7947
f 7923 7925 7922
f 7907 7945 7916
f 7861 7943 7901
f 7877 7873 7874
f 7868 7836 7835
f 7866 7867 7833
f 7832 7833 7867
f 7838 7883 7841
f 7873 7877 7829
f 8680 7816 7819
f 7818 7774 7832
f 7800 7797 7796
f 7796 7745 7744
f 7468 7788 7463
f 7830 7782 7780
f 7771 7773 7777
f 7771 7721 7720
f 7768 7763 7761
f 7812 7807 7754
f 7725 7779 7718
f 7779 7781 7720
f 7704 7695 7703
f 7644 7648 7688
f 7643 7609 7640
f 7647 7648 7644
f 7454 7453 7594
f 7569 7628 7579
f 7653 7604 7557
f 7562 7567 7576
f 7549 7551 7556
f 7595 7597 7555
f 7521 7545 7544
f 7584 7582 7534
f 7492 7494 7524
f 7472 7848 7889
f 7472 7467 7469
f 7385 7396 7393
f 8580 7377 7373
f 7358 7356 8678
f 7348 7253 7252
f 7346 7221 7222
f 7331 7327 7208
f 7326 7343 7209
f 7333 7335 7330
f 7333 7201 7202
f 7323 7319 7320
f 7313 7315 7306
f 7305 7302 7185
f 7297 7286 7292
f 7287 7288 6321
f 7281 7169 7167
f 7256 7141 7274
f 7272 7273 7267
f 7270 7277 7159
f 7264 7265 7245
f 7264 8677 7265
f 8677 7248 7266
f 7275 7130 7261
f 7257 7255 7261
f 7244 7245 7247
f 7237 7234 7239
f 7258 7260 7129
f 8676 7239 7258
f 7121 7119 7223
f 7111 7225 7224
f 7197 7200 7213
f 7196 7207 7336
f 7211 7091 7086
f 7205 7086 7085
f 7191 7190 7093
f 7186 7307 7181
f 7171 7160 7156
f 7132 7130 7275
f 7102 7097 7096
f 7100 7094 6992
f 7195 7089 7088
f 7090 7078 6993
f 7090 7079 7077
f 7080 7073 7076
f 7071 7068 7065
f 7060 7044 7046
f 6932 6930 6929
f 7033 7031 7052
f 8674 7128 7029
f 7022 8674 7028
f 8673 7030 6929
f 7015 8685 7021
f 7118 8685 7015
f 6997 7003 6888
f 7008 7004 7002
f 7003 6997 7108
f 6991 6896 7112
f 6989 6995 6994
f 6982 6987 6882
f 6983 6986 7087
f 6981 6980 6976
f 6879 6800 6976
f 6976 6800 6799
f 6970 8713 8671
f 6867 6968 6969
f 7063 6965 6972
f 6859 6846 6950
f 6932 7049 6943
f 6848 6849 6926
f 6921 6924 6933
f 6911 6827 6913
f 6909 6911 6920
f 6911 9042 6828
f 7018 6902 6910
f 6899 9042 6910
f 6901 6902 7019
f 6892 8670 6804
f 8670 6894 6885
f 6883 6875 6796
f 6969 6868 6790
f 6338 6862 6964
f 6823 6834 6832
f 6795 6718 6873
f 6694 6784 6783
f 6775 6687 6777
f 6749 6755 6750
f 6756 6753 6752
f 6743 6742 6751
f 6730 6716 6798
f 6724 6720 6723
f 6717 6709 6708
f 6697 8584 6786
f 5971 6776 8582
f 6669 6702 6671
f 6667 6666 6660
f 6662 6657 6663
f 6647 9043 6607
f 6647 6609 6614
f 6638 6643 6603
f 6599 6597 6639
f 6627 2596 6631
f 6625 6624 2593
f 6584 6541 8669
f 6620 6530 6616
f 6529 6527 6525
f 6571 6604 6605
f 6556 6560 6557
f 6555 6519 6550
f 6509 6508 6503
f 6490 6447 6503
f 6489 6503 6447
f 6465 6467 6470
f 6437 6462 6463
f 6420 6418 6412
f 6387 6440 6442
f 6435 6434 6436
f 6407 6406 6411
f 6403 6399 6390
f 6774 6337 6329
f 6321 6320 6315
f 6254 6249 6310
f 6251 6309 6296
f 6286 6299 6294
f 6270 6274 6209
f 5653 6265 5652
f 8668 6260 6245
f 6260 8668 6247
f 6239 8668 6246
f 6172 6240 6246
f 6234 6225 6228
f 6226 6233 6167
f 6204 6202 6195
f 6202 6200 8667
f 6155 6196 8667
f 8587 6153 6151
f 6152 6153 8587
f 6150 6178 6184
f 6953 6140 6144
f 6136 6141 6144
f 6133 6131 6128
f 6121 6112 6115
f 6169 6114 6113
f 6025 6052 6107
f 6161 6163 6106
f 6108 6110 6164
f 6164 6110 8666
f 6103 6105 6102
f 6104 6101 6094
f 6157 6105 6103
f 6047 6045 6083
f 6072 6069 6070
f 5980 5987 5986
f 6035 5959 6034
f 6019 6020 5938
f 6008 6042 6012
f 6004 6006 6010
f 6003 5999 6000
f 5996 6011 6005
f 5983 5977 5985
f 8665 5985 5978
f 6060 6059 6686
f 5965 5969 6686
f 5913 6037 5962
f 8589 5882 5952
f 5947 5942 6023
f 5942 5944 5941
f 5936 5937 5939
f 5933 5937 5936
f 5849 5848 5845
f 5917 5910 5966
f 5957 5966 5910
f 5886 5948 5943
f 5893 5886 5889
f 5893 5895 5885
f 5173 5175 5172
f 5868 5877 5873
f 5873 5872 8664
f 5871 5935 5862
f 5847 5205 5846
f 5834 5831 5830
f 6581 5795 5797
f 5808 5810 5754
f 5802 5045 5756
f 5790 5718 8662
f 5772 5774 5776
f 8661 5776 8663
f 5757 5082 5803
f 5752 5784 8662
f 8660 8663 5715
f 8661 8660 5750
f 8660 5677 5679
f 5714 5740 5739
f 5711 5709 5736
f 5705 4861 4953
f 5616 6291 5695
f 5693 5694 5695
f 5688 5691 5683
f 5675 5674 5680
f 5591 5663 5662
f 5585 5584 5582
f 5650 5643 5640
f 5642 5631 5563
f 5560 5628 5638
f 5630 4808 4804
f 5598 5595 5594
f 5655 5581 5573
f 5567 5562 5481
f 4666 4799 5552
f 5466 5546 5542
f 5536 5538 5537
f 5535 5537 5539
f 5513 5521 5523
f 5494 5379 5321
f 5589 5498 5500
f 5500 5499 5503
f 5484 5480 5479
f 5482 5478 5361
f 5482 5360 5479
f 5455 5446 5449
f 6339 5445 5446
f 5434 5436 5450
f 5412 5403 5414
f 5335 5417 5399
f 5407 5413 5402
f 5512 5394 5396
f 5395 5394 5406
f 5382 5374 5378
f 5297 5363 5309
f 5263 5262 5233
f 5331 1822 1821
f 5332 5259 5334
f 5254 5332 5328
f 5311 5242 5314
f 5305 5304 5309
f 5359 5356 5289
f 5290 8591 5238
f 5238 8591 5285
f 6325 5350 5347
f 5274 5269 5268
f 5340 5339 5265
f 5253 5333 5254
f 5230 5271 5231
f 5223 5215 5211
f 5207 5203 5202
f 5202 5204 5198
f 5180 5182 5183
f 5170 5169 5177
f 5165 5164 5227
f 5143 5131 5130
f 5147 6067 5133
f 5109 5106 5105
f 5975 4301 8659
f 5105 5107 5979
f 5104 5105 5097
f 5102 5104 5099
f 5101 4300 4302
f 5099 8659 4300
f 5073 5040 5076
f 8658 5078 5080
f 5008 5010 4894
f 1210 1190 1191
f 5052 4986 4985
f 1207 1189 4969
f 4939 4943 4944
f 4928 4923 4920
f 4925 4916 4922
f 4897 4902 4917
f 4925 4904 4903
f 4886 4892 4895
f 4880 4883 4823
f 4959 4954 4866
f 4905 4694 4826
f 4801 4802 4803
f 4802 4671 4674
f 4801 4787 4788
f 5551 5550 4665
f 8657 5153 4769
f 5155 5153 8657
f 4780 4798 8657
f 4744 4756 8656
f 4627 4739 8656
f 8656 4758 4623
f 4852 4750 4738
f 4717 4721 4726
f 8655 4730 4741
f 4602 4714 4727
f 4657 4799 4666
f 4567 4571 5468
f 4659 4644 4643
f 4652 4551 4550
f 4646 5149 5152
f 4728 8655 4742
f 4614 4719 4609
f 4531 4612 8652
f 8654 4606 8652
f 4608 4526 4606
f 4528 4594 4595
f 4484 4485 4636
f 4540 4544 4543
f 4481 4535 4536
f 4606 4604 4530
f 4537 4543 5116
f 4434 4442 4440
f 4419 4288 4282
f 4382 4384 4277
f 4408 4396 4395
f 4398 4376 4375
f 4369 4367 4370
f 4353 4352 4366
f 4327 4359 4356
f 4366 4352 4461
f 4312 4310 8649
f 4296 4292 4178
f 4168 4272 4275
f 4257 4279 4269
f 4271 4243 4244
f 4264 4378 4377
f 4377 4362 4252
f 4238 4247 4240
f 8650 4317 4232
f 8650 4233 4236
f 4221 4220 8649
f 8649 4220 4222
f 4216 4301 5181
f 4201 4215 4211
f 4191 4190 4188
f 4281 4283 4174
f 4157 4112 4115
f 4142 4144 4139
f 4104 4105 4113
f 4071 4062 3993
f 8647 4057 4011
f 4057 8647 8648
f 4009 8961 8647
f 4102 4039 4041
f 8646 8592 4036
f 4041 3999 8592
f 4027 4028 4033
f 8594 8593 4030
f 3986 3985 3998
f 3976 3992 4012
f 4011 3975 3973
f 3989 3990 3987
f 3961 3963 3965
f 3951 3959 3957
f 3824 3826 3839
f 3846 3833 3935
f 3833 3846 3845
f 3820 3828 3830
f 3845 3834 3829
f 3831 3829 3828
f 3822 3832 3828
f 396 444 3796
f 3780 3782 3776
f 3775 3800 3779
f 3770 3800 3775
f 3771 3775 3774
f 8642 3756 3755
f 3758 3753 3755
f 3752 3751 3758
f 3741 3742 3737
f 3726 3682 3685
f 3716 3673 3674
f 8640 3713 3712
f 8639 3342 3360
f 3641 3704 3700
f 3614 3716 3717
f 3534 3538 3514
f 3475 3401 3400
f 3418 3425 3414
f 3382 3420 3423
f 3351 3341 3361
f 8638 3339 3353
f 3353 3352 3357
f 3355 3350 3348
f 3350 3355 3338
f 3312 3309 3310
f 3313 3262 3271
f 3311 3309 3316
f 8636 3306 3308
f 3303 3299 3302
f 8634 3301 8635
f 3293 3296 8632
f 3300 3294 8632
f 3294 3300 3255
f 3249 3295 8631
f 3250 8631 3253
f 3239 3248 3292
f 3245 3292 3230
f 3008 3068 3244
f 3141 3139 3122
f 3138 3119 3120
f 3111 3110 3106
f 3110 3109 3107
f 3097 3363 3112
f 8596 3085 8630
f 3087 3085 8596
f 8629 3051 3053
f 3050 3049 3017
f 3018 3049 8629
f 8628 3065 3066
f 8627 3025 3028
f 3030 3032 3028
f 3028 3025 3027
f 3011 3012 3014
f 2978 8597 2982
f 2902 2874 2876
f 2820 2813 2852
f 2804 2802 2806
f 2774 2753 2755
f 2766 2764 2741
f 2733 2736 2757
f 2761 2760 2775
f 2761 8625 2754
f 2756 2752 2721
f 2757 2736 2725
f 2700 2699 2729
f 2716 2714 2718
f 2666 2673 2686
f 2715 2684 2679
f 2676 2705 2706
f 2671 2666 2665
f 2663 2664 2668
f 2658 2660 2652
f 8623 2572 2573
f 2557 2559 2563
f 2501 2537 2538
f 2496 2538 2495
f 2419 2420 2428
f 2406 2414 2348
f 2410 2400 2344
f 2400 2410 2404
f 1479 2397 2401
f 2314 2331 2391
f 2435 2390 2388
f 2304 2274 2374
f 2266 2263 2361
f 2249 2251 2343
f 2334 1409 1357
f 2321 2240 2235
f 2239 2325 2318
f 2309 2301 2328
f 2291 2294 2290
f 8621 2282 2365
f 2204 2279 8621
f 2188 2251 2193
f 2334 1359 2241
f 2329 2220 2228
f 2151 2205 8618
f 2164 269 270
f 2159 2162 2149
f 8620 2211 2143
f 8618 2205 8619
f 1291 2098 2099
f 2098 1291 1289
f 2056 2083 2082
f 2020 2022 8599
f 8616 2029 2034
f 2027 8599 2022
f 2043 2042 2040
f 2003 2005 2032
f 2019 1986 1984
f 2026 9044 1998
f 1992 9044 2026
f 8615 1940 1926
f 1942 1940 1971
f 1966 1962 1960
f 8615 1975 1974
f 1903 1930 1929
f 1928 1927 1892
f 1905 1930 1903
f 1885 1882 1883
f 1876 1881 1842
f 1865 8600 1835
f 1852 1855 1857
f 1908 1909 1851
f 5444 1850 1849
f 5425 5435 1849
f 1830 1829 1889
f 5418 1825 1823
f 5331 1819 1818
f 1815 1843 1812
f 1775 1777 1805
f 1790 913 1752
f 1793 1792 914
f 1730 1771 1773
f 1771 1730 1762
f 1770 1763 1759
f 1721 1661 1724
f 8613 1651 1698
f 1692 1693 1697
f 1690 1680 1679
f 1636 1662 1723
f 1627 746 747
f 1623 1621 1653
f 1695 1697 1651
f 1589 1628 1633
f 1582 698 1628
f 1543 1545 1642
f 1545 1609 1610
f 1592 1598 1532
f 1586 1596 1591
f 123 186 1564
f 1548 1551 1546
f 1501 1499 1504
f 1490 1427 1494
f 1476 1521 1523
f 1523 1404 1406
f 1386 1443 1510
f 1360 1419 1417
f 1399 8612 1352
f 1405 1411 1352
f 1399 1392 1350
f 1381 1379 8611
f 1376 1370 1369
f 1420 1419 1361
f 1353 1351 1322
f 1312 1308 1253
f 1304 1299 1245
f 1332 548 1296
f 1294 1293 544
f 1292 1287 1285
f 1321 1276 1275
f 1274 105 108
f 1260 1263 1262
f 1257 1258 1254
f 1250 1257 1255
f 1306 1301 1241
f 1245 1297 1242
f 1237 1233 1184
f 1190 1210 1209
f 1191 1192 1212
f 1158 1152 1154
f 1140 1115 1116
f 1088 1089 1098
f 1122 1091 1098
f 977 976 1042
f 995 1011 1009
f 996 1008 1011
f 891 887 1064
f 1030 944 940
f 907 894 902
f 846 842 8609
f 808 756 803
f 795 744 742
f 794 789 786
f 770 728 724
f 714 713 763
f 817 720 722
f 707 752 803
f 725 726 664
f 621 675 670
f 601 600 646
f 708 640 637
f 633 539 632
f 633 629 590
f 577 627 589
f 568 580 579
f 563 572 616
f 1415 556 550
f 854 799 556
f 689 552 554
f 484 479 485
f 409 406 417
f 3905 402 454
f 417 406 405
f 346 348 345
f 377 341 347
f 377 336 335
f 3214 319 323
f 272 265 267
f 233 235 265
f 8608 9004 210
f 207 9045 198
f 132 150 164
f 146 152 147
f 18 148 149
f 176 8606 166
f 135 167 166
f 110 114 113
f 8605 89 187
f 112 118 8604
f 3 14 7
f 5 581 8603
f 15 17 9
f 101 103 142
f 205 204 207
f 318 311 322
f 382 379 350
f 410 405 407
f 515 520 510
f 542 540 634
f 1524 19 18
f 699 695 742
f 753 709 762
f 844 8609 851
f 890 889 985
f 1105 1067 1138
f 1206 1181 1182
f 1199 1214 1213
f 1286 1288 1290
f 1354 1355 1358
f 1372 1422 1363
f 1495 8601 1788
f 1438 1788 8601
f 1471 1467 1520
f 1611 1643 1607
f 1403 1707 1702
f 1794 1746 1755
f 1795 1712 1714
f 1869 1863 8600
f 1901 1896 1904
f 1934 1108 1921
f 1998 9044 1989
f 1993 1996 1998
f 2015 2010 2018
f 2020 2081 2079
f 2081 2054 2056
f 2171 2155 2154
f 2204 2203 2206
f 2280 2277 2295
f 2284 2295 2297
f 2250 2249 2345
f 2420 2421 2426
f 2434 2287 2382
f 2661 2658 2657
f 2728 2696 8598
f 2752 2747 2750
f 2795 2797 7435
f 7439 2789 2788
f 2994 2954 2923
f 2979 2948 2950
f 3064 3066 3067
f 3076 8596 3077
f 2907 3136 3121
f 3141 3137 3145
f 3242 3004 3006
f 3456 3448 3446
f 3491 3487 3480
f 3590 3570 3548
f 3569 3570 3590
f 3551 3569 3571
f 3738 3690 3689
f 3856 3855 3866
f 3889 3885 3895
f 3952 3957 3938
f 3950 3953 8595
f 8594 4028 4025
f 4034 4035 8592
f 4185 4193 4195
f 4360 4455 4361
f 968 960 4391
f 4465 4338 4342
f 960 959 4373
f 4718 4699 4689
f 4714 4715 4716
f 4770 4761 4760
f 4855 4751 4753
f 4991 4909 5011
f 4946 4951 4950
f 4955 4867 4956
f 4990 5001 4979
f 5068 5070 5036
f 5098 5097 5979
f 5092 4293 4286
f 5167 5166 5170
f 5289 5356 5285
f 5376 5306 5371
f 5370 5369 5376
f 5511 5508 5506
f 5515 5507 5399
f 5442 5441 5537
f 5553 5561 5559
f 5482 5562 5556
f 5572 5574 5565
f 5655 5657 5582
f 5662 8590 5592
f 5689 5693 5690
f 5616 5694 5611
f 5744 5739 5743
f 5797 5789 5831
f 5874 5878 5880
f 8589 5173 5883
f 8589 5234 5174
f 5891 5898 5900
f 6043 6008 6002
f 6086 6083 6091
f 6129 6127 6124
f 6134 6132 6133
f 8587 6183 6185
f 6194 6196 6155
f 6259 6260 6255
f 6382 6385 6354
f 6408 6409 6415
f 6475 6443 6469
f 5801 6534 6535
f 6627 6626 2592
f 6593 6598 6604
f 6632 6586 6631
f 6710 6787 6786
f 6770 6773 6840
f 6810 6808 6732
f 6822 6821 6745
f 6869 6864 6791
f 6970 6973 6868
f 6906 7016 7021
f 6934 6936 7032
f 7034 7133 7025
f 6947 6939 6952
f 7099 7098 7112
f 7176 7153 7154
f 7302 7305 7304
f 7316 7321 7198
f 8580 8679 7367
f 7426 7425 7428
f 7432 7405 7411
f 7414 7433 2807
f 7524 7497 7549
f 7517 7543 7584
f 7599 7640 7609
f 7632 7625 7570
f 7686 7688 7648
f 7690 7692 7699
f 7722 7723 7787
f 7776 7817 7759
f 7714 7721 7777
f 7731 7702 7733
f 7880 7845 7890
f 7969 7971 8579
f 7983 7982 7978
f 8223 8085 8084
f 7974 7478 8152
f 8212 8213 8218
f 8239 8177 8179
f 8413 8340 8348
f 8312 8314 8461
f 8397 8396 8390
f 8392 8470 8577
f 8408 8345 8417
f 8477 8416 8431
f 8445 8496 8488
f 8524 8456 8463
f 8528 8526 8531
f 2544 1951 1932
f 2485 2516 2512
f 7775 7760 7709
f 8575 7976 7997
f 8575 8150 7942
f 8574 8573 8570
f 8529 8571 8573
f 8518 8573 8574
f 8571 8529 8534
f 8526 8528 8527
f 8570 8571 8538
f 8521 8540 8519
f 8568 8569 8566
f 8539 8540 8521
f 8569 8574 8539
f 8563 8565 8568
f 8518 8574 8569
f 8516 8569 8568
f 8527 8572 8518
f 8514 8511 8560
f 8566 8567 8560
f 8559 8562 8566
f 8565 8563 8561
f 8563 8557 8564
f 8557 8563 8562
f 8506 8507 8517
f 8560 8511 8510
f 8553 8559 8510
f 8548 8558 8559
f 8510 8508 8439
f 8548 8549 8556
f 8557 8558 8556
f 8556 8549 8552
f 8498 8554 8555
f 8497 8506 8554
f 8493 8548 8553
f 8552 8547 8499
f 8551 8547 8552
f 8547 8551 8550
f 8492 8551 8549
f 8546 8490 8499
f 8501 8436 8487
f 8546 8545 8485
f 8481 8544 8491
f 8485 8481 8480
f 8535 8577 8470
f 8476 8577 8535
f 8465 8467 8475
f 8543 8520 8519
f 8543 8542 8541
f 8542 8470 8469
f 8536 8519 8540
f 8538 8537 8540
f 8538 8571 8533
f 8536 8537 8532
f 8530 8475 8476
f 8531 8530 8533
f 8532 8537 8533
f 8465 8531 8526
f 8528 8534 8529
f 8526 8523 8465
f 8525 8517 8515
f 8456 8524 8523
f 8465 8524 8464
f 8460 8457 8452
f 8514 8567 8521
f 8520 8522 8513
f 8452 8451 8512
f 8517 8525 8518
f 8515 8517 8507
f 8447 8523 8515
f 8512 8511 8514
f 8507 8505 8504
f 8512 8451 8450
f 8511 8512 8508
f 8508 8450 8509
f 8495 8505 8506
f 8505 8495 8444
f 8446 8449 8504
f 8501 8500 8437
f 8439 8437 8500
f 8501 8486 8502
f 8499 8490 8497
f 8497 8490 8496
f 8496 8445 8444
f 8493 8502 8486
f 8436 8501 8434
f 8493 8478 8494
f 8491 8494 8478
f 8488 8485 8430
f 8433 8432 8489
f 8430 8429 8433
f 8478 8487 8484
f 8484 8487 8436
f 8484 8483 8418
f 8431 8430 8485
f 8483 8435 8425
f 8418 8483 8482
f 8422 8421 8482
f 8419 8482 8421
f 8481 8479 8420
f 8424 8477 8480
f 8418 8420 8479
f 8424 8405 8409
f 8417 8416 8477
f 8345 8408 8406
f 8398 8577 8476
f 8474 8472 8395
f 8467 8472 8474
f 8398 8475 8474
f 8472 8467 8316
f 8460 8541 8469
f 8470 8394 8459
f 8394 8470 8392
f 8466 8462 8467
f 8454 8466 8464
f 8463 8455 8453
f 8462 8466 8454
f 8462 8461 8314
f 8458 8469 8459
f 8459 8394 8388
f 8457 8381 8383
f 8455 8463 8456
f 8377 8455 8447
f 8386 8461 8454
f 8380 8386 8453
f 8452 8457 8383
f 8382 8450 8451
f 8443 8509 8450
f 8448 8504 8449
f 8377 8449 8446
f 8379 8684 8441
f 8445 8489 8370
f 8445 8369 8446
f 8440 8509 8443
f 8441 8375 8438
f 8441 8684 8442
f 8439 8509 8440
f 8375 8373 8374
f 8437 8440 8438
f 8435 8367 8425
f 8434 8438 8374
f 8426 8432 8433
f 8371 8372 8432
f 8360 8357 8422
f 8431 8416 8428
f 8430 8428 8427
f 8423 8427 8428
f 8426 8429 8427
f 8426 8362 8363
f 8361 8422 8425
f 8424 8419 8410
f 8352 8428 8416
f 8362 8427 8423
f 8423 8352 8351
f 8360 8353 8354
f 8414 8421 8422
f 8421 8414 8411
f 8411 8414 8413
f 8419 8424 8420
f 8417 8345 8415
f 8414 8357 8412
f 8412 8342 8340
f 8356 8268 8342
f 8409 8405 8406
f 8405 8411 8407
f 8404 8346 8406
f 8404 8407 8348
f 8336 8415 8345
f 8404 8331 8403
f 8347 8402 8337
f 8402 8347 8403
f 8337 8402 8401
f 8400 8027 8401
f 8396 8324 8323
f 8398 8473 8390
f 8397 8395 8389
f 8395 8471 8315
f 8394 8468 8387
f 8387 8468 8391
f 8309 8391 8393
f 8392 8390 8393
f 8325 8393 8390
f 8304 8393 8325
f 8321 8396 8389
f 8312 8297 8250
f 8387 8308 8311
f 8307 8308 8387
f 8384 8385 8386
f 8385 8384 8297
f 8298 8297 8384
f 8381 8293 8382
f 8379 8443 8382
f 8381 8388 8311
f 8380 8377 8378
f 8294 8384 8380
f 8295 8378 8376
f 8287 8684 8379
f 8369 8376 8378
f 8376 8369 8290
f 8372 8281 8286
f 8375 8442 8366
f 8374 8373 8368
f 8373 8366 8365
f 8278 8281 8372
f 8365 8280 8364
f 8368 8364 8361
f 8365 8279 8280
f 8364 8280 8359
f 8278 8371 8363
f 8355 8222 8363
f 8361 8364 8358
f 8353 8360 8358
f 8359 8272 8276
f 8356 8412 8357
f 8275 8222 8355
f 8276 8274 8353
f 8268 8356 8354
f 8274 8266 8354
f 8352 8415 8344
f 8351 8352 8350
f 8350 8343 8271
f 8275 8351 8349
f 8348 8340 8339
f 8346 8403 8347
f 8343 8350 8344
f 8343 8336 8335
f 8264 8204 8271
f 8338 8332 8339
f 8268 8269 8341
f 8340 8342 8341
f 8338 8333 8328
f 8331 8339 8332
f 8326 8014 8262
f 8337 8326 8335
f 8261 8264 8335
f 8334 8029 8030
f 8332 8328 8327
f 8330 8403 8331
f 8328 8028 8026
f 8025 8013 8014
f 8326 8401 8027
f 8323 8259 8322
f 8324 8254 8259
f 8318 8319 8317
f 8320 8313 8317
f 8318 8317 8255
f 8317 8313 8250
f 8315 8471 8316
f 8313 8315 8314
f 8302 8301 8311
f 8309 8304 8310
f 8300 8302 8308
f 8307 8310 8306
f 8306 8303 8299
f 8304 8322 8305
f 8303 8305 8258
f 8242 8299 8258
f 8249 8255 8250
f 8293 8381 8301
f 8292 8301 8244
f 8244 8302 8300
f 8241 8300 8299
f 8288 8246 8247
f 8298 8294 8296
f 8298 8247 8251
f 8295 8291 8296
f 8292 8238 8287
f 8231 8184 8186
f 8289 8296 8291
f 8290 8369 8286
f 8284 8231 8289
f 8288 8296 8289
f 8283 8684 8287
f 8286 8281 8285
f 8285 8281 8228
f 8284 8285 8230
f 8230 8285 8227
f 8236 8279 8283
f 8279 8236 8282
f 8224 8359 8280
f 8277 8228 8278
f 8272 8359 8224
f 8216 8215 8222
f 8209 8266 8274
f 8209 8273 8272
f 8216 8275 8270
f 8270 8349 8271
f 8267 8266 8209
f 8207 8265 8269
f 8211 8270 8204
f 8206 8207 8267
f 8267 8269 8268
f 8265 8207 8199
f 8263 8204 8264
f 8263 8260 8197
f 8029 8265 8018
f 8262 8010 8009
f 8260 8264 8261
f 8197 8261 8009
f 8253 8256 8259
f 8258 8305 8259
f 8256 8195 8257
f 8255 8249 8253
f 8253 8248 8193
f 8251 8247 8252
f 8249 8252 8245
f 8188 8193 8248
f 8245 8252 8247
f 8246 8288 8186
f 8245 8246 8185
f 8241 8233 8243
f 8232 8238 8243
f 8232 8234 8235
f 8242 8196 8233
f 8232 8192 8182
f 8187 8245 8240
f 8237 8287 8238
f 8237 8235 8229
f 8171 8229 8235
f 8233 8196 8192
f 8147 8145 8181
f 8174 8184 8231
f 8174 8230 8226
f 8229 8171 8170
f 8214 8119 8133
f 8228 8277 8221
f 8226 8227 8221
f 8166 8221 8217
f 8225 8282 8172
f 8224 8282 8225
f 8214 8164 8223
f 8222 8220 8277
f 8220 8221 8277
f 8220 8215 8218
f 8218 8214 8219
f 8214 8218 8213
f 8160 8159 8213
f 8164 8213 8159
f 8153 8206 8210
f 8212 8216 8211
f 8208 8160 8211
f 8163 8104 8157
f 8202 8207 8206
f 8153 8198 8201
f 8203 8151 8205
f 8203 7975 8152
f 8018 8199 7997
f 8148 8200 8202
f 8150 8575 8200
f 8199 8202 8200
f 8148 8201 8198
f 7973 7975 8008
f 7975 8203 8197
f 8196 8194 8190
f 8188 8190 8194
f 8192 8190 8189
f 8190 8188 8191
f 8189 8191 8146
f 8180 8191 8188
f 8177 8239 8183
f 8186 8184 8183
f 8184 8174 8176
f 8169 8234 8182
f 8139 8181 8145
f 8180 8187 8179
f 8143 8142 8178
f 8146 8180 8178
f 8143 8179 8177
f 8175 8173 8177
f 8165 8140 8175
f 8173 8175 8140
f 8170 8127 8167
f 8171 8169 8168
f 8169 8181 8139
f 8135 8178 8142
f 8129 8165 8133
f 8162 8225 8167
f 8095 9041 8109
f 8166 8219 8133
f 8161 8162 8116
f 8116 8167 8127
f 8163 8161 8115
f 8085 8223 8164
f 8154 8085 8158
f 8110 8104 8163
f 8157 8224 8162
f 8160 8208 8156
f 8103 8210 8157
f 8156 8208 8155
f 8155 8205 8151
f 8106 8085 8154
f 8154 8155 7480
f 8149 8198 8098
f 8098 8198 8153
f 8152 7478 7480
f 8149 7977 8150
f 7973 8683 7936
f 8144 8145 8147
f 8137 8138 8145
f 8144 8178 8135
f 8143 8141 8131
f 8129 8131 8141
f 8136 8168 8139
f 8134 8136 8138
f 8126 8124 8136
f 8122 8114 8126
f 8134 8137 8135
f 8132 8118 8117
f 8133 8119 8130
f 8120 8142 8131
f 8130 8132 8131
f 8128 8124 8123
f 8126 8114 8113
f 8096 8124 8126
f 8122 8142 8120
f 8114 8120 8121
f 8092 8125 8113
f 8088 8078 8089
f 8117 8086 8121
f 8119 8223 8087
f 8117 8118 8087
f 8116 8123 8095
f 8109 8108 8112
f 8114 8089 8091
f 8111 8115 8112
f 8110 8112 8102
f 8102 8112 8108
f 8109 9041 8081
f 8065 8108 8081
f 8076 8085 8106
f 8106 8100 8060
f 8104 8110 8105
f 8099 8105 8102
f 8100 8106 8101
f 8064 8066 8067
f 8099 8067 8097
f 8055 7852 8059
f 7478 7477 8056
f 8061 8100 7479
f 7977 8149 8097
f 7477 7974 7936
f 7476 7941 7900
f 7853 8055 7476
f 8092 8096 8125
f 8094 9041 8095
f 8090 8094 8093
f 8082 8094 8090
f 8090 8092 8091
f 8075 8078 8088
f 8070 8069 8078
f 8087 8084 8083
f 8076 8074 8084
f 8084 8074 8075
f 8054 8082 8053
f 8053 8082 8080
f 8079 8080 8077
f 8077 8089 8078
f 8072 8069 8070
f 8073 8071 8074
f 8071 8070 8075
f 8073 8107 8068
f 8071 8068 8072
f 8054 8063 8062
f 8052 8047 8048
f 8046 8077 8069
f 8050 8072 8068
f 8060 8059 8041
f 7944 8097 8067
f 8066 9046 8058
f 8038 9046 8066
f 8064 8102 8065
f 7857 8063 8048
f 8063 7857 8038
f 8060 8100 8061
f 8058 8057 7901
f 8058 9046 8037
f 8055 8061 8056
f 8052 8063 8054
f 8053 8079 8051
f 8047 8052 8051
f 8042 8069 8050
f 8040 8050 8049
f 8035 7855 8048
f 8034 8035 8047
f 8034 8045 8044
f 8045 8051 8046
f 7809 8033 8034
f 8044 8069 8042
f 8043 7811 7810
f 8040 8036 8043
f 8041 8039 8036
f 8031 8036 8039
f 7859 8057 8037
f 8037 9046 8038
f 7811 8043 8036
f 7852 7806 7805
f 7815 7855 8035
f 7813 8035 8033
f 7808 7814 8033
f 7811 8031 7803
f 7803 8032 7805
f 8020 8021 8030
f 8028 8030 8021
f 8028 8017 8015
f 8027 8400 8024
f 8015 8016 8024
f 8016 8023 8025
f 8005 8022 8023
f 8022 8004 8012
f 8021 8020 8007
f 8019 8007 8020
f 8017 8021 8006
f 8003 8005 8016
f 8015 8017 8001
f 8010 8262 8014
f 8011 7996 8010
f 8012 8782 7996
f 7995 8009 8010
f 8009 7995 7998
f 8000 8006 8007
f 8000 7963 7965
f 7999 8001 8006
f 8004 8022 8005
f 7999 7980 7981
f 8002 8005 8003
f 7991 7985 7980
f 8000 7992 7991
f 7963 8019 7997
f 7996 7993 7994
f 7990 7989 7994
f 7989 7988 7968
f 7968 7971 7969
f 7965 7972 7986
f 7991 7992 7986
f 7985 7987 7954
f 7988 7990 7970
f 7972 7967 7984
f 7984 7967 7966
f 7986 7984 7987
f 7983 7987 7984
f 7954 7955 7981
f 7952 7945 7954
f 7978 7982 7966
f 7956 8578 7978
f 7958 7957 7978
f 7942 8150 7977
f 7976 7940 7964
f 7974 8152 7975
f 7943 7861 7860
f 7940 7934 7933
f 7937 7920 7931
f 7972 7964 7933
f 7962 8579 7971
f 7967 7887 7959
f 7964 7972 7965
f 7929 8579 7962
f 7920 7919 7896
f 7929 7961 7960
f 7960 7961 7950
f 7923 7930 7960
f 7927 7919 7930
f 7959 7887 7926
f 7957 8682 7953
f 7945 7946 7955
f 7952 7956 7953
f 7915 7951 7924
f 7915 7924 7950
f 7917 8681 7948
f 7947 8681 7917
f 7907 7904 7946
f 7939 8097 7944
f 7940 7976 7942
f 7936 7935 7941
f 7935 7899 7898
f 7932 7934 7940
f 7938 7942 7939
f 7936 8683 7937
f 7935 7937 7931
f 7934 7893 7928
f 7860 7850 7894
f 7893 7934 7932
f 7930 7919 7921
f 7888 7928 7893
f 7887 7967 7928
f 7927 7922 7848
f 7890 7848 7922
f 7887 7883 7882
f 7885 7841 7883
f 7924 7951 7925
f 7922 7925 7914
f 7920 7969 7921
f 7908 7917 7918
f 7917 7908 7909
f 7910 7918 7882
f 7913 7915 7876
f 7913 7881 7914
f 7911 7914 7881
f 7881 7913 7876
f 7910 7872 7903
f 7903 7878 7909
f 7872 7910 7884
f 7907 7909 7878
f 7905 7915 7906
f 7904 7878 7864
f 7903 7871 7870
f 7863 7866 7902
f 7869 7905 7902
f 7901 8057 7859
f 7897 7806 7853
f 7900 7941 7898
f 7899 7896 7895
f 7895 7474 7897
f 7797 7806 7897
f 7891 7894 7850
f 7896 7919 7473
f 7894 7891 7892
f 7849 7886 7892
f 7889 7848 7890
f 7885 7887 7886
f 7849 7846 7847
f 7847 7842 7841
f 7883 7838 7884
f 7874 7876 7875
f 7837 7789 7845
f 7837 7880 7879
f 7875 7834 7831
f 7876 7915 7834
f 7871 7784 7836
f 7836 7868 7870
f 7870 7868 7865
f 7834 7905 7869
f 7765 7865 7868
f 7863 7862 7867
f 7863 7865 7823
f 7819 7862 7823
f 7820 7867 7862
f 7861 7851 7850
f 7856 8037 7857
f 7854 7798 7851
f 7854 7857 7855
f 7852 8055 7853
f 7739 7738 7795
f 7798 7736 7739
f 7797 7471 7470
f 7850 7851 7795
f 7794 7849 7891
f 7473 7919 7848
f 7846 7844 7842
f 7844 7794 7730
f 7468 7889 7845
f 7840 7839 7843
f 7844 7730 7793
f 7682 7726 7792
f 7842 7843 7839
f 7790 7791 7840
f 7839 7840 7785
f 7784 7884 7838
f 7785 7840 7791
f 7837 7873 7830
f 7836 7784 7783
f 7828 7827 7831
f 7828 7834 7833
f 7832 7774 7773
f 7829 7877 7831
f 7826 7782 7830
f 7826 7828 7772
f 7824 7835 7783
f 7825 7835 7824
f 7765 7825 7822
f 7821 7822 7824
f 7823 7865 7765
f 7769 7764 7821
f 7816 7818 7820
f 7817 7818 7816
f 7776 7774 7818
f 7816 8680 7768
f 7757 7854 7815
f 7814 7812 7757
f 7812 7814 7808
f 7802 7747 7754
f 7811 7804 7809
f 7807 7804 7802
f 7806 7797 7800
f 7801 7802 7804
f 7803 7805 7800
f 7748 7747 7802
f 7748 7801 7800
f 7798 7854 7757
f 7797 7470 7745
f 7795 7738 7741
f 7734 7745 7470
f 7741 7740 7730
f 7792 7790 7793
f 7780 7779 7725
f 7460 7463 7788
f 7727 7786 7791
f 7788 7845 7789
f 7786 7727 7787
f 7785 7786 7783
f 7783 7786 7723
f 7782 7826 7772
f 7780 7782 7781
f 7770 7824 7778
f 7677 7673 7717
f 7766 7821 7764
f 7774 7715 7777
f 7775 7774 7776
f 7775 8576 7715
f 7772 7828 7773
f 7770 7717 7716
f 7713 7667 7764
f 7768 8680 7766
f 7766 8680 7767
f 7764 7667 7666
f 7759 7817 7762
f 7761 7763 7666
f 7760 7759 7758
f 7759 7761 7711
f 7710 7709 7758
f 7757 7812 7753
f 7746 7798 7756
f 7756 7753 7750
f 7750 7752 7708
f 7754 7747 7749
f 7749 7705 7704
f 7750 7754 7751
f 7751 7704 7752
f 7742 7705 7749
f 7748 7799 7744
f 7736 7798 7746
f 7707 7746 7708
f 7700 7693 7694
f 7745 7734 7743
f 7742 7747 7744
f 7734 7733 7701
f 7699 7742 7743
f 7700 7705 7742
f 7741 7738 7732
f 7689 7687 7732
f 7739 7736 7737
f 7685 7689 7737
f 7698 7737 7736
f 7645 7696 7654
f 7734 7469 7735
f 7731 7683 7691
f 7729 7740 7732
f 7683 7731 7728
f 7464 7462 7459
f 7731 7735 7464
f 7730 7740 7729
f 7679 7678 7726
f 7729 7686 7681
f 7678 7787 7727
f 7461 7789 7725
f 7724 7787 7678
f 7450 7456 7725
f 7724 7676 7677
f 7724 7680 7589
f 7717 7778 7723
f 7721 7714 7719
f 7718 7720 7719
f 7717 7673 7672
f 7715 8576 7671
f 7670 7719 7714
f 7713 7716 7672
f 7712 7672 7636
f 7712 7668 7631
f 7711 7666 7665
f 7710 7664 7663
f 7710 7665 7662
f 7580 8576 7709
f 7708 7752 7703
f 7696 7706 7697
f 7659 7697 7706
f 7705 7694 7695
f 7660 7703 7695
f 7701 7733 7702
f 7692 7693 7700
f 7698 7707 7696
f 7697 7658 7654
f 7694 7552 7660
f 7693 7692 7657
f 7655 7552 7694
f 7690 7656 7657
f 7690 7702 7691
f 7656 7691 7650
f 7689 7685 7684
f 7687 7689 7688
f 7685 7696 7645
f 7642 7649 7683
f 7683 7650 7691
f 7638 7637 7679
f 7638 7682 7681
f 7641 7728 7458
f 7679 7637 7680
f 7588 7673 7677
f 7635 7673 7588
f 7675 7718 7674
f 7634 7451 7674
f 7673 7623 7636
f 7671 8576 7580
f 7670 7671 7629
f 7668 7625 7632
f 7668 7636 7669
f 7667 7631 7665
f 7631 7633 7662
f 7664 7661 7630
f 7661 7664 7662
f 7620 7578 7630
f 7620 7618 7617
f 7658 7697 7659
f 7660 7552 7616
f 7615 7610 7658
f 7652 7655 7657
f 7652 7651 7605
f 7654 7658 7610
f 7605 7612 7653
f 7650 7613 7651
f 7651 7611 7612
f 7649 7642 7603
f 7646 7681 7648
f 7646 7647 7640
f 7643 7645 7607
f 7644 7684 7645
f 7594 7601 7642
f 7587 7637 7639
f 7640 7599 7600
f 7638 7646 7639
f 7589 7680 7637
f 7588 7587 7590
f 7452 7450 7447
f 7591 7542 7592
f 7624 7669 7636
f 7623 7673 7635
f 7538 7622 7635
f 7627 7626 7634
f 7536 7586 7626
f 7451 7634 7626
f 7621 7661 7633
f 7632 7573 7633
f 7580 7663 7630
f 7579 7578 7617
f 7580 7579 7628
f 7628 7569 7574
f 7627 7574 7575
f 7625 7669 7624
f 7622 7570 7624
f 7571 7570 7622
f 7564 7619 7621
f 7620 7621 7619
f 7619 7564 7565
f 7618 7565 7576
f 7615 7606 7614
f 7616 7552 7554
f 7559 7598 7614
f 7611 7651 7613
f 7604 7653 7612
f 7602 7604 7611
f 7598 7608 7607
f 7606 7615 7554
f 7552 7655 7605
f 7604 7602 7558
f 7603 7642 7601
f 7593 7558 7602
f 7600 7596 7590
f 7595 7596 7600
f 7599 7608 7597
f 7597 7608 7598
f 7597 7559 7528
f 7544 7546 7596
f 7592 7542 7548
f 7593 7601 7594
f 7590 7596 7546
f 7588 7676 7589
f 7519 7539 7546
f 7537 7533 7540
f 7448 7451 7586
f 7584 7585 7448
f 7543 7591 7585
f 7583 7590 7539
f 7581 7622 7538
f 7582 7586 7536
f 7533 7571 7581
f 7577 7568 7531
f 7566 7617 7576
f 7568 7577 7575
f 7572 7529 7573
f 7570 7532 7572
f 7568 7574 7569
f 7567 7531 7568
f 7565 7564 7563
f 7564 7573 7529
f 7506 7567 7562
f 7562 7563 7509
f 7560 7553 7550
f 7559 7560 7527
f 7558 7593 7548
f 7558 7547 7556
f 7551 7553 7557
f 7520 7521 7555
f 7553 7560 7554
f 7550 7553 7551
f 7496 7550 7549
f 7548 7542 7523
f 7522 7556 7547
f 7541 7492 7523
f 7518 7519 7545
f 7517 7493 7541
f 7542 7591 7543
f 7539 7519 7540
f 7513 7514 7537
f 7534 7582 7535
f 7536 7577 7530
f 7534 7515 7446
f 7512 7571 7533
f 7510 7572 7532
f 7532 7571 7512
f 7531 7567 7506
f 7531 7505 7507
f 7485 7535 7530
f 7529 7572 7510
f 7509 7563 7529
f 7528 7527 7526
f 7527 7550 7496
f 7504 7525 7526
f 7525 7504 7502
f 7523 7492 7524
f 7497 7524 7494
f 7502 7503 7521
f 7519 7518 7488
f 7518 7503 7489
f 7446 7444 7486
f 7446 7493 7517
f 7491 7493 7486
f 7515 7535 7485
f 7513 5084 7512
f 7487 5084 7513
f 7512 5084 7483
f 7510 7511 7483
f 7509 7482 7561
f 7508 7510 5083
f 7505 7482 7481
f 7482 7506 7561
f 7500 7499 7502
f 7500 7504 7498
f 5088 7500 7501
f 7490 7489 7503
f 7490 7499 5088
f 7501 7498 7495
f 7497 7495 7498
f 7495 7494 5062
f 7494 7491 5087
f 7492 7541 7493
f 7490 5089 5086
f 7488 7489 5086
f 7486 7444 5058
f 7485 7507 7481
f 7484 7481 5049
f 7482 5083 5054
f 7481 7482 5048
f 7479 8101 7480
f 7476 8056 7477
f 7473 7474 7895
f 7471 7473 7472
f 7467 7466 7465
f 7467 7889 7468
f 7462 7465 7466
f 7464 7735 7465
f 7463 7460 7459
f 7457 7461 7456
f 7459 7460 7457
f 7455 7454 7458
f 7450 7452 7455
f 7455 7452 7453
f 7449 7592 7453
f 7450 7675 7451
f 7448 7585 7449
f 7446 7515 7445
f 7445 7484 5058
f 7442 7443 7435
f 7431 7435 7434
f 7430 7427 7429
f 7440 2796 7437
f 7437 2796 7443
f 7422 7438 7441
f 7437 7442 7429
f 7439 7440 7441
f 2792 2796 7440
f 7422 6651 6652
f 6650 2789 7439
f 7424 7441 7437
f 6650 7438 6652
f 2785 7414 2808
f 2809 7432 7431
f 2806 2809 7434
f 7435 2797 7436
f 7432 2809 2807
f 7433 7403 7405
f 7410 7402 7401
f 7427 7411 7410
f 7431 7411 7427
f 7398 7419 7420
f 7426 7400 7399
f 7428 7425 7429
f 7426 7420 7421
f 7423 7419 7418
f 7423 7422 7424
f 7423 6623 6651
f 7419 7423 7421
f 7398 7397 7418
f 7418 7397 6578
f 7413 2785 2784
f 7416 7417 7407
f 7389 7416 7404
f 7415 7409 7417
f 7385 7409 7415
f 7416 7389 7391
f 2785 7413 7403
f 7404 7403 7413
f 7383 7402 7408
f 7406 7410 7411
f 7406 7408 7402
f 7385 7381 7383
f 7407 7417 7408
f 7404 7407 7405
f 7400 7426 7401
f 7402 7383 7384
f 7400 7377 7376
f 7377 7400 7384
f 7399 7376 7374
f 7397 7398 7374
f 7397 6533 6532
f 2734 7395 7390
f 7396 7415 7391
f 7388 7386 7393
f 7393 7396 7394
f 7390 7395 7391
f 7388 7387 7382
f 7379 7382 7387
f 7386 7382 7381
f 7381 7378 7384
f 7381 7379 7378
f 7380 7372 7378
f 7378 7372 7373
f 7377 8580 7375
f 7374 7376 7375
f 6494 6513 7369
f 7369 6513 6533
f 7368 8679 7373
f 7370 7372 7380
f 7369 7375 7367
f 7367 8679 7368
f 7366 7362 6494
f 7364 7361 7359
f 7363 7360 7353
f 7361 8678 7356
f 7356 7358 7355
f 7352 7353 7360
f 7358 7357 7354
f 7357 2669 2662
f 7352 7359 7356
f 7355 7354 2649
f 2662 2661 2650
f 6453 7362 7353
f 7350 2649 6449
f 7351 2649 7350
f 6428 6430 6453
f 7273 7259 7254
f 7251 7243 7244
f 7348 7349 7346
f 7227 7226 7253
f 7232 7236 7349
f 7254 7233 7232
f 7346 7349 7236
f 7231 7230 7227
f 7251 7228 7347
f 7347 7127 7241
f 7217 7127 7347
f 7341 7347 7228
f 7345 7231 7346
f 7340 7338 7345
f 7219 7340 7344
f 7342 7343 7337
f 7342 7229 7209
f 7342 7216 7217
f 7334 7339 7338
f 7334 7340 7219
f 7332 7331 7339
f 7339 7208 7210
f 7337 7343 7326
f 7322 7323 7330
f 7333 7332 7334
f 7332 7330 7329
f 7323 7328 7329
f 7327 7331 7329
f 7327 7318 7218
f 7328 7320 7318
f 7218 7318 7325
f 7324 7336 7326
f 7187 7325 7317
f 7194 7196 7324
f 7322 7335 7202
f 7321 7319 7323
f 7321 7316 7312
f 7312 7299 7320
f 7318 7320 7299
f 7186 7187 7317
f 7317 7325 7318
f 7316 8581 7314
f 7313 7311 7312
f 7312 7311 7310
f 7309 7310 7311
f 7298 7299 7310
f 7184 7179 7307
f 7307 7179 7081
f 7305 7309 7306
f 7302 7301 7300
f 7183 7180 7179
f 7303 8705 7301
f 7301 8705 7293
f 7300 7301 7295
f 7183 7185 7300
f 7184 7308 7299
f 7296 7286 7297
f 7294 7297 7295
f 7292 7283 7180
f 7178 7067 7068
f 7285 7286 7291
f 7177 7178 6318
f 6318 7074 7180
f 7290 7289 7288
f 7289 8697 6321
f 7285 7288 7287
f 7283 7292 7286
f 7283 7287 7284
f 7282 7271 7272
f 7281 7272 7280
f 7268 7279 7170
f 7168 7165 7167
f 7161 7160 7170
f 7278 7276 7155
f 7277 7276 7278
f 7161 7279 7158
f 7270 8677 7263
f 7150 7277 7263
f 7276 7150 7149
f 7275 7262 7274
f 7141 9047 7144
f 7271 7259 7273
f 7268 7280 7267
f 7271 7282 7140
f 7248 8677 7270
f 7253 7226 7250
f 7158 7279 7268
f 7267 7269 7250
f 7266 7247 7245
f 7264 7138 7151
f 7255 7256 7262
f 7261 7130 7129
f 7234 7139 7255
f 7233 7254 7259
f 7257 7260 7258
f 7139 7141 7256
f 7253 7269 7254
f 7246 7226 7228
f 7248 7250 7266
f 7247 7250 7226
f 7242 7240 7245
f 7242 7244 7243
f 7240 7242 7241
f 7238 7224 7235
f 7239 8676 7223
f 7221 7236 7237
f 7232 7234 7237
f 7220 7200 7221
f 7233 7139 7234
f 7231 7338 7210
f 7229 7228 7230
f 7227 7230 7228
f 7220 7235 7224
f 7215 7214 7220
f 7223 7224 7238
f 7215 7225 7111
f 7213 7200 7220
f 7219 7222 7200
f 7216 7337 7206
f 7104 7114 7217
f 7110 7109 7212
f 7214 7215 7212
f 7204 7203 7213
f 7212 7109 7092
f 7209 7229 7210
f 7206 7336 7207
f 7203 7211 7205
f 7091 7211 7204
f 7193 7197 7203
f 7202 7201 7197
f 7200 7197 7201
f 7193 8581 7198
f 7102 7207 7196
f 7194 7182 7195
f 7193 7192 7190
f 7085 7093 7190
f 7182 7194 7187
f 7181 7081 7079
f 7184 7298 7185
f 7089 7195 7182
f 7180 7073 7081
f 7068 7071 7072
f 7178 7177 7062
f 6362 7062 7177
f 7168 7171 7152
f 7059 7176 7155
f 7144 9047 7166
f 7164 7173 7174
f 7143 7144 7175
f 7173 7164 7163
f 7172 7143 7174
f 7172 7173 7162
f 7171 7168 7169
f 7169 7281 7170
f 7058 7057 7165
f 7140 7282 7167
f 7166 9047 7140
f 7164 7140 7165
f 7163 7165 7057
f 7161 7157 7156
f 7159 7278 7157
f 7157 7278 7154
f 7149 7145 7147
f 7152 7156 7154
f 7153 7059 7058
f 7151 7125 7137
f 7149 7150 7137
f 7136 7146 7145
f 7146 7136 7036
f 7035 7038 7148
f 7146 7148 7147
f 7135 7134 7036
f 7134 7133 7034
f 7142 7274 7144
f 7143 7045 7029
f 7132 7142 7029
f 7140 9047 7141
f 7125 7151 7138
f 7125 7126 7124
f 7137 7125 7135
f 7117 7011 7027
f 7135 7124 7123
f 7133 7134 7123
f 7132 7128 7120
f 7121 8676 7131
f 7129 7120 7131
f 7128 8674 7118
f 7122 7240 7127
f 7122 7117 7126
f 7124 7126 7027
f 7122 7115 7117
f 7107 7119 7121
f 7106 7224 7119
f 7118 7107 7120
f 7107 7009 7008
f 7115 7116 7011
f 7116 7113 7006
f 7113 7116 7115
f 7113 7104 7103
f 7103 7101 7112
f 7111 7106 7109
f 7105 7005 7109
f 7092 7109 7005
f 7105 7107 7008
f 7104 7207 7101
f 7101 7207 7102
f 7099 7096 7100
f 7086 7091 6996
f 7097 7195 7095
f 7094 7100 7096
f 7094 7095 7088
f 7093 7085 7084
f 7092 7108 6996
f 7089 7079 7090
f 6977 6979 6886
f 6990 6985 7087
f 7084 7086 6998
f 7083 7084 6990
f 7073 7080 7079
f 7077 8675 7075
f 7080 8675 7077
f 6977 6993 7078
f 7075 8675 7076
f 7069 6971 6978
f 7073 7180 7074
f 7070 7072 7071
f 7070 7064 7066
f 6971 7069 7066
f 7067 7061 7065
f 7063 7065 7061
f 7062 6373 7061
f 7065 7063 7066
f 6371 6965 7063
f 6372 6373 7062
f 6373 6368 6370
f 6945 7041 7056
f 7042 7044 7060
f 7059 7054 7057
f 7056 7047 7048
f 7054 6952 7055
f 7041 7060 7047
f 6951 7056 7055
f 7054 7059 7053
f 7054 7051 6948
f 7051 7038 7037
f 7052 6946 6948
f 7045 7043 7050
f 7049 7050 7043
f 6929 7030 7050
f 7046 7172 7048
f 7046 7044 7043
f 7044 7042 7040
f 6944 7040 7042
f 6943 7049 7040
f 7038 7035 7039
f 7035 7034 7039
f 7033 7039 7034
f 7031 7033 7032
f 6946 7052 7031
f 7029 7050 7030
f 7022 8673 6931
f 7026 7123 7027
f 7025 7133 7026
f 7026 7010 7017
f 6922 6934 7025
f 7023 8674 7022
f 7021 8685 7023
f 6918 6905 7020
f 7018 6912 7017
f 7010 7006 7019
f 6915 7024 7017
f 6906 6907 7013
f 7015 7016 7013
f 7009 7014 7013
f 7013 6907 6908
f 7010 7027 7011
f 7006 7113 7001
f 7009 7012 7004
f 7004 7012 6908
f 6895 6901 7006
f 7005 7105 7002
f 7004 7007 6889
f 6889 6888 7003
f 6891 6994 6999
f 7001 7112 6896
f 6896 6991 6894
f 6991 7098 6992
f 6999 6994 6995
f 6996 6995 6989
f 6996 7108 6997
f 6994 6891 6887
f 6992 7094 6993
f 6991 6886 6885
f 6990 7084 6987
f 6987 7084 6989
f 6988 6887 6882
f 6979 6876 6877
f 6981 8672 6986
f 6984 7087 6985
f 6984 6878 6880
f 6878 6984 6982
f 6876 6979 6872
f 6981 6983 6880
f 6978 6872 6979
f 6872 6978 6971
f 6975 8672 6976
f 6973 6975 6974
f 6972 6865 6866
f 6968 6967 6970
f 6966 6968 6962
f 6960 6959 6966
f 6865 6972 6965
f 6369 6335 6965
f 6335 6336 6963
f 6962 6867 6780
f 6960 6957 6961
f 6957 6960 6780
f 6954 6953 6143
f 6956 6961 6957
f 6954 6956 6955
f 6861 6860 6953
f 6139 6140 6953
f 5465 6335 6366
f 5465 5352 6332
f 6952 6939 6950
f 6941 6951 6950
f 6949 6950 6939
f 6948 6946 6938
f 6947 6938 6937
f 6854 6946 6935
f 6944 7041 6945
f 6944 6942 6927
f 6942 6945 6941
f 6858 6850 6926
f 6847 6858 6941
f 6846 6859 6857
f 6852 6940 6937
f 6855 6939 6841
f 6937 6854 6853
f 6936 6934 6933
f 6934 6922 6919
f 6854 6933 6924
f 6928 6917 6930
f 6930 6917 6931
f 6928 6943 6927
f 6925 6916 6917
f 6849 6925 6927
f 6924 6830 6829
f 6837 6851 6923
f 6922 7024 6915
f 6922 6914 6920
f 6830 6924 6921
f 6920 6913 6921
f 6904 6918 6917
f 6903 6904 6917
f 6833 6825 6903
f 6909 6915 6912
f 6827 6815 6830
f 6912 7018 6910
f 6910 9042 6911
f 6812 7007 6908
f 6813 6812 6907
f 6904 6907 6906
f 6824 6813 6904
f 6900 6899 6902
f 6900 6901 6898
f 6828 9042 6899
f 6900 6816 6820
f 6898 6901 6895
f 6898 6893 6803
f 6816 6900 6897
f 6890 7007 6812
f 6890 6814 6891
f 6895 7000 6896
f 6892 6894 8670
f 6811 6887 6891
f 6889 7007 6890
f 6807 6885 6884
f 6802 6806 6884
f 6810 6882 6887
f 6884 6886 6883
f 6883 6886 6877
f 6800 6879 6878
f 6882 6810 6801
f 6879 6980 6880
f 6800 6881 6801
f 6874 6875 6877
f 6870 6869 6793
f 6873 6796 6875
f 6874 6870 6794
f 6799 6703 6701
f 6866 6864 6871
f 6870 6876 6871
f 6868 6974 6799
f 6789 6696 6781
f 6863 6864 6866
f 6864 6863 6785
f 6863 6862 6783
f 6782 6783 6862
f 6063 6955 6780
f 6063 6861 6955
f 6063 6778 6777
f 6859 6949 6855
f 6847 6845 6850
f 6771 6843 6856
f 6856 6843 6857
f 6841 6940 6852
f 6854 6923 6851
f 6853 6851 6838
f 6850 6845 6844
f 6835 6916 6849
f 6844 6831 6835
f 6835 6831 6832
f 6842 6845 6847
f 6831 6845 6842
f 6842 6857 6843
f 6839 6856 6841
f 6836 6761 6840
f 6772 6771 6839
f 6836 6841 6838
f 6829 6826 6769
f 6837 6769 6767
f 6833 6916 6835
f 6833 6834 6823
f 6773 6770 6832
f 6761 6836 6767
f 6830 6815 6826
f 6815 6828 6820
f 6755 6766 6826
f 6824 6903 6825
f 6747 6813 6824
f 6822 6825 6823
f 6819 6832 6770
f 6805 6753 6756
f 6813 6747 6809
f 6745 6821 6819
f 6739 6809 6763
f 6817 6897 6803
f 6816 6817 6805
f 6813 6811 6814
f 6753 6805 6740
f 6811 6809 6808
f 6809 6739 6733
f 6740 6805 6725
f 6804 8670 6807
f 6806 6725 6807
f 6804 6725 6805
f 6802 6796 6726
f 6801 6732 6798
f 6800 6797 6703
f 6798 6716 6713
f 6796 6873 6718
f 6709 6704 6787
f 6704 6709 6795
f 6792 6795 6794
f 6792 6793 6791
f 6791 6785 6705
f 6789 6867 6790
f 6695 6696 6789
f 6788 6705 6784
f 6787 6704 6698
f 6784 6705 6785
f 6782 6337 6774
f 6780 6867 6781
f 6779 6781 6696
f 6685 6689 6688
f 6779 6700 6775
f 6686 6059 6777
f 6775 8582 6776
f 6684 6323 6325
f 6326 6653 6685
f 6326 6323 6684
f 6328 6688 6694
f 6772 6840 6773
f 6764 8583 6761
f 6770 8583 6764
f 6759 6764 6760
f 6768 6767 6769
f 6768 6758 6762
f 6758 6768 6766
f 6746 6819 6765
f 6759 6763 6765
f 6744 6818 6763
f 6762 6757 6760
f 6757 6748 6754
f 6757 6762 6758
f 6755 6815 6756
f 6683 6818 6744
f 6754 6748 6736
f 6748 6757 6749
f 6750 6752 6751
f 6748 6751 6742
f 6746 6809 6747
f 6736 6738 6682
f 6743 6740 6741
f 6737 6736 6742
f 6735 6734 6741
f 6737 6741 6734
f 6739 6683 6731
f 6731 6680 6678
f 6737 6728 6738
f 6723 6707 6711
f 6727 6724 6734
f 6724 6722 6728
f 6732 6808 6733
f 6730 6733 6731
f 6716 6730 6729
f 6729 6678 6677
f 6681 6738 6728
f 6721 6726 6718
f 6726 6721 6727
f 6724 6727 6721
f 6715 6675 6702
f 6677 6676 6715
f 6679 6681 6722
f 6677 6679 6674
f 6672 6674 6679
f 6721 6717 6719
f 6707 6723 6719
f 6718 6795 6709
f 6715 6713 6716
f 6712 6797 6713
f 6671 6675 6673
f 6711 6707 6706
f 6670 6673 6672
f 6711 6660 6666
f 6710 8584 6708
f 6708 8584 6706
f 6706 8584 6697
f 6705 6788 6698
f 6702 6703 6712
f 6695 6702 6669
f 5972 8582 6700
f 6660 6711 6699
f 6697 6693 6658
f 6698 6788 6693
f 6693 6788 6691
f 6696 6665 6700
f 6695 6664 6665
f 6691 6784 6694
f 6659 6692 6690
f 6659 6658 6693
f 6661 6654 5918
f 6654 6661 6690
f 6688 6690 6692
f 6689 6655 6690
f 6687 6776 5973
f 5919 5918 6654
f 6655 6689 6685
f 6653 6037 5913
f 6680 6731 6683
f 6680 6738 6681
f 6678 6681 6679
f 6675 6715 6676
f 6673 6676 6674
f 6666 6668 6671
f 6663 6664 6669
f 6667 6663 6668
f 6663 5968 6665
f 6661 6657 6662
f 6659 6661 6660
f 6655 5912 6656
f 5912 6655 6653
f 6623 6648 6652
f 6619 6649 6648
f 6618 6619 6648
f 6649 2789 6650
f 6619 9043 2627
f 2627 9043 6647
f 6647 6646 6645
f 2618 6645 6641
f 6601 6603 6643
f 6601 6644 6646
f 6645 6646 6644
f 6642 6641 6644
f 6638 6640 6642
f 6640 2619 6642
f 6642 2619 2618
f 6635 2624 6639
f 6639 2624 6640
f 6637 6595 6635
f 6597 6596 6637
f 2614 6595 2615
f 6596 6592 6634
f 6592 6633 6634
f 6634 2613 2615
f 2610 2613 6634
f 6590 6589 2601
f 2600 2610 6633
f 6632 6630 6589
f 6588 6559 6587
f 6630 6629 2601
f 6586 6585 6628
f 6630 6631 2596
f 6625 6585 9048
f 6627 6628 6625
f 6625 9048 6584
f 6584 6582 6583
f 6531 6530 6620
f 6623 7418 6621
f 6578 6579 6622
f 6622 6620 6617
f 6618 6622 6617
f 6615 6608 6617
f 6607 9043 6619
f 6608 6607 6618
f 6616 6529 6576
f 6613 6602 6614
f 6608 6615 6612
f 6576 6575 6610
f 6610 6602 6613
f 6611 6610 6575
f 6573 6606 6611
f 6611 6606 6602
f 6608 6613 6609
f 6605 6600 6606
f 6603 6606 6600
f 6600 6605 6604
f 6602 6606 6603
f 6599 6598 6597
f 6598 6592 6596
f 6595 6637 6596
f 6593 6570 6568
f 6569 6567 6568
f 6592 6598 6593
f 6592 6562 6561
f 6590 6591 6588
f 6588 6591 6561
f 6587 6559 6554
f 6586 6632 6587
f 6544 9048 6585
f 6585 6586 6549
f 6584 9048 6544
f 2593 6624 6583
f 5838 6583 6582
f 5835 5840 5839
f 6582 8669 6581
f 6581 8669 5800
f 2590 6583 5838
f 6532 6531 6579
f 6574 6575 6577
f 6576 6529 6577
f 6524 6573 6574
f 6572 6605 6573
f 6522 6571 6572
f 6570 6604 6571
f 6567 6569 6523
f 6564 6565 6567
f 6560 6564 6566
f 6566 6567 6521
f 6562 6592 6565
f 6557 6566 6563
f 6561 6560 6559
f 6559 6558 6555
f 6519 6555 6558
f 6556 6500 6519
f 6554 6559 6555
f 6552 6550 6553
f 6548 6554 6552
f 6551 6553 6547
f 6518 6553 6550
f 6547 6553 6518
f 6549 6554 6548
f 6548 6551 6546
f 6546 6545 6542
f 6547 6515 6545
f 6545 6515 6537
f 6515 6495 6540
f 6542 6541 6544
f 6542 6545 6536
f 5800 8669 6541
f 6540 6496 6539
f 6539 6496 6514
f 6538 6539 6534
f 6538 5801 5800
f 6537 6539 6538
f 6514 5722 6535
f 6533 6513 6531
f 6531 6513 6512
f 6511 6527 6530
f 6529 6616 6530
f 6509 6504 6526
f 6511 6507 6528
f 6526 6504 6502
f 6522 6572 6524
f 6525 6527 6526
f 6523 6569 6522
f 6501 6485 6520
f 6484 6520 6485
f 6499 6563 6521
f 6517 6550 6519
f 6517 6500 6498
f 6466 6516 6518
f 6468 6463 6497
f 6497 6495 6516
f 6515 6547 6516
f 6514 5720 5722
f 6494 6493 6512
f 6512 6493 6510
f 6507 6511 6510
f 6491 6506 6510
f 6509 6528 6505
f 6505 6528 6507
f 6490 6508 6505
f 6505 6506 6491
f 6489 6502 6504
f 6501 6522 6502
f 6501 6488 6486
f 6500 6563 6499
f 6499 6520 6480
f 6498 6499 6473
f 6475 6471 6472
f 6498 6472 6467
f 6497 6463 6461
f 6496 6540 6495
f 6461 6457 6459
f 5720 6495 6459
f 6494 7362 6454
f 6421 6490 6492
f 6448 6492 6491
f 6420 6447 6490
f 6488 6446 6487
f 6445 6487 6446
f 6481 6483 6487
f 6486 6488 6487
f 6485 6483 6478
f 6484 6478 6477
f 6482 6478 6483
f 6481 6444 6442
f 6476 6479 6482
f 6474 6473 6480
f 6479 6476 6474
f 6478 6482 6479
f 6476 6442 6475
f 6470 6467 6472
f 6470 6471 6469
f 6443 6440 6464
f 6467 6465 6468
f 6437 6468 6465
f 6464 6440 6441
f 6438 6470 6464
f 6460 6461 6463
f 6462 6434 6460
f 6460 6458 6457
f 6460 6434 6433
f 6459 6457 6455
f 6458 6432 6455
f 6456 6455 5702
f 5701 5702 6455
f 6454 7362 6452
f 6452 7362 6453
f 6451 6452 6430
f 6448 6454 6451
f 6429 6425 6450
f 6425 6423 6426
f 2502 2498 6449
f 6448 6450 6426
f 6447 6420 6413
f 6444 6487 6445
f 6442 6404 6391
f 6443 6475 6442
f 6391 6393 6395
f 6382 6380 6439
f 6439 6380 6379
f 6439 6441 6440
f 6435 6441 6379
f 6377 6376 6435
f 6434 6435 6376
f 6357 6431 6433
f 6432 6458 6433
f 5701 6432 6431
f 6430 6428 6427
f 6428 6449 6424
f 6425 6429 6427
f 6419 6421 6426
f 6424 6417 6423
f 6424 6449 2498
f 6416 6419 6423
f 6414 2498 2497
f 2502 2508 6422
f 6421 6419 6418
f 6419 6416 6415
f 6418 6415 6409
f 6417 2498 6414
f 6411 6445 6413
f 6409 6410 6411
f 6405 6445 6411
f 6408 6400 6410
f 2472 6400 6408
f 6407 6410 6400
f 6407 6399 6403
f 2466 2465 6390
f 6404 6444 6405
f 6402 6405 6403
f 6398 6404 6402
f 6402 6397 6396
f 6400 2472 2466
f 6398 6401 6392
f 6394 6392 6389
f 6392 6401 6396
f 6381 6355 6384
f 6396 6390 6389
f 6388 2457 2456
f 6386 6387 6395
f 6394 6383 6386
f 6392 6394 6393
f 6390 2465 6388
f 2452 6388 2456
f 6385 6440 6387
f 6385 6386 6383
f 6383 6394 6384
f 6353 6355 6381
f 6348 6380 6382
f 6381 6388 6350
f 6374 6352 6353
f 6380 6348 6347
f 2446 6375 6374
f 6377 6349 6345
f 6365 6342 6344
f 6346 6374 6344
f 6340 6357 6376
f 6377 6341 6343
f 6343 6364 6363
f 6375 2438 6365
f 6367 6368 6373
f 6372 6361 6359
f 6368 6369 6371
f 6367 6366 6369
f 6367 6359 6360
f 6365 2438 6356
f 6363 6365 5461
f 6364 6342 6365
f 6361 6372 6362
f 6361 6261 6358
f 6358 6261 5548
f 6358 5465 6360
f 5466 5465 6358
f 5543 6340 5464
f 6356 2436 1856
f 6354 6383 6355
f 6352 6351 6354
f 6352 6378 6348
f 6349 6379 6347
f 6348 6378 6346
f 6345 6347 6346
f 6344 6341 6345
f 6342 6364 6343
f 6340 6363 5463
f 6339 1854 1853
f 1854 5462 5461
f 6338 6963 6336
f 6337 6782 6338
f 6333 6334 6336
f 6333 6335 6332
f 6329 6337 6334
f 6333 6327 6329
f 6330 6331 6332
f 6324 6327 6331
f 6324 6330 5348
f 6329 6327 6326
f 6327 6324 6323
f 6324 5350 6325
f 6222 6280 6284
f 6322 6257 6314
f 6321 8697 6319
f 6318 7283 6312
f 6317 6318 6313
f 6316 6313 6311
f 6262 7177 6317
f 6249 6262 6316
f 6314 6306 6303
f 6315 6320 6314
f 6256 6306 6314
f 6305 6311 6313
f 6311 6305 6252
f 6244 6254 6307
f 6237 6302 6303
f 6253 6304 6301
f 6253 6252 6305
f 6300 6297 6309
f 6251 6244 6307
f 6300 6308 6307
f 6299 6302 6237
f 6237 6256 6255
f 6305 6312 6303
f 6301 6304 6303
f 6302 6290 6295
f 6300 6301 6295
f 6296 6309 6297
f 6243 6242 6231
f 6299 6286 6283
f 5615 6289 6288
f 6289 5615 6298
f 6296 6298 5615
f 6289 6297 6295
f 6294 6236 6293
f 6287 6293 6236
f 6285 6292 6293
f 6288 5696 5695
f 6290 6283 5696
f 6229 6212 6221
f 6286 6285 6284
f 6285 6287 6223
f 6284 6280 6281
f 6281 5682 6282
f 6282 5696 6283
f 6214 6279 6221
f 6276 6281 6280
f 6222 6221 6279
f 5682 5691 6282
f 5682 6276 6273
f 6214 6278 6277
f 6209 6274 6278
f 6278 6274 6275
f 6276 6279 6277
f 5671 5670 6275
f 6270 6272 6275
f 5670 6273 6275
f 6272 6271 5671
f 6271 6268 5654
f 6267 6268 6271
f 6269 6272 6270
f 6268 6265 5653
f 6267 6188 6190
f 6266 6265 6268
f 6266 6264 5652
f 6264 6266 6190
f 6178 6179 6186
f 6264 6263 5635
f 6264 6179 6180
f 5634 5636 6263
f 5634 6180 6176
f 6261 6362 6262
f 6258 6245 6260
f 6258 6175 6173
f 6255 6247 6243
f 6255 6257 8586
f 6253 6307 6254
f 6251 5611 6244
f 6250 5540 6248
f 6248 6262 6249
f 6247 8668 6239
f 6173 6171 6246
f 6230 6229 6236
f 5539 6250 6244
f 6239 6241 6242
f 6241 6235 6232
f 6242 6241 6232
f 6240 6238 6241
f 6238 6240 6172
f 6170 6168 6235
f 6236 6294 6237
f 6234 6232 6235
f 6233 6226 6225
f 6233 6235 6168
f 6232 6234 6230
f 6230 6228 6227
f 6219 6229 6227
f 6228 6225 6224
f 6224 9049 6220
f 6226 6166 6224
f 6165 9049 6224
f 6221 6223 6287
f 6212 6229 6219
f 6220 9049 6217
f 6215 6219 6217
f 6217 9049 6165
f 6218 6162 6160
f 6218 6213 6216
f 6216 6213 6212
f 6159 6211 6213
f 6214 6212 6205
f 6211 6210 6205
f 6210 6207 6208
f 6156 6211 6159
f 6156 6207 6210
f 6204 6188 6209
f 6203 6206 6208
f 6205 6208 6206
f 6200 6203 6201
f 6202 6206 6203
f 6197 6199 6198
f 6085 6198 6201
f 6194 6189 6196
f 6199 8667 6200
f 6081 6155 6197
f 6195 8667 6196
f 6187 6186 6179
f 6188 6204 6195
f 6192 6191 6194
f 6152 6192 6154
f 6187 6189 6191
f 6192 8587 6193
f 6189 6179 6190
f 6187 6193 6185
f 6184 6186 6185
f 6182 6185 6183
f 6181 6183 6151
f 6148 6181 6146
f 6150 6182 6181
f 6178 6176 6180
f 6150 6177 6176
f 6177 5160 4814
f 5160 6177 6149
f 6149 5148 5145
f 6128 6127 6175
f 6173 6175 6127
f 6171 6127 6129
f 6119 6170 6172
f 6116 6168 6170
f 6116 6114 6169
f 6116 6163 6167
f 6167 6163 6161
f 6166 6161 6162
f 6163 6169 6164
f 6158 6160 6162
f 6158 6161 6105
f 6160 6158 6092
f 6093 6092 6158
f 6092 6090 6084
f 6080 6081 6085
f 6081 6078 6077
f 6154 6081 6077
f 6077 6076 6153
f 6151 6153 6076
f 6147 6075 6070
f 5148 6148 6147
f 6149 6177 6150
f 6145 6142 6141
f 6142 6144 6141
f 6136 6135 6137
f 6139 6064 6136
f 6063 6139 6860
f 6135 6134 6138
f 6064 6061 6135
f 6061 6062 6134
f 6062 6058 6132
f 6130 6131 6133
f 6123 6124 6131
f 6057 6123 6130
f 6122 6120 6129
f 6128 6131 6124
f 6122 6125 6126
f 6123 6126 6125
f 6055 6126 6123
f 6117 6118 6121
f 6120 6122 6121
f 6112 6121 6118
f 6054 6111 6118
f 6117 6126 6055
f 6116 6119 6115
f 6115 6112 6113
f 6111 6109 6113
f 6099 8666 6110
f 6108 6113 6109
f 6107 6052 6100
f 6106 8666 6102
f 6104 6095 6097
f 6101 6104 6102
f 6100 6050 6098
f 6096 6101 6098
f 6087 6093 6097
f 6094 6101 6096
f 6094 6088 6087
f 6051 6088 6094
f 6093 6087 6090
f 6090 6089 6091
f 6088 6086 6089
f 6086 6088 6051
f 6084 6085 6156
f 6080 6083 6045
f 6082 6091 6083
f 6079 6080 6073
f 6044 6011 6073
f 6074 6078 6079
f 6076 6078 6074
f 6075 6074 6072
f 6071 6072 6074
f 6071 6073 6011
f 6072 6071 6065
f 6068 6147 6070
f 6069 6065 6039
f 5147 6147 6068
f 6067 6068 6039
f 5133 6067 6066
f 6040 6039 6065
f 5132 6066 5112
f 6059 6061 6064
f 6038 6062 6060
f 6060 6062 6061
f 6058 6062 6036
f 6057 6058 6035
f 6055 6033 6032
f 6055 6057 6056
f 6032 6031 6053
f 6025 6109 6053
f 6025 6031 6026
f 6050 6020 6019
f 6050 6100 6052
f 6051 6049 6048
f 6049 6096 6050
f 6047 6048 6016
f 6046 6016 6014
f 6045 6016 6012
f 6042 6008 6043
f 6010 6006 6005
f 5996 6040 6041
f 5995 5984 5988
f 5987 6039 6040
f 5112 6066 6039
f 5112 5987 5980
f 6037 6684 5280
f 5961 6036 6038
f 6038 6060 5969
f 6037 5279 5963
f 6036 5961 5959
f 5963 5279 5268
f 5955 6033 6034
f 6032 6029 6030
f 6030 6027 6028
f 6031 6032 6028
f 6029 6033 5955
f 5951 5946 6030
f 6028 6027 6022
f 5946 6027 6030
f 6022 6027 5945
f 6026 6022 6024
f 6020 6052 6025
f 6023 5941 6024
f 6020 5940 5938
f 6018 5938 5937
f 6017 6048 6019
f 6017 6018 5933
f 6015 6017 5934
f 6016 6048 6017
f 6014 6016 6015
f 5934 5929 5927
f 5927 5928 6013
f 6009 6046 6014
f 6007 6002 6009
f 6010 6012 6042
f 6008 6046 6009
f 5999 6003 6007
f 6007 5928 5853
f 6006 5997 5991
f 6004 6043 6001
f 6004 5997 6006
f 6002 6007 6003
f 6000 5999 5998
f 5999 5926 5992
f 5992 5926 5924
f 5998 5992 5991
f 5995 6040 5996
f 5994 6005 5991
f 5982 5995 5994
f 5992 5990 5993
f 5924 5923 5989
f 5977 5983 5989
f 5988 5984 5986
f 5986 5984 5981
f 5984 5995 5982
f 5982 5989 5983
f 5974 5923 5920
f 5980 8665 5107
f 5107 8665 5978
f 5978 5985 5977
f 5977 5923 5974
f 5975 5098 5976
f 5181 4301 5975
f 5973 6776 5971
f 5972 6665 5968
f 5965 5967 5970
f 5965 5973 5968
f 5966 5957 5967
f 5919 6656 5905
f 5905 6656 5914
f 5963 5270 5964
f 5962 5963 5907
f 5960 5958 5959
f 5960 5967 5954
f 5956 6034 5959
f 5954 5967 5957
f 5273 8588 5900
f 5953 5955 5956
f 5950 5951 5955
f 5903 5897 5953
f 5887 5950 5953
f 5890 5885 5895
f 5894 5902 5905
f 5898 5891 5895
f 5952 5882 5890
f 5952 5272 5271
f 5950 5949 5946
f 5887 5943 5949
f 5942 5947 5949
f 5885 5890 5882
f 5946 5949 5947
f 5881 5876 5944
f 5936 5944 5876
f 5943 5948 5879
f 5940 6024 5941
f 5938 5940 5939
f 5172 5168 5935
f 5871 5870 5875
f 5875 5880 5883
f 5877 5930 5932
f 5935 5168 5171
f 5932 5931 5934
f 5930 5867 5931
f 5867 5864 5929
f 5868 5867 5930
f 5860 5224 5217
f 5925 5927 5929
f 5925 5853 5928
f 5864 5858 5854
f 5220 5219 5218
f 5224 5863 5171
f 5852 5924 5926
f 5856 5853 5925
f 5852 5845 5844
f 5842 5920 5844
f 5923 5924 5844
f 5192 5922 5841
f 5841 5843 5206
f 5921 5842 5841
f 5182 5920 5184
f 5184 5921 5922
f 5919 5911 5916
f 5910 5917 5916
f 5917 6657 5918
f 5915 5907 5906
f 5913 5915 5914
f 5903 5957 5909
f 5911 5919 5902
f 5911 5908 5909
f 5901 5904 5909
f 5907 5964 5899
f 5905 5899 5898
f 5904 5892 5897
f 5894 5896 5901
f 5892 5904 5901
f 5899 5964 5900
f 5897 5892 5888
f 5895 5893 5896
f 5892 5896 5893
f 5891 8588 5272
f 5887 5889 5943
f 5884 5948 5886
f 5883 5879 5884
f 5881 5942 5879
f 5876 5881 5878
f 5879 5883 5880
f 5870 5872 5874
f 5873 5876 5874
f 5871 8664 5872
f 5869 8664 5862
f 5868 5866 5865
f 5866 5862 5861
f 5860 5859 5861
f 5864 5867 5865
f 5862 5171 5863
f 5860 5221 5857
f 5221 5220 5855
f 5854 5858 5857
f 5858 5865 5859
f 5855 5850 5856
f 5850 5855 5220
f 5853 5856 5849
f 5851 5848 5850
f 5849 5856 5850
f 5846 5205 5206
f 5845 5848 5847
f 5845 5846 5843
f 5842 5844 5843
f 5840 5837 5838
f 5836 6580 5838
f 5837 5840 5834
f 2096 6580 5836
f 5836 5837 5833
f 5834 5840 5835
f 5833 5830 2097
f 2093 2094 5832
f 5789 5788 5828
f 5831 5828 5829
f 5827 5829 5828
f 5824 2097 5829
f 5788 5787 5826
f 5825 2087 5824
f 5791 5825 5827
f 5825 5823 5821
f 2088 2090 5824
f 5782 5778 5822
f 5823 5825 5791
f 5822 5816 5821
f 5778 5777 5779
f 5822 5819 5820
f 5814 5816 5820
f 5821 5816 2051
f 5819 5817 5818
f 5819 5779 5780
f 5780 5771 5815
f 5815 5814 5818
f 5816 5814 2080
f 5771 5770 5768
f 5814 5815 2077
f 5765 2077 5769
f 5767 5769 5770
f 5811 5765 5766
f 5813 5809 5810
f 5764 5813 5812
f 5812 5766 5763
f 5813 5808 5811
f 5811 5762 5761
f 5809 5764 5760
f 5807 5754 5810
f 5762 5811 5808
f 5759 5806 5754
f 5805 5756 5755
f 5806 5759 5804
f 5805 5804 5803
f 5733 5804 5759
f 5804 5733 5757
f 5803 5082 5079
f 5802 5079 5046
f 5795 5801 5796
f 5794 5796 5798
f 5723 5793 5799
f 5798 6535 5722
f 5795 5792 5789
f 5796 5794 5792
f 5794 5799 5793
f 5793 5718 5790
f 5788 5790 5786
f 5791 5826 5787
f 5789 5792 5790
f 5787 5786 5785
f 5786 8662 5784
f 5778 5785 5781
f 5781 5785 5784
f 5782 5791 5783
f 5775 5751 5717
f 5775 5778 5781
f 5777 5771 5780
f 5775 5776 5774
f 5777 5778 5774
f 5716 8663 5776
f 5774 5772 5748
f 5772 8661 5773
f 5771 5777 5747
f 5768 2077 5815
f 5749 5712 5763
f 5767 5747 5763
f 2077 5765 2075
f 5765 2071 2075
f 5738 5741 5743
f 5742 5741 5764
f 5758 5741 5734
f 5760 5764 5741
f 2045 2044 5761
f 5753 2041 2064
f 5759 5807 5760
f 5755 2038 2041
f 5757 5733 5730
f 5045 2037 2039
f 2038 5755 5756
f 5726 4951 5080
f 5754 5806 5755
f 5692 5686 5717
f 5749 5773 5750
f 5748 5773 5749
f 5679 5668 5713
f 5712 5749 5746
f 5742 5745 5743
f 5736 5737 5739
f 5710 5711 5740
f 5738 5743 5739
f 5735 5734 5738
f 5735 5737 5736
f 5708 5732 5735
f 5734 5735 5732
f 5733 5758 5731
f 5732 5707 5730
f 5707 5724 5729
f 5725 5727 5729
f 5724 5707 5706
f 5728 5757 5729
f 5081 5757 5728
f 5726 5728 5727
f 4952 5727 5725
f 5705 5725 5724
f 5703 5793 5723
f 5721 5723 5722
f 5698 5752 5719
f 5719 8662 5718
f 5718 5793 5703
f 5715 8663 5716
f 5714 5744 5712
f 5713 5668 5661
f 5710 5712 5661
f 5658 5647 5711
f 5709 5711 5647
f 5706 5708 5648
f 5707 5732 5708
f 5704 5706 5627
f 5552 4861 5705
f 5703 5721 5702
f 5618 5700 5702
f 5697 5703 5700
f 5699 5700 5618
f 5619 5440 5610
f 5610 5692 5697
f 5692 5751 5698
f 5696 6282 5690
f 5608 5612 5693
f 5612 5611 5694
f 5604 5686 5692
f 5690 6282 5691
f 5683 5685 5684
f 5609 5688 5684
f 5688 5609 5689
f 5604 5601 5677
f 5680 5605 5607
f 5680 5685 5681
f 5681 5685 5683
f 5606 5605 5680
f 5679 5677 5678
f 5601 5602 5678
f 5672 5674 5675
f 5675 5682 5676
f 5673 5676 5670
f 5603 5606 5674
f 5673 5666 5669
f 5669 5599 5603
f 5671 5654 5659
f 5663 5600 5665
f 5669 5665 5600
f 5668 5597 5660
f 5668 5678 5602
f 5667 5670 5659
f 5666 5670 5667
f 5663 5667 5664
f 5660 5586 5585
f 5660 5597 5587
f 5644 8590 5659
f 5592 8590 5651
f 5593 5651 5645
f 5658 5661 5585
f 5656 5646 5647
f 5656 5658 5657
f 5576 5639 5656
f 5652 5635 5637
f 5644 5651 8590
f 5643 5650 5649
f 5650 5568 5649
f 5649 5568 5577
f 5575 5572 5566
f 5646 5627 5648
f 5646 5656 5639
f 5575 5638 5639
f 5624 4807 4809
f 5637 5643 5645
f 5641 5640 5643
f 5632 5631 5642
f 5641 5633 5632
f 5628 5627 5639
f 5633 5641 5637
f 5624 5633 5636
f 5634 5625 5626
f 5635 6263 5636
f 4809 5629 5632
f 5629 4809 5630
f 5564 5631 5629
f 5564 5620 4673
f 4799 4800 4861
f 5628 5561 5553
f 4864 4862 5624
f 4864 5626 5625
f 5163 4797 4863
f 4811 4789 4807
f 4806 4805 5622
f 5620 5564 5623
f 5623 5630 5621
f 5620 5622 4805
f 5618 5701 5543
f 5545 5440 5619
f 5617 6244 5611
f 5613 5531 5534
f 5615 6291 5616
f 5613 5611 5532
f 5440 5427 5519
f 5612 5525 5532
f 5519 5604 5610
f 5525 5612 5608
f 5522 5608 5607
f 5608 5689 5609
f 5606 5509 5522
f 5505 5601 5604
f 5603 5509 5606
f 5595 5598 5601
f 5600 5591 5509
f 5587 5597 5596
f 5597 5602 5598
f 5492 5580 5588
f 5595 5505 5493
f 5590 5502 5510
f 5593 5577 5497
f 5497 5589 5591
f 5590 5509 5591
f 5587 5580 5584
f 5586 5587 5584
f 5583 5582 5584
f 5582 5583 5569
f 5579 5573 5581
f 5570 5583 5580
f 5571 5574 5579
f 5578 5579 5569
f 5578 5485 5486
f 5577 5568 5489
f 5575 5573 5572
f 5573 5579 5574
f 5565 5574 5571
f 5569 5583 5570
f 5567 5489 5568
f 5558 5560 5566
f 5558 5565 5486
f 5563 5631 5564
f 5562 5563 5557
f 5472 5478 5556
f 5561 5628 5560
f 5469 5559 5560
f 5469 5471 5549
f 5470 5469 5558
f 4675 5554 5555
f 5557 4673 5555
f 4675 4671 4669
f 5554 5473 5472
f 5554 4669 4668
f 5552 5627 5553
f 5551 5553 5549
f 5471 5467 5550
f 4665 5550 5467
f 5476 4569 5467
f 5548 6248 5546
f 5464 5456 5544
f 5544 5459 5545
f 5542 6248 5540
f 5453 5541 5536
f 5542 5541 5453
f 5538 5536 5541
f 5457 5440 5545
f 5538 6250 5539
f 5443 5452 5536
f 5533 5442 5535
f 5529 5533 5534
f 5443 5442 5533
f 5432 5533 5529
f 5451 5438 5437
f 5530 5532 5527
f 5526 5528 5530
f 5433 5528 5526
f 5529 5531 5530
f 5431 5529 5528
f 5527 5532 5525
f 5524 5520 5526
f 5521 5520 5524
f 5424 5423 5526
f 5525 5522 5523
f 5518 5513 5523
f 5521 5515 5424
f 5413 5505 5519
f 5518 5522 5517
f 5514 5513 5518
f 5514 5516 5511
f 5517 5509 5511
f 5514 5507 5515
f 5512 5505 5413
f 5510 5508 5511
f 5508 5510 5504
f 5392 5400 5506
f 5400 5399 5507
f 5505 5512 5398
f 5504 5510 5502
f 5503 5392 5504
f 5391 5503 5499
f 5500 5502 5590
f 5499 5500 5498
f 5493 5377 5372
f 5498 5589 5497
f 5497 5577 5491
f 5495 5498 5496
f 5490 5488 5381
f 5488 5487 5367
f 5494 5499 5495
f 5492 5594 5493
f 5485 5372 5310
f 5490 5489 5488
f 5489 5567 5483
f 5368 5367 5487
f 5487 5488 5483
f 5364 5477 5486
f 5481 5480 5484
f 5481 5562 5482
f 5362 5479 5360
f 5476 5364 5354
f 5364 5358 5354
f 5472 5474 5361
f 5476 5470 5477
f 5475 5355 5474
f 4572 5475 5473
f 5473 5475 5474
f 5470 5476 5471
f 4569 4568 5468
f 5466 5460 5352
f 5345 5352 5460
f 5464 5463 5454
f 5463 5461 5462
f 5462 6339 5455
f 1856 1855 1854
f 5453 5346 5345
f 5459 5544 5456
f 5457 5459 5458
f 5455 5458 5456
f 5453 5342 5344
f 5452 5443 5432
f 5451 5457 5449
f 5438 5451 5448
f 5448 5447 5450
f 5445 5435 5447
f 5444 5435 5445
f 5336 5338 5431
f 5342 5452 5337
f 5437 5436 5429
f 5438 5450 5436
f 5430 5429 5436
f 5434 5447 5435
f 5426 5430 5434
f 5423 5263 5336
f 5338 5337 5432
f 5422 5429 5430
f 5428 5439 5429
f 5420 5422 5426
f 5427 5439 5428
f 5426 5425 5410
f 5424 5515 5417
f 5423 5417 5264
f 5416 5427 5421
f 5421 5428 5422
f 5415 5421 5420
f 5408 5412 5420
f 5419 5410 5409
f 5410 5425 1828
f 5258 5417 5335
f 5414 5519 5416
f 5414 5403 5402
f 5412 5408 5404
f 5410 5418 5411
f 1822 5409 5411
f 5409 5401 5404
f 5390 5324 5329
f 5394 5512 5407
f 5405 5404 5401
f 5397 5406 5402
f 5402 5404 5405
f 5401 5409 5330
f 5400 5392 5390
f 5389 5493 5398
f 5384 5389 5396
f 5388 5405 5393
f 5397 5405 5388
f 5395 5387 5396
f 5326 5317 5383
f 5393 5401 5327
f 5392 5503 5391
f 5391 5321 5324
f 5377 5493 5389
f 5389 5384 5386
f 5387 5383 5385
f 5387 5395 5388
f 5385 5382 5386
f 5382 5385 5383
f 5379 5494 5381
f 5379 5366 5380
f 5373 5377 5375
f 5375 5378 5374
f 5374 5383 5317
f 5302 5291 5307
f 5245 5244 5370
f 5315 5380 5366
f 5372 5377 5373
f 5310 5372 5371
f 5244 5302 5369
f 5307 5291 5293
f 5306 5376 5369
f 5365 5367 5368
f 5366 5379 5367
f 5313 5366 5365
f 5363 5357 5364
f 5301 5365 5362
f 5359 5300 5362
f 5357 5363 5297
f 5355 5361 5474
f 5296 5286 5358
f 5353 5358 5286
f 5287 5295 5293
f 4565 4449 5356
f 4570 4443 4437
f 5354 5358 5353
f 5353 4447 5284
f 4570 5284 4444
f 4446 4445 4441
f 5283 4442 4441
f 5351 5349 5348
f 5343 5349 5351
f 5349 5347 5350
f 5347 5349 5343
f 5346 5275 5343
f 5275 5346 5344
f 5275 5277 5278
f 5276 5344 5342
f 5274 5276 5341
f 5341 5337 5339
f 5338 5266 5339
f 5266 5338 5336
f 5329 5328 5334
f 5258 5335 5334
f 5259 5333 5256
f 5331 1817 5330
f 1817 1814 5327
f 5329 5324 5325
f 5254 5328 5325
f 1814 1816 5326
f 5316 5317 5326
f 1811 1813 5316
f 5324 5321 5320
f 5247 5252 5323
f 5322 5325 5323
f 5321 5380 5319
f 5247 5320 5319
f 5250 5319 5380
f 5245 5317 1840
f 1813 1810 1840
f 1779 5318 1807
f 5250 5380 5315
f 5243 5250 5314
f 5308 5371 5306
f 5312 5315 5313
f 5311 5313 5301
f 5242 5311 5299
f 5309 5363 5310
f 5305 5307 5304
f 5303 5309 5304
f 5302 1804 5292
f 1804 5302 5244
f 1801 1800 5292
f 5300 5298 5299
f 5300 5359 5288
f 5299 5298 5240
f 5298 5288 5290
f 5297 5303 5294
f 5286 5296 5294
f 5294 5303 5295
f 5292 1799 5293
f 4445 5293 1799
f 1798 5282 5283
f 5289 8591 5290
f 5287 4445 4447
f 1834 1837 5282
f 1832 1834 1798
f 4449 5285 5356
f 5236 5235 5285
f 4446 4487 4444
f 4440 5281 1025
f 1025 5281 5282
f 5281 4442 5283
f 5280 5347 5278
f 5268 5279 5278
f 5276 5274 5277
f 5232 5273 5269
f 5274 5340 5267
f 5273 5231 5271
f 5272 8588 5273
f 5269 5273 5270
f 5265 5233 5232
f 5265 5339 5266
f 5233 5262 5228
f 5264 5260 5262
f 5257 5225 5260
f 5261 5260 5225
f 5261 5228 5262
f 5258 5256 5257
f 5253 5225 5257
f 5254 5322 5255
f 5251 5215 5223
f 5253 5255 5251
f 5252 5246 5251
f 5246 5208 5215
f 5250 5243 5248
f 5246 5248 5203
f 5247 5249 5248
f 5245 5318 1779
f 5245 1778 1776
f 5198 5243 5239
f 5204 5248 5243
f 5239 5243 5242
f 5196 5241 5240
f 5239 5241 5196
f 5238 5235 5178
f 5187 5196 5237
f 5236 4439 4299
f 5234 5271 5230
f 5231 5233 5176
f 5175 5174 5230
f 5229 5261 5226
f 5228 5261 5229
f 5164 5225 5222
f 5164 5167 5226
f 5224 5227 5216
f 5222 5225 5223
f 5216 5227 5222
f 5221 5217 5219
f 5208 5209 5218
f 5219 5212 5214
f 5212 5219 5217
f 5214 5211 5215
f 5212 5216 5213
f 5211 5214 5212
f 5205 5851 5209
f 5201 5209 5208
f 5201 5200 5206
f 5203 5248 5204
f 5199 5202 5194
f 5201 5207 5199
f 5200 5190 5191
f 5195 5190 5200
f 5193 5194 5198
f 5189 5193 5197
f 5193 5190 5195
f 5184 5922 5192
f 5179 4210 4213
f 5189 5196 5187
f 4208 4205 4199
f 5179 5191 5190
f 4206 4208 5188
f 5188 5190 5189
f 5187 5178 4206
f 5183 4213 4212
f 5184 5191 4213
f 4214 5185 4212
f 5181 5974 5182
f 5179 5188 4208
f 5178 5235 4207
f 5177 5169 5175
f 5172 5175 5169
f 5170 5166 5171
f 5165 5171 5166
f 5162 4814 5160
f 5163 6176 4814
f 5161 4813 5162
f 5161 5154 4812
f 4812 5154 5155
f 5159 5157 5158
f 5145 5146 5157
f 5156 5161 5158
f 5154 5161 5156
f 5157 5146 5144
f 5144 5140 5150
f 5150 5151 5155
f 5153 5155 5151
f 4769 5153 5152
f 5140 5141 5151
f 4767 4769 5149
f 5135 5145 5148
f 5135 5142 5146
f 5144 5146 5142
f 5129 5131 5143
f 5134 5128 5129
f 5142 5143 5139
f 4556 4558 5141
f 5139 5124 5126
f 5126 4556 5139
f 5138 4624 4557
f 4557 4556 5125
f 4543 4545 5117
f 5136 5138 5137
f 5118 4420 5117
f 5134 5142 5135
f 5132 5128 5134
f 5114 5111 5128
f 5129 5111 5127
f 5131 5127 5123
f 5126 5124 5122
f 5124 5130 5123
f 5108 5122 5123
f 5121 5125 5122
f 4482 5121 5108
f 5093 5091 5092
f 5120 4482 5115
f 5120 5125 5121
f 5118 5136 5119
f 5117 4420 4483
f 4420 5118 5115
f 5113 5106 5114
f 5111 5114 5106
f 5109 5103 5096
f 5110 5127 5111
f 5108 5110 5094
f 5106 5113 5107
f 5096 5103 5102
f 5103 5109 5104
f 5095 5102 5101
f 5090 5100 4302
f 5098 8659 5099
f 5094 5110 5096
f 5095 5100 5090
f 5094 5090 5091
f 4297 4293 5091
f 5089 5063 5060
f 5063 5089 5088
f 5057 5062 5087
f 5085 7487 5086
f 5007 5055 5085
f 5084 7487 5085
f 5083 5084 5056
f 5047 5048 5054
f 5077 5079 5082
f 5078 5082 5081
f 5077 5043 5046
f 5078 8658 5044
f 5044 8658 5075
f 5040 5039 5044
f 5075 8658 4947
f 5073 5074 5071
f 5074 5076 5075
f 5072 5071 5074
f 5073 5042 5041
f 5072 5036 5070
f 5071 5070 5035
f 5069 5035 5070
f 5034 5067 5068
f 5067 5033 5069
f 5066 5067 5034
f 5067 5066 5030
f 5066 5023 5065
f 5031 5030 5066
f 5064 5062 5061
f 5005 5063 5061
f 4992 5009 5014
f 5059 5062 5057
f 5060 5063 5006
f 5057 5051 4993
f 5059 5014 5061
f 4981 4992 5059
f 5058 7484 5051
f 5056 5085 5055
f 5055 5007 4999
f 5054 5056 4998
f 5052 4983 5047
f 4998 4997 4988
f 5052 5053 4988
f 4983 5052 4977
f 4983 4982 4994
f 5050 4993 5051
f 4994 5050 5048
f 5043 5039 5045
f 1235 2037 5045
f 5043 5077 5044
f 4947 5080 4951
f 1225 5037 5041
f 5039 5041 5037
f 1232 5039 5037
f 5036 5072 5038
f 5037 1227 1230
f 4931 4937 5036
f 5035 5069 5033
f 1225 5042 5035
f 1224 5035 5032
f 4930 4929 5034
f 5033 5030 5029
f 5020 5023 5019
f 4919 4918 5023
f 5031 5065 5021
f 5029 5031 5022
f 5028 5029 5022
f 5012 5026 5028
f 5026 5032 5029
f 1217 1218 5025
f 4908 5024 5026
f 1221 5032 5025
f 5024 4908 5027
f 5025 5032 5026
f 4918 4911 5019
f 5017 5013 5022
f 5017 5021 5020
f 4913 5016 5015
f 5018 5016 4913
f 5013 5017 5016
f 1214 5027 4910
f 4910 4907 1195
f 5010 5011 5016
f 4912 4911 4901
f 5018 4896 4894
f 5009 5008 5005
f 5013 5011 4909
f 5009 5003 5010
f 5000 1195 4907
f 4909 4991 5002
f 5007 5006 4996
f 5006 5063 5004
f 5005 5008 4893
f 4891 4890 5004
f 4991 4979 5001
f 5000 5002 5001
f 1212 5001 4990
f 4999 4996 4997
f 4997 4996 4995
f 4996 5006 4890
f 4987 4995 4885
f 4995 4890 4892
f 4993 5050 4994
f 4992 4981 4979
f 4990 4978 1210
f 4988 4997 4987
f 4986 4984 4985
f 4985 4984 4881
f 4984 4885 4884
f 4983 4975 4974
f 4980 4982 4974
f 4981 4982 4980
f 4980 4960 4973
f 4970 1208 1211
f 1210 4978 4972
f 4971 4968 4970
f 4967 4966 4976
f 4976 4975 4977
f 4974 4976 4966
f 4972 4978 4973
f 4971 4973 4960
f 4968 1188 1208
f 4968 4971 4962
f 4969 1189 1188
f 4965 4967 4964
f 4868 4960 4966
f 4965 4868 4966
f 4871 4870 4961
f 4961 4870 4959
f 4957 4956 4963
f 4963 4956 4867
f 4961 4969 4962
f 4958 8970 4156
f 4957 8970 4958
f 4955 4958 4155
f 4153 4955 4154
f 4954 4870 4872
f 4094 4100 4865
f 4860 4950 4952
f 4860 4800 4949
f 4951 5726 4952
f 4946 4949 4948
f 4943 4942 4948
f 4945 4948 4859
f 4949 4800 4859
f 4942 5038 4947
f 4945 4857 4941
f 4943 4939 4938
f 4936 4939 4941
f 4746 4735 4933
f 4940 4941 4857
f 4939 4936 4931
f 4931 4924 4930
f 4936 4940 4935
f 4928 4932 4935
f 4935 4933 4934
f 4921 4927 4934
f 4734 4934 4933
f 4931 4936 4932
f 4930 4924 4919
f 4921 4923 4928
f 4914 4920 4923
f 4922 4921 4848
f 4926 4848 4736
f 4926 4843 4836
f 4924 4932 4920
f 4922 4915 4923
f 4920 4914 4918
f 4914 4902 4911
f 4915 4922 4916
f 4899 4917 4903
f 4915 4917 4902
f 4911 4913 5019
f 4910 5027 4908
f 4908 5012 4909
f 4900 4899 4905
f 4898 4900 4906
f 4904 4694 4905
f 4901 4911 4902
f 4900 4898 4897
f 4887 4898 4832
f 4898 4887 4889
f 4896 4888 4895
f 4893 4895 4891
f 4891 4895 4892
f 4888 4897 4889
f 4883 4884 4887
f 4886 4889 4887
f 4885 4892 4886
f 4881 4884 4883
f 4823 4883 4827
f 4878 4877 4879
f 4878 4880 4822
f 4875 4967 4882
f 4879 4875 4881
f 4877 4874 4876
f 4877 4820 4873
f 4878 4821 4820
f 4875 4879 4876
f 1207 4959 1186
f 4818 4815 4819
f 4871 4153 4872
f 1186 4866 4817
f 4869 4819 4816
f 4094 4872 4153
f 4153 4871 4868
f 4866 4954 4865
f 4100 4037 4817
f 4794 4793 4864
f 4862 4864 4793
f 4860 4953 4861
f 4783 4810 4782
f 4763 4945 4859
f 4800 4657 4772
f 4783 4766 4858
f 4856 4778 4858
f 4774 4773 4785
f 4857 4945 4763
f 4751 4855 4856
f 4855 4764 4778
f 4854 4748 4764
f 4851 4748 4854
f 4753 4750 4853
f 4853 4750 4852
f 4847 4849 4852
f 4851 4853 4849
f 4845 8789 4850
f 4849 4847 4850
f 4848 4934 4734
f 4720 4722 4845
f 4846 4844 4840
f 4724 4710 4840
f 4846 8789 4845
f 4845 4722 4724
f 4733 4597 4843
f 4843 4597 4835
f 4842 4840 4839
f 4839 4833 4838
f 4840 4710 4709
f 4833 4839 4709
f 4706 4838 4833
f 4694 4904 4836
f 4834 4700 4692
f 4830 4831 4834
f 4707 4702 4700
f 4831 4829 4708
f 4833 4829 4828
f 4832 4906 4826
f 4583 4829 4831
f 4583 4830 4691
f 4829 4583 4685
f 4684 4828 4685
f 4827 4832 4825
f 4826 4693 4688
f 4825 4688 4682
f 4823 4824 4681
f 4822 4681 4679
f 4818 4873 4820
f 4821 4679 4680
f 4819 4815 4040
f 4818 4676 4815
f 4037 521 1139
f 4102 4101 4816
f 4004 4815 4676
f 4794 4863 4797
f 4814 5162 4813
f 4798 4797 4813
f 4811 4793 4795
f 4810 4790 4789
f 4789 4808 4807
f 4808 5630 4809
f 4806 4803 4802
f 4803 4806 4804
f 4801 4791 4786
f 4672 4671 4802
f 4788 4662 4661
f 4798 4780 4796
f 4782 4810 4795
f 4794 4796 4795
f 4783 4790 4810
f 4792 4786 4791
f 4792 4790 4777
f 4790 4792 4791
f 4784 4662 4788
f 4784 4787 4786
f 4776 4785 4784
f 4785 4663 4662
f 4783 4781 4755
f 4782 4796 4780
f 4771 4770 4755
f 4771 4781 4780
f 4777 4858 4778
f 4775 4792 4765
f 4663 4785 4773
f 4649 4772 4650
f 4771 4779 4768
f 4761 4768 4767
f 4767 4647 4632
f 4768 4779 4769
f 4754 4856 4766
f 4748 4747 4765
f 4648 4635 4630
f 4763 4772 4648
f 4632 4621 4759
f 4761 4762 4759
f 4752 4770 4760
f 4757 4760 4759
f 4758 4759 4621
f 4745 4752 4757
f 4755 4770 4752
f 4738 4750 4743
f 4752 4745 4753
f 4750 4753 4745
f 4748 4851 4749
f 4746 4857 4631
f 4737 4733 4735
f 4745 4756 4744
f 4740 4743 4744
f 4741 4743 4740
f 4740 4625 4742
f 4627 4625 4740
f 4731 4723 4738
f 4617 4607 4733
f 4737 4618 4617
f 4735 4733 4736
f 4607 4599 4598
f 4732 4741 4730
f 4730 4729 4725
f 4730 8655 4727
f 4714 4726 4729
f 4727 8655 4728
f 4725 4729 4726
f 4723 4731 4725
f 4711 4710 4724
f 4720 4852 4723
f 4721 4711 4722
f 4718 4601 4719
f 4712 4711 4717
f 4713 4717 4716
f 4715 4593 4705
f 4602 4592 4715
f 4713 4705 4704
f 4712 4702 4707
f 4710 4711 4707
f 4708 4829 4709
f 4699 4719 4619
f 4601 4718 4698
f 4597 4596 4697
f 4593 4703 4704
f 4703 4593 4591
f 4703 4701 4700
f 4701 4590 4692
f 4699 4706 4690
f 4687 4696 4689
f 4697 4596 4698
f 4693 4696 4687
f 4693 4695 4697
f 4694 4835 4695
f 4691 4830 4692
f 4590 4701 4591
f 4690 4828 4686
f 4683 4682 4688
f 4683 4687 4686
f 4588 4583 4496
f 4684 4685 4588
f 4683 4684 4587
f 4586 4581 4682
f 4681 4824 4682
f 4503 4491 4582
f 4681 4581 4580
f 4678 4676 4680
f 4580 4677 4676
f 4677 4580 4579
f 4677 4578 4577
f 4674 4671 4675
f 4670 4671 4672
f 4670 4661 4658
f 4669 4670 4667
f 4572 4668 4667
f 4658 4561 4566
f 4666 4665 4664
f 4665 5468 4571
f 4654 4664 4571
f 4663 4660 4661
f 4644 4658 4661
f 4659 4563 4561
f 4653 4652 4651
f 4650 4772 4657
f 4654 4650 4656
f 4653 4655 4654
f 4553 4551 4652
f 4563 4659 4642
f 4642 4640 4637
f 4652 4635 4651
f 4650 4655 4651
f 4649 4651 4635
f 4647 5149 4646
f 4646 4558 4624
f 4644 4660 4645
f 4643 4645 4640
f 4640 4645 4641
f 4637 4640 4638
f 4639 8653 4636
f 4485 4562 4637
f 4634 4633 4630
f 4628 4629 4630
f 4550 4552 4633
f 4633 4552 4555
f 4632 4647 4622
f 4629 4737 4631
f 4629 4628 4616
f 4555 4546 4616
f 4626 4522 4625
f 4626 4624 4522
f 4524 4742 4625
f 4624 5138 4544
f 4622 4624 4623
f 4613 4548 4620
f 4619 4719 4614
f 4617 4618 4615
f 4610 4615 4542
f 4616 4546 4542
f 4523 4522 4520
f 4614 8654 4612
f 4612 4531 4613
f 4607 4617 4610
f 4608 8654 4609
f 4605 4608 4599
f 4526 4528 4604
f 4526 4608 4605
f 4528 4525 4529
f 4595 4474 4530
f 4602 4603 4592
f 4600 4719 4601
f 4600 4596 4598
f 4597 4733 4598
f 4514 4595 4594
f 4529 4517 4514
f 4589 4603 4472
f 4593 4715 4592
f 4592 4603 4589
f 4585 4691 4590
f 4506 4589 4513
f 4506 4513 4460
f 4588 4496 4495
f 4587 4495 4505
f 4505 4503 4581
f 4497 4584 4346
f 4506 4346 4584
f 4583 4585 4584
f 4490 4580 4582
f 4579 4490 4576
f 4490 4489 4575
f 4578 4576 4574
f 4003 4004 4577
f 4573 4574 4576
f 4488 4003 4574
f 4001 3972 3990
f 4572 4565 5475
f 4567 4554 4564
f 4569 5354 4570
f 4567 4568 4486
f 4566 4561 4450
f 4553 4653 4564
f 4560 4561 4563
f 4560 4559 4450
f 4560 4562 4485
f 4424 4486 4436
f 4557 4624 4558
f 4552 4541 4546
f 4554 4541 4551
f 4551 4541 4552
f 4484 8653 4549
f 4548 4478 4549
f 4541 4554 4424
f 4544 4540 4539
f 4544 5138 4545
f 4478 4613 4531
f 4525 4527 4542
f 4540 4537 4538
f 4533 4522 4539
f 4538 4535 4534
f 4535 4538 4537
f 4535 4481 4480
f 4533 4534 4521
f 4521 4534 4480
f 4475 4532 4469
f 4530 4469 4532
f 4525 4519 4518
f 4527 4525 4528
f 4525 4541 4476
f 4519 4525 4410
f 4523 4728 4524
f 4471 4472 4521
f 4520 4472 4603
f 4468 4467 4458
f 4517 4529 4518
f 4466 4519 4473
f 4518 4519 4465
f 4462 4512 4513
f 4517 4515 4509
f 4515 4517 4516
f 4510 4515 4508
f 4458 4467 4514
f 4508 4516 4465
f 4512 4511 4460
f 4512 4462 4461
f 4459 4343 4510
f 4509 4515 4510
f 4498 4459 4499
f 4340 4507 4508
f 4499 4510 4507
f 4331 4452 4507
f 4346 4457 4456
f 4497 4494 4504
f 4504 4502 4500
f 4501 4494 4454
f 4502 4494 4501
f 4503 4505 4500
f 4498 4500 4502
f 4500 4498 4493
f 4499 4452 4493
f 4496 4584 4497
f 4494 4497 4347
f 4452 4453 4492
f 4491 4503 4492
f 4490 4582 4491
f 4306 4307 4451
f 4001 4003 4488
f 4431 4435 4487
f 4450 4559 4432
f 4486 4568 4437
f 4432 4559 4485
f 4484 4479 4411
f 4483 4420 4419
f 4482 5093 4285
f 4479 4484 4477
f 4481 4419 4415
f 4479 4475 4412
f 4477 4549 4478
f 4476 4541 4425
f 4406 4421 4394
f 4475 4469 4470
f 4399 4413 4470
f 4474 4514 4467
f 4397 4375 4466
f 4395 4397 4473
f 4464 4359 4398
f 980 964 968
f 1005 981 980
f 4414 4400 4387
f 4472 4471 4383
f 4472 4463 4513
f 4468 4345 4379
f 4468 4470 4469
f 4466 4375 4337
f 4464 4393 4392
f 4370 4368 4463
f 4376 4359 4335
f 959 956 4355
f 956 945 4333
f 4462 4463 4368
f 4349 4511 4461
f 4460 4511 4349
f 4454 4455 4344
f 4458 4509 4343
f 4457 4460 4351
f 4456 4351 4348
f 4347 4361 4455
f 4317 8650 4333
f 4324 4451 4453
f 4452 4331 4325
f 4323 4311 4451
f 4312 4313 4314
f 927 4304 4310
f 4304 927 926
f 4304 921 3941
f 4449 4565 4450
f 4439 5236 4448
f 4446 5284 4447
f 4444 4487 4435
f 4442 4434 4431
f 1026 4433 4440
f 4439 4438 4298
f 4426 4298 4438
f 4437 4443 4423
f 4423 4443 4435
f 4422 4423 4430
f 4431 4434 4428
f 4427 4433 1026
f 4427 4428 4434
f 4427 8651 4295
f 4298 4426 4292
f 4411 4413 4426
f 4430 4435 4431
f 4295 4422 4429
f 1007 8651 4427
f 4426 4278 4287
f 4424 4436 4423
f 4418 4407 4425
f 4422 4421 4418
f 4422 4295 4294
f 4421 4290 4416
f 1006 4289 4291
f 4420 4285 4288
f 4418 4421 4406
f 4394 4421 4416
f 4417 4402 4401
f 4402 4417 1005
f 4417 4289 1006
f 4290 4289 4417
f 4400 4415 4282
f 4399 4268 4265
f 4267 4278 4413
f 4412 4470 4413
f 4410 4476 4409
f 4409 4425 4407
f 4405 4408 4407
f 4396 4408 4405
f 4404 4390 4403
f 4392 4394 4403
f 4389 4388 4404
f 4402 4404 4403
f 4400 4280 4386
f 4284 4276 4277
f 4399 4378 4264
f 4396 4398 4397
f 4393 4405 4394
f 4373 4358 4392
f 4390 4388 4391
f 4385 4471 4387
f 4384 4385 4386
f 4382 4381 4385
f 4383 4385 4381
f 4382 4380 4369
f 4380 4262 4261
f 4364 4363 4261
f 4378 4470 4379
f 4376 4335 4337
f 4373 959 4374
f 4371 4383 4372
f 4369 4380 4363
f 4368 4370 4367
f 4367 4363 4365
f 4364 4251 4249
f 4353 4365 4248
f 4364 4248 4365
f 4252 4239 4245
f 4362 4360 4239
f 4362 4379 4345
f 4361 4237 4239
f 4334 4339 4338
f 4359 4464 4357
f 4357 4464 4358
f 4357 4354 4332
f 4354 4374 4355
f 4353 4350 4349
f 4348 4351 4350
f 4237 4247 4238
f 4237 4361 4347
f 4344 4360 4345
f 4339 4336 4340
f 4340 4336 4341
f 4318 4316 4329
f 4328 4341 4336
f 4335 4359 4327
f 4328 4334 4327
f 4332 4355 4333
f 4235 4356 4332
f 4330 4331 4341
f 4330 4341 4328
f 4329 4322 4320
f 4235 4234 4326
f 4318 4327 4326
f 4325 4319 4321
f 4323 4321 4322
f 4322 4329 4316
f 4320 4322 4321
f 4229 942 4314
f 4316 4318 4227
f 4317 945 942
f 4225 4308 4315
f 4305 4315 4308
f 4311 4323 4315
f 4313 4312 4309
f 4225 4224 4309
f 4224 4226 4230
f 928 927 4312
f 4221 4304 4223
f 4309 4222 4305
f 3916 3914 3920
f 3920 3921 4307
f 3918 3917 4218
f 3917 3916 4305
f 4303 4304 3912
f 4217 3919 3899
f 4207 5235 4299
f 4300 4202 4297
f 4300 8659 4301
f 4197 4198 4299
f 4297 4202 4194
f 4197 4298 4296
f 4295 8651 4291
f 4196 4286 4293
f 4173 4189 4181
f 4179 4178 4292
f 4290 4294 4291
f 4196 4193 4186
f 4285 4177 4283
f 4272 4172 4183
f 4187 4189 4173
f 4278 4279 4183
f 4286 4186 4177
f 4284 4386 4280
f 4282 4288 4283
f 4280 4282 4281
f 4163 4284 4170
f 4168 4166 4172
f 4279 4257 4256
f 4267 4269 4279
f 4276 4160 4162
f 4276 4284 4163
f 4262 4277 4162
f 4260 4259 4274
f 4274 4162 4275
f 4272 4260 4273
f 4271 4258 4270
f 4255 4272 4256
f 4266 4253 4270
f 4266 4265 4268
f 4266 4269 4267
f 4254 4268 4264
f 4262 4274 4259
f 4259 4250 4251
f 4260 4255 4250
f 4257 4270 4258
f 4246 4271 4253
f 4255 4258 4244
f 4253 4266 4254
f 4244 4249 4251
f 4249 4241 4240
f 4247 4348 4248
f 4243 4271 4246
f 4238 4242 4246
f 4241 4249 4244
f 4241 4243 4242
f 4238 4245 4239
f 4236 4233 4234
f 4232 4326 4234
f 4232 4317 4229
f 4231 4326 4232
f 4230 4226 4228
f 4227 4231 4228
f 4225 4227 4226
f 4223 4303 4217
f 4219 3917 4222
f 4221 4223 4219
f 4219 4217 4218
f 3899 3918 4218
f 4211 4215 4214
f 4215 4203 4216
f 4213 4210 4209
f 4210 4199 4211
f 4204 4187 4185
f 4207 4205 4208
f 4204 4200 4199
f 4205 4207 4198
f 4194 4201 4195
f 4202 4216 4203
f 4200 4195 4201
f 4187 4204 4198
f 4195 4193 4196
f 4193 4185 4184
f 4176 4186 4184
f 4181 4189 4190
f 4191 4178 4180
f 4188 4190 4189
f 4184 4173 4192
f 4179 4287 4183
f 4181 4180 4182
f 4179 4182 4180
f 4174 4283 4177
f 4176 4192 4175
f 4175 4171 4169
f 4171 4175 4173
f 4171 4172 4166
f 4170 4281 4169
f 4167 4169 4171
f 4165 4166 4168
f 4160 4163 4165
f 4164 4167 4165
f 4161 4275 4162
f 4114 4116 4117
f 4110 4109 4115
f 4157 4109 4108
f 4154 4155 4097
f 4156 4098 4097
f 4154 4152 4095
f 4151 4152 4099
f 4092 8902 4148
f 4143 8906 4145
f 4145 8906 4093
f 4140 8906 4143
f 4143 4147 4144
f 4138 4135 4140
f 4140 4141 8906
f 4139 4137 4136
f 4137 4079 4133
f 4134 4135 4136
f 4133 4078 4131
f 4087 4084 4135
f 4087 4134 4131
f 4128 4127 4080
f 4130 4129 4067
f 4078 4080 4130
f 4076 4131 4130
f 4129 4127 4124
f 4129 4126 4122
f 4128 8954 4124
f 4125 4121 4126
f 4121 4120 4123
f 4065 4067 4122
f 4119 4123 4120
f 4117 4118 4119
f 4045 4048 523
f 4115 4112 4116
f 4112 4157 4113
f 4110 4107 4108
f 4108 3760 3759
f 3760 4108 4107
f 3759 3708 4105
f 3754 3708 3759
f 4102 8646 4103
f 4094 4096 4038
f 4098 8969 4099
f 4095 4151 4096
f 4093 4090 4091
f 536 8878 4091
f 4090 4089 4091
f 532 536 4089
f 532 4088 4086
f 4076 4074 4084
f 4085 4016 533
f 4085 4081 4072
f 3995 4015 4068
f 4083 4074 4075
f 4081 4085 4082
f 4072 4073 4071
f 4079 4132 4080
f 4077 4066 4074
f 4073 4081 4075
f 4073 4064 4062
f 3994 4018 4072
f 4069 4068 4015
f 4069 4014 4012
f 4069 4013 4070
f 4066 4077 4067
f 4058 4059 530
f 530 4062 4064
f 530 529 3993
f 4060 3992 4010
f 4061 4060 4055
f 4061 4070 4013
f 4058 4052 531
f 4050 4058 4063
f 4057 4055 4010
f 4055 4057 4056
f 531 4052 4051
f 528 4051 4049
f 523 4053 4049
f 4048 4045 4044
f 4042 527 524
f 4047 3708 4043
f 3708 3699 3707
f 4045 4047 4044
f 4043 3702 4042
f 4043 3708 3703
f 4042 3702 3640
f 4039 4816 4040
f 4037 4100 4038
f 4036 8592 4035
f 4033 4035 4034
f 4029 4033 4034
f 4028 8594 4032
f 4031 4035 4032
f 3986 4027 4029
f 4028 4027 4026
f 4026 3998 4024
f 4024 3998 3997
f 3997 3996 4022
f 3983 4020 4021
f 4020 3983 3982
f 496 4017 4018
f 4016 4018 4017
f 4015 3978 3980
f 4014 3979 4012
f 483 482 529
f 3992 4060 4013
f 3991 3975 4011
f 4008 8961 4009
f 4009 8645 3973
f 3974 3581 4007
f 505 522 527
f 4006 8945 4007
f 4006 3581 3582
f 3642 476 527
f 4000 4040 4004
f 4002 3989 3968
f 4002 4004 4003
f 3999 4041 4000
f 3997 3985 3996
f 3984 3983 3996
f 3984 3962 3960
f 3981 4019 3982
f 3995 4019 3981
f 3978 4015 3995
f 506 4018 3994
f 487 491 492
f 529 482 3994
f 3975 3991 3976
f 3991 4010 3992
f 526 477 483
f 3971 3990 3972
f 3987 3971 3988
f 3966 3984 3985
f 3986 3968 3967
f 3983 3984 3958
f 3958 3959 3977
f 3980 3954 3949
f 3954 3980 3978
f 3976 3979 3949
f 3943 3973 3975
f 3943 3581 3974
f 3581 3943 3942
f 3970 3972 4001
f 3968 3989 3969
f 3965 3962 3966
f 3962 3965 3963
f 3955 3963 3961
f 3960 3963 3955
f 3955 3957 3959
f 3956 3938 3957
f 3936 8595 3952
f 3954 3977 3951
f 3954 3953 3950
f 3952 8595 3953
f 3950 3948 3947
f 3948 8595 3936
f 3946 3976 3947
f 3948 3934 3933
f 3933 3925 3945
f 3924 3975 3946
f 3944 3924 3923
f 3943 3928 3942
f 3942 3928 3926
f 431 3912 3941
f 3911 3912 431
f 430 428 426
f 3910 3880 3888
f 3909 414 415
f 3940 8686 3907
f 3908 3857 413
f 3905 400 402
f 3907 8686 400
f 3939 3931 3937
f 3937 3931 3934
f 3931 3939 3935
f 3905 453 452
f 3933 3930 3925
f 3930 3934 3931
f 3930 3902 3923
f 3923 3902 3927
f 3928 3944 3929
f 3926 3929 3927
f 3924 3945 3925
f 3922 3926 3901
f 3920 3914 3915
f 3897 8897 3921
f 3914 3913 3886
f 3912 3919 4303
f 3896 3913 3918
f 3917 3913 3914
f 3891 3890 3915
f 3913 3896 3895
f 3887 3912 3911
f 3910 426 423
f 415 413 3857
f 3860 3910 3909
f 3827 3854 3853
f 3851 3857 3908
f 3904 3903 3906
f 3906 3837 3908
f 3825 3824 3838
f 3905 3932 3903
f 3903 3932 3815
f 3811 3931 3823
f 3815 3932 3806
f 3902 3931 3777
f 3772 3525 3902
f 437 367 3505
f 3901 3927 3902
f 3899 3919 3900
f 3898 8897 3897
f 3897 3915 3890
f 3896 3900 3894
f 3894 3912 3887
f 3892 3883 3893
f 3891 3882 3892
f 3888 3884 3889
f 3879 3882 3886
f 3884 3888 3880
f 3885 3889 3884
f 3877 3879 3884
f 3881 3873 3874
f 3881 3892 3882
f 3869 3882 3878
f 3880 3910 3871
f 3878 3882 3879
f 3871 3872 3877
f 3871 3910 3860
f 3873 3868 3875
f 3869 3873 3881
f 3872 3865 3864
f 3865 3872 3871
f 3853 3854 3864
f 3863 3865 3870
f 3869 3854 3841
f 3841 3842 3856
f 3867 3875 3868
f 3852 3853 3862
f 3864 3863 3862
f 3863 3861 3858
f 3859 3858 3861
f 3859 3857 3852
f 3851 3850 3852
f 3849 8886 3855
f 3856 3842 3848
f 3843 3844 3848
f 3854 3818 3819
f 3850 3840 3853
f 3836 3850 3851
f 3844 3847 3849
f 3847 3844 3845
f 3843 3834 3845
f 3835 3834 3843
f 3835 3842 3841
f 3839 3826 3827
f 3839 3840 3836
f 3837 3906 3838
f 3821 3935 3832
f 3835 3819 3829
f 3832 3935 3833
f 3829 3819 3830
f 3818 3854 3827
f 3816 3818 3826
f 3816 3812 3817
f 3825 3815 3816
f 3822 3783 3823
f 3783 3822 3820
f 3809 3830 3819
f 3818 3817 3808
f 3809 3808 3807
f 3817 3812 3814
f 3813 3812 3816
f 3805 3804 3814
f 3813 3806 3814
f 3777 3931 3811
f 3810 3823 3783
f 3784 3820 3809
f 3798 3797 3807
f 3808 3814 3804
f 3806 3932 399
f 3801 3805 399
f 3804 3805 3801
f 3778 3811 3781
f 3781 3785 3803
f 3802 3508 3782
f 3802 3807 3797
f 444 438 3792
f 3796 3799 3798
f 3777 3779 3800
f 3782 3508 3774
f 3797 3799 3795
f 3790 3797 3795
f 3793 3795 3792
f 3795 3799 3796
f 3790 3794 3789
f 3793 3786 3794
f 3791 437 3787
f 3786 3793 3791
f 3772 3770 3768
f 3768 8643 3767
f 3508 3797 3790
f 3763 3507 3502
f 3788 3502 3789
f 3789 3794 3786
f 3787 3505 3788
f 3525 3765 3527
f 3408 3407 3527
f 3784 3803 3785
f 3778 3780 3779
f 3773 3800 3770
f 3771 8643 3768
f 3507 3767 8643
f 3408 3765 3762
f 3765 3769 3766
f 3763 3506 3764
f 3760 8642 3761
f 3758 3751 3749
f 3757 8641 3758
f 3754 3761 3755
f 3749 3699 3709
f 3750 3751 3752
f 3750 3745 3749
f 3747 3744 3745
f 3749 3745 3698
f 3743 3744 3747
f 3734 3742 3743
f 3747 3750 3748
f 3691 3693 3744
f 3693 3698 3745
f 3691 3743 3741
f 3734 3733 3737
f 3739 3692 3741
f 3692 3739 3738
f 3739 3740 3690
f 3690 3740 3737
f 3732 3736 3689
f 3731 3684 3689
f 3734 3746 3735
f 3731 3736 3728
f 3728 3736 3732
f 3685 3684 3731
f 3730 3729 3728
f 3730 3723 3724
f 3728 3729 3726
f 3726 3729 3724
f 3723 3730 3725
f 3628 3720 3723
f 3682 3724 3721
f 3720 3721 3724
f 3720 3719 3722
f 3721 3722 3671
f 3627 3720 3628
f 3675 3722 3719
f 3671 3722 3675
f 3718 3719 3627
f 3674 3675 3718
f 3717 3718 3676
f 3672 3673 3716
f 3672 3660 3652
f 3714 3672 3715
f 3653 3652 3660
f 3658 8639 3712
f 3713 8640 3653
f 3659 3655 3658
f 3712 8639 3710
f 3361 3711 3710
f 3657 3711 3361
f 3708 3754 3709
f 3702 3704 3641
f 3706 3705 3707
f 3705 3706 3700
f 3703 3705 3704
f 3699 3701 3706
f 3700 3706 3701
f 3608 3700 3697
f 3696 3699 3686
f 3693 3686 3699
f 3697 3701 3696
f 3687 3629 3695
f 3694 3697 3695
f 3692 3686 3693
f 3688 3690 3733
f 3683 3687 3686
f 3686 3738 3684
f 3685 3680 3683
f 3683 3678 3630
f 3680 3685 3682
f 3677 3630 3678
f 3624 3681 3630
f 3665 3624 3677
f 3624 3601 3604
f 3627 3626 3625
f 3678 3683 3680
f 3679 3671 3670
f 3670 3669 3666
f 3667 3600 3599
f 3615 3614 3676
f 3673 3651 3668
f 3652 3651 3673
f 3671 3668 3669
f 3650 3663 3669
f 3666 3669 3663
f 3666 3664 3667
f 3651 8640 3647
f 3662 3661 3664
f 3662 3650 3656
f 3656 3648 3595
f 3660 3714 3655
f 3658 3612 8639
f 3341 3333 3654
f 3656 3650 3649
f 3655 3715 3614
f 3647 8640 3654
f 3651 3653 8640
f 3650 3668 3651
f 3649 3647 3644
f 3595 3648 3644
f 3596 3285 3283
f 3342 8639 3612
f 3289 3645 3646
f 3644 3647 3646
f 3644 3645 3288
f 3643 4005 3582
f 3641 393 3642
f 3638 3633 3639
f 3609 3638 3637
f 393 3641 3608
f 3634 3638 3609
f 3606 3591 3632
f 3606 3636 3634
f 3634 3636 3635
f 3592 8938 3632
f 3626 3628 3631
f 3630 3681 3605
f 3603 3695 3629
f 3626 3602 3588
f 3622 3676 3625
f 3625 3588 3621
f 3621 3562 3620
f 3624 3665 3599
f 3623 3619 3617
f 3619 3623 3621
f 3619 3616 3617
f 3616 3618 3597
f 3618 3620 3584
f 3615 3622 3617
f 3613 3615 3616
f 3612 3614 3613
f 3596 3583 3236
f 476 3642 393
f 3610 3643 3611
f 3607 3695 3603
f 3609 3610 3579
f 388 3694 3607
f 388 3608 3694
f 386 389 3607
f 3606 3593 3589
f 3602 8938 3592
f 3605 3681 3604
f 3604 3601 381
f 383 3603 3605
f 3602 3566 3567
f 378 380 381
f 3601 3599 3585
f 3600 3586 3585
f 3598 374 338
f 3587 3598 337
f 3587 376 378
f 3584 3620 3562
f 3596 3613 3597
f 374 3598 3586
f 3586 3661 3595
f 3583 3561 3219
f 3593 3579 3577
f 3589 3566 3592
f 3589 3590 3566
f 3567 3565 3564
f 3586 3598 3587
f 3583 3597 3584
f 3579 3611 3580
f 3580 3611 3582
f 3581 3922 3560
f 3578 3580 3560
f 3578 3576 3577
f 3578 3559 3557
f 3573 3589 3575
f 3575 3589 3577
f 3576 3557 3556
f 3575 3556 3555
f 3553 3573 3574
f 3553 3552 3571
f 3572 3589 3573
f 3551 3547 3570
f 3548 3542 3541
f 3565 3567 3545
f 3541 3545 3567
f 3515 3565 3568
f 3515 3537 3563
f 3536 3561 3563
f 3562 3588 3563
f 368 367 438
f 3560 3922 3524
f 3523 3525 3526
f 3559 3523 3558
f 3558 3526 3522
f 3554 3555 3556
f 3557 3558 3521
f 3490 364 359
f 3554 3550 3553
f 3554 3521 3519
f 3474 3490 3466
f 3466 3490 3517
f 3553 3550 3549
f 3539 3551 3552
f 3539 3540 3547
f 3550 3519 3468
f 3549 3468 3518
f 3548 3570 3547
f 3546 3542 3547
f 3545 3541 3543
f 3542 3546 3543
f 3518 8851 3540
f 343 3433 349
f 3517 353 351
f 349 3433 3437
f 3537 3538 3534
f 343 334 331
f 3536 3534 3533
f 3512 3422 3533
f 3533 3422 3421
f 3424 3433 331
f 3531 3535 3532
f 3219 3561 3531
f 3531 3530 3510
f 3530 3532 3421
f 3413 3424 3529
f 3509 3526 3525
f 3526 3509 3498
f 3524 3922 3525
f 3521 3497 3519
f 3500 367 364
f 364 3490 3483
f 3497 3478 3477
f 3519 3477 3520
f 354 3517 3490
f 3467 8851 3518
f 3450 3451 3457
f 3392 3467 3463
f 3514 3538 3515
f 3512 3514 3513
f 3375 3420 3374
f 3425 3418 3430
f 3116 3135 3171
f 3421 3423 3375
f 3510 3530 3171
f 3509 3527 3407
f 3507 3774 3508
f 3506 3502 3503
f 3492 3502 3504
f 3504 3788 3505
f 3499 3488 3501
f 3498 3509 3410
f 3493 3495 3410
f 3494 3493 3503
f 3492 3485 3494
f 3499 367 3500
f 3497 3522 3498
f 3496 3498 3495
f 3403 3497 3496
f 3494 3485 3486
f 3476 3485 3479
f 3487 3489 3483
f 3479 3485 3492
f 3491 3501 3488
f 3474 3484 3483
f 3488 3500 3489
f 3478 3497 3403
f 3475 3404 3406
f 3476 3459 3486
f 3471 3482 3484
f 3484 3482 3480
f 3471 3470 3481
f 3480 3482 3481
f 3399 3477 3478
f 3398 3520 3477
f 3400 3399 3402
f 3470 3472 3459
f 3459 3475 3486
f 3472 3464 3460
f 3473 3469 3471
f 3473 3466 3465
f 3471 3469 3472
f 3464 3472 3469
f 3468 3520 3462
f 3462 3520 3398
f 3460 3464 3455
f 3461 3401 3459
f 3457 3458 3465
f 3455 3465 3458
f 3394 3396 3463
f 3393 3463 3396
f 3395 3397 3461
f 3460 3452 3440
f 3451 3456 3458
f 3455 3458 3456
f 3454 3461 3440
f 3453 3454 3389
f 3448 3456 3451
f 3448 3450 3445
f 3448 3449 3443
f 3439 3431 3385
f 3431 3440 3442
f 3446 3443 3442
f 3445 3516 3437
f 3441 3449 3445
f 3436 3441 3444
f 3443 3449 3441
f 3438 3442 3441
f 3439 3447 3388
f 3439 3390 3440
f 3438 3436 3434
f 3434 3428 3427
f 3432 3435 3437
f 3432 3434 3436
f 3432 3429 3428
f 3433 3424 3429
f 3426 3417 3431
f 3381 3385 3431
f 3428 3430 3426
f 3370 3377 3381
f 3426 3430 3418
f 3424 3425 3429
f 3422 3382 3423
f 3420 3379 3376
f 3418 3415 3419
f 3414 3424 3413
f 3416 3108 3371
f 3417 3419 3367
f 3411 3368 3415
f 3412 3366 3368
f 3362 3369 3371
f 3409 3503 3410
f 3408 3764 3409
f 3405 3494 3406
f 3403 3406 3404
f 3401 3461 3397
f 3399 3400 3397
f 3395 3394 3398
f 3395 3454 3396
f 3393 3453 3389
f 3391 3392 3389
f 3389 3454 3390
f 3383 3384 3387
f 3386 3447 3385
f 3385 3381 3380
f 3380 3382 3384
f 3382 3380 3378
f 3381 3377 3378
f 3376 3379 3377
f 3373 3374 3376
f 3372 3376 3370
f 3375 3374 3117
f 3364 3117 3374
f 3369 3362 3373
f 3370 3417 3371
f 3367 3419 3368
f 3097 3099 3118
f 3118 3117 3364
f 3362 3108 3112
f 3363 3365 3364
f 3361 3360 3359
f 3340 3359 3360
f 3359 8638 3356
f 3357 3351 3358
f 3353 3339 3338
f 3353 3355 3354
f 3352 3354 3349
f 3351 3357 3352
f 3350 3334 3286
f 3286 3287 3346
f 3349 3354 3348
f 3348 3350 3347
f 3320 3319 3347
f 3346 3323 3321
f 3323 3322 3345
f 3343 3344 3345
f 3345 3344 3271
f 3314 3313 3344
f 3314 3316 3312
f 3282 3340 3342
f 3341 3351 3337
f 3289 3333 3336
f 3339 8638 3340
f 3339 3282 3334
f 3337 3349 3319
f 3332 3335 3336
f 3332 3331 3290
f 3279 8823 3290
f 3334 3282 3281
f 3329 3336 3333
f 3332 3329 3328
f 3326 3330 3328
f 3331 3332 3330
f 3325 3280 3330
f 3277 3235 3278
f 3323 3346 3287
f 3270 3318 3327
f 3329 3319 3327
f 3318 3275 3326
f 3325 3274 3277
f 3326 3275 3274
f 3323 3291 3324
f 3321 3345 3272
f 3320 3321 3270
f 3275 3318 3317
f 3317 3269 3268
f 3269 3266 3234
f 3315 8637 3316
f 3313 3312 3260
f 3267 3260 3312
f 3310 3307 3305
f 3307 3310 3309
f 3307 3263 3265
f 3308 3306 3305
f 3306 8910 3261
f 3304 3308 3265
f 3264 3297 3299
f 3298 8634 3302
f 3301 8634 3298
f 3255 3300 3298
f 3296 3293 3295
f 3253 8631 3295
f 3293 3254 3253
f 3292 3248 3249
f 3241 3244 3068
f 3283 3285 3284
f 3289 3335 3290
f 3281 3291 3287
f 3285 3236 3217
f 3281 3283 3291
f 3279 3331 3280
f 3276 3273 3274
f 3273 3201 3235
f 3273 3276 3268
f 3262 3270 3272
f 3269 3317 3270
f 3262 8910 3266
f 3213 3215 3268
f 3267 3305 3261
f 3266 8910 3233
f 3264 3303 3265
f 3261 8910 3262
f 3212 3211 3233
f 3232 3212 3259
f 3210 3232 3258
f 3255 3297 3256
f 3210 3257 3174
f 3254 3256 3229
f 3251 3296 3252
f 3252 3295 3249
f 3251 3246 3226
f 3230 3292 3250
f 3247 3246 3249
f 3247 3248 3239
f 3246 3247 3243
f 3244 3245 3222
f 3237 3239 3245
f 3240 3227 3243
f 3242 3221 3225
f 3238 3237 3241
f 3240 3241 3047
f 3238 3243 3239
f 3236 3219 3218
f 3201 328 330
f 3211 3213 3234
f 3232 3195 3197
f 3231 3176 3194
f 3208 3224 3228
f 3224 3230 3229
f 3226 3246 3227
f 3175 3226 3225
f 3207 3204 3223
f 3223 3204 3203
f 3222 3224 3223
f 3205 3225 3221
f 3221 3006 3002
f 3219 3202 3168
f 3217 3218 3186
f 3188 3184 3179
f 3201 3273 3215
f 3215 3213 325
f 3188 3200 3199
f 3213 3211 3214
f 3211 3212 317
f 3195 3232 3210
f 3194 3193 3208
f 3175 307 309
f 3208 3193 3206
f 3204 3207 3206
f 3205 3220 307
f 3192 3191 3203
f 2956 3009 3203
f 307 3220 3002
f 3202 3510 3169
f 3178 3179 3184
f 324 326 328
f 3200 3177 3153
f 319 3214 3198
f 313 316 3198
f 3148 3176 3154
f 3196 314 3197
f 3145 3206 3193
f 3194 3176 3150
f 3193 3194 3147
f 3192 3206 3145
f 3192 3137 3136
f 2924 2956 3191
f 3190 3218 3168
f 3170 3166 3189
f 3187 3186 3190
f 3187 3189 3166
f 3188 3186 3162
f 3187 3163 3162
f 3180 8799 3185
f 3184 3188 3182
f 3157 3156 3178
f 3158 3157 3183
f 327 3180 3181
f 320 8799 3180
f 3177 3200 3179
f 3156 3155 3177
f 311 8799 320
f 3177 3155 3152
f 3176 3199 3153
f 3174 3226 3175
f 2924 2907 2908
f 3172 3167 3170
f 3135 3164 3172
f 3169 3172 3170
f 3114 3135 3115
f 3166 3170 3167
f 3160 3164 3105
f 3165 3160 3163
f 3165 3167 3164
f 3164 3135 3111
f 3163 3160 3161
f 3158 3162 3161
f 3159 3161 3160
f 3158 3159 3133
f 3132 3156 3157
f 3132 3134 3155
f 3155 3134 3130
f 3103 3128 3134
f 3152 3151 3154
f 3152 3131 3151
f 3151 3131 3129
f 3147 3150 3149
f 3150 3176 3148
f 3127 3149 3148
f 3146 3142 3144
f 3146 3149 3127
f 3126 3143 3142
f 3142 3140 3145
f 3143 3124 3140
f 3124 3139 3141
f 3138 3122 3139
f 3137 3122 3121
f 2905 2904 3121
f 3114 3092 3111
f 3133 3104 3134
f 3128 3129 3131
f 3103 3083 3089
f 3102 3127 3129
f 3128 3088 3086
f 3126 3102 3125
f 3101 3119 3125
f 3124 3143 3125
f 3123 3119 3101
f 3122 3138 3120
f 3119 2873 2877
f 3099 3096 3113
f 3116 3117 3099
f 3096 3093 3114
f 3098 3097 3112
f 3098 3108 3094
f 3092 3091 3110
f 3094 3109 3110
f 3108 3416 3109
f 3107 8830 3090
f 3105 3106 3090
f 3103 3104 3090
f 3102 3081 3080
f 3101 3102 3079
f 3100 3101 3072
f 3098 3096 3099
f 3096 3098 3095
f 3091 3093 3095
f 3092 3114 3093
f 3090 8830 3084
f 3089 3083 3085
f 3088 3128 3089
f 3086 3088 3087
f 3084 8815 3085
f 3081 3086 3082
f 3081 3076 3075
f 3079 3080 3075
f 3078 3069 3071
f 3077 3074 3075
f 3071 3073 3075
f 3072 3079 3073
f 3070 3073 3071
f 3045 3047 3068
f 3064 3044 3043
f 3063 3042 3044
f 3060 3067 3066
f 3000 3066 3064
f 3063 3067 3060
f 3060 3065 3061
f 3055 8920 3058
f 3057 8928 2991
f 3055 3057 3056
f 3054 3056 3035
f 3050 8925 3052
f 3052 3024 3053
f 3051 8629 3049
f 3043 3068 3008
f 3041 3047 3045
f 3044 3042 3045
f 3041 3045 3042
f 3038 3037 3039
f 2997 3039 2995
f 2995 3039 3037
f 3036 3037 3034
f 3035 3056 2991
f 3034 3031 2980
f 3033 3024 3052
f 3030 3029 2980
f 2934 2938 3029
f 3022 2972 2974
f 3026 2935 3027
f 3020 3053 3024
f 3017 2961 2963
f 2970 3013 2969
f 3021 2960 3020
f 3021 2967 2966
f 3019 2960 2959
f 3019 8629 3020
f 3018 2959 2961
f 3010 3016 2964
f 2968 2969 3013
f 3013 3015 3014
f 2968 3012 3011
f 2928 2960 2965
f 2958 2963 2961
f 2957 3011 3010
f 3007 3223 3009
f 2956 2955 2999
f 3001 3048 3008
f 3001 3009 2999
f 3005 3003 3006
f 3002 3006 3003
f 3000 3048 3001
f 2999 2955 2954
f 2944 2943 2953
f 2996 2994 2993
f 2995 3036 2949
f 2952 2951 2993
f 2993 2951 2947
f 2991 8928 2992
f 2985 2988 2947
f 2986 2989 2988
f 2988 2990 2992
f 2984 2983 2987
f 2942 2985 2946
f 2984 2942 2940
f 2982 2987 2983
f 2981 2939 2977
f 2981 2983 2940
f 2938 2980 3029
f 2979 2938 306
f 2976 2975 2978
f 2915 2916 2976
f 2976 2916 2973
f 2972 8597 2975
f 2973 2916 2937
f 2967 3021 2974
f 2973 2971 2974
f 2934 3027 2935
f 2937 2931 2967
f 2935 3026 2970
f 2930 2969 2962
f 2967 2931 2932
f 2936 2880 2910
f 2965 2960 2966
f 2958 2957 2964
f 2962 3011 2957
f 2960 2928 2961
f 2958 2928 2927
f 2955 2925 2923
f 308 3003 2953
f 2920 2947 2951
f 2919 2952 2923
f 2949 2948 306
f 2949 3036 2950
f 2947 2920 2918
f 2944 2949 2945
f 2941 2940 2942
f 2941 2917 2939
f 2915 2977 2939
f 2938 2933 298
f 2936 2931 2937
f 2933 2938 2934
f 285 290 287
f 2930 2957 2927
f 2910 2965 2932
f 2929 2965 2910
f 283 286 2930
f 2929 2909 2829
f 2829 2927 2928
f 2925 2955 2926
f 2901 2922 2925
f 2923 2925 2922
f 2921 2919 2922
f 2920 2919 2913
f 2919 2921 2896
f 2913 2888 2887
f 306 305 2945
f 2917 2941 2918
f 2917 2887 2886
f 2915 2917 2912
f 2911 2937 2916
f 2900 2898 2914
f 2899 2922 2903
f 2913 2896 2892
f 2886 2885 2882
f 2912 2882 2881
f 2880 2936 2911
f 2910 2880 2860
f 2909 2860 2878
f 2901 2924 2908
f 2904 2906 2908
f 2902 2908 2906
f 2905 2877 2906
f 2902 2900 2903
f 2876 2875 2898
f 2895 2921 2899
f 2875 2869 2897
f 2897 2869 2868
f 2896 2921 2895
f 2896 2890 2892
f 2868 2870 2894
f 2870 2866 2893
f 2893 2866 2867
f 2864 2888 2892
f 2890 2893 2891
f 2864 2891 2867
f 2888 2864 2889
f 2885 2889 2863
f 2887 2889 2885
f 2884 300 299
f 2883 2862 2846
f 2846 2881 2882
f 2880 2881 2879
f 2845 2860 2879
f 2878 2860 2814
f 2878 2859 2830
f 2837 2838 2836
f 2874 2906 2877
f 2872 2876 2874
f 2865 2871 2872
f 2869 2875 2872
f 2871 2865 2866
f 2869 2871 2870
f 2858 2821 2866
f 2862 2883 2863
f 2863 2889 2864
f 2862 2817 2816
f 2861 293 291
f 2861 292 2841
f 2845 2815 2814
f 2830 2835 284
f 2859 2878 2812
f 2837 2830 2859
f 2822 2821 2858
f 2857 2853 2854
f 2855 8844 2856
f 2851 2819 2855
f 2850 2851 2854
f 2851 2847 2818
f 2843 2818 2847
f 2847 2851 2850
f 2848 2861 2849
f 2846 2816 2815
f 2813 2820 2840
f 2843 2842 2844
f 2844 2842 2840
f 2843 2849 2841
f 2839 2840 2842
f 2833 2842 2841
f 292 284 2833
f 2839 2859 2811
f 2838 2859 2839
f 2835 2830 2837
f 2836 2839 2832
f 2833 2835 2834
f 2830 283 2831
f 2827 2858 2828
f 2825 2827 2826
f 2826 8843 2824
f 2817 2862 2821
f 2823 2825 2824
f 2822 2825 2823
f 2818 2844 2820
f 2817 2823 2819
f 2815 2852 2812
f 2812 2852 2813
f 2786 2585 2765
f 2790 2791 2793
f 2645 2630 2787
f 2632 2810 2788
f 2791 2810 2787
f 2805 2807 2809
f 2805 2781 2808
f 2805 2802 2780
f 2804 2803 2801
f 2800 2776 2780
f 2800 2770 2773
f 2794 2801 2803
f 2804 7436 2797
f 2798 2790 2803
f 2802 2801 2799
f 2800 2799 2769
f 2799 2794 2768
f 2795 2792 2798
f 2795 7443 2796
f 2765 2768 2794
f 2790 2798 2792
f 2788 2810 2791
f 2789 6649 2632
f 2786 2793 2787
f 2586 2787 2630
f 2782 2783 2784
f 2783 2782 2779
f 2778 2734 2784
f 2778 2777 2775
f 2782 2808 2781
f 2781 2805 2780
f 2777 2779 2780
f 2773 2775 2777
f 2774 8625 2775
f 2754 8625 2774
f 2770 8626 2772
f 2772 8626 2748
f 2748 8626 2771
f 2766 2743 2751
f 2767 2771 2770
f 2767 2769 2768
f 2766 2771 2767
f 2741 2764 2763
f 2764 2768 2765
f 2763 2765 2762
f 2762 2765 2585
f 2762 2574 2740
f 2582 2584 2586
f 2584 2582 2575
f 2736 2778 2760
f 2735 2736 2733
f 2761 2758 2759
f 2725 2736 2759
f 2758 2754 2756
f 2724 2727 2757
f 2724 2726 2720
f 2755 2752 2756
f 2752 2755 2753
f 2751 2743 2744
f 2749 2746 2750
f 2748 2751 2749
f 2746 2749 2744
f 2745 2718 2746
f 2745 2742 2711
f 2741 2742 2744
f 2738 2712 2742
f 2740 2707 2739
f 2739 2709 2712
f 2707 2740 2574
f 2707 2709 2739
f 2737 2702 2574
f 2734 2778 2736
f 2735 2731 2730
f 2731 2729 2732
f 2728 2732 2729
f 2700 2733 2727
f 2723 2690 2697
f 2721 2720 2726
f 2723 2727 2724
f 2690 2723 2722
f 2721 2750 2719
f 2717 2722 2720
f 2714 2717 2719
f 2714 2688 2689
f 2691 2722 2717
f 2716 2745 2713
f 2715 2714 2716
f 2682 2714 2715
f 2710 2712 2709
f 2711 2742 2712
f 2685 2710 2708
f 2684 2683 2705
f 2701 2704 2707
f 2683 2704 2706
f 2675 2706 2704
f 2702 2737 2703
f 2696 2728 2699
f 2700 2697 2698
f 2692 2695 2698
f 2696 2698 2695
f 2695 2693 2672
f 2693 2695 2692
f 2693 2687 2686
f 2690 2680 2687
f 2691 2681 2680
f 2681 2691 2689
f 2687 2680 2670
f 2670 2680 2656
f 2684 2715 2685
f 2682 2679 2678
f 2681 2678 2656
f 2655 2648 2647
f 2656 2678 2676
f 2679 2705 2676
f 2677 2706 2675
f 2648 2677 2674
f 2675 2701 2654
f 2672 2693 2673
f 2670 2667 2668
f 2669 2671 2665
f 2655 2659 2668
f 2666 2668 2664
f 2662 2669 2664
f 2661 2663 2659
f 2659 2655 2660
f 2652 2660 2647
f 2651 2509 2650
f 2655 2667 2656
f 2543 2510 2654
f 2651 2657 2652
f 2649 7354 2650
f 2508 6449 2649
f 2648 2510 2646
f 2509 2651 2646
f 2644 2645 2632
f 2644 2631 2630
f 2644 2643 2642
f 2643 2628 2626
f 2621 2623 2641
f 2626 2625 2641
f 2617 2616 2637
f 2621 2620 2617
f 2639 2622 2637
f 2612 2635 2637
f 2637 2635 2638
f 2612 2611 2634
f 2609 2608 2634
f 2633 2627 2629
f 2631 2580 2583
f 2628 2643 2629
f 2626 2628 2618
f 2620 2621 2625
f 2624 6635 2614
f 2622 2639 2623
f 2619 2617 2620
f 2617 2619 2614
f 2615 2613 2616
f 2611 2613 2610
f 2612 2616 2613
f 2602 2605 2608
f 2606 2608 2605
f 2602 2599 2597
f 2597 2598 2606
f 2604 2606 2598
f 2602 2610 2600
f 2601 6629 2599
f 2599 6629 2595
f 2595 8624 2598
f 2595 6629 2596
f 2592 6626 2593
f 2577 2578 2591
f 2588 2591 2589
f 2590 6580 2096
f 2588 2096 2095
f 2061 2577 2587
f 2585 2786 2586
f 2583 2580 2579
f 2579 8623 2575
f 2579 2572 8623
f 2580 8779 2581
f 2577 2558 2563
f 2577 2061 2060
f 2575 8623 2576
f 2572 2581 2570
f 2569 9023 2573
f 2570 8778 2571
f 2566 8758 2568
f 2568 2565 2555
f 2566 2567 2549
f 2565 2564 2553
f 2564 2562 2551
f 2561 2560 2551
f 2561 2563 2559
f 2561 2559 2550
f 2550 2557 2546
f 2558 2060 2005
f 2556 2546 2557
f 2549 2567 2555
f 2518 2554 2552
f 2554 2555 2553
f 2553 2551 2547
f 2551 2560 2548
f 2548 2560 2550
f 2546 2556 2004
f 2549 2554 2518
f 2548 2545 2514
f 2515 2552 2547
f 2514 2545 2544
f 2544 2546 2001
f 2545 2550 2546
f 2542 2539 2504
f 2543 2542 2506
f 2541 2539 2542
f 2537 2504 2539
f 2535 2493 2538
f 2533 2470 2494
f 2535 2539 2536
f 2491 2492 2468
f 2491 2471 2533
f 2531 2533 2532
f 2528 2531 2530
f 2528 2525 2531
f 2491 2531 2525
f 2528 2529 2526
f 2524 2525 2527
f 2523 2483 2525
f 2523 2520 2488
f 2489 2520 2519
f 2520 2523 2521
f 2489 2522 2518
f 2517 2518 2516
f 2516 2552 2515
f 2513 2512 2515
f 2513 2481 2480
f 2511 2544 2477
f 2481 2513 2511
f 2510 2506 2505
f 6422 2508 2507
f 2503 6422 2507
f 2506 2504 2503
f 2504 2537 2501
f 2500 6422 2503
f 2502 2500 2499
f 2501 2496 2499
f 2499 2475 2497
f 2497 2475 2474
f 2475 2499 2496
f 2495 2494 2473
f 2493 2495 2538
f 2461 2492 2458
f 2458 2490 2453
f 2490 2492 2491
f 2451 2453 2490
f 2486 2483 2488
f 2489 2517 2487
f 2447 2450 2484
f 2442 2483 2486
f 2480 2482 2486
f 2442 2441 2484
f 2481 2478 2482
f 2478 2481 2479
f 2443 2479 2477
f 1915 1914 1932
f 2437 2477 1932
f 2476 2473 2474
f 2473 2494 2470
f 2469 2472 2474
f 2472 2469 2464
f 2470 2533 2471
f 2469 2470 2467
f 2467 2471 2468
f 2466 2464 2463
f 2462 6388 2465
f 2464 2467 2460
f 2463 2460 2459
f 2460 2468 2461
f 2457 2462 2459
f 2457 2458 2453
f 2451 2483 2455
f 2452 2451 2454
f 2455 2484 2450
f 2452 2456 2453
f 2449 2454 2450
f 2446 6350 2448
f 2448 2450 2447
f 2447 2441 2444
f 2444 6375 2446
f 2438 6375 2444
f 2442 2478 2443
f 2439 2442 2440
f 2440 2442 2437
f 2438 2440 6356
f 2437 1914 1856
f 1330 2106 2104
f 130 120 1580
f 2390 2435 2370
f 2371 2370 2435
f 2433 2287 2434
f 2422 2432 2379
f 2429 2433 2432
f 2432 2434 2376
f 2431 2430 2363
f 2430 2431 2371
f 2371 2431 2425
f 2274 2430 2373
f 2366 2433 2429
f 2429 2422 2418
f 2425 2431 2427
f 2427 2363 2428
f 2423 2367 2425
f 2418 2422 2423
f 2368 2367 2423
f 2364 2429 2359
f 2419 2416 2421
f 2419 2362 2356
f 2418 2352 2354
f 2358 2353 2417
f 2348 2414 2415
f 2416 2356 2355
f 2411 2412 8870
f 2351 2417 2412
f 2414 2406 2405
f 2411 2402 2404
f 2410 2336 2407
f 2409 2404 2407
f 2246 2408 2407
f 2341 2399 2406
f 2406 2399 2398
f 2403 2402 1479
f 2400 2403 2401
f 2341 2337 2396
f 2398 2399 2396
f 1480 2405 2398
f 2344 2401 2397
f 2335 2397 2393
f 2333 2335 2394
f 1482 1480 2395
f 2396 1481 1483
f 1522 1475 1482
f 1480 1482 1475
f 1476 1475 1522
f 2393 1477 1410
f 1478 1475 1477
f 2323 2387 2384
f 2332 2322 2323
f 2392 2384 2324
f 2315 2317 2391
f 2378 2383 2391
f 2391 2383 2380
f 2385 2389 2390
f 2306 2388 2390
f 2306 2389 2387
f 2388 2306 2302
f 2387 2389 2385
f 2372 2375 2385
f 2385 2375 2324
f 2316 2375 2378
f 2382 2380 2383
f 2380 2382 2286
f 2312 2314 2381
f 2376 2372 2369
f 2377 2383 2378
f 2376 2434 2377
f 2287 2433 2366
f 2292 2289 2273
f 2373 2435 2374
f 2372 2386 2370
f 2371 2367 2369
f 2368 2379 2369
f 2365 2366 2364
f 2281 2283 2366
f 2362 2428 2363
f 2270 2266 2360
f 2275 2360 2362
f 2361 2263 2258
f 2361 2356 2362
f 2359 2354 2358
f 2358 2255 2261
f 2260 2256 2349
f 2357 2258 2260
f 2356 2361 2357
f 2353 2358 2354
f 2250 2347 2349
f 2351 2408 2246
f 2255 2358 2351
f 2342 2348 2347
f 2247 2246 2336
f 2350 2346 2345
f 2346 2244 2340
f 2348 2355 2349
f 2346 2340 2342
f 2247 2339 2338
f 2244 2350 2343
f 2340 1412 2337
f 2339 2333 2243
f 1657 1656 1414
f 1481 2396 2337
f 1412 2340 2244
f 2333 2339 2336
f 2333 1409 2334
f 2237 2326 2319
f 2326 2237 2225
f 2332 2392 2325
f 2239 2240 2322
f 2330 2232 2315
f 2330 2331 2314
f 2313 2233 2232
f 2310 2220 2329
f 2309 2327 2213
f 2320 2319 2328
f 2300 2305 2328
f 2327 2328 2319
f 2224 2213 2327
f 2316 2318 2325
f 2305 2387 2323
f 2320 2323 2322
f 2320 2240 2321
f 2317 2315 2318
f 2238 2318 2315
f 2313 2312 2233
f 2311 2329 2233
f 2311 2312 2299
f 2296 2299 2298
f 2217 2310 2299
f 2219 2299 2296
f 2303 2302 2307
f 2303 2308 2290
f 2308 2212 2216
f 2212 2308 2307
f 2300 2302 2306
f 2303 2294 2304
f 2301 2307 2302
f 2281 2280 2284
f 2285 2312 2286
f 2299 2312 2285
f 2214 2297 2295
f 2295 2277 2276
f 2293 2291 2292
f 2293 2304 2294
f 2288 2289 2292
f 2208 2288 2290
f 2208 2207 2289
f 2286 2382 2287
f 2284 2298 2285
f 2278 2280 2282
f 2282 8621 2279
f 2281 2365 2282
f 2277 2278 2206
f 2273 2272 2275
f 2273 2289 2269
f 2269 2289 2207
f 2267 8621 2271
f 2270 2272 2269
f 2202 2264 2269
f 2268 2261 2262
f 2262 2257 2199
f 2266 2270 2264
f 2259 2258 2263
f 2200 2119 2259
f 2264 2202 2265
f 2257 2198 2197
f 2260 2119 2196
f 2259 2119 2260
f 2257 2261 2255
f 2198 2257 2253
f 2196 2194 2250
f 2254 2252 2253
f 2254 2246 2248
f 2252 9017 2115
f 2191 9017 2252
f 2250 2194 2251
f 2247 2245 2248
f 2191 2248 2245
f 2245 2338 2242
f 2190 2102 2192
f 2189 2190 2242
f 1625 1329 1657
f 2242 2338 2243
f 2187 2189 2241
f 2236 2234 2223
f 2223 2234 2186
f 2238 2231 2240
f 2230 2231 2238
f 2236 2225 2237
f 2183 2186 2234
f 2234 2236 2235
f 2229 2226 2230
f 2233 2329 2229
f 2179 2183 2231
f 2226 2180 2179
f 2227 2226 2229
f 2218 2227 2228
f 2227 2218 2174
f 2227 2172 2180
f 2223 2222 2224
f 2224 2222 2221
f 2185 2170 2222
f 2222 2170 2157
f 2220 2310 2217
f 2166 2217 2219
f 2166 2174 2218
f 2216 2212 2215
f 2215 2212 2171
f 2214 2276 2205
f 2163 2219 2214
f 2213 2221 2171
f 2209 2215 2158
f 2207 2209 2210
f 2211 8620 2210
f 2135 8619 2205
f 2210 8620 2140
f 2208 2216 2209
f 2205 2276 2206
f 2201 2140 2130
f 2136 2267 2199
f 2204 2267 2136
f 2200 2265 2202
f 2201 2129 2125
f 2121 2123 2127
f 2197 2117 2121
f 2198 2115 2117
f 2196 2119 2113
f 2195 2188 2193
f 2195 2113 2114
f 2193 2251 2194
f 2188 2195 2107
f 2190 2189 2101
f 2189 2187 1328
f 1625 2343 2188
f 2187 1324 1326
f 2186 2183 2184
f 2185 2184 2169
f 2182 2168 2184
f 2176 9050 2181
f 2181 282 2168
f 2181 9050 281
f 281 9050 2167
f 2173 2177 2176
f 270 271 2177
f 2180 2172 2173
f 2167 9050 2176
f 2177 2175 2178
f 275 2178 2175
f 2174 2161 2160
f 2165 270 2173
f 2171 2221 2157
f 2169 2156 2157
f 2169 2168 2153
f 268 2153 2168
f 2167 2178 275
f 2161 2174 2166
f 2160 2159 2164
f 2164 2159 2148
f 234 237 269
f 2162 2166 2163
f 2159 2161 2162
f 2143 2211 2158
f 2152 2155 2157
f 2155 2152 2144
f 2153 268 263
f 2152 2156 2153
f 264 261 2142
f 2149 2163 2151
f 2150 8618 2141
f 2149 2150 2146
f 2147 269 2148
f 2140 8620 2145
f 2139 2145 2143
f 2143 2154 2144
f 2139 2142 261
f 2141 8618 2137
f 2138 257 2130
f 2138 2145 2139
f 257 2138 262
f 2135 2137 8619
f 2135 2203 2136
f 2134 2136 2126
f 2133 2137 2134
f 2132 2126 259
f 2128 2124 2125
f 2130 257 2128
f 2128 257 255
f 2123 8688 260
f 2126 2136 2127
f 2118 2200 2125
f 2120 8688 2123
f 2121 2117 2122
f 2119 2200 2118
f 2118 2124 255
f 2113 2119 253
f 2116 2122 2117
f 249 2111 2114
f 2112 2114 2111
f 2108 2195 2112
f 2111 249 2109
f 250 2108 2110
f 2107 2195 2108
f 2107 2105 2106
f 2106 2105 2103
f 2105 2108 250
f 250 244 243
f 243 242 2104
f 2101 2100 247
f 2101 1328 2099
f 245 2100 2099
f 2097 5824 2090
f 2096 5832 2094
f 2093 2092 2091
f 2095 2094 2062
f 2091 8616 2062
f 2090 2089 2092
f 2092 2089 2058
f 2031 8616 2091
f 2059 2058 2089
f 2090 2088 2085
f 2084 2085 2088
f 2030 2059 2057
f 2086 2088 2087
f 2057 2059 2085
f 2084 2083 2053
f 2084 2086 2082
f 2082 2086 2051
f 2056 2050 2079
f 2080 2077 2078
f 2052 2078 2079
f 2021 2020 2078
f 2021 2077 2076
f 2017 2022 2021
f 2073 2074 2076
f 2049 2017 2074
f 2073 2075 2071
f 2049 2073 2070
f 2047 2048 2070
f 2072 2044 2046
f 2071 2072 2069
f 2012 2047 2069
f 2012 2046 2068
f 2067 2068 2045
f 2063 2066 2067
f 2066 2013 2068
f 2009 2008 2013
f 2041 2042 2065
f 2063 2065 2042
f 2062 2034 2060
f 2059 2030 2031
f 2053 2083 2056
f 2054 8599 2027
f 2054 2024 2055
f 2051 2080 2052
f 2048 2047 2011
f 2015 2017 2049
f 2045 2068 2046
f 2009 2063 2043
f 2038 2040 2042
f 2036 2007 2040
f 2039 2035 2040
f 2035 2039 2037
f 1183 2036 1237
f 1238 1237 2036
f 2005 2060 2033
f 2002 2001 2004
f 2034 2029 2032
f 2029 1949 2000
f 2032 2029 2000
f 2030 2055 2024
f 2029 8616 2031
f 2029 2024 1999
f 1997 1996 1995
f 2023 2024 2027
f 2025 2024 2023
f 2025 1997 1999
f 1990 1992 2023
f 2019 2027 2016
f 2016 2018 1980
f 1973 1979 2018
f 2016 2022 2017
f 2010 2008 2014
f 2013 2008 2011
f 2010 2015 2011
f 2009 2006 1963
f 1962 1966 1967
f 1968 2014 2008
f 2006 2043 2007
f 2006 1183 1957
f 1956 1957 1183
f 2004 2556 2005
f 2002 2003 1953
f 2001 2002 1952
f 1950 2028 1999
f 1948 1929 1930
f 1950 1995 1945
f 1997 2025 1998
f 1945 1996 1993
f 1993 1994 1943
f 1989 9044 1992
f 1990 1991 1992
f 1984 1981 1983
f 1989 1991 1988
f 1988 1991 1983
f 1980 1977 1978
f 1985 1987 1982
f 1984 1986 1978
f 1981 1978 1976
f 1982 1987 1983
f 1980 2018 1979
f 1972 1974 1977
f 1974 1976 1978
f 1975 1985 1976
f 1972 1979 1973
f 1969 1971 1973
f 1940 8615 1972
f 1970 2014 1923
f 1923 2014 1968
f 1964 1968 1967
f 1965 1967 1966
f 1938 1922 1941
f 1965 1961 1938
f 1959 1935 1960
f 1962 1968 1963
f 1939 1938 1961
f 1959 1963 1957
f 1935 1959 1958
f 1958 1954 1955
f 1921 1920 1936
f 1939 1960 1935
f 1956 1954 1958
f 1956 1185 1206
f 1206 1934 1955
f 1953 2000 1948
f 1947 1931 1951
f 1933 1951 1931
f 1950 1928 1948
f 1947 1952 1948
f 1927 1928 1946
f 1945 1993 1946
f 1943 1988 1944
f 1877 1880 1942
f 1871 1924 1941
f 1940 1942 1880
f 1922 1939 1937
f 1919 1922 1937
f 1936 1920 1937
f 1106 1108 1934
f 1933 1918 1916
f 1918 1933 1931
f 1931 1947 1912
f 1912 1947 1930
f 1898 1900 1929
f 1891 9051 1893
f 1926 1879 1884
f 1923 1964 1924
f 1922 1919 1870
f 1921 1108 1919
f 1861 1863 1870
f 1109 1861 1919
f 1918 1911 1913
f 1914 1906 1917
f 1915 1913 1910
f 1915 1910 1906
f 1912 1910 1913
f 1910 1912 1905
f 1908 1907 1896
f 1908 1917 1906
f 1907 1902 1904
f 1902 1907 1906
f 1903 1900 1904
f 1889 1895 1897
f 1901 1899 1894
f 1894 9051 1890
f 1899 1904 1900
f 1892 1894 1899
f 1896 1901 1897
f 1848 1909 1896
f 1893 9051 1894
f 1890 9051 1891
f 1846 1885 1886
f 1812 1843 1886
f 1887 1846 1845
f 1885 1846 1887
f 1883 1842 1841
f 1879 1882 1885
f 1878 1842 1883
f 1809 1810 1842
f 1839 1809 1881
f 1879 1926 1880
f 1878 1880 1877
f 1877 1924 1875
f 1868 1924 1871
f 1875 1924 1868
f 1874 1881 1876
f 1872 1875 1873
f 1866 1864 1872
f 1839 1874 1872
f 1870 1869 1867
f 1866 1873 1868
f 1867 1869 1865
f 1864 1866 1865
f 1862 8600 1863
f 1835 8600 1862
f 1860 1862 1861
f 1833 1862 1860
f 1858 1836 1860
f 1859 1861 1109
f 1858 1859 1070
f 1022 1836 1858
f 1856 1914 1857
f 1854 1855 1852
f 1850 5444 1853
f 1852 1917 1851
f 1851 1909 1849
f 1849 1909 1848
f 1848 1895 1831
f 1846 1843 1844
f 1815 1818 1844
f 1807 5318 1840
f 1803 1805 1808
f 1839 1864 1838
f 1838 1835 1802
f 1836 1021 1837
f 1835 1833 1832
f 1833 1836 1834
f 1828 5425 1831
f 1831 1895 1829
f 1830 1825 1827
f 1825 5418 1828
f 1825 1830 1826
f 1823 1826 1824
f 1824 1820 1819
f 1822 5411 1823
f 1820 1844 1818
f 1818 1815 1814
f 1815 1811 1816
f 1812 1841 1813
f 1808 1807 1810
f 1806 1808 1805
f 1804 1776 1775
f 1803 1809 1802
f 1802 1832 1800
f 1799 5292 1800
f 1765 1712 1795
f 1763 1770 1771
f 1763 1797 1766
f 1766 1795 1753
f 1796 1752 1753
f 1794 1748 1747
f 1791 1792 1793
f 911 1791 1793
f 915 914 1792
f 913 1790 1791
f 1790 1715 1754
f 1790 1796 1714
f 857 1744 898
f 1454 1740 1512
f 1740 1789 1509
f 1509 1789 1787
f 1789 1685 1739
f 1788 1437 1508
f 1787 1738 1786
f 1495 1788 1786
f 1738 1736 1785
f 1736 1737 1783
f 1785 1783 1781
f 1783 1737 1735
f 1735 1672 1731
f 1782 1735 1784
f 1780 1781 1783
f 1780 1782 1774
f 1760 1495 1781
f 1779 1806 1777
f 1776 1778 1777
f 1772 1773 1769
f 1774 1784 1772
f 1773 1772 1727
f 1772 1784 1731
f 1767 1493 1760
f 1769 1773 1771
f 1769 1770 1758
f 1756 1761 1758
f 1768 1493 1767
f 1757 1487 1767
f 1491 1495 1760
f 1766 1797 1762
f 1764 1750 1759
f 1718 1765 1762
f 1760 1774 1761
f 1759 1750 1751
f 1751 1794 1757
f 1487 1757 1755
f 1425 1423 1755
f 1745 1792 1754
f 1712 1765 1718
f 1750 1764 1753
f 1752 909 1753
f 1748 1794 1751
f 1744 857 1749
f 1748 1750 1744
f 1747 1741 1425
f 908 837 1743
f 915 1745 1710
f 1745 1715 1716
f 1744 1750 909
f 837 793 800
f 1741 1747 1742
f 1685 1789 1740
f 1454 1401 1683
f 1738 1787 1739
f 1687 1676 1739
f 1676 1687 1690
f 1673 1736 1738
f 1736 1673 1672
f 1734 1671 1668
f 1675 1644 1646
f 1669 1671 1734
f 1734 1725 1727
f 1725 1668 1733
f 1729 1726 1733
f 1733 1666 1665
f 1674 1727 1731
f 1729 1732 1664
f 1723 1720 1664
f 1722 1719 1664
f 1719 1718 1730
f 1728 1726 1729
f 1726 1728 1727
f 1662 1635 1661
f 1713 1718 1717
f 1721 1720 1723
f 1721 1717 1722
f 1717 1719 1722
f 1711 1710 1716
f 1634 1711 1660
f 748 1709 1711
f 1713 1724 1716
f 1713 1715 1714
f 1710 1709 861
f 1709 748 860
f 1706 1414 1656
f 1407 1408 1706
f 1708 1707 1403
f 1707 1708 1704
f 1704 1708 1706
f 1705 1654 1655
f 1704 1655 1653
f 1702 1707 1703
f 1702 1652 1701
f 1515 1401 1700
f 1622 8613 1699
f 1701 1699 1696
f 1396 1702 1700
f 1694 1696 1699
f 1694 1698 1697
f 1460 1462 1402
f 1694 1516 1515
f 1689 1692 1695
f 1695 1650 1617
f 1693 1683 1516
f 1684 1683 1693
f 1692 1689 1686
f 1686 1689 1691
f 1690 1687 1691
f 1688 1691 1689
f 1680 1691 1688
f 1648 1613 1681
f 1684 1686 1685
f 1679 1678 1677
f 1647 1645 1678
f 1679 1681 1647
f 1675 1677 1678
f 1615 1641 1645
f 1677 1675 1673
f 1675 1669 1674
f 1670 1669 1646
f 1670 1639 1640
f 1670 1667 1671
f 1666 1733 1668
f 1637 1663 1665
f 1666 1667 1640
f 1664 1732 1665
f 1658 1635 1662
f 1660 1724 1661
f 747 748 1634
f 1631 1627 1635
f 1329 1331 1656
f 1654 1705 1656
f 1579 1623 1655
f 1654 1331 1624
f 1652 1703 1653
f 1622 1701 1652
f 1651 8613 1620
f 1568 1616 1650
f 1648 1688 1649
f 1648 1617 1618
f 1617 1650 1616
f 1613 1612 1615
f 1646 1644 1641
f 1644 1678 1645
f 1610 1639 1642
f 1641 1615 1642
f 1638 1637 1640
f 1639 1643 1611
f 1602 1637 1638
f 1611 1605 1606
f 1600 1637 1602
f 1636 1663 1637
f 1632 1658 1636
f 1634 1659 1635
f 1593 1596 1632
f 1631 1588 1633
f 1588 1585 1590
f 1631 1658 1632
f 1631 1633 1628
f 700 699 1630
f 1630 1582 1581
f 1628 698 697
f 1580 1578 1624
f 1626 1330 1329
f 1576 1579 1624
f 1623 1575 1573
f 1621 1573 1619
f 1620 8613 1622
f 1620 1619 1569
f 1566 1565 1569
f 1560 1556 1618
f 1616 1568 1567
f 1614 1618 1556
f 1554 1556 1555
f 1547 1612 1614
f 1615 1547 1543
f 1613 1618 1614
f 1541 1540 1607
f 1541 1609 1545
f 1608 1604 1605
f 1607 1643 1610
f 1536 1535 1604
f 1540 1536 1608
f 1606 1603 1599
f 1603 1606 1605
f 1597 1599 1603
f 1599 1594 1601
f 1601 1594 1593
f 1598 1594 1599
f 1598 1597 1531
f 1535 1534 1531
f 1595 1632 1596
f 1591 1596 1593
f 1594 1598 1592
f 1592 1527 1529
f 1529 1530 1587
f 1590 1584 1583
f 1588 1595 1586
f 1587 1526 1585
f 1584 1590 1585
f 1582 1589 1583
f 1526 1587 1530
f 119 1577 1580
f 1575 1623 1579
f 1577 1574 1576
f 119 121 1574
f 1571 1570 1572
f 1576 1574 1571
f 121 122 1571
f 1566 1619 1573
f 1570 1564 1566
f 1571 122 123
f 1569 1565 1567
f 1567 1565 1563
f 1565 1564 1563
f 1564 186 185
f 1559 1563 185
f 185 186 59
f 1561 1567 1559
f 1561 1562 1557
f 1558 1562 1559
f 1557 1562 1558
f 1556 1560 1557
f 1555 1557 1550
f 1550 1558 184
f 1553 1614 1554
f 1551 1548 1547
f 1552 1555 1549
f 1551 1553 1552
f 1550 145 144
f 1548 183 1544
f 182 141 1542
f 144 102 101
f 1546 1549 144
f 1544 1542 1545
f 1542 141 1538
f 1541 1537 1539
f 1536 1540 1539
f 1538 1533 1539
f 1536 1533 1534
f 1534 1533 179
f 1533 1538 181
f 1531 1534 1528
f 1527 1532 175
f 1527 159 1530
f 173 175 1528
f 159 174 156
f 160 161 1525
f 1525 1584 1526
f 94 1294 1524
f 1472 1470 1463
f 1457 1463 1470
f 1522 1484 1468
f 1468 1464 1400
f 1467 1461 1459
f 1465 1457 1469
f 1459 1458 1465
f 1460 1518 1459
f 1400 1464 1519
f 1514 1519 1456
f 1455 1519 1514
f 1518 1460 1517
f 1402 1401 1454
f 1401 1516 1683
f 1388 1448 1442
f 1513 1510 1443
f 1441 1513 1444
f 1445 1444 1443
f 1439 1447 1512
f 1511 1513 1441
f 1511 1440 1436
f 1510 1513 1511
f 1437 1512 1509
f 1506 1507 1436
f 1503 1433 1507
f 1506 1435 1438
f 1502 1501 1505
f 1504 1503 1506
f 1504 1499 1432
f 1500 8601 1497
f 1500 1498 1431
f 1502 8601 1500
f 1499 1501 1500
f 1492 1489 1494
f 1496 1494 1498
f 1491 1492 1496
f 1431 1498 1494
f 1493 1768 1488
f 1488 1489 1492
f 1488 1428 1490
f 1488 1768 1485
f 1426 1428 1485
f 1485 1768 1487
f 1486 1423 1424
f 1483 1481 1473
f 1483 1472 1484
f 1481 1412 1413
f 1479 2405 1480
f 1476 1474 1477
f 1410 1477 1474
f 1395 1467 1471
f 1473 1466 1470
f 1470 1466 1471
f 1468 1484 1463
f 1404 1523 1468
f 1467 1395 1397
f 1466 1473 1413
f 1451 1457 1465
f 1456 1519 1464
f 1461 1397 1462
f 1459 1518 1452
f 1450 1447 1445
f 1458 1450 1451
f 1456 1463 1457
f 1448 1388 1394
f 1447 1450 1453
f 1452 1518 1453
f 1449 1514 1451
f 1449 1445 1442
f 1447 1439 1446
f 1443 1386 1385
f 1441 1446 1439
f 1436 1440 1439
f 1437 1788 1438
f 1434 1510 1433
f 1381 1380 1429
f 1380 1387 1434
f 1432 1433 1503
f 1430 1432 1499
f 1431 1427 1377
f 1430 1375 1373
f 1430 1373 1379
f 1427 1490 1428
f 1427 1426 1371
f 1422 1372 1371
f 1425 1743 1418
f 1422 1426 1424
f 1421 1424 1423
f 1364 1363 1422
f 1420 1364 1421
f 1420 1418 1417
f 1364 1420 1333
f 1418 1743 1416
f 1416 1743 854
f 1360 1416 1415
f 1361 1419 1360
f 1414 1706 1408
f 1406 1358 1357
f 1411 1405 1404
f 1409 2394 1410
f 1395 1466 1408
f 1405 1358 1406
f 1395 1407 1403
f 1402 1462 1397
f 1400 1455 1394
f 1393 1399 1411
f 1398 1352 1351
f 1396 1401 1397
f 1388 1384 1391
f 1393 1391 1392
f 1391 1389 1390
f 1350 1392 1390
f 1350 1347 1349
f 1391 1384 1346
f 1390 1389 1348
f 1389 1346 1345
f 1319 1348 1345
f 1387 1344 1388
f 1386 1434 1387
f 1384 1388 1344
f 1344 1387 1380
f 1383 1382 1341
f 1381 1342 1382
f 1378 8611 1379
f 1378 1373 1340
f 1342 8611 1378
f 1370 1376 1375
f 1376 8610 1374
f 1338 8610 1369
f 1374 8610 1338
f 1340 1374 1337
f 1372 1368 1367
f 1370 1371 1367
f 1362 1366 1367
f 1339 1369 1367
f 1362 1335 1336
f 1365 1335 1363
f 1362 1368 1363
f 1302 1365 1333
f 1360 549 551
f 553 688 1334
f 1356 2187 1359
f 1358 1355 1356
f 1353 1283 1324
f 1324 2187 1356
f 1353 1355 1354
f 1352 8612 1322
f 1320 1323 1349
f 1322 8612 1350
f 1348 1319 1349
f 1269 1345 1343
f 1344 1383 1318
f 1341 1382 1342
f 1261 1315 1340
f 1313 1262 1315
f 1338 1311 1337
f 1310 1340 1337
f 1312 1309 1307
f 1311 1366 1336
f 1300 1309 1336
f 1335 1365 1302
f 1334 688 1303
f 1298 688 1332
f 1330 1580 1331
f 1324 1325 1287
f 1292 1326 1287
f 1327 2099 1328
f 1283 1282 1325
f 1323 1320 1283
f 1321 1277 1278
f 1319 1317 1276
f 1269 1271 1317
f 1270 1343 1318
f 1268 1316 1270
f 1271 1272 1273
f 1316 1272 1271
f 1314 1378 1315
f 1268 1315 1264
f 1313 1261 1252
f 1311 1309 1312
f 1309 1300 1305
f 1249 1256 1308
f 1306 1247 1251
f 1301 1306 1305
f 1300 1304 1301
f 1303 688 1300
f 1298 1297 1245
f 1301 1304 1240
f 1300 688 1298
f 1298 1295 1243
f 544 1293 1296
f 1295 1296 1293
f 1294 94 1243
f 1291 1327 1292
f 1289 1291 1290
f 1287 1325 1284
f 1284 1325 1282
f 1284 124 1286
f 115 124 1284
f 1283 1320 1280
f 1280 1279 1281
f 1281 1279 113
f 109 113 1279
f 1280 1320 1278
f 107 109 1278
f 1277 1275 1274
f 1276 1317 1273
f 106 1275 1273
f 1265 1316 1268
f 1266 1264 1267
f 1263 1267 1264
f 1261 1310 1253
f 1260 1252 1254
f 1259 1263 1260
f 1257 1250 1248
f 1244 36 1248
f 1253 1308 1256
f 1253 1255 1254
f 1249 1307 1251
f 1250 1256 1249
f 1249 1247 1246
f 1247 1306 1244
f 96 97 29
f 36 98 100
f 1245 1239 99
f 98 36 1244
f 1242 1297 1243
f 99 98 1241
f 1239 1242 94
f 1238 2037 1235
f 1238 1234 1233
f 1229 1233 1234
f 1228 1229 1236
f 1235 1232 1236
f 1229 1204 1184
f 1231 1236 1232
f 1227 1226 1231
f 1205 1204 1229
f 1228 1231 1226
f 1227 1223 1222
f 1223 5037 1225
f 1223 1224 1220
f 1205 1228 1222
f 1222 1220 1203
f 1171 1203 1220
f 1220 1224 1221
f 1219 1221 1218
f 1219 1215 1198
f 1218 1217 1216
f 1217 5027 1214
f 1215 1216 1200
f 1200 1216 1214
f 1194 1197 1213
f 1193 5000 1212
f 1209 1211 1208
f 1208 1188 1187
f 1145 1144 1189
f 1180 1185 1204
f 1201 1204 1202
f 1203 1170 1174
f 1196 1198 1200
f 1196 1164 1169
f 1171 1198 1169
f 1164 1194 1159
f 1196 1199 1197
f 1195 5000 1193
f 1192 1153 1159
f 1190 1153 1192
f 1190 1151 1147
f 1189 1144 1187
f 1146 1151 1187
f 1143 1145 1186
f 1184 1204 1185
f 1181 1185 1180
f 1179 1138 1182
f 1180 1201 1176
f 1178 1138 1179
f 1176 1201 1177
f 1177 1174 1173
f 1105 1178 1137
f 1137 1178 1176
f 1175 1173 1136
f 1174 1170 1172
f 1173 1172 1135
f 1172 1170 1133
f 1170 1203 1171
f 1133 1170 1168
f 1169 1166 1167
f 1131 1168 1167
f 1166 1130 1132
f 1166 1169 1164
f 1161 1130 1166
f 1165 1163 1160
f 1124 1126 1130
f 1164 1163 1165
f 1156 1157 1160
f 1161 1160 1162
f 1160 1120 1162
f 1156 1163 1159
f 1158 1155 1157
f 1119 1157 1155
f 1156 1152 1158
f 1154 1152 1150
f 1155 1154 1118
f 1082 1118 1154
f 1153 1147 1150
f 1151 1146 1142
f 1148 1149 1150
f 1149 1148 1117
f 1148 1141 1116
f 1141 1148 1147
f 1142 1146 1114
f 1145 1143 1146
f 1114 1146 1143
f 1113 1143 1139
f 516 1112 1139
f 1106 1182 1138
f 1136 1104 1107
f 1103 1104 1136
f 1134 1133 1102
f 1129 1097 1094
f 1102 1128 1129
f 1128 1102 1133
f 1132 1125 1128
f 1125 1132 1130
f 1125 1097 1129
f 1123 1122 1127
f 1126 1123 1097
f 1124 1162 1121
f 1122 1123 1121
f 1121 1162 1120
f 1083 1092 1120
f 1080 1088 1091
f 1083 1119 1118
f 1076 1077 1117
f 1077 1081 1082
f 1115 1075 1076
f 1075 1115 1073
f 1115 1140 1114
f 1114 1074 1073
f 1113 1112 1111
f 511 1072 1110
f 1112 516 513
f 1111 513 512
f 1069 1068 1109
f 1107 1104 1066
f 1069 1108 1106
f 1105 1107 1065
f 1101 1066 1104
f 1100 1104 1103
f 1099 1004 1101
f 1100 1094 1063
f 1060 1063 1094
f 1095 1127 1098
f 1097 1127 1095
f 1095 1051 1096
f 1051 1095 1089
f 1092 1083 1093
f 1088 1080 1079
f 1084 1039 1038
f 1086 1084 1090
f 1045 1044 1059
f 1090 1038 949
f 1087 1049 1089
f 1085 1050 1087
f 1086 1050 1085
f 1085 1078 1039
f 1039 1035 935
f 1081 1093 1083
f 1080 1093 1081
f 1080 1036 1034
f 1078 1079 1034
f 1036 1081 1077
f 1037 1077 1076
f 1028 1029 1076
f 1028 1075 1072
f 1072 1074 1110
f 929 1072 924
f 1070 1109 1068
f 1071 1019 1023
f 1068 1067 1017
f 1019 1071 1068
f 1067 1065 1015
f 1066 1101 1004
f 1065 1066 1010
f 1001 1064 1002
f 993 1099 1063
f 991 1099 993
f 1062 1002 1064
f 965 9052 994
f 1056 979 885
f 1062 979 1056
f 973 975 1055
f 971 974 973
f 1060 1096 1053
f 964 966 1053
f 1050 1086 1059
f 1050 1047 1058
f 1047 1057 885
f 1048 1056 1057
f 978 1061 1056
f 976 1046 1040
f 1048 1046 976
f 961 958 1055
f 1055 975 977
f 1054 1055 958
f 1053 1096 1051
f 1052 878 967
f 1049 962 1052
f 1049 1087 1050
f 1044 1046 1048
f 1045 1040 1046
f 951 1041 1042
f 1041 961 1043
f 955 953 1041
f 1040 1045 949
f 1039 935 933
f 1038 933 863
f 863 948 950
f 947 955 950
f 1037 1032 1033
f 1035 1034 939
f 1034 1036 1033
f 935 1035 938
f 1030 1033 1032
f 1032 1037 937
f 1031 937 944
f 937 1037 1029
f 1027 932 1029
f 924 1072 511
f 1021 1013 1026
f 1025 1837 1021
f 1020 1022 1023
f 1016 1021 1020
f 1021 1836 1022
f 1018 1020 1019
f 1013 1021 1016
f 1015 1014 1018
f 1016 1018 1014
f 1015 1010 1009
f 1013 1012 1011
f 1012 1014 1009
f 1010 1004 1003
f 984 895 905
f 997 998 904
f 904 998 905
f 1000 904 853
f 892 901 893
f 1007 1013 1008
f 1006 1008 996
f 991 981 995
f 1004 1099 991
f 1002 1061 990
f 997 999 990
f 1000 891 1001
f 989 984 998
f 907 905 895
f 883 879 888
f 981 1005 996
f 994 9052 992
f 992 9052 981
f 990 1061 978
f 989 990 974
f 971 987 986
f 986 988 984
f 988 983 985
f 987 970 972
f 987 983 988
f 982 985 983
f 972 822 882
f 883 890 982
f 981 9052 965
f 887 881 885
f 977 975 978
f 974 978 975
f 880 970 969
f 880 822 972
f 970 987 971
f 967 960 968
f 965 1063 966
f 963 1058 884
f 962 1049 963
f 961 1041 953
f 960 967 878
f 876 956 959
f 816 962 819
f 957 969 958
f 957 953 874
f 956 876 877
f 954 953 955
f 953 946 875
f 946 869 952
f 877 809 868
f 950 955 951
f 807 813 871
f 870 954 947
f 946 954 870
f 945 877 943
f 867 940 944
f 943 868 867
f 931 930 928
f 942 945 936
f 941 944 937
f 938 940 866
f 937 932 931
f 865 934 935
f 933 935 934
f 863 934 865
f 932 1027 930
f 930 1027 929
f 929 923 927
f 923 922 926
f 920 921 926
f 925 920 922
f 920 925 504
f 432 3941 435
f 435 3941 921
f 906 919 916
f 919 917 914
f 919 902 912
f 918 902 919
f 910 1793 917
f 915 858 916
f 901 912 902
f 901 909 911
f 899 898 909
f 896 856 855
f 856 896 837
f 907 918 906
f 852 853 904
f 903 916 858
f 902 894 893
f 899 901 892
f 899 897 900
f 896 900 897
f 832 837 896
f 895 985 889
f 893 894 889
f 839 897 892
f 834 836 886
f 891 848 847
f 891 853 846
f 838 888 833
f 833 879 827
f 886 836 829
f 829 836 778
f 886 881 887
f 884 1058 885
f 826 825 881
f 880 957 823
f 879 882 822
f 878 962 816
f 767 821 872
f 816 809 877
f 875 952 873
f 823 874 873
f 873 952 811
f 873 758 704
f 814 870 871
f 814 812 869
f 811 952 869
f 808 807 801
f 806 805 813
f 868 810 866
f 864 938 866
f 810 757 802
f 802 801 865
f 807 948 863
f 841 840 862
f 796 798 850
f 861 862 840
f 796 862 861
f 858 1710 859
f 856 908 857
f 854 1743 800
f 842 846 853
f 798 797 851
f 852 859 840
f 851 8609 841
f 849 845 843
f 834 847 849
f 848 845 849
f 845 848 846
f 843 845 844
f 835 843 783
f 841 8609 842
f 831 832 839
f 837 832 830
f 836 834 777
f 835 775 777
f 827 828 831
f 828 830 832
f 830 828 781
f 824 881 829
f 782 781 828
f 773 769 824
f 827 879 821
f 821 767 734
f 819 963 825
f 826 772 820
f 771 826 824
f 821 823 872
f 820 766 818
f 817 815 818
f 816 818 815
f 815 722 764
f 749 751 812
f 805 749 814
f 751 761 759
f 811 812 759
f 764 757 810
f 808 804 806
f 804 8689 805
f 805 8689 750
f 752 8689 804
f 801 754 756
f 796 860 745
f 793 792 791
f 799 800 791
f 798 795 790
f 795 798 796
f 743 776 790
f 793 837 788
f 794 741 792
f 792 741 554
f 784 797 790
f 737 738 785
f 789 794 788
f 788 830 779
f 786 789 787
f 740 787 779
f 739 786 740
f 785 774 776
f 783 843 784
f 782 734 780
f 779 781 780
f 773 774 730
f 775 774 778
f 775 783 776
f 770 773 729
f 667 669 734
f 766 820 772
f 765 772 771
f 770 768 771
f 723 765 768
f 767 717 651
f 723 817 766
f 725 724 728
f 720 817 723
f 713 757 764
f 707 755 710
f 761 751 762
f 644 760 762
f 703 759 761
f 704 759 705
f 754 713 712
f 754 802 757
f 755 803 756
f 711 710 755
f 707 709 753
f 750 762 751
f 745 860 748
f 746 697 742
f 745 747 746
f 737 776 743
f 691 743 692
f 692 743 742
f 739 736 554
f 740 733 676
f 538 736 635
f 681 785 738
f 686 687 738
f 736 739 676
f 735 785 681
f 730 774 735
f 732 730 680
f 669 670 675
f 733 780 734
f 732 671 727
f 728 770 729
f 730 727 731
f 728 731 668
f 668 731 727
f 663 664 726
f 723 725 718
f 648 649 652
f 717 715 650
f 721 763 722
f 719 714 721
f 719 720 718
f 718 664 665
f 661 660 665
f 656 657 702
f 717 767 704
f 715 717 706
f 657 655 716
f 715 716 655
f 715 654 646
f 714 719 712
f 712 719 660
f 711 660 641
f 710 711 640
f 708 645 709
f 645 637 639
f 703 760 644
f 705 701 706
f 702 705 703
f 701 705 702
f 695 699 700
f 698 1630 699
f 691 684 682
f 694 692 695
f 692 694 684
f 684 694 690
f 689 736 547
f 553 689 546
f 686 696 682
f 683 679 687
f 685 678 682
f 678 677 683
f 674 622 631
f 681 687 679
f 681 673 672
f 677 625 673
f 578 625 677
f 678 685 628
f 674 635 676
f 675 621 622
f 673 625 671
f 618 623 615
f 612 727 671
f 670 669 623
f 667 624 623
f 668 612 662
f 662 612 611
f 662 609 610
f 600 559 603
f 667 651 653
f 653 649 666
f 603 582 624
f 663 659 665
f 658 659 663
f 661 605 642
f 605 661 659
f 560 602 596
f 643 645 594
f 654 656 601
f 652 649 653
f 647 648 650
f 647 666 649
f 600 666 647
f 642 599 598
f 639 598 592
f 644 709 645
f 641 660 642
f 641 638 637
f 638 598 639
f 633 19 543
f 591 631 584
f 634 540 539
f 631 622 626
f 538 636 630
f 630 636 631
f 629 632 630
f 627 677 628
f 619 618 614
f 584 626 614
f 5 6 583
f 617 607 613
f 617 625 578
f 583 582 569
f 624 582 615
f 619 626 622
f 619 621 620
f 606 611 613
f 617 566 608
f 608 566 561
f 603 559 616
f 614 618 615
f 612 625 613
f 610 605 658
f 606 604 610
f 560 604 606
f 606 608 560
f 599 642 605
f 562 557 602
f 573 582 603
f 602 557 593
f 601 656 593
f 601 557 559
f 598 596 595
f 596 602 597
f 593 595 597
f 593 656 594
f 21 19 590
f 590 629 591
f 14 13 584
f 589 628 587
f 574 588 587
f 586 575 587
f 583 6 584
f 580 8603 581
f 578 627 577
f 577 588 574
f 561 567 577
f 574 562 576
f 563 570 573
f 571 570 563
f 569 573 570
f 566 617 567
f 565 564 557
f 558 557 564
f 561 576 562
f 558 616 559
f 552 550 556
f 554 555 791
f 552 689 553
f 550 553 551
f 548 1332 546
f 545 541 540
f 547 541 545
f 544 548 545
f 543 1524 544
f 541 537 539
f 538 632 539
f 534 536 532
f 533 4017 534
f 518 4059 531
f 519 531 528
f 530 4059 518
f 528 4053 525
f 525 4053 523
f 522 505 526
f 523 4048 524
f 521 8880 517
f 517 514 513
f 514 517 515
f 513 514 508
f 511 512 508
f 508 514 509
f 503 510 507
f 492 493 496
f 506 488 487
f 477 526 505
f 504 511 502
f 502 509 503
f 473 503 501
f 500 470 469
f 500 501 499
f 498 467 471
f 498 497 465
f 460 465 497
f 496 493 494
f 494 493 458
f 489 458 493
f 457 458 489
f 489 492 491
f 449 451 491
f 451 455 490
f 488 482 484
f 487 488 446
f 446 488 486
f 447 486 485
f 479 478 480
f 483 479 484
f 443 485 480
f 441 481 480
f 479 483 477
f 475 440 478
f 474 505 476
f 395 372 475
f 472 502 473
f 436 502 472
f 469 427 434
f 470 500 471
f 470 425 427
f 425 470 468
f 468 471 467
f 464 466 467
f 466 464 420
f 424 468 466
f 465 460 461
f 421 464 461
f 463 459 460
f 459 409 461
f 459 463 456
f 456 463 458
f 457 490 454
f 402 408 456
f 454 490 455
f 453 450 448
f 445 399 452
f 450 455 451
f 448 450 449
f 447 445 448
f 445 447 443
f 444 396 398
f 443 481 442
f 442 481 441
f 439 441 440
f 440 475 371
f 438 444 439
f 372 395 392
f 437 3792 438
f 435 504 436
f 433 436 434
f 432 433 429
f 431 429 428
f 429 434 427
f 425 426 428
f 424 422 426
f 419 418 422
f 418 3909 423
f 420 464 421
f 418 420 414
f 416 421 417
f 414 420 416
f 412 413 415
f 410 3940 413
f 410 412 411
f 408 404 406
f 406 404 407
f 403 407 404
f 401 404 402
f 399 445 397
f 397 442 398
f 395 476 391
f 394 390 391
f 392 391 369
f 366 369 391
f 390 394 388
f 390 362 361
f 389 387 362
f 387 389 386
f 387 385 356
f 386 384 357
f 355 357 384
f 382 355 383
f 355 382 351
f 381 379 382
f 380 378 346
f 380 344 350
f 347 378 376
f 337 336 377
f 374 3594 375
f 371 475 372
f 369 366 365
f 368 370 369
f 363 365 366
f 364 367 365
f 362 387 360
f 359 363 361
f 359 360 356
f 354 358 356
f 356 385 357
f 352 357 355
f 353 3517 354
f 349 3516 351
f 350 344 342
f 347 341 348
f 345 348 341
f 345 340 342
f 340 339 343
f 341 377 339
f 334 343 339
f 338 332 336
f 334 335 332
f 332 8822 333
f 329 8824 330
f 326 327 329
f 321 320 327
f 325 323 321
f 321 323 322
f 319 316 312
f 317 3197 314
f 315 312 316
f 314 8800 315
f 311 318 312
f 308 2943 309
f 289 2933 287
f 302 301 304
f 301 8809 305
f 303 306 298
f 303 297 295
f 301 302 299
f 299 302 295
f 298 2933 289
f 294 295 297
f 294 293 296
f 294 289 291
f 292 2861 290
f 290 2861 291
f 288 2930 286
f 284 292 285
f 281 277 279
f 278 266 268
f 278 282 281
f 279 276 274
f 239 238 280
f 278 280 238
f 276 279 277
f 273 276 275
f 274 276 273
f 273 236 233
f 236 2175 271
f 237 271 270
f 268 266 231
f 267 265 229
f 241 240 267
f 266 238 240
f 230 229 265
f 228 261 232
f 232 261 264
f 228 256 262
f 259 2126 260
f 256 223 215
f 256 248 254
f 253 248 249
f 248 256 217
f 201 248 252
f 251 9021 200
f 250 2109 201
f 203 196 244
f 201 2109 249
f 90 244 196
f 246 9021 247
f 244 90 242
f 130 2104 242
f 231 240 241
f 239 267 240
f 237 234 233
f 234 9009 235
f 226 227 232
f 230 220 225
f 223 256 228
f 227 226 222
f 226 241 224
f 224 241 225
f 221 215 223
f 222 224 219
f 219 225 220
f 218 219 213
f 213 9008 214
f 211 214 212
f 208 218 211
f 209 8607 210
f 200 9045 207
f 205 8608 206
f 202 197 203
f 194 9045 200
f 198 9045 194
f 196 203 197
f 194 199 192
f 192 199 189
f 91 196 191
f 92 190 88
f 89 8999 188
f 189 128 187
f 87 86 187
f 186 123 116
f 185 54 145
f 182 1544 183
f 167 137 31
f 179 181 136
f 181 1538 141
f 134 141 138
f 138 137 167
f 180 33 137
f 177 179 178
f 136 8606 176
f 177 178 176
f 169 171 176
f 133 169 168
f 173 172 165
f 174 175 165
f 170 163 165
f 173 177 171
f 170 172 171
f 163 170 169
f 167 30 168
f 156 174 158
f 163 151 158
f 164 152 162
f 163 133 164
f 162 146 22
f 160 155 25
f 156 155 160
f 151 8991 157
f 157 153 155
f 154 25 155
f 152 164 150
f 16 151 22
f 20 22 146
f 149 95 94
f 149 147 150
f 147 149 148
f 145 54 102
f 102 54 48
f 103 46 143
f 140 141 182
f 138 141 139
f 135 8606 136
f 30 131 132
f 97 95 132
f 90 93 120
f 129 1286 124
f 78 87 127
f 127 87 128
f 121 93 118
f 84 8604 118
f 124 115 125
f 117 116 123
f 120 93 121
f 117 122 118
f 77 125 114
f 114 125 115
f 111 117 112
f 105 65 110
f 108 110 109
f 63 65 105
f 105 1274 106
f 102 46 103
f 37 40 34
f 100 28 32
f 99 1239 96
f 97 131 27
f 95 97 96
f 93 90 92
f 91 190 92
f 89 8605 80
f 79 86 87
f 81 8605 86
f 84 93 85
f 76 8604 84
f 82 88 80
f 80 8605 81
f 78 60 62
f 65 60 78
f 72 79 62
f 68 69 75
f 75 8604 76
f 70 61 73
f 71 80 72
f 58 111 69
f 67 8856 66
f 61 60 64
f 64 60 65
f 61 70 62
f 59 116 56
f 55 56 58
f 56 53 52
f 50 48 53
f 53 48 54
f 48 50 49
f 46 48 47
f 45 35 42
f 43 46 44
f 39 40 37
f 40 42 35
f 41 43 42
f 39 37 32
f 34 36 38
f 28 31 33
f 31 28 27
f 28 100 29
f 25 154 26
f 16 15 11
f 20 21 17
f 21 13 9
f 19 21 20
f 16 22 17
f 14 10 9
f 10 12 11
f 8 2 1
f 1 3 7
f 1 6 5
f 2 12 3
