# Blender v3.0.0 OBJ File: ''
# www.blender.org
o Aset_nature__M_ueopfjiga_LOD0
v -0.134247 0.984583 -0.230495
v -0.133718 0.976934 -0.227075
v -0.133678 0.980052 -0.223125
v -0.135104 0.989567 -0.229061
v -0.128151 0.970402 -0.223869
v -0.133322 0.970921 -0.222193
v -0.121550 0.973989 -0.229743
v -0.127525 0.981987 -0.232871
v -0.133584 0.972738 -0.219952
v -0.135614 1.000684 -0.234251
v -0.135077 0.997807 -0.239718
v -0.134845 0.989846 -0.234114
v -0.117043 0.990607 -0.242575
v -0.126248 0.987931 -0.236952
v -0.135961 1.005268 -0.242094
v -0.136759 1.005867 -0.239187
v -0.136104 1.010056 -0.238724
v -0.138113 1.010904 -0.243985
v -0.134439 1.011706 -0.248072
v -0.121221 1.020145 -0.259888
v -0.118413 1.007673 -0.253157
v -0.129268 1.005092 -0.245789
v -0.132204 1.013236 -0.228876
v -0.135081 1.008608 -0.198823
v -0.135434 1.008378 -0.192388
v -0.136345 1.015641 -0.196054
v -0.137445 1.014824 -0.198073
v -0.143444 1.052618 -0.271594
v -0.146632 1.053891 -0.268042
v -0.147504 1.062772 -0.271857
v -0.144289 1.062316 -0.276117
v -0.139359 1.058607 -0.250107
v -0.142882 1.066467 -0.260563
v -0.143361 1.076906 -0.264896
v -0.147381 1.072709 -0.276123
v -0.146302 1.074114 -0.280685
v -0.148346 1.084540 -0.284794
v -0.143795 1.093144 -0.290679
v -0.129132 1.072699 -0.287279
v -0.149113 1.077940 -0.278743
v -0.145595 1.083063 -0.272254
v -0.151591 1.097058 -0.288728
v -0.149614 1.085868 -0.282774
v -0.148104 1.089478 -0.278421
v -0.148571 1.101675 -0.279968
v -0.153647 1.109355 -0.291486
v -0.144151 1.112839 -0.270763
v -0.148169 1.108550 -0.297530
v -0.155430 1.131485 -0.298145
v -0.147916 1.146593 -0.284820
v -0.154952 1.151058 -0.304572
v -0.148771 1.165815 -0.292245
v -0.156593 1.161742 -0.311252
v -0.155318 1.154638 -0.267465
v -0.154347 1.166964 -0.270710
v -0.154250 1.165971 -0.274555
v -0.155406 1.174489 -0.277704
v -0.154710 1.176183 -0.273497
v -0.155434 1.182626 -0.275675
v -0.156443 1.182950 -0.280674
v -0.142430 1.171266 -0.266195
v -0.141540 1.180883 -0.268833
v -0.158602 1.202707 -0.325680
v -0.154925 1.195036 -0.325772
v -0.159568 1.194751 -0.321162
v -0.159567 1.203134 -0.322614
v -0.141677 1.193557 -0.330385
v -0.141066 1.179899 -0.325259
v -0.155485 1.183109 -0.321536
v -0.158737 1.182097 -0.318193
v -0.153675 1.175549 -0.319259
v -0.156802 1.175464 -0.316409
v -0.155026 1.189735 -0.276022
v -0.158468 1.188162 -0.277787
v -0.149526 1.185243 -0.273446
v -0.159357 1.213540 -0.323499
v -0.156103 1.207012 -0.314327
v -0.155295 1.222675 -0.314282
v -0.155333 1.197342 -0.310912
v -0.158399 1.200955 -0.282816
v -0.159027 1.193799 -0.280408
v -0.157644 1.195236 -0.278122
v -0.156769 1.201603 -0.279580
v -0.159405 1.216503 -0.328916
v -0.150817 1.212930 -0.332023
v -0.142405 1.215750 -0.337353
v -0.159664 1.219034 -0.325569
v -0.157545 1.227492 -0.323131
v -0.153509 1.217703 -0.305160
v -0.154675 1.232496 -0.307619
v -0.157511 1.207717 -0.281334
v -0.159546 1.208308 -0.284315
v -0.159362 1.217754 -0.286051
v -0.145285 1.217022 -0.278561
v -0.159208 1.225639 -0.329250
v -0.155577 1.225414 -0.332563
v -0.156028 1.236539 -0.318940
v -0.157974 1.225548 -0.289637
v -0.145400 1.230668 -0.282069
v -0.154610 1.239420 -0.289120
v -0.159034 1.238282 -0.293147
v -0.125634 1.042636 -0.272454
v -0.122253 1.030980 -0.268902
v -0.142737 1.032513 -0.259879
v -0.144912 1.043361 -0.266398
v -0.146281 1.045146 -0.263318
v -0.126990 1.057610 -0.281122
v -0.122051 1.047315 -0.285469
v -0.121757 1.040711 -0.280569
v -0.149725 1.110850 -0.252748
v -0.150138 1.113589 -0.249404
v -0.154620 1.127940 -0.254881
v -0.132407 1.171387 -0.344903
v -0.136622 1.172257 -0.331315
v -0.136402 1.181937 -0.338150
v -0.133333 1.177852 -0.345951
v -0.133599 1.191201 -0.350639
v -0.133291 1.184497 -0.348419
v -0.135140 1.185899 -0.343988
v -0.136197 1.192531 -0.343313
v -0.149607 1.195910 -0.275122
v -0.141264 1.192115 -0.271235
v -0.134349 1.205507 -0.352452
v -0.134256 1.198107 -0.352267
v -0.138174 1.199641 -0.341401
v -0.138513 1.207654 -0.343549
v -0.144262 1.203984 -0.274877
v -0.136187 1.197881 -0.268015
v -0.135600 1.210149 -0.266628
v -0.133718 1.218843 -0.264065
v -0.135897 1.224395 -0.269768
v -0.134826 1.184688 -0.264265
v -0.135272 1.213212 -0.353630
v -0.155762 1.234429 -0.334718
v -0.145404 1.235632 -0.340068
v -0.146165 1.225642 -0.337562
v -0.139497 1.223385 -0.346716
v -0.135123 1.220974 -0.356402
v -0.133406 1.235821 -0.267094
v -0.144861 1.037038 -0.257734
v -0.135792 1.045312 -0.239832
v -0.144487 1.069286 -0.226546
v -0.145319 1.075873 -0.230854
v -0.146360 1.074038 -0.233029
v -0.146154 1.067833 -0.228918
v -0.144764 1.087047 -0.245467
v -0.139732 1.074658 -0.253220
v -0.145003 1.082232 -0.237890
v -0.144439 1.087186 -0.237006
v -0.146183 1.101212 -0.244618
v -0.145798 1.096180 -0.248105
v -0.142628 1.096707 -0.262225
v -0.147649 1.102792 -0.249354
v -0.131702 1.131453 -0.246016
v -0.133640 1.143570 -0.251415
v -0.139455 1.017340 -0.250991
v -0.140561 1.017602 -0.248768
v -0.141376 1.025411 -0.252350
v -0.139541 1.024254 -0.255215
v -0.143115 1.031721 -0.255251
v -0.131399 1.025038 -0.227451
v -0.139403 1.027046 -0.247161
v -0.137789 1.034660 -0.243794
v -0.134265 1.021528 -0.201506
v -0.134654 1.017543 -0.205247
v -0.134165 1.026250 -0.204410
v -0.135960 1.025149 -0.207634
v -0.137898 1.032825 -0.209988
v -0.130264 1.016263 -0.220080
v -0.124578 1.021948 -0.196158
v -0.115370 1.027353 -0.193834
v -0.125484 1.013524 -0.190730
v -0.137847 1.021798 -0.244119
v -0.135383 1.037351 -0.226922
v -0.138395 1.040027 -0.216866
v -0.132180 1.034812 -0.207392
v -0.140539 1.057647 -0.236907
v -0.143405 1.065273 -0.235846
v -0.141227 1.068948 -0.244651
v -0.139113 1.049560 -0.232930
v -0.139471 1.045317 -0.224965
v -0.143279 1.054607 -0.223044
v -0.141944 1.047605 -0.219112
v -0.138212 1.051368 -0.217006
v -0.142107 1.056316 -0.220732
v -0.127676 1.047691 -0.211070
v -0.144212 1.061071 -0.226178
v -0.141996 1.062984 -0.222996
v -0.131739 1.068499 -0.220902
v -0.141478 1.087582 -0.258451
v -0.137112 1.076115 -0.227167
v -0.128295 1.085485 -0.227771
v -0.128779 1.119956 -0.239802
v -0.122332 1.112433 -0.224762
v -0.130207 1.158018 -0.248284
v -0.132702 1.165749 -0.255738
v -0.133606 1.174955 -0.260032
v -0.159966 1.235234 -0.331046
v -0.158914 1.244370 -0.332752
v -0.156770 1.243050 -0.335157
v -0.155029 1.247183 -0.320048
v -0.160828 1.252749 -0.294898
v -0.149372 1.250716 -0.288480
v -0.160655 1.251803 -0.335521
v -0.148909 1.251104 -0.340893
v -0.159834 1.259606 -0.336292
v -0.157725 1.259977 -0.338820
v -0.157145 1.257628 -0.327135
v -0.158317 1.258345 -0.293655
v -0.147775 1.261591 -0.290186
v -0.160402 1.266275 -0.337589
v -0.156681 1.266397 -0.340535
v -0.148130 1.268145 -0.344923
v -0.141054 1.269822 -0.289120
v -0.157571 1.268373 -0.295158
v -0.157060 1.287466 -0.344947
v -0.155445 1.279354 -0.343935
v -0.160447 1.281429 -0.340042
v -0.161871 1.288255 -0.342524
v -0.158858 1.272524 -0.341497
v -0.161543 1.299665 -0.339994
v -0.160779 1.309346 -0.338061
v -0.162481 1.307289 -0.346370
v -0.161601 1.297739 -0.344637
v -0.162333 1.319764 -0.345351
v -0.159804 1.321048 -0.338342
v -0.158549 1.311776 -0.349381
v -0.160763 1.321012 -0.348491
v -0.160730 1.335902 -0.344571
v -0.160996 1.335423 -0.350092
v -0.154309 1.317808 -0.303481
v -0.161543 1.326981 -0.309992
v -0.156579 1.308123 -0.324013
v -0.154175 1.334228 -0.330108
v -0.155690 1.360358 -0.341909
v -0.148661 1.366721 -0.333245
v -0.160711 1.332355 -0.315689
v -0.159786 1.343415 -0.316143
v -0.155931 1.346619 -0.325318
v -0.157529 1.341306 -0.310562
v -0.153574 1.371162 -0.325390
v -0.157129 1.365453 -0.318013
v -0.153063 1.359531 -0.313589
v -0.143193 1.349299 -0.307936
v -0.142147 1.330058 -0.301752
v -0.148572 1.371436 -0.336558
v -0.153289 1.369238 -0.341577
v -0.143674 1.363121 -0.312274
v -0.151106 1.378574 -0.319211
v -0.155739 1.372278 -0.346883
v -0.151625 1.384176 -0.346695
v -0.149868 1.383366 -0.351060
v -0.154243 1.363877 -0.352306
v -0.146620 1.394645 -0.345652
v -0.145575 1.393276 -0.349844
v -0.152033 1.380221 -0.324204
v -0.151186 1.387332 -0.324488
v -0.148881 1.386031 -0.329337
v -0.146804 1.378050 -0.333654
v -0.137812 1.239833 -0.276715
v -0.131714 1.244119 -0.266593
v -0.136926 1.249503 -0.276939
v -0.139497 1.253634 -0.284175
v -0.136412 1.260317 -0.364466
v -0.136775 1.248515 -0.360973
v -0.142630 1.255897 -0.344696
v -0.143594 1.272725 -0.348556
v -0.133575 1.289224 -0.276285
v -0.142236 1.293898 -0.293225
v -0.134687 1.272360 -0.274898
v -0.133330 1.261908 -0.271427
v -0.148172 1.281153 -0.347953
v -0.154696 1.287723 -0.298435
v -0.129637 1.302184 -0.278696
v -0.136081 1.307226 -0.283198
v -0.135979 1.325992 -0.284686
v -0.133913 1.338274 -0.286768
v -0.136852 1.333265 -0.374800
v -0.144227 1.338400 -0.356513
v -0.139302 1.343439 -0.371929
v -0.135729 1.342684 -0.375661
v -0.138284 1.348183 -0.296147
v -0.139557 1.358731 -0.307153
v -0.137498 1.374306 -0.310673
v -0.140516 1.373811 -0.315172
v -0.147135 1.377530 -0.337188
v -0.149803 1.387119 -0.321348
v -0.140179 1.385463 -0.318853
v -0.134404 1.396585 -0.348981
v -0.137176 1.387354 -0.352515
v -0.140466 1.399536 -0.347332
v -0.140888 1.400392 -0.344604
v -0.144488 1.384155 -0.337631
v -0.143282 1.389365 -0.339106
v -0.144204 1.384632 -0.335542
v -0.141815 1.389615 -0.336438
v -0.139481 1.394540 -0.337132
v -0.142191 1.396171 -0.333000
v -0.146450 1.391592 -0.330508
v -0.147269 1.393224 -0.323786
v -0.148084 1.393071 -0.326140
v -0.143589 1.398586 -0.329277
v -0.140426 1.397498 -0.324966
v -0.000635 -0.012551 -0.058513
v -0.005696 -0.025170 -0.049347
v -0.019810 -0.015481 -0.042586
v -0.018885 -0.001256 -0.041603
v 0.006392 -0.016463 -0.057160
v 0.009599 0.009234 -0.055319
v 0.029888 -0.005055 -0.045131
v 0.027510 -0.026075 -0.043909
v -0.008486 0.025548 -0.053601
v 0.000374 0.028416 -0.060458
v -0.002296 0.012413 -0.058501
v -0.020357 0.013608 -0.042356
v -0.015540 0.035195 -0.047243
v -0.002810 0.034563 -0.059326
v -0.013695 0.046181 -0.049194
v -0.002688 0.043963 -0.059084
v 0.001347 0.043468 -0.058821
v 0.011891 0.043811 -0.051178
v 0.015489 0.029184 -0.049383
v -0.010018 0.055285 -0.052087
v -0.003107 0.054060 -0.059024
v -0.014882 0.065888 -0.047468
v -0.003632 0.064348 -0.058259
v 0.001805 0.053985 -0.057623
v 0.018131 0.058606 -0.045015
v -0.000039 0.074748 -0.057635
v 0.001585 0.064493 -0.057154
v -0.004561 0.073945 -0.058474
v 0.000896 0.166018 -0.042182
v 0.015274 0.158165 -0.031600
v 0.021079 0.131873 -0.035983
v 0.005372 0.121033 -0.047055
v -0.001209 0.254706 -0.048436
v -0.008905 0.254809 -0.040521
v -0.007726 0.265299 -0.041636
v -0.000846 0.263415 -0.048920
v -0.001800 0.247518 -0.047363
v 0.001671 0.246976 -0.047575
v 0.001047 0.239336 -0.047730
v -0.003639 0.239354 -0.045540
v 0.001532 0.254558 -0.048525
v 0.011285 0.243390 -0.039308
v 0.013207 0.232458 -0.036362
v 0.002150 0.262308 -0.048833
v -0.002503 0.271807 -0.047217
v -0.001863 0.279782 -0.047796
v 0.002565 0.279796 -0.049610
v 0.001423 0.270574 -0.048773
v 0.016562 0.287138 -0.036793
v 0.015383 0.273599 -0.036939
v -0.000571 0.289591 -0.047432
v 0.003386 0.289802 -0.047671
v -0.000377 0.299922 -0.048304
v 0.003891 0.299684 -0.048794
v 0.005444 0.312500 -0.049257
v 0.000694 0.314997 -0.050270
v -0.008388 0.400091 -0.038729
v -0.008377 0.413519 -0.040784
v 0.004235 0.410942 -0.055212
v 0.004215 0.397424 -0.052672
v -0.004672 0.420568 -0.047043
v 0.003243 0.418801 -0.054952
v 0.006529 0.418266 -0.055821
v 0.011507 0.417729 -0.052054
v 0.008911 0.409698 -0.052851
v 0.000896 0.426685 -0.053822
v -0.008180 0.429574 -0.043939
v 0.000114 0.435445 -0.054291
v 0.005172 0.433404 -0.059804
v 0.005974 0.425589 -0.056828
v -0.004815 0.442143 -0.048301
v 0.004975 0.447802 -0.056840
v 0.003056 0.440547 -0.057443
v 0.005196 0.439496 -0.059299
v 0.008021 0.441558 -0.057808
v 0.008584 0.434003 -0.057844
v -0.012338 0.448269 -0.038038
v 0.003593 0.457351 -0.055833
v 0.000695 0.470105 -0.051988
v -0.016465 0.460316 -0.034904
v -0.007741 0.502759 -0.043697
v 0.002986 0.503098 -0.057049
v 0.002558 0.488338 -0.053583
v -0.014137 0.494099 -0.035505
v 0.007962 0.487950 -0.053942
v 0.007818 0.503451 -0.057246
v 0.003022 0.515508 -0.056813
v 0.007098 0.515525 -0.056909
v -0.008274 0.517132 -0.043584
v -0.006672 0.529911 -0.048567
v 0.002413 0.527781 -0.058513
v 0.002020 0.539236 -0.057912
v -0.007365 0.542894 -0.048555
v 0.006761 0.538855 -0.058098
v 0.006553 0.527552 -0.058594
v -0.009473 0.558420 -0.048976
v -0.015776 0.540124 -0.039541
v -0.018502 0.573680 -0.042702
v 0.001375 0.552573 -0.058698
v 0.001495 0.561344 -0.060291
v -0.009870 0.581147 -0.052400
v 0.000622 0.574729 -0.064019
v 0.005079 0.583740 -0.064031
v 0.000024 0.605712 -0.064390
v 0.005205 0.608692 -0.064479
v 0.024408 0.379528 -0.038155
v 0.009583 0.400095 -0.050718
v 0.021559 0.397125 -0.039962
v 0.036142 0.383713 -0.036210
v 0.013471 0.427911 -0.052051
v 0.019404 0.438187 -0.046897
v 0.007435 0.458567 -0.056123
v 0.011899 0.451334 -0.053270
v 0.007210 0.469269 -0.054267
v 0.025527 0.456063 -0.039317
v 0.026319 0.480536 -0.038080
v 0.025225 0.504597 -0.039670
v 0.015767 0.515698 -0.049060
v 0.022160 0.526707 -0.044351
v 0.025522 0.540313 -0.042989
v 0.008345 0.551032 -0.057210
v 0.025792 0.553309 -0.044070
v 0.007545 0.561439 -0.059260
v 0.005604 0.570412 -0.063652
v 0.026385 0.566387 -0.045514
v 0.015039 0.586457 -0.056117
v 0.025800 0.589202 -0.047715
v -0.009035 0.632571 -0.056203
v -0.017628 0.640472 -0.043225
v -0.002554 0.648689 -0.062032
v -0.002839 0.640039 -0.063084
v -0.019195 0.654693 -0.042738
v -0.001806 0.657916 -0.062552
v -0.011875 0.698514 -0.048501
v -0.017513 0.696667 -0.043951
v -0.018618 0.699454 -0.046526
v -0.017347 0.702126 -0.050016
v -0.020593 0.702378 -0.046240
v -0.021239 0.705667 -0.051522
v -0.019415 0.711251 -0.055409
v -0.016207 0.710876 -0.054766
v -0.010710 0.706721 -0.048642
v -0.008772 0.714287 -0.051853
v -0.018828 0.720597 -0.058271
v -0.020957 0.714562 -0.052893
v -0.020764 0.723623 -0.054862
v -0.024308 0.716694 -0.040602
v -0.021919 0.712090 -0.044226
v -0.024536 0.727985 -0.040751
v -0.019757 0.732411 -0.054892
v -0.017548 0.725614 -0.058716
v -0.016968 0.732637 -0.056708
v -0.015019 0.719379 -0.058080
v -0.013721 0.725063 -0.057697
v -0.020446 0.739886 -0.053682
v -0.017164 0.740104 -0.057691
v -0.006346 0.731234 -0.051722
v -0.022695 0.744413 -0.045131
v -0.019516 0.747841 -0.055068
v -0.025750 0.738331 -0.039003
v -0.016697 0.748852 -0.056777
v -0.020873 0.754977 -0.052609
v -0.016079 0.758604 -0.057333
v -0.020432 0.768515 -0.054719
v -0.017416 0.768738 -0.057479
v -0.019043 0.780615 -0.055235
v -0.015751 0.780567 -0.056726
v -0.024883 0.764115 -0.037668
v -0.023162 0.784049 -0.039679
v -0.021122 0.790691 -0.048665
v -0.019233 0.789624 -0.056221
v -0.014685 0.789393 -0.057772
v -0.019433 0.798970 -0.057043
v -0.014526 0.799813 -0.059128
v -0.018936 0.603460 -0.044605
v -0.036990 0.600659 -0.039458
v -0.044474 0.623517 -0.039440
v -0.011137 0.620314 -0.054497
v -0.021347 0.623129 -0.043303
v 0.001777 0.622153 -0.066738
v 0.000257 0.629642 -0.065313
v 0.001302 0.639875 -0.067745
v 0.001535 0.649358 -0.064673
v 0.002250 0.658040 -0.065068
v -0.000470 0.666961 -0.061811
v 0.003170 0.666606 -0.062421
v 0.003196 0.674368 -0.062337
v 0.000005 0.674573 -0.062047
v 0.002623 0.682769 -0.062764
v -0.000709 0.682672 -0.061498
v -0.012593 0.666162 -0.048928
v -0.007947 0.678638 -0.053326
v -0.006495 0.692623 -0.054372
v -0.000641 0.690642 -0.060622
v -0.004341 0.704606 -0.058205
v -0.000275 0.698574 -0.062346
v 0.003614 0.699728 -0.063129
v 0.003466 0.712214 -0.061088
v -0.005718 0.713160 -0.053093
v -0.006298 0.721003 -0.052980
v -0.001938 0.720205 -0.053380
v 0.007002 0.718413 -0.062026
v -0.000730 0.730741 -0.050303
v -0.006965 0.740959 -0.053147
v -0.006971 0.750687 -0.053598
v -0.000376 0.741112 -0.051103
v 0.000300 0.751084 -0.051342
v -0.005527 0.760891 -0.053060
v -0.005411 0.770974 -0.053258
v 0.001097 0.761759 -0.051292
v -0.003329 0.782151 -0.052956
v 0.003448 0.787387 -0.052391
v 0.001785 0.772431 -0.051357
v 0.019610 0.605539 -0.053828
v 0.028204 0.604631 -0.048020
v 0.006655 0.628586 -0.064192
v 0.024061 0.628011 -0.047850
v 0.016079 0.642179 -0.055229
v 0.026855 0.641504 -0.046425
v 0.004268 0.639807 -0.067234
v 0.006311 0.648891 -0.063039
v 0.015443 0.654121 -0.053990
v 0.024568 0.659957 -0.046395
v 0.007328 0.657539 -0.061043
v 0.013971 0.664496 -0.054016
v 0.012075 0.674973 -0.054641
v 0.003055 0.691268 -0.061079
v 0.007128 0.682525 -0.058713
v 0.011063 0.689924 -0.054805
v 0.012580 0.698913 -0.054019
v 0.010841 0.708615 -0.056971
v 0.022967 0.719728 -0.047820
v 0.021623 0.700695 -0.046141
v 0.007453 0.728146 -0.061327
v 0.004815 0.741002 -0.054557
v 0.012116 0.750271 -0.060362
v 0.012726 0.764814 -0.059057
v 0.016896 0.776142 -0.061976
v 0.018975 0.781611 -0.061850
v 0.004125 0.805978 -0.054713
v 0.036716 0.625055 -0.048397
v 0.021956 0.682790 -0.046401
v 0.019926 0.767044 -0.058836
v 0.020322 0.776125 -0.061468
v 0.017242 0.792233 -0.063556
v 0.020615 0.789839 -0.063287
v 0.018187 0.800315 -0.064790
v 0.022103 0.799805 -0.063738
v 0.022858 0.781668 -0.057775
v 0.027282 0.788087 -0.051626
v 0.028977 0.799463 -0.050596
v 0.043426 0.646720 -0.047321
v 0.041925 0.636643 -0.048065
v 0.025253 0.775172 -0.051779
v 0.033071 0.797251 -0.044994
v 0.033938 0.779536 -0.044208
v 0.049903 0.600827 -0.046724
v 0.042759 0.607686 -0.047470
v 0.056543 0.609535 -0.047303
v 0.055985 0.601400 -0.046431
v 0.046938 0.617730 -0.048190
v 0.041400 0.591839 -0.046607
v 0.055125 0.618757 -0.047805
v 0.053811 0.628335 -0.047829
v 0.039073 0.656483 -0.046580
v 0.050900 0.656097 -0.046207
v 0.052581 0.647727 -0.046945
v 0.052434 0.638495 -0.047587
v 0.041689 0.708875 -0.047303
v 0.047519 0.708809 -0.046679
v 0.046413 0.700254 -0.045977
v 0.032245 0.699970 -0.046087
v 0.036923 0.718004 -0.046801
v 0.047263 0.722939 -0.045083
v -0.108576 0.992966 -0.267629
v -0.105603 0.992740 -0.268048
v -0.105839 0.986634 -0.264561
v -0.108538 0.988080 -0.262568
v -0.109278 0.999048 -0.270503
v -0.106896 0.999147 -0.270993
v -0.111699 1.012534 -0.277163
v -0.110334 1.006708 -0.273225
v -0.113550 1.008222 -0.266593
v -0.116145 1.016246 -0.267647
v -0.107234 1.006667 -0.273715
v -0.107583 1.013577 -0.277516
v -0.095746 1.012330 -0.270267
v -0.097812 1.002965 -0.267172
v -0.101560 1.020930 -0.277713
v -0.078532 1.019371 -0.277357
v -0.073430 1.018285 -0.278442
v -0.072375 1.011626 -0.275233
v -0.083045 1.014325 -0.272206
v -0.071096 1.005747 -0.271053
v -0.086627 1.006326 -0.265705
v -0.067519 1.002727 -0.264994
v -0.070159 1.000532 -0.266506
v -0.069053 1.007347 -0.269754
v -0.070386 1.012615 -0.274098
v -0.105639 0.932234 -0.195283
v -0.119023 0.931809 -0.185023
v -0.118967 0.937835 -0.194855
v -0.110934 0.938058 -0.198892
v -0.112884 0.948561 -0.172179
v -0.104407 0.928580 -0.151164
v -0.114411 0.945964 -0.151985
v -0.116290 0.951908 -0.158875
v -0.122458 0.947206 -0.197001
v -0.121111 0.944200 -0.199244
v -0.117093 0.953054 -0.185800
v -0.115168 0.949426 -0.147743
v -0.113718 0.942353 -0.145448
v -0.113788 0.943362 -0.141968
v -0.123253 0.948494 -0.204377
v -0.126043 0.953038 -0.208357
v -0.120295 0.954060 -0.211742
v -0.112878 0.949494 -0.209561
v -0.124482 0.949467 -0.202298
v -0.108969 0.942827 -0.204775
v -0.119684 0.959748 -0.161101
v -0.119944 0.962778 -0.166828
v -0.118625 0.955017 -0.151905
v -0.119652 0.962606 -0.158782
v -0.108628 0.953030 -0.144704
v -0.106811 0.961218 -0.149275
v -0.126288 0.965100 -0.219871
v -0.124390 0.959236 -0.215766
v -0.128588 0.959640 -0.213233
v -0.130557 0.965848 -0.217607
v -0.113709 0.978241 -0.236073
v -0.108024 0.955589 -0.218366
v -0.118729 0.962731 -0.220983
v -0.120306 0.966546 -0.162460
v -0.125052 0.970759 -0.166437
v -0.122611 0.967748 -0.171516
v -0.112720 0.965015 -0.156243
v -0.102426 0.975726 -0.156458
v -0.111599 0.984673 -0.251057
v -0.115525 0.996133 -0.249434
v -0.111737 0.991612 -0.256025
v -0.089740 0.898018 -0.159392
v -0.103121 0.898078 -0.152956
v -0.107603 0.909389 -0.166090
v -0.086870 0.902560 -0.171056
v -0.108346 0.911110 -0.159404
v -0.105104 0.902208 -0.152442
v -0.100773 0.910669 -0.146040
v -0.105983 0.923453 -0.156724
v -0.100165 0.895947 -0.145000
v -0.096949 0.916827 -0.139778
v -0.096304 0.923876 -0.195877
v -0.095613 0.916099 -0.183278
v -0.102058 0.939387 -0.206723
v -0.093259 0.912271 -0.127292
v -0.100175 0.919895 -0.131947
v -0.091398 0.907253 -0.131821
v -0.106107 0.927150 -0.127477
v -0.109817 0.935752 -0.135499
v -0.109470 0.935053 -0.143611
v -0.102950 0.921857 -0.122007
v -0.103884 0.924843 -0.121735
v -0.097681 0.917855 -0.117764
v -0.102408 0.930938 -0.124588
v -0.106063 0.937964 -0.132138
v -0.090955 0.935860 -0.122312
v -0.096507 0.951510 -0.135221
v -0.100585 0.946645 -0.228377
v -0.106419 0.958060 -0.230690
v -0.102004 0.950987 -0.238529
v -0.099948 0.949330 -0.242189
v -0.103186 0.955978 -0.244066
v -0.101076 0.956065 -0.246360
v -0.103958 0.964342 -0.251574
v -0.108695 0.967727 -0.240869
v -0.095762 0.940716 -0.229163
v -0.094857 0.931833 -0.221637
v -0.098091 0.966769 -0.144480
v -0.107890 0.982675 -0.260280
v -0.105966 0.972533 -0.257361
v -0.105958 0.980301 -0.261956
v -0.111890 0.997971 -0.260262
v -0.111115 1.001233 -0.266760
v -0.100746 0.978787 -0.260062
v -0.096900 0.893425 -0.145484
v -0.092090 0.888467 -0.137779
v -0.093480 0.891267 -0.135338
v -0.084163 0.883956 -0.128783
v -0.086349 0.887531 -0.127755
v -0.080706 0.899133 -0.117472
v -0.079860 0.889735 -0.150181
v -0.078874 0.890220 -0.164608
v -0.073038 0.882610 -0.161910
v -0.071288 0.881863 -0.151684
v -0.089143 0.914124 -0.204924
v -0.090009 0.913618 -0.197099
v -0.092907 0.924369 -0.208862
v -0.088718 0.919838 -0.210878
v -0.086149 0.911678 -0.206343
v -0.086644 0.908842 -0.203110
v -0.088852 0.924625 -0.216540
v -0.079344 0.927294 -0.212220
v -0.083300 0.919758 -0.209558
v -0.089091 0.909045 -0.189517
v -0.084312 0.900572 -0.186636
v -0.081189 0.894740 -0.181653
v -0.092911 0.913377 -0.113985
v -0.088433 0.907968 -0.119551
v -0.092015 0.915776 -0.111786
v -0.097530 0.920707 -0.116435
v -0.086859 0.907769 -0.110776
v -0.086900 0.910784 -0.106519
v -0.077992 0.938518 -0.220030
v -0.085747 0.926865 -0.114373
v -0.079519 0.953602 -0.230971
v -0.094610 0.951334 -0.240731
v -0.090049 0.950853 -0.126781
v -0.085255 0.941346 -0.119052
v -0.088312 0.962657 -0.119963
v -0.090631 0.968032 -0.126847
v -0.100710 0.965163 -0.252664
v -0.095982 0.959312 -0.246698
v -0.085219 0.980961 -0.250904
v -0.095964 0.979955 -0.144429
v -0.098364 0.984404 -0.149652
v -0.093263 0.976461 -0.131684
v -0.085725 0.964603 -0.117818
v -0.087420 0.970950 -0.125287
v -0.091176 0.978415 -0.130692
v -0.093402 0.981075 -0.137785
v -0.093847 0.984590 -0.140593
v -0.096189 0.991007 -0.143509
v -0.091076 0.982207 -0.137146
v -0.090191 0.986217 -0.141194
v -0.093730 1.028323 -0.277208
v -0.088883 0.996788 -0.260008
v -0.100108 0.990348 -0.154116
v -0.097573 0.996166 -0.149831
v -0.093922 0.992090 -0.143205
v -0.093883 0.996900 -0.148920
v -0.096247 1.001971 -0.152350
v -0.099736 1.000833 -0.152888
v -0.096725 1.009000 -0.156228
v -0.085004 1.017685 -0.171354
v -0.094985 1.019146 -0.165594
v -0.099455 1.014761 -0.159326
v -0.101201 1.008240 -0.154740
v -0.078345 0.889615 -0.176852
v -0.078175 0.891508 -0.185513
v -0.074277 0.887967 -0.180350
v -0.072917 0.884547 -0.173652
v -0.074259 0.898272 -0.189633
v -0.061215 0.908533 -0.191181
v -0.069715 0.878535 -0.165633
v -0.067512 0.878988 -0.139718
v -0.075945 0.884108 -0.138024
v -0.072294 0.880149 -0.127976
v -0.079075 0.881091 -0.120991
v -0.074432 0.886083 -0.111720
v -0.075505 0.897338 -0.105605
v -0.064766 0.878407 -0.096447
v -0.069228 0.890484 -0.098793
v -0.084220 0.904369 -0.196355
v -0.081195 0.897089 -0.190750
v -0.074906 0.912503 -0.200448
v -0.065268 0.928705 -0.210783
v -0.081826 0.907637 -0.102214
v -0.076322 0.903124 -0.094443
v -0.074999 0.897979 -0.091757
v -0.068738 0.897188 -0.084117
v -0.068921 0.892856 -0.085737
v -0.065236 0.913727 -0.092229
v -0.070626 0.918721 -0.099976
v -0.077865 0.914505 -0.103693
v -0.082291 0.918507 -0.108506
v -0.080244 0.932579 -0.111974
v -0.074988 0.925839 -0.105539
v -0.074425 0.939945 -0.100188
v -0.081260 0.953220 -0.110035
v -0.070569 0.934789 -0.097129
v -0.085417 0.955567 -0.114992
v -0.063255 0.958314 -0.240952
v -0.075809 0.971183 -0.247708
v -0.063284 0.966371 -0.249578
v -0.077794 0.964025 -0.119802
v -0.063775 0.955031 -0.115981
v -0.080449 0.971591 -0.128493
v -0.080671 0.990629 -0.257836
v -0.086557 0.977538 -0.131771
v -0.084604 0.980773 -0.137910
v -0.072629 0.982651 -0.256479
v -0.066401 0.992526 -0.264498
v -0.084130 1.003789 -0.159780
v -0.081386 0.992532 -0.151035
v -0.072789 0.979305 -0.139990
v -0.081534 1.017098 -0.170506
v -0.076715 1.005431 -0.161184
v -0.071408 1.014944 -0.163341
v -0.074800 1.024221 -0.170028
v -0.065335 1.026321 -0.165905
v -0.064358 1.015530 -0.160709
v -0.055377 0.883861 -0.162532
v -0.051024 0.881241 -0.155137
v -0.060769 0.874848 -0.152341
v -0.064796 0.876209 -0.159885
v -0.063051 0.874664 -0.149718
v -0.060195 0.871781 -0.144343
v -0.063170 0.875468 -0.127400
v -0.063993 0.871307 -0.106169
v -0.049814 0.864705 -0.126958
v -0.056331 0.868762 -0.136775
v -0.055534 0.867617 -0.085608
v -0.043655 0.860855 -0.101111
v -0.054475 0.900202 -0.181390
v -0.062646 0.890822 -0.175406
v -0.064788 0.881634 -0.167330
v -0.062707 0.887790 -0.077413
v -0.061271 0.907223 -0.084288
v -0.058663 0.921811 -0.081180
v -0.061578 0.924196 -0.086758
v -0.067035 0.929688 -0.090977
v -0.063909 0.931334 -0.091915
v -0.066393 0.936638 -0.097290
v -0.057619 0.926930 -0.088154
v -0.043579 0.923896 -0.081536
v -0.070181 0.942883 -0.101598
v -0.058704 0.970893 -0.125556
v -0.061267 0.980119 -0.134415
v -0.055939 0.961746 -0.115888
v -0.052299 0.970404 -0.119363
v -0.061724 0.974581 -0.254197
v -0.059155 0.968759 -0.251221
v -0.057163 0.962710 -0.244170
v -0.056151 0.991274 -0.139264
v -0.053322 0.984757 -0.133414
v -0.066846 0.988178 -0.262401
v -0.064925 0.981278 -0.257719
v -0.065014 0.987480 -0.261842
v -0.062608 0.984406 -0.256458
v -0.057835 0.981955 -0.244209
v -0.064086 0.989984 -0.261370
v -0.068649 0.988888 -0.145905
v -0.059645 0.994569 -0.144573
v -0.065557 0.996922 -0.261570
v -0.062474 1.000952 -0.251792
v -0.057816 1.001235 -0.242909
v -0.073419 0.996172 -0.153993
v -0.061895 1.008857 -0.154220
v -0.060967 1.000922 -0.149416
v -0.068156 1.014471 -0.265598
v -0.065013 1.011249 -0.258272
v -0.038587 0.860075 -0.114445
v -0.053520 0.868592 -0.138583
v -0.057315 0.871466 -0.146028
v -0.047512 0.877938 -0.147776
v -0.043913 0.874252 -0.140070
v -0.030990 0.874271 -0.134433
v -0.046528 0.867595 -0.131845
v -0.043910 0.863610 -0.077413
v -0.045390 0.886471 -0.061853
v -0.044529 0.894338 -0.176015
v -0.048919 0.890203 -0.166795
v -0.040612 0.885104 -0.158262
v -0.036996 0.880669 -0.147701
v -0.054537 0.898993 -0.071793
v -0.036578 0.902954 -0.060120
v -0.049608 0.913357 -0.068725
v -0.034229 0.919143 -0.072773
v -0.047886 0.916153 -0.203370
v -0.051282 0.935657 -0.219994
v -0.039405 0.942015 -0.198674
v -0.040807 0.919738 -0.198309
v -0.055363 0.940066 -0.102441
v -0.050309 0.931127 -0.093173
v -0.034318 0.935068 -0.087927
v -0.014725 0.922432 -0.080508
v -0.050151 0.965889 -0.221580
v -0.046444 0.957158 -0.212683
v -0.053429 0.974631 -0.230116
v -0.042756 0.952820 -0.102133
v -0.037235 0.945041 -0.099528
v -0.054469 0.991745 -0.235903
v -0.036265 0.984002 -0.221610
v -0.034669 0.976977 -0.213905
v -0.047781 0.972086 -0.118986
v -0.050916 0.977260 -0.124717
v -0.046603 0.967023 -0.111699
v -0.039398 0.994729 -0.228255
v -0.033060 0.986654 -0.220645
v -0.050056 0.989481 -0.159589
v -0.055125 1.000512 -0.161169
v -0.055742 0.998308 -0.152944
v -0.053585 0.992359 -0.149921
v -0.053222 0.989643 -0.140722
v -0.050227 0.983269 -0.135344
v -0.046062 0.981107 -0.151821
v -0.042923 0.973303 -0.141269
v -0.047485 0.976657 -0.128078
v -0.040134 0.965574 -0.126369
v -0.058096 1.001105 -0.150112
v -0.056604 0.995070 -0.145586
v -0.046438 0.994541 -0.168976
v -0.055010 1.004424 -0.171026
v -0.038781 0.981639 -0.158182
v -0.068046 1.022573 -0.267080
v -0.064621 1.032200 -0.260519
v -0.044947 1.019659 -0.238888
v -0.042641 1.013251 -0.235192
v -0.043739 1.012389 -0.238075
v -0.047954 1.020969 -0.245556
v -0.049435 1.007549 -0.178671
v -0.058566 1.018245 -0.181094
v -0.061307 1.014858 -0.162027
v -0.059085 1.008360 -0.155257
v -0.015321 0.872064 -0.126336
v -0.019834 0.878871 -0.139437
v -0.025874 0.859861 -0.105112
v -0.028112 0.855755 -0.092384
v -0.025293 0.862733 -0.075552
v -0.016749 0.861487 -0.084123
v -0.023749 0.869596 -0.066735
v -0.031642 0.875085 -0.062573
v -0.032346 0.890545 -0.169795
v -0.034137 0.893966 -0.178286
v -0.028763 0.886073 -0.161919
v -0.026433 0.882011 -0.149990
v -0.039036 0.901836 -0.188832
v -0.034781 0.907267 -0.187135
v -0.031154 0.898406 -0.177318
v -0.030067 0.886141 -0.052418
v -0.029511 0.901959 -0.054399
v -0.022144 0.910856 -0.055492
v -0.019490 0.913679 -0.067721
v -0.038346 0.952735 -0.201972
v -0.031948 0.938568 -0.189134
v -0.032424 0.926051 -0.181551
v -0.038560 0.961394 -0.206997
v -0.015664 0.938511 -0.116731
v -0.028315 0.934751 -0.096719
v -0.014316 0.929576 -0.104699
v -0.033625 0.956553 -0.127836
v -0.041565 0.963287 -0.112431
v -0.033043 0.975444 -0.210920
v -0.032993 0.976754 -0.205008
v -0.030286 0.969866 -0.206654
v -0.035878 0.971749 -0.145840
v -0.034630 0.992212 -0.222324
v -0.037337 0.998392 -0.226241
v -0.038305 0.991000 -0.210320
v -0.040452 0.986247 -0.194790
v -0.036313 0.976153 -0.186627
v -0.028884 0.964136 -0.195677
v -0.041808 1.003081 -0.235111
v -0.038831 1.006124 -0.231568
v -0.047035 1.015870 -0.223612
v -0.042369 1.004112 -0.217783
v -0.044760 1.003289 -0.206373
v -0.039368 1.000121 -0.194461
v -0.035333 0.995756 -0.174665
v -0.035651 1.006026 -0.181453
v -0.029737 0.982244 -0.163545
v -0.033579 0.988613 -0.178253
v -0.033773 0.996232 -0.179887
v -0.037857 0.989714 -0.188127
v -0.036905 0.995743 -0.187252
v -0.048890 1.019361 -0.216459
v -0.040655 1.020716 -0.201736
v -0.039688 1.014175 -0.198665
v -0.038336 1.008859 -0.193890
v -0.042951 1.026112 -0.204927
v -0.038646 1.013179 -0.187034
v -0.045528 1.013829 -0.184927
v -0.037010 1.011706 -0.189767
v -0.037770 1.019394 -0.193347
v -0.034244 1.004992 -0.184898
v -0.022321 0.812385 -0.045367
v -0.019895 0.810889 -0.058635
v -0.021920 0.800879 -0.043437
v -0.015494 0.811172 -0.060592
v -0.014282 0.822264 -0.061743
v -0.020167 0.820037 -0.059962
v -0.018492 0.828211 -0.059929
v -0.021570 0.820335 -0.051322
v -0.023079 0.829819 -0.047539
v -0.023632 0.841197 -0.051832
v -0.017396 0.834548 -0.061793
v -0.021468 0.846106 -0.059571
v -0.018185 0.844190 -0.064058
v -0.022639 0.855102 -0.057850
v -0.018594 0.852937 -0.065934
v -0.011876 0.866476 -0.112766
v -0.007910 0.876440 -0.116136
v -0.004788 0.867069 -0.101966
v -0.022565 0.866742 -0.056030
v -0.017623 0.861055 -0.067303
v -0.014151 0.868471 -0.070864
v -0.019167 0.867109 -0.069723
v -0.021576 0.869003 -0.062851
v -0.018005 0.865845 -0.067279
v -0.028095 0.857883 -0.043775
v -0.028596 0.881543 -0.041943
v -0.025626 0.874407 -0.057885
v -0.029845 0.893705 -0.169675
v -0.026667 0.894270 -0.160557
v -0.023693 0.886740 -0.149757
v -0.011478 0.906887 -0.142237
v -0.006828 0.900003 -0.130432
v -0.017669 0.894054 -0.138720
v -0.020584 0.900432 -0.147632
v -0.026391 0.913671 -0.165555
v -0.028518 0.897914 -0.042009
v -0.015034 0.930443 -0.169693
v -0.017418 0.939652 -0.178516
v -0.026674 0.906497 -0.040363
v -0.022408 0.918422 -0.042397
v -0.018584 0.919527 -0.057013
v -0.011836 0.923740 -0.162218
v -0.014272 0.915540 -0.154692
v -0.009733 0.912305 -0.070359
v -0.015473 0.927389 -0.067037
v -0.018852 0.928737 -0.057784
v -0.018360 0.941577 -0.066314
v -0.013863 0.940317 -0.068898
v -0.022811 0.928705 -0.043138
v -0.018189 0.944719 -0.178483
v -0.021587 0.947155 -0.185830
v -0.021035 0.949791 -0.183514
v -0.025320 0.954687 -0.193634
v -0.017223 0.937518 -0.158056
v -0.019440 0.943355 -0.165702
v -0.024431 0.951694 -0.164115
v -0.019736 0.939510 -0.148152
v -0.014607 0.928012 -0.144806
v -0.012863 0.929320 -0.156061
v -0.015496 0.947517 -0.125219
v -0.021404 0.943042 -0.051471
v -0.021315 0.953149 -0.064297
v -0.019634 0.948182 -0.070111
v -0.029226 0.961255 -0.198309
v -0.024430 0.957648 -0.191647
v -0.032220 0.967894 -0.176900
v -0.027877 0.960477 -0.180894
v -0.024160 0.953853 -0.176111
v -0.026696 0.966822 -0.164617
v -0.021842 0.957630 -0.155161
v -0.014734 0.950916 -0.137779
v -0.018678 0.959910 -0.070822
v -0.018513 0.952598 -0.071366
v -0.015315 0.953089 -0.071835
v -0.017433 0.947073 -0.071019
v -0.025837 0.968165 -0.049604
v -0.022481 0.973576 -0.070362
v -0.032213 0.957431 -0.044289
v -0.028970 0.979573 -0.166449
v -0.023801 0.973871 -0.157390
v -0.024790 0.968111 -0.144238
v -0.021141 0.968013 -0.149132
v -0.025460 0.975054 -0.153954
v -0.015887 0.959004 -0.137609
v -0.020808 0.974886 -0.074494
v -0.016584 0.973795 -0.075208
v -0.008644 0.958684 -0.070520
v -0.039845 0.967948 -0.042421
v -0.027438 0.979260 -0.049929
v -0.041546 0.978724 -0.042254
v -0.027521 0.993564 -0.050855
v -0.021479 0.983623 -0.074234
v -0.017768 0.983433 -0.075898
v -0.024400 0.981788 -0.059236
v -0.024294 0.993467 -0.058614
v -0.021247 0.994806 -0.074371
v -0.017438 0.994503 -0.076074
v -0.023374 1.004369 -0.060900
v -0.021198 1.003214 -0.074100
v -0.018267 1.005596 -0.077347
v -0.025123 1.013658 -0.053870
v -0.020256 1.013158 -0.076848
v -0.022266 1.013202 -0.064808
v -0.021584 1.022568 -0.066529
v -0.024025 1.033077 -0.058384
v -0.018929 1.021240 -0.075238
v -0.032849 1.011826 -0.049072
v -0.036752 1.019405 -0.047025
v -0.033010 1.026808 -0.050228
v -0.035871 1.002667 -0.046834
v 0.006660 0.824698 -0.059373
v -0.008746 0.839915 -0.063030
v -0.009687 0.851406 -0.065531
v -0.004685 0.860688 -0.065579
v -0.015231 0.865922 -0.068011
v -0.015149 0.863655 -0.067085
v -0.010447 0.864570 -0.065609
v -0.010580 0.867687 -0.066490
v -0.001798 0.869276 -0.088757
v -0.002659 0.875142 -0.071151
v -0.001679 0.871972 -0.064670
v -0.002700 0.891743 -0.118054
v -0.000734 0.881925 -0.104311
v -0.007647 0.911016 -0.139120
v -0.004449 0.905751 -0.129231
v -0.010289 0.925668 -0.160106
v -0.010271 0.919927 -0.150572
v -0.012960 0.920833 -0.130997
v -0.009830 0.914825 -0.121705
v -0.014076 0.929917 -0.129963
v -0.008808 0.925123 -0.111168
v -0.000922 0.912999 -0.090762
v 0.001261 0.902023 -0.073636
v -0.015334 0.916062 -0.064653
v -0.008032 0.916404 -0.065534
v -0.014810 0.921315 -0.065352
v -0.005944 0.924891 -0.063813
v -0.015771 0.940011 -0.174166
v -0.013761 0.933042 -0.166736
v -0.012652 0.941466 -0.128108
v -0.011536 0.937059 -0.118903
v -0.003361 0.907360 -0.112414
v 0.001448 0.904308 -0.100394
v -0.010926 0.929791 -0.066370
v -0.014323 0.951794 -0.131881
v -0.022882 0.960676 -0.135816
v 0.000388 0.988600 -0.070634
v 0.000147 0.976215 -0.070171
v -0.001180 0.962389 -0.068644
v 0.003165 1.002144 -0.070446
v -0.011548 1.012585 -0.075384
v -0.016972 1.015492 -0.077323
v -0.002176 1.013209 -0.072761
v -0.015905 1.022058 -0.077004
v -0.006317 1.024864 -0.074655
v 0.019331 0.812068 -0.067315
v 0.022435 0.829721 -0.068432
v 0.023652 0.816772 -0.067070
v 0.010302 0.837529 -0.063030
v 0.009027 0.850261 -0.063562
v 0.010410 0.862738 -0.063977
v 0.008095 0.873010 -0.062146
v 0.004103 0.880700 -0.090403
v 0.004235 0.889601 -0.074129
v 0.007504 0.889630 -0.066233
v 0.012212 0.889711 -0.063027
v 0.019308 0.882725 -0.067658
v 0.023757 0.869877 -0.070514
v 0.006325 0.893192 -0.103164
v 0.006356 0.892222 -0.091455
v -0.003552 0.909369 -0.066663
v 0.003900 0.900862 -0.067945
v 0.000910 0.898787 -0.117445
v 0.011393 0.900127 -0.061955
v 0.017580 0.894271 -0.065901
v 0.004552 0.917125 -0.059693
v 0.005020 0.930909 -0.060461
v 0.012337 0.928059 -0.065573
v 0.009368 0.913563 -0.059266
v 0.007733 0.910308 -0.059723
v 0.005505 0.949998 -0.064333
v 0.017804 0.961549 -0.078148
v 0.018287 0.952114 -0.075047
v 0.008178 0.973282 -0.071820
v 0.009934 0.995729 -0.074273
v 0.007131 0.985745 -0.072029
v 0.008628 1.011210 -0.074252
v 0.003587 1.023595 -0.071981
v 0.023700 0.808928 -0.065522
v 0.029593 0.811042 -0.053401
v 0.028606 0.820927 -0.058573
v 0.027299 0.830924 -0.063849
v 0.022831 0.839276 -0.068008
v 0.026693 0.839811 -0.065994
v 0.023849 0.848908 -0.070066
v 0.023958 0.858708 -0.071166
v 0.026129 0.876859 -0.071309
v 0.024574 0.883924 -0.070643
v 0.023721 0.892993 -0.069068
v 0.018437 0.902617 -0.066860
v 0.024305 0.902452 -0.070030
v 0.012753 0.905063 -0.062720
v 0.018169 0.912998 -0.067831
v 0.023282 0.911730 -0.070514
v 0.020689 0.930328 -0.073813
v 0.022067 0.920007 -0.073684
v 0.014398 0.941575 -0.070589
v 0.021056 0.942806 -0.076998
v 0.025333 0.920978 -0.073185
v 0.024843 0.930915 -0.073386
v 0.024929 0.942797 -0.075722
v 0.024074 0.952434 -0.076051
v 0.022959 0.959830 -0.081348
v 0.021218 0.974549 -0.081685
v 0.021836 0.964709 -0.081303
v 0.021772 0.983655 -0.082874
v 0.021158 1.002707 -0.083095
v 0.020988 1.011591 -0.081784
v 0.035961 0.813679 -0.046753
v 0.035362 0.827450 -0.049383
v 0.032259 0.846346 -0.058847
v 0.027385 0.848783 -0.068510
v 0.035429 0.841439 -0.051325
v 0.043802 0.839847 -0.049371
v 0.044522 0.830842 -0.047285
v 0.033820 0.858624 -0.056505
v 0.027765 0.858506 -0.070269
v 0.028263 0.868405 -0.069519
v 0.031498 0.867767 -0.062642
v 0.038541 0.856799 -0.051229
v 0.032383 0.876774 -0.059033
v 0.035465 0.878603 -0.051253
v 0.028766 0.876810 -0.069690
v 0.027852 0.884174 -0.069782
v 0.030499 0.884188 -0.063735
v 0.031776 0.891307 -0.058597
v 0.026944 0.892932 -0.067754
v 0.035115 0.901753 -0.049819
v 0.032695 0.902397 -0.055477
v 0.027161 0.902471 -0.068483
v 0.026570 0.912196 -0.068925
v 0.031101 0.914186 -0.058925
v 0.035264 0.917705 -0.051244
v 0.029689 0.923743 -0.064685
v 0.033255 0.930268 -0.055068
v 0.028062 0.932440 -0.068877
v 0.030449 0.943508 -0.066565
v 0.031337 0.957907 -0.068563
v 0.040049 0.947352 -0.056138
v 0.040679 0.960769 -0.058256
v 0.025158 0.964064 -0.080401
v 0.025539 0.974199 -0.080950
v 0.033878 0.974896 -0.066648
v 0.025514 0.983882 -0.082074
v 0.025281 0.993248 -0.081593
v 0.021409 0.993562 -0.082265
v 0.029479 0.984147 -0.075620
v 0.032237 0.993886 -0.070242
v 0.024883 1.002781 -0.082510
v 0.029011 1.003896 -0.075800
v 0.025058 1.011853 -0.081195
v 0.032489 1.017535 -0.069983
v 0.039762 1.031215 -0.063897
v 0.044101 1.010949 -0.061964
v 0.036758 0.999327 -0.063033
v 0.048928 0.822820 -0.046245
v 0.047441 0.847513 -0.049595
v 0.054745 0.846952 -0.047712
v 0.054750 0.839131 -0.047040
v 0.046988 0.871739 -0.049944
v 0.047427 0.885612 -0.048695
v 0.052135 0.878535 -0.049102
v 0.048002 0.895402 -0.048549
v 0.049191 0.904458 -0.048800
v 0.054169 0.903085 -0.046538
v 0.055586 0.895318 -0.045254
v 0.051130 0.912691 -0.050082
v 0.043886 0.923101 -0.051584
v 0.052544 0.920162 -0.050930
v 0.043661 0.934174 -0.053431
v 0.053778 0.926745 -0.051841
v 0.038942 0.976131 -0.060410
v 0.046002 0.988528 -0.060362
v 0.024799 1.020358 -0.083427
v 0.054891 0.830904 -0.045233
v 0.056378 0.854513 -0.048555
v 0.051075 0.863239 -0.049783
v 0.056064 0.862036 -0.048265
v 0.055575 0.870661 -0.049078
v 0.055176 0.887719 -0.046986
v 0.056134 0.912298 -0.048573
v 0.056228 0.920083 -0.048803
v 0.057328 0.927607 -0.050625
v 0.057526 0.936362 -0.052119
v 0.058268 0.928255 -0.046667
v 0.056535 0.919900 -0.044728
v 0.059202 0.936955 -0.048955
v 0.056272 0.944890 -0.052741
v 0.058398 0.944845 -0.048409
v 0.057721 0.959326 -0.055020
v 0.060007 0.959313 -0.046986
v 0.060525 0.973946 -0.057279
v 0.058571 0.986927 -0.058062
v 0.061909 0.971232 -0.054258
v 0.056619 0.973709 -0.034943
v 0.056836 0.984898 -0.036129
v 0.061458 0.978483 -0.055785
v 0.061808 0.977912 -0.053165
v 0.061169 0.987137 -0.055217
v 0.057302 0.998371 -0.059448
v 0.059823 0.985668 -0.046631
v 0.058816 0.997627 -0.046275
v 0.060643 0.998857 -0.055740
v 0.056567 1.009634 -0.060060
v 0.060365 1.009438 -0.057623
v 0.058376 1.009830 -0.048397
v 0.056573 1.022773 -0.059801
v 0.058967 1.022765 -0.056227
v 0.056667 1.022351 -0.042854
v -0.117984 1.031405 -0.282965
v -0.118747 1.049147 -0.295621
v -0.117406 1.042167 -0.294521
v -0.113927 1.023042 -0.284498
v -0.114813 1.028928 -0.288074
v -0.120885 1.058208 -0.295343
v -0.116591 1.036542 -0.292027
v -0.120662 1.062613 -0.299161
v -0.118937 1.061187 -0.301922
v -0.117092 1.055044 -0.299373
v -0.123326 1.069670 -0.297491
v -0.119264 1.067798 -0.304037
v -0.123349 1.074935 -0.302319
v -0.121021 1.073420 -0.306108
v -0.115219 1.061774 -0.301501
v -0.115211 1.068371 -0.303565
v -0.123843 1.085033 -0.311683
v -0.121369 1.085312 -0.313377
v -0.120182 1.078952 -0.310141
v -0.122688 1.079142 -0.308770
v -0.118245 1.073792 -0.306837
v -0.126586 1.082913 -0.301011
v -0.120564 1.092663 -0.315988
v -0.127935 1.095844 -0.309391
v -0.127088 1.103561 -0.320690
v -0.124185 1.101764 -0.322525
v -0.108418 1.091233 -0.309600
v -0.101885 1.085515 -0.304712
v -0.115342 1.111747 -0.320696
v -0.114797 1.103581 -0.317500
v -0.123995 1.113042 -0.325468
v -0.124100 1.120577 -0.327703
v -0.116204 1.119520 -0.323329
v -0.109605 1.124805 -0.321557
v -0.126759 1.139433 -0.333642
v -0.113799 1.157776 -0.332286
v -0.104629 1.161489 -0.334010
v -0.106645 1.145735 -0.327840
v -0.126579 1.163204 -0.340317
v -0.129679 1.157841 -0.338004
v -0.129755 1.175230 -0.346913
v -0.119607 1.177386 -0.341816
v -0.114016 1.169919 -0.336143
v -0.130932 1.184133 -0.349402
v -0.130350 1.190956 -0.351105
v -0.131416 1.197474 -0.353355
v -0.122060 1.197673 -0.348778
v -0.112597 1.190488 -0.342196
v -0.131384 1.205140 -0.354191
v -0.119944 1.206561 -0.350068
v -0.112007 1.205323 -0.347015
v -0.131523 1.213063 -0.355900
v -0.132407 1.220658 -0.357747
v -0.119850 1.216585 -0.352318
v -0.124162 1.223483 -0.355007
v -0.133228 1.227903 -0.358813
v -0.135756 1.228328 -0.356587
v -0.136426 1.234713 -0.358108
v -0.134380 1.234637 -0.360776
v -0.129190 1.228592 -0.357806
v -0.128578 1.235056 -0.358783
v -0.112860 1.017749 -0.281292
v -0.115596 1.020507 -0.275454
v -0.110651 1.022895 -0.284755
v -0.110670 1.017524 -0.281860
v -0.111154 1.029493 -0.288029
v -0.112899 1.037700 -0.292445
v -0.099064 1.049876 -0.288943
v -0.115778 1.048523 -0.297240
v -0.115525 1.042003 -0.295460
v -0.091635 1.044396 -0.287718
v -0.089442 1.034419 -0.282986
v -0.111683 1.055645 -0.297491
v -0.101147 1.065923 -0.296117
v -0.107501 1.076116 -0.302648
v -0.094516 1.072753 -0.300742
v -0.114557 1.095925 -0.314276
v -0.105152 1.108262 -0.314742
v -0.101960 1.124336 -0.322698
v -0.087353 1.105608 -0.321121
v -0.092124 1.135905 -0.331210
v -0.091369 1.149555 -0.334568
v -0.106839 1.174343 -0.338147
v -0.123459 1.184314 -0.345763
v -0.096779 1.198362 -0.350914
v -0.101182 1.190172 -0.346845
v -0.110932 1.223629 -0.352213
v -0.117370 1.242882 -0.355419
v -0.115919 1.230502 -0.353223
v -0.131497 1.241922 -0.361463
v -0.108774 1.228792 -0.266476
v -0.102826 1.239428 -0.267283
v -0.127569 1.236875 -0.261708
v -0.130062 1.228186 -0.259745
v -0.077990 1.035972 -0.289666
v -0.083879 1.027370 -0.280360
v -0.085611 1.051579 -0.294008
v -0.079630 1.043590 -0.292642
v -0.092908 1.062062 -0.296191
v -0.084439 1.064239 -0.300249
v -0.087484 1.080736 -0.307604
v -0.089795 1.091089 -0.311844
v -0.082589 1.074067 -0.307076
v -0.083037 1.069486 -0.304019
v -0.087538 1.117683 -0.326502
v -0.090338 1.126216 -0.328942
v -0.086317 1.124546 -0.328614
v -0.088067 1.143707 -0.333379
v -0.087094 1.134757 -0.331180
v -0.089193 1.163983 -0.338419
v -0.093247 1.166253 -0.341452
v -0.097315 1.181185 -0.345402
v -0.091944 1.180315 -0.347119
v -0.093272 1.174043 -0.343376
v -0.092600 1.189778 -0.349838
v -0.092257 1.197665 -0.350624
v -0.097030 1.205965 -0.353101
v -0.092118 1.205935 -0.352554
v -0.096867 1.213641 -0.354920
v -0.103620 1.210188 -0.351544
v -0.101488 1.221536 -0.354672
v -0.100801 1.233415 -0.357561
v -0.110021 1.242060 -0.355512
v -0.094972 1.236035 -0.358010
v -0.093669 1.222204 -0.355336
v -0.097388 1.242319 -0.360403
v -0.074376 1.024564 -0.281734
v -0.076827 1.030673 -0.286655
v -0.077337 1.051885 -0.295328
v -0.081957 1.058432 -0.298582
v -0.078730 1.058813 -0.297999
v -0.075784 1.044393 -0.292045
v -0.079530 1.064618 -0.300279
v -0.080121 1.069740 -0.303272
v -0.077990 1.074316 -0.297428
v -0.074887 1.070558 -0.290079
v -0.076527 1.061350 -0.293219
v -0.082204 1.090288 -0.312131
v -0.082185 1.082138 -0.308641
v -0.080870 1.074876 -0.306705
v -0.079418 1.085431 -0.302690
v -0.079635 1.077415 -0.303254
v -0.073815 1.089118 -0.290679
v -0.084763 1.110952 -0.322638
v -0.081891 1.111294 -0.317153
v -0.082896 1.131382 -0.321288
v -0.083837 1.118707 -0.323167
v -0.080746 1.150908 -0.314808
v -0.086402 1.161421 -0.328366
v -0.078438 1.169541 -0.317909
v -0.074690 1.162129 -0.313908
v -0.070873 1.155899 -0.309986
v -0.074284 1.143517 -0.309212
v -0.089721 1.174612 -0.341443
v -0.089776 1.181084 -0.345267
v -0.085270 1.180661 -0.331267
v -0.088587 1.190511 -0.343988
v -0.082504 1.202196 -0.331575
v -0.080510 1.185642 -0.325046
v -0.078510 1.193930 -0.271970
v -0.082083 1.204669 -0.273222
v -0.085999 1.193667 -0.263076
v -0.083227 1.181200 -0.265230
v -0.093395 1.214148 -0.354281
v -0.087489 1.206301 -0.342536
v -0.089789 1.198376 -0.347113
v -0.066680 1.199527 -0.322779
v -0.065653 1.189365 -0.319131
v -0.076730 1.182603 -0.269162
v -0.074772 1.187761 -0.271585
v -0.087170 1.202669 -0.260725
v -0.085695 1.209667 -0.268738
v -0.078623 1.226611 -0.334972
v -0.080951 1.216423 -0.334141
v -0.088711 1.216350 -0.345590
v -0.084897 1.220922 -0.275902
v -0.072678 1.216386 -0.279771
v -0.076202 1.236332 -0.335061
v -0.090193 1.244254 -0.348685
v -0.082420 1.244753 -0.339815
v -0.080612 1.228789 -0.280482
v -0.086384 1.238317 -0.279810
v -0.090678 1.230317 -0.265152
v -0.089844 1.220374 -0.259019
v -0.073794 1.030221 -0.286891
v -0.071437 1.019008 -0.277238
v -0.071564 1.026366 -0.278361
v -0.071845 1.032231 -0.282069
v -0.068767 1.042788 -0.273715
v -0.074209 1.036804 -0.289105
v -0.071128 1.050758 -0.280856
v -0.073790 1.056802 -0.287584
v -0.064254 1.049481 -0.268403
v -0.068161 1.059331 -0.274725
v -0.070377 1.070066 -0.280832
v -0.057678 1.041552 -0.261137
v -0.067221 1.086384 -0.284357
v -0.059783 1.075480 -0.275962
v -0.059410 1.082904 -0.278558
v -0.076815 1.123342 -0.305229
v -0.068116 1.102604 -0.291946
v -0.061997 1.095869 -0.284988
v -0.063562 1.112616 -0.293422
v -0.069358 1.121921 -0.300458
v -0.060733 1.128716 -0.298313
v -0.061767 1.139604 -0.302630
v -0.063251 1.149767 -0.305382
v -0.066399 1.135144 -0.275529
v -0.062127 1.131687 -0.285224
v -0.064038 1.140174 -0.286768
v -0.059956 1.122487 -0.284949
v -0.064728 1.116974 -0.268134
v -0.069231 1.158664 -0.286090
v -0.065037 1.149351 -0.290697
v -0.063802 1.153805 -0.297721
v -0.065692 1.160993 -0.298387
v -0.063762 1.167820 -0.310404
v -0.064218 1.158872 -0.308020
v -0.062677 1.159743 -0.305426
v -0.063266 1.168072 -0.306699
v -0.069116 1.167528 -0.284387
v -0.065005 1.176387 -0.313890
v -0.064332 1.175746 -0.309128
v -0.071776 1.191223 -0.295929
v -0.071405 1.176989 -0.292179
v -0.063380 1.181560 -0.312202
v -0.065223 1.176713 -0.274683
v -0.067978 1.183268 -0.283915
v -0.064839 1.184496 -0.275738
v -0.065032 1.171676 -0.270309
v -0.068353 1.204188 -0.291244
v -0.069570 1.198820 -0.304653
v -0.071843 1.210725 -0.301079
v -0.068693 1.191257 -0.286927
v -0.065953 1.193264 -0.279192
v -0.066306 1.185798 -0.273434
v -0.067686 1.193745 -0.276135
v -0.063523 1.202877 -0.320081
v -0.063705 1.191850 -0.315991
v -0.066988 1.198479 -0.285747
v -0.068939 1.226816 -0.284677
v -0.066782 1.200463 -0.277659
v -0.065188 1.213089 -0.323995
v -0.067478 1.220391 -0.327111
v -0.072388 1.222827 -0.304751
v -0.066338 1.207802 -0.279383
v -0.064484 1.207404 -0.282048
v -0.066165 1.216247 -0.284516
v -0.066557 1.225896 -0.287345
v -0.067065 1.229272 -0.329259
v -0.068683 1.238125 -0.330143
v -0.070589 1.238698 -0.320622
v -0.066461 1.228812 -0.326161
v -0.074598 1.251611 -0.311294
v -0.069895 1.252840 -0.327532
v -0.073295 1.266633 -0.324763
v -0.076115 1.268826 -0.315071
v -0.072445 1.238932 -0.287742
v -0.073289 1.238047 -0.308692
v -0.068841 1.237993 -0.292161
v -0.055799 1.068674 -0.272135
v -0.052991 1.061101 -0.268391
v -0.049804 1.063310 -0.266094
v -0.052577 1.071608 -0.269255
v -0.054404 1.078662 -0.273043
v -0.055507 1.085039 -0.276586
v -0.055867 1.086360 -0.273966
v -0.056572 1.081778 -0.268762
v -0.054874 1.074732 -0.265090
v -0.058094 1.090825 -0.279965
v -0.057183 1.097315 -0.282466
v -0.058484 1.092772 -0.274125
v -0.062438 1.096422 -0.261089
v -0.059397 1.100463 -0.276649
v -0.056935 1.106323 -0.284689
v -0.058066 1.112358 -0.288185
v -0.058399 1.114517 -0.284889
v -0.061508 1.110929 -0.275547
v -0.058403 1.119711 -0.294734
v -0.058276 1.130330 -0.294506
v -0.056747 1.119968 -0.292125
v -0.059161 1.138430 -0.297841
v -0.059172 1.140071 -0.258260
v -0.057886 1.129470 -0.255685
v -0.061354 1.147917 -0.266960
v -0.059539 1.144847 -0.299559
v -0.061555 1.151938 -0.302669
v -0.080126 1.159420 -0.256671
v -0.085584 1.176337 -0.255072
v -0.084254 1.167671 -0.252494
v -0.066581 1.177680 -0.271206
v -0.064958 1.199511 -0.280225
v -0.066382 1.220300 -0.323854
v -0.070633 1.226094 -0.313923
v -0.109269 1.032805 -0.180422
v -0.113122 1.018310 -0.186003
v -0.108831 1.027807 -0.174814
v -0.117310 1.040606 -0.201476
v -0.125518 1.062098 -0.215378
v -0.112673 1.035632 -0.190105
v -0.113348 1.041248 -0.192722
v -0.117698 1.051499 -0.202895
v -0.118569 1.061178 -0.204849
v -0.121737 1.066895 -0.212387
v -0.123747 1.075885 -0.219181
v -0.116064 1.075817 -0.199140
v -0.117423 1.084085 -0.206663
v -0.121640 1.086437 -0.217386
v -0.123977 1.091016 -0.223899
v -0.117597 1.091836 -0.210454
v -0.118873 1.099132 -0.214894
v -0.122716 1.101930 -0.224568
v -0.118483 1.106088 -0.217457
v -0.119409 1.115828 -0.220376
v -0.125377 1.130227 -0.231544
v -0.127012 1.138210 -0.235909
v -0.117898 1.121485 -0.223474
v -0.121262 1.120757 -0.224941
v -0.127877 1.147154 -0.239291
v -0.122456 1.134163 -0.225939
v -0.122188 1.126809 -0.225422
v -0.120205 1.128632 -0.224138
v -0.122888 1.141866 -0.229784
v -0.119641 1.135221 -0.225930
v -0.115943 1.130366 -0.225957
v -0.127386 1.155813 -0.239712
v -0.123859 1.150625 -0.231777
v -0.118517 1.141688 -0.229402
v -0.117096 1.150430 -0.233606
v -0.124989 1.158755 -0.235715
v -0.125289 1.165583 -0.239593
v -0.121429 1.159423 -0.235416
v -0.122506 1.166132 -0.239154
v -0.126206 1.174701 -0.242948
v -0.126827 1.180914 -0.248359
v -0.123616 1.175335 -0.242578
v -0.123662 1.181736 -0.247322
v -0.112462 1.166997 -0.245042
v -0.116782 1.173967 -0.246596
v -0.128578 1.191434 -0.249407
v -0.129153 1.201437 -0.253378
v -0.125411 1.191927 -0.248559
v -0.114238 1.191555 -0.254866
v -0.114690 1.181008 -0.250991
v -0.130845 1.213549 -0.254764
v -0.124660 1.202006 -0.252550
v -0.127140 1.213578 -0.253749
v -0.130773 1.221277 -0.258511
v -0.127698 1.222828 -0.257800
v -0.112048 1.213951 -0.262189
v -0.109458 1.204286 -0.260605
v -0.109537 1.039911 -0.182726
v -0.107096 1.025182 -0.167512
v -0.104756 1.019196 -0.163479
v -0.102067 1.020388 -0.163046
v -0.104467 1.026866 -0.166667
v -0.106472 1.035276 -0.177419
v -0.105768 1.031334 -0.172296
v -0.107113 1.041338 -0.180864
v -0.103670 1.035676 -0.177168
v -0.101323 1.040225 -0.182672
v -0.110016 1.046393 -0.186233
v -0.111552 1.052747 -0.189878
v -0.108812 1.053695 -0.188701
v -0.110302 1.060423 -0.191154
v -0.112781 1.060020 -0.192510
v -0.107308 1.047227 -0.185295
v -0.097107 1.045658 -0.188925
v -0.114195 1.066956 -0.196935
v -0.110603 1.067436 -0.195522
v -0.095729 1.054318 -0.195620
v -0.104599 1.060198 -0.193965
v -0.102248 1.066561 -0.198805
v -0.112405 1.074724 -0.197709
v -0.113667 1.079444 -0.199534
v -0.108345 1.079323 -0.202352
v -0.104937 1.073570 -0.201088
v -0.114096 1.085838 -0.205330
v -0.114666 1.092838 -0.209370
v -0.111649 1.100150 -0.214801
v -0.116680 1.101008 -0.213770
v -0.105912 1.092702 -0.213119
v -0.105911 1.084555 -0.207553
v -0.110400 1.123616 -0.226934
v -0.100713 1.132724 -0.234332
v -0.105491 1.138331 -0.235425
v -0.105009 1.114252 -0.225297
v -0.109704 1.158469 -0.242121
v -0.102137 1.147673 -0.239315
v -0.106734 1.172457 -0.250985
v -0.099400 1.184530 -0.252476
v -0.107201 1.191707 -0.257564
v -0.099945 1.174585 -0.249360
v -0.115177 1.222732 -0.263509
v -0.102823 1.250584 -0.269882
v -0.113922 1.249267 -0.272123
v -0.085506 1.027284 -0.178337
v -0.095345 1.025548 -0.171172
v -0.103328 1.013258 -0.159186
v -0.092008 1.034727 -0.182809
v -0.100268 1.031322 -0.174010
v -0.088826 1.041123 -0.188823
v -0.077875 1.040724 -0.182824
v -0.068316 1.032602 -0.171880
v -0.070118 1.040088 -0.176652
v -0.087026 1.052224 -0.194470
v -0.091409 1.067390 -0.202907
v -0.078896 1.063086 -0.195868
v -0.096029 1.072793 -0.206086
v -0.097907 1.094508 -0.217977
v -0.089618 1.085203 -0.209585
v -0.109769 1.105906 -0.219112
v -0.096319 1.108804 -0.223863
v -0.088908 1.118079 -0.224392
v -0.083830 1.111256 -0.219841
v -0.083717 1.119164 -0.222978
v -0.084063 1.102954 -0.215611
v -0.087676 1.131188 -0.226964
v -0.102974 1.158476 -0.244143
v -0.093999 1.142656 -0.233591
v -0.088442 1.151507 -0.233390
v -0.085595 1.144637 -0.229590
v -0.096767 1.166005 -0.244508
v -0.093573 1.194867 -0.252258
v -0.092148 1.186813 -0.250125
v -0.099477 1.201509 -0.255864
v -0.091929 1.203647 -0.252804
v -0.104491 1.218360 -0.262030
v -0.101746 1.209389 -0.258481
v -0.094106 1.231721 -0.262440
v -0.093309 1.220654 -0.257143
v -0.094148 1.240653 -0.264749
v -0.070656 1.046177 -0.183753
v -0.066714 1.038435 -0.177643
v -0.066385 1.041354 -0.192480
v -0.075848 1.050190 -0.187536
v -0.077209 1.071007 -0.197622
v -0.074183 1.063433 -0.196361
v -0.074492 1.070517 -0.198450
v -0.080441 1.077852 -0.201494
v -0.079900 1.088186 -0.205889
v -0.076505 1.085837 -0.206128
v -0.074919 1.077912 -0.202782
v -0.077386 1.090966 -0.208868
v -0.080108 1.100924 -0.214616
v -0.082918 1.097421 -0.212035
v -0.075253 1.097560 -0.226328
v -0.069007 1.096395 -0.232656
v -0.074536 1.108131 -0.236250
v -0.080470 1.109944 -0.221234
v -0.076453 1.123773 -0.242602
v -0.080725 1.118670 -0.227221
v -0.083608 1.130485 -0.226794
v -0.083452 1.137734 -0.229043
v -0.086168 1.138056 -0.228392
v -0.080520 1.127868 -0.231386
v -0.076622 1.143419 -0.250764
v -0.082720 1.156470 -0.246745
v -0.081054 1.147526 -0.243462
v -0.079252 1.138014 -0.243097
v -0.083328 1.144581 -0.230591
v -0.084474 1.151677 -0.234188
v -0.081187 1.135269 -0.233199
v -0.085831 1.158839 -0.238027
v -0.085968 1.165150 -0.241102
v -0.087864 1.171629 -0.245374
v -0.088706 1.158921 -0.237191
v -0.088445 1.178951 -0.248066
v -0.088634 1.165599 -0.239978
v -0.091300 1.171837 -0.244490
v -0.091506 1.178969 -0.247223
v -0.088945 1.186602 -0.251361
v -0.089732 1.194737 -0.252810
v -0.089216 1.203585 -0.253901
v -0.092777 1.211964 -0.255673
v -0.089807 1.211642 -0.257379
v -0.065293 1.031935 -0.173398
v -0.062552 1.025370 -0.167781
v -0.049389 1.035870 -0.203104
v -0.053207 1.041550 -0.206245
v -0.062158 1.040389 -0.201548
v -0.052430 1.029971 -0.197066
v -0.062106 1.029455 -0.187685
v -0.070905 1.056072 -0.196917
v -0.068022 1.048740 -0.198435
v -0.065429 1.050518 -0.207329
v -0.069855 1.059204 -0.205997
v -0.072930 1.058133 -0.192065
v -0.071381 1.050590 -0.187733
v -0.075634 1.057876 -0.191214
v -0.070252 1.079935 -0.222736
v -0.072851 1.081079 -0.215868
v -0.071570 1.073021 -0.211195
v -0.068549 1.068107 -0.216391
v -0.072354 1.068151 -0.203768
v -0.061101 1.061414 -0.215620
v -0.064331 1.086359 -0.228790
v -0.075311 1.090012 -0.215931
v -0.056972 1.095130 -0.236707
v -0.058774 1.106387 -0.242127
v -0.056639 1.098611 -0.240370
v -0.060006 1.118956 -0.247967
v -0.068474 1.130958 -0.248209
v -0.058637 1.130563 -0.251571
v -0.061330 1.150614 -0.258854
v -0.060657 1.141459 -0.255622
v -0.046762 1.030381 -0.245407
v -0.055107 1.032383 -0.254495
v -0.048786 1.035330 -0.250824
v -0.050229 1.027803 -0.233071
v -0.054501 1.039559 -0.231317
v -0.052353 1.020248 -0.188557
v -0.049126 1.045712 -0.258583
v -0.050667 1.040051 -0.245870
v -0.045136 1.023931 -0.242518
v -0.056044 1.055449 -0.241562
v -0.049219 1.048669 -0.255114
v -0.046519 1.038409 -0.211760
v -0.044454 1.033019 -0.206833
v -0.049456 1.044724 -0.217882
v -0.052894 1.048034 -0.210962
v -0.041051 1.025817 -0.195641
v -0.040062 1.020543 -0.191847
v -0.051174 1.054184 -0.263022
v -0.050180 1.056591 -0.260178
v -0.057246 1.065174 -0.248230
v -0.054028 1.059222 -0.234332
v -0.052974 1.049201 -0.228795
v -0.050769 1.074191 -0.230887
v -0.060075 1.076862 -0.251415
v -0.053285 1.083434 -0.234161
v -0.053880 1.054853 -0.214538
v -0.048283 1.053699 -0.219420
v -0.049132 1.047120 -0.213033
v -0.049119 1.054619 -0.216352
v -0.052550 1.066689 -0.261499
v -0.049871 1.069232 -0.225739
v -0.049754 1.061587 -0.223890
v -0.050838 1.062486 -0.220505
v -0.051792 1.070002 -0.223803
v -0.052153 1.076765 -0.227723
v -0.055004 1.084627 -0.231523
v -0.049497 1.081507 -0.050515
v -0.049028 1.075425 -0.049185
v -0.050127 1.076808 -0.044312
v -0.050516 1.082790 -0.046673
v -0.047270 1.085123 -0.047665
v -0.046422 1.084224 -0.050521
v -0.059701 1.093632 -0.251320
v -0.058374 1.085740 -0.247209
v -0.054218 1.092014 -0.238335
v -0.056366 1.097500 -0.242727
v -0.057028 1.105428 -0.247140
v -0.058584 1.117937 -0.251887
v -0.043634 1.029926 -0.201515
v -0.045096 1.035137 -0.204733
v -0.039262 1.025019 -0.197852
v -0.047110 1.041224 -0.208482
v -0.045349 1.052913 -0.046861
v -0.044492 1.040269 -0.045167
v -0.045341 1.041329 -0.041226
v -0.046479 1.053876 -0.042744
v -0.046584 1.064896 -0.048349
v -0.028601 1.061011 -0.057213
v -0.029377 1.048430 -0.055277
v -0.040935 1.073192 -0.053598
v -0.023586 1.078372 -0.060252
v -0.047735 1.065966 -0.043416
v -0.045311 1.080511 -0.052806
v -0.041502 1.088184 -0.049320
v -0.037026 1.082829 -0.053628
v -0.038629 1.097400 -0.050924
v -0.040251 1.106994 -0.049657
v -0.039245 1.115134 -0.050108
v -0.029086 1.113590 -0.056879
v -0.022715 1.104584 -0.060879
v -0.040107 1.116098 -0.046924
v -0.039500 1.123241 -0.047449
v -0.038431 1.122838 -0.050557
v -0.041542 1.131247 -0.048779
v -0.040426 1.130632 -0.051832
v -0.040087 1.138444 -0.052502
v -0.026667 1.138861 -0.059774
v -0.022256 1.129126 -0.061360
v -0.042116 1.153423 -0.051348
v -0.040256 1.144707 -0.052039
v -0.039511 1.143728 -0.046870
v -0.037414 1.152703 -0.044193
v -0.036147 1.144860 -0.055026
v -0.033485 1.153906 -0.057127
v -0.039653 1.162565 -0.052669
v -0.030182 1.164791 -0.058761
v -0.038741 1.171237 -0.049583
v -0.038365 1.171462 -0.053586
v -0.039232 1.162925 -0.048190
v -0.024347 1.174458 -0.062292
v -0.035600 1.180250 -0.054802
v -0.019681 1.182321 -0.064844
v -0.033861 1.180973 -0.044064
v -0.029655 1.036941 -0.052875
v -0.023477 1.045694 -0.061330
v -0.023666 1.057479 -0.062582
v -0.022427 1.067152 -0.066729
v -0.020841 1.076774 -0.070443
v -0.020102 1.069734 -0.075979
v -0.041768 1.098369 -0.045346
v -0.043519 1.087944 -0.045636
v -0.019462 1.097272 -0.071252
v -0.021265 1.119809 -0.061859
v -0.017593 1.131337 -0.080012
v -0.017756 1.120376 -0.076523
v -0.036557 1.186146 -0.052968
v -0.029737 1.187214 -0.058507
v -0.038027 1.195257 -0.052298
v -0.029044 1.196111 -0.059445
v -0.038003 1.204418 -0.053135
v -0.035168 1.204362 -0.056508
v -0.038453 1.213737 -0.054016
v -0.026788 1.214901 -0.062283
v -0.035793 1.212813 -0.047187
v -0.035781 1.204944 -0.047491
v -0.037148 1.222336 -0.048567
v -0.038029 1.225968 -0.055220
v -0.030183 1.225792 -0.060616
v -0.037082 1.241901 -0.053945
v -0.018694 1.232226 -0.066771
v -0.020041 1.028758 -0.076851
v -0.018591 1.031879 -0.079546
v -0.014231 1.040828 -0.079863
v -0.020280 1.035321 -0.077404
v -0.020451 1.043302 -0.076343
v -0.020384 1.051098 -0.081363
v -0.017177 1.050286 -0.082967
v -0.020144 1.059777 -0.082316
v -0.019008 1.067242 -0.082668
v -0.016326 1.066602 -0.084171
v -0.017498 1.058778 -0.084237
v -0.015252 1.074062 -0.084431
v -0.018661 1.075694 -0.084141
v -0.009161 1.055434 -0.080640
v -0.004061 1.065113 -0.079612
v -0.019320 1.075504 -0.079725
v -0.019054 1.081835 -0.078025
v -0.016406 1.082790 -0.083771
v -0.016271 1.089419 -0.083857
v -0.019923 1.087431 -0.071784
v -0.003027 1.078711 -0.080786
v -0.010677 1.088626 -0.083331
v -0.016071 1.098590 -0.084634
v -0.006688 1.096669 -0.082492
v -0.013303 1.104196 -0.083947
v 0.001795 1.105979 -0.080463
v -0.018084 1.104636 -0.073983
v -0.015921 1.104207 -0.082435
v -0.016663 1.111743 -0.083320
v -0.014463 1.113583 -0.086071
v -0.019908 1.111574 -0.067700
v -0.016281 1.120656 -0.085728
v -0.012904 1.129923 -0.086773
v -0.011036 1.169116 -0.086884
v -0.016962 1.169886 -0.076762
v -0.015862 1.176793 -0.079663
v -0.014619 1.175752 -0.086705
v -0.014583 1.183270 -0.087377
v -0.011143 1.183369 -0.087980
v -0.011224 1.176723 -0.087514
v -0.018674 1.193455 -0.069729
v -0.016932 1.182430 -0.076588
v -0.016565 1.188440 -0.079029
v -0.014229 1.190138 -0.086406
v -0.010942 1.190150 -0.088180
v -0.011934 1.196466 -0.089211
v -0.014843 1.196506 -0.087789
v -0.015018 1.203384 -0.089725
v -0.012858 1.202232 -0.090475
v -0.017483 1.214036 -0.075880
v -0.013249 1.210901 -0.089964
v -0.017938 1.203280 -0.073251
v -0.021479 1.205114 -0.064545
v -0.015484 1.219568 -0.086785
v -0.012206 1.217936 -0.090953
v -0.014814 1.226444 -0.088727
v -0.012932 1.227535 -0.090795
v -0.016796 1.228698 -0.076768
v -0.015116 1.231633 -0.085016
v -0.014033 1.231231 -0.089334
v 0.001554 1.044502 -0.074485
v 0.009313 1.041317 -0.076451
v 0.011054 1.030235 -0.076702
v 0.006271 1.059345 -0.075898
v 0.026145 1.084233 -0.089077
v 0.023765 1.076429 -0.088216
v 0.001809 1.116568 -0.081130
v 0.006265 1.170522 -0.082716
v -0.002731 1.197615 -0.086322
v 0.007077 1.189883 -0.083612
v -0.002896 1.209578 -0.087469
v 0.002109 1.221489 -0.086307
v -0.006791 1.230501 -0.089259
v -0.011692 1.234572 -0.089444
v -0.013536 1.240699 -0.086938
v 0.019842 1.020671 -0.082477
v 0.015247 1.049681 -0.081631
v 0.023823 1.047276 -0.087398
v 0.022399 1.038312 -0.085306
v 0.018824 1.066016 -0.086116
v 0.020170 1.056364 -0.086008
v 0.011027 1.105378 -0.081682
v 0.020805 1.091694 -0.087054
v 0.007413 1.072945 -0.077771
v 0.006253 1.157285 -0.082351
v 0.014452 1.165674 -0.087317
v 0.014888 1.154899 -0.087445
v 0.013998 1.178206 -0.087362
v 0.020031 1.183748 -0.090278
v 0.024950 1.173219 -0.093791
v 0.021927 1.208910 -0.093110
v 0.016540 1.224320 -0.089492
v 0.028302 1.203290 -0.094723
v 0.027341 1.191852 -0.094207
v 0.003310 1.238612 -0.086110
v 0.028607 1.223106 -0.096053
v 0.029881 1.213327 -0.095844
v 0.021823 1.029475 -0.083657
v 0.025108 1.029371 -0.083009
v 0.029286 1.028993 -0.075970
v 0.025573 1.038071 -0.084410
v 0.033374 1.039567 -0.070287
v 0.024486 1.055159 -0.088252
v 0.027379 1.047325 -0.085196
v 0.035660 1.058370 -0.070257
v 0.025181 1.063407 -0.090562
v 0.027824 1.055746 -0.086250
v 0.032647 1.072560 -0.079839
v 0.026911 1.068726 -0.089734
v 0.027715 1.062513 -0.088676
v 0.029454 1.068259 -0.086316
v 0.033846 1.084728 -0.078303
v 0.026972 1.095043 -0.088028
v 0.031308 1.095659 -0.083155
v 0.024630 1.114131 -0.089444
v 0.025732 1.104545 -0.089869
v 0.009066 1.116924 -0.080646
v 0.029336 1.105737 -0.087108
v 0.027976 1.114280 -0.088536
v 0.022389 1.128988 -0.090684
v 0.024561 1.121171 -0.090502
v 0.007584 1.127077 -0.080404
v 0.007392 1.137311 -0.081025
v 0.027706 1.129093 -0.092447
v 0.028132 1.121080 -0.090451
v 0.031152 1.122887 -0.085405
v 0.032604 1.114478 -0.081461
v 0.025790 1.145300 -0.094114
v 0.026612 1.137789 -0.092097
v 0.021563 1.136886 -0.090505
v 0.011855 1.144780 -0.084530
v 0.029289 1.139358 -0.090780
v 0.033602 1.133461 -0.082728
v 0.025732 1.153547 -0.094962
v 0.025417 1.160774 -0.093702
v 0.028939 1.145589 -0.093143
v 0.028753 1.153594 -0.094236
v 0.028363 1.160903 -0.093265
v 0.024920 1.167579 -0.093803
v 0.027563 1.184454 -0.092701
v 0.027429 1.174469 -0.093926
v 0.027834 1.167590 -0.093507
v 0.030234 1.175563 -0.090358
v 0.032542 1.168741 -0.085907
v 0.032128 1.184272 -0.087099
v 0.032004 1.196863 -0.089011
v 0.016661 1.240928 -0.089373
v 0.022605 1.233682 -0.092399
v 0.028262 1.235007 -0.095010
v 0.031502 1.237926 -0.092262
v 0.026436 1.239787 -0.094323
v 0.028548 1.241936 -0.094499
v 0.042502 1.053027 -0.065880
v 0.056895 1.039338 -0.062639
v 0.058882 1.049780 -0.063903
v 0.038944 1.082419 -0.069260
v 0.050398 1.066399 -0.066603
v 0.035961 1.104127 -0.075722
v 0.050957 1.092540 -0.067981
v 0.041946 1.112744 -0.070712
v 0.059323 1.088178 -0.065767
v 0.059733 1.079587 -0.066556
v 0.055123 1.125139 -0.069185
v 0.038015 1.129867 -0.072698
v 0.060029 1.139741 -0.070667
v 0.035483 1.145021 -0.079271
v 0.041262 1.145646 -0.073173
v 0.063104 1.143633 -0.067243
v 0.062550 1.135944 -0.067180
v 0.034279 1.156404 -0.082868
v 0.039217 1.168457 -0.075310
v 0.031160 1.161629 -0.088826
v 0.038635 1.203714 -0.078073
v 0.053310 1.199322 -0.073654
v 0.046925 1.191535 -0.074443
v 0.049337 1.208655 -0.075283
v 0.047667 1.175917 -0.073087
v 0.031107 1.223974 -0.094135
v 0.036323 1.225819 -0.084019
v 0.040204 1.219310 -0.077225
v 0.040343 1.236236 -0.077825
v 0.058450 1.031562 -0.060311
v 0.059614 1.032067 -0.057440
v 0.056174 1.034218 -0.042236
v 0.060190 1.040331 -0.059018
v 0.055942 1.045883 -0.042538
v 0.061240 1.050002 -0.060697
v 0.056864 1.058154 -0.044217
v 0.060624 1.061633 -0.065680
v 0.061088 1.088581 -0.061754
v 0.057954 1.089353 -0.048340
v 0.060142 1.079265 -0.054509
v 0.061966 1.079695 -0.063245
v 0.059162 1.097301 -0.066648
v 0.059029 1.115905 -0.067975
v 0.057624 1.106763 -0.067228
v 0.058437 1.152617 -0.052818
v 0.059906 1.162281 -0.058372
v 0.057481 1.168905 -0.046365
v 0.056705 1.151133 -0.045083
v 0.058941 1.171650 -0.069887
v 0.057709 1.162647 -0.071219
v 0.059750 1.152585 -0.071133
v 0.062004 1.162750 -0.068525
v 0.061178 1.171351 -0.067282
v 0.059853 1.180206 -0.070245
v 0.061045 1.198284 -0.071987
v 0.059946 1.189311 -0.071237
v 0.049595 1.236032 -0.075280
v 0.050695 1.221831 -0.075348
v 0.062832 1.061767 -0.062609
v 0.060045 1.068292 -0.052086
v 0.060340 1.070538 -0.066122
v 0.062261 1.070700 -0.063308
v 0.060976 1.097655 -0.063616
v 0.060493 1.107138 -0.064264
v 0.059906 1.107033 -0.058498
v 0.059167 1.098993 -0.054273
v 0.061401 1.116064 -0.065480
v 0.058941 1.114776 -0.053963
v 0.061296 1.126722 -0.064906
v 0.059645 1.125389 -0.055940
v 0.056302 1.133313 -0.046099
v 0.061046 1.144638 -0.058985
v 0.062093 1.153514 -0.064189
v 0.062131 1.153300 -0.068528
v 0.060244 1.170592 -0.060858
v 0.059134 1.177572 -0.055056
v 0.061593 1.179817 -0.067267
v 0.062057 1.189028 -0.067816
v 0.059343 1.186588 -0.043500
v 0.059067 1.188297 -0.052197
v 0.063169 1.198189 -0.068551
v 0.060190 1.200636 -0.054106
v 0.061794 1.208286 -0.072898
v 0.064078 1.207196 -0.069316
v 0.063253 1.215651 -0.062274
v 0.062513 1.221349 -0.073021
v 0.061094 1.235028 -0.071440
v 0.061739 1.238353 -0.059594
v 0.059315 1.223910 -0.049045
v 0.061831 1.213863 -0.042884
v 0.060705 1.199982 -0.043401
v -0.135176 1.241362 -0.361024
v -0.132718 1.250324 -0.363402
v -0.120051 1.254497 -0.358087
v -0.123854 1.277902 -0.364203
v -0.132229 1.253430 -0.268612
v -0.129360 1.254481 -0.267516
v -0.129815 1.263405 -0.269174
v -0.128786 1.245311 -0.265108
v -0.122357 1.255616 -0.270653
v -0.119805 1.265367 -0.274420
v -0.130898 1.272843 -0.271298
v -0.130112 1.282707 -0.273847
v -0.124688 1.272642 -0.273252
v -0.123485 1.280411 -0.276410
v -0.115119 1.287904 -0.281498
v -0.119094 1.311225 -0.367460
v -0.113075 1.302935 -0.368117
v -0.133102 1.303501 -0.372643
v -0.135232 1.311092 -0.373584
v -0.106786 1.304626 -0.282565
v -0.130259 1.312972 -0.280061
v -0.131722 1.326396 -0.282278
v -0.115179 1.319923 -0.288555
v -0.134863 1.317266 -0.374657
v -0.124024 1.319632 -0.370151
v -0.129228 1.326119 -0.372766
v -0.135393 1.327268 -0.375287
v -0.121961 1.326152 -0.287246
v -0.125361 1.333047 -0.370970
v -0.125506 1.342714 -0.370585
v -0.130389 1.334942 -0.286009
v -0.122016 1.336046 -0.289798
v -0.129141 1.341348 -0.287931
v -0.139554 1.351113 -0.368879
v -0.136444 1.351273 -0.373513
v -0.132571 1.352576 -0.373444
v -0.137133 1.360481 -0.372374
v -0.134195 1.360574 -0.373626
v -0.126827 1.355033 -0.370044
v -0.120325 1.351573 -0.366384
v -0.127694 1.360543 -0.370059
v -0.133912 1.349945 -0.289657
v -0.135590 1.359143 -0.293210
v -0.132423 1.358704 -0.291074
v -0.128338 1.349355 -0.290282
v -0.135817 1.370267 -0.370824
v -0.132395 1.369562 -0.371908
v -0.135591 1.367048 -0.297306
v -0.133981 1.375615 -0.299320
v -0.131774 1.367967 -0.294605
v -0.130942 1.375884 -0.298002
v -0.127073 1.356700 -0.293264
v -0.135080 1.386289 -0.365822
v -0.135472 1.378100 -0.368586
v -0.139752 1.377506 -0.354514
v -0.131634 1.386620 -0.367806
v -0.132150 1.377793 -0.369900
v -0.125677 1.376051 -0.366775
v -0.123430 1.384390 -0.362784
v -0.135391 1.386407 -0.316648
v -0.133763 1.383505 -0.302947
v -0.132421 1.389830 -0.307772
v -0.130526 1.383824 -0.301285
v -0.129167 1.390197 -0.306215
v -0.120875 1.372686 -0.303499
v -0.121592 1.363504 -0.299296
v -0.129750 1.393033 -0.363423
v -0.132975 1.393032 -0.362058
v -0.131071 1.399724 -0.358487
v -0.128348 1.399587 -0.359563
v -0.124175 1.392640 -0.359464
v -0.135100 1.391182 -0.355099
v -0.132226 1.397319 -0.351422
v -0.124627 1.400743 -0.354353
v -0.138495 1.400285 -0.334628
v -0.136451 1.399031 -0.337720
v -0.132944 1.396051 -0.323591
v -0.131587 1.397204 -0.312286
v -0.128141 1.397898 -0.311234
v -0.122832 1.380517 -0.304993
v -0.120867 1.386670 -0.310404
v -0.128635 1.402632 -0.351009
v -0.131952 1.403085 -0.345542
v -0.132969 1.402539 -0.337858
v -0.137706 1.402888 -0.345049
v -0.137565 1.403812 -0.332342
v -0.127534 1.404351 -0.338231
v -0.125609 1.403611 -0.345258
v -0.136132 1.404314 -0.330119
v -0.130139 1.403021 -0.329172
v -0.129244 1.402479 -0.319636
v -0.126101 1.406868 -0.326657
v -0.126625 1.402560 -0.318088
v -0.124999 1.405728 -0.323547
v -0.113077 1.264163 -0.276834
v -0.098841 1.266036 -0.270964
v -0.113171 1.254373 -0.357083
v -0.112633 1.266106 -0.359739
v -0.107715 1.285759 -0.366002
v -0.106429 1.275863 -0.363904
v -0.102203 1.287949 -0.278053
v -0.110436 1.278397 -0.279036
v -0.099327 1.276633 -0.273222
v -0.100350 1.297545 -0.279159
v -0.114274 1.316440 -0.369300
v -0.108203 1.312629 -0.371293
v -0.115295 1.328811 -0.369467
v -0.115845 1.340432 -0.294366
v -0.109369 1.335152 -0.289953
v -0.106449 1.323316 -0.286216
v -0.110372 1.348142 -0.371717
v -0.103310 1.339801 -0.374869
v -0.113703 1.354862 -0.369542
v -0.122307 1.365073 -0.365930
v -0.116411 1.365322 -0.366432
v -0.113700 1.360875 -0.299744
v -0.109768 1.350805 -0.294354
v -0.106171 1.361079 -0.295465
v -0.107237 1.369115 -0.298262
v -0.118106 1.354681 -0.298656
v -0.111241 1.373649 -0.301886
v -0.108175 1.378362 -0.301985
v -0.111955 1.387731 -0.307497
v -0.117263 1.375291 -0.364239
v -0.116989 1.384593 -0.362386
v -0.118628 1.400938 -0.354069
v -0.116540 1.393585 -0.360265
v -0.114417 1.403164 -0.355327
v -0.110911 1.396266 -0.361290
v -0.121288 1.394047 -0.314805
v -0.121090 1.399521 -0.320138
v -0.113557 1.396390 -0.312884
v -0.114072 1.402539 -0.317924
v -0.119627 1.405327 -0.345865
v -0.120996 1.403322 -0.349620
v -0.117017 1.405301 -0.351580
v -0.115887 1.405724 -0.349017
v -0.116186 1.404580 -0.338757
v -0.114277 1.405197 -0.332032
v -0.106543 1.403912 -0.342955
v -0.109657 1.398288 -0.349040
v -0.112694 1.402183 -0.352545
v -0.113300 1.404980 -0.323436
v -0.119673 1.403246 -0.324900
v -0.115583 1.404467 -0.322322
v -0.111468 1.403197 -0.318524
v -0.107834 1.404644 -0.335076
v -0.108071 1.399865 -0.326340
v -0.101090 1.401737 -0.329647
v -0.098683 1.253592 -0.362766
v -0.095478 1.254026 -0.361801
v -0.099664 1.263815 -0.364254
v -0.096378 1.264586 -0.363743
v -0.093850 1.250670 -0.269037
v -0.097994 1.276386 -0.366055
v -0.097446 1.284924 -0.368425
v -0.089468 1.284876 -0.352175
v -0.094303 1.276286 -0.360104
v -0.095261 1.276811 -0.272165
v -0.095286 1.288338 -0.278020
v -0.099140 1.294154 -0.370492
v -0.119752 1.294615 -0.365891
v -0.099657 1.303319 -0.372757
v -0.095857 1.295861 -0.367911
v -0.095571 1.305856 -0.368699
v -0.096091 1.298482 -0.278755
v -0.101418 1.316236 -0.373850
v -0.096210 1.316148 -0.369485
v -0.095534 1.305953 -0.281710
v -0.097165 1.312833 -0.280560
v -0.102155 1.313387 -0.281931
v -0.098799 1.319931 -0.373070
v -0.098259 1.325163 -0.284459
v -0.100302 1.336348 -0.286359
v -0.097000 1.329083 -0.286855
v -0.097498 1.337041 -0.287957
v -0.092734 1.327982 -0.358900
v -0.102722 1.344879 -0.290061
v -0.099008 1.344797 -0.291124
v -0.096808 1.345257 -0.363292
v -0.100806 1.348726 -0.374457
v -0.100628 1.353023 -0.291319
v -0.098880 1.350078 -0.292487
v -0.095084 1.341888 -0.299801
v -0.092568 1.347529 -0.306902
v -0.105643 1.366395 -0.372317
v -0.104566 1.358828 -0.373327
v -0.104233 1.351156 -0.374645
v -0.101507 1.358885 -0.371929
v -0.102622 1.366540 -0.370196
v -0.100115 1.363385 -0.363337
v -0.097979 1.355690 -0.361287
v -0.102916 1.379001 -0.360573
v -0.099693 1.366528 -0.356151
v -0.103936 1.374325 -0.369545
v -0.105878 1.381015 -0.367442
v -0.086949 1.367920 -0.351592
v -0.097795 1.372249 -0.353513
v -0.088576 1.376644 -0.350615
v -0.102487 1.361917 -0.295089
v -0.103156 1.369530 -0.297165
v -0.098159 1.353572 -0.296681
v -0.100270 1.361732 -0.296977
v -0.100778 1.368524 -0.299980
v -0.097125 1.356384 -0.304978
v -0.097997 1.363657 -0.311130
v -0.106660 1.373789 -0.371281
v -0.110638 1.382008 -0.367480
v -0.107961 1.379952 -0.368888
v -0.108648 1.387654 -0.366808
v -0.102920 1.388771 -0.351646
v -0.100357 1.374512 -0.312908
v -0.101717 1.382487 -0.316642
v -0.103862 1.384434 -0.307682
v -0.105706 1.382935 -0.303685
v -0.101697 1.374684 -0.302800
v -0.095361 1.376794 -0.316284
v -0.100742 1.386203 -0.319728
v -0.103829 1.376844 -0.300267
v -0.105484 1.387364 -0.305878
v -0.107771 1.394404 -0.356232
v -0.105351 1.398802 -0.348715
v -0.099386 1.396198 -0.349172
v -0.100795 1.397107 -0.340149
v -0.101694 1.395536 -0.336181
v -0.096749 1.386454 -0.334921
v -0.095077 1.388962 -0.339519
v -0.109351 1.400230 -0.321900
v -0.107195 1.396809 -0.315441
v -0.104552 1.393350 -0.322396
v -0.100327 1.398189 -0.325551
v -0.095230 1.394272 -0.323989
v -0.091088 1.387722 -0.322510
v -0.097632 1.398126 -0.331120
v -0.092405 1.387428 -0.329710
v -0.106664 1.392609 -0.308811
v -0.109434 1.397846 -0.313188
v -0.104518 1.389651 -0.313120
v -0.102106 1.401523 -0.347612
v -0.098389 1.399087 -0.346426
v -0.097132 1.398895 -0.326767
v -0.094355 1.396279 -0.326782
v -0.095079 1.245632 -0.360361
v -0.089967 1.255335 -0.348709
v -0.086967 1.270836 -0.346172
v -0.081285 1.255778 -0.340639
v -0.091432 1.266825 -0.352913
v -0.087496 1.256292 -0.284336
v -0.080025 1.247980 -0.286670
v -0.069947 1.250783 -0.292296
v -0.087423 1.272187 -0.289631
v -0.080681 1.260820 -0.290067
v -0.093928 1.266513 -0.271597
v -0.072606 1.263530 -0.338739
v -0.091721 1.275927 -0.279986
v -0.091012 1.265721 -0.277841
v -0.092817 1.296775 -0.285251
v -0.091128 1.286441 -0.286263
v -0.086070 1.286278 -0.293730
v -0.088466 1.301489 -0.295451
v -0.081237 1.299404 -0.348727
v -0.081490 1.313433 -0.350319
v -0.080133 1.287741 -0.346092
v -0.076564 1.322766 -0.349011
v -0.072315 1.323986 -0.344897
v -0.072570 1.315100 -0.342638
v -0.093511 1.310765 -0.287632
v -0.088898 1.315395 -0.299499
v -0.093147 1.319797 -0.293093
v -0.087316 1.331772 -0.353689
v -0.089469 1.328286 -0.302555
v -0.093270 1.329462 -0.298008
v -0.079373 1.340495 -0.309525
v -0.078939 1.332015 -0.307778
v -0.093565 1.343952 -0.355455
v -0.095423 1.358104 -0.354251
v -0.087475 1.357345 -0.331581
v -0.084430 1.347180 -0.330586
v -0.083499 1.350966 -0.336170
v -0.085789 1.358380 -0.336890
v -0.080263 1.363437 -0.318360
v -0.078325 1.355043 -0.315570
v -0.088434 1.366977 -0.330469
v -0.083302 1.371285 -0.320828
v -0.088051 1.360238 -0.312421
v -0.081375 1.355019 -0.312743
v -0.081661 1.363640 -0.315471
v -0.082736 1.360323 -0.350349
v -0.086727 1.377029 -0.348111
v -0.093150 1.373279 -0.334260
v -0.088256 1.366667 -0.337081
v -0.083070 1.369080 -0.348237
v -0.090690 1.383240 -0.342028
v -0.088068 1.385079 -0.347839
v -0.093055 1.391237 -0.349372
v -0.091244 1.385390 -0.350962
v -0.090138 1.387865 -0.325438
v -0.085845 1.379690 -0.322725
v -0.087157 1.380168 -0.319666
v -0.092356 1.367827 -0.314022
v -0.084359 1.371719 -0.317544
v -0.092101 1.391581 -0.346579
v -0.068543 1.247749 -0.333367
v -0.069560 1.249310 -0.297204
v -0.069682 1.255407 -0.334685
v -0.068696 1.263606 -0.335757
v -0.069169 1.260375 -0.297485
v -0.070392 1.261916 -0.294578
v -0.072232 1.269849 -0.339095
v -0.070505 1.272329 -0.336734
v -0.072518 1.276590 -0.339157
v -0.072188 1.277014 -0.332193
v -0.071810 1.274857 -0.297437
v -0.079840 1.278842 -0.343923
v -0.071196 1.283506 -0.340337
v -0.076601 1.272538 -0.341099
v -0.070952 1.284000 -0.336675
v -0.071237 1.291542 -0.341628
v -0.076777 1.286571 -0.320702
v -0.071803 1.288189 -0.301743
v -0.070638 1.300281 -0.342763
v -0.072136 1.291038 -0.335366
v -0.073840 1.298807 -0.302678
v -0.074718 1.311220 -0.304644
v -0.077824 1.336356 -0.349175
v -0.080056 1.321556 -0.304769
v -0.072640 1.322540 -0.309307
v -0.075242 1.324721 -0.307306
v -0.081846 1.351672 -0.350974
v -0.081692 1.337528 -0.332061
v -0.078940 1.352458 -0.346148
v -0.079653 1.344292 -0.322794
v -0.080577 1.335425 -0.325907
v -0.075356 1.330974 -0.311584
v -0.075461 1.339205 -0.313051
v -0.076674 1.347279 -0.314900
v -0.078215 1.347924 -0.312041
v -0.081227 1.360582 -0.347412
v -0.034784 1.255642 -0.055277
v -0.017598 1.249505 -0.067252
v -0.032749 1.260918 -0.048630
v -0.028398 1.275153 -0.040500
v -0.037084 1.278213 -0.053266
v -0.033955 1.265809 -0.056129
v -0.018758 1.276734 -0.066457
v -0.034051 1.286205 -0.058752
v -0.015019 1.258405 -0.076021
v -0.015706 1.269529 -0.075459
v -0.036739 1.288847 -0.051752
v -0.028358 1.292787 -0.040240
v -0.033078 1.302000 -0.046478
v -0.038203 1.299273 -0.053619
v -0.037220 1.299277 -0.056905
v -0.037217 1.308646 -0.054061
v -0.035965 1.308308 -0.057646
v -0.028758 1.316603 -0.042872
v -0.035628 1.317826 -0.053756
v -0.034987 1.318359 -0.057132
v -0.032221 1.337761 -0.057485
v -0.033024 1.327065 -0.058169
v -0.035268 1.327513 -0.053948
v -0.033259 1.338162 -0.053440
v -0.027047 1.314769 -0.062185
v -0.026875 1.304281 -0.062944
v -0.016055 1.316182 -0.069080
v -0.034692 1.347614 -0.055328
v -0.031936 1.347684 -0.058674
v -0.033386 1.356281 -0.057832
v -0.033967 1.355041 -0.053180
v -0.028252 1.357461 -0.061139
v -0.034311 1.366760 -0.057972
v -0.024396 1.365193 -0.063227
v -0.034961 1.366490 -0.054946
v -0.034044 1.376474 -0.054802
v -0.033152 1.376308 -0.058602
v -0.023616 1.358975 -0.038985
v -0.023179 1.341479 -0.037435
v -0.024533 1.374062 -0.040629
v -0.016436 1.371830 -0.068572
v -0.033153 1.386291 -0.056200
v -0.028646 1.384902 -0.061405
v -0.013105 1.378074 -0.075265
v -0.025096 1.387715 -0.043706
v -0.031301 1.395486 -0.054231
v -0.032456 1.394270 -0.058247
v -0.022346 1.394501 -0.064888
v -0.029249 1.403754 -0.054745
v -0.029104 1.403208 -0.058366
v -0.012051 1.251263 -0.088963
v -0.012283 1.258475 -0.088189
v -0.013335 1.269972 -0.089193
v -0.015603 1.279586 -0.076546
v -0.012813 1.279732 -0.088874
v -0.014900 1.292084 -0.084282
v -0.013289 1.289382 -0.092650
v -0.013502 1.296328 -0.089734
v -0.013034 1.305404 -0.089904
v -0.009417 1.303969 -0.092853
v -0.010011 1.295744 -0.091864
v -0.021241 1.331349 -0.064715
v -0.013842 1.356693 -0.070105
v -0.020551 1.352353 -0.064894
v -0.018860 1.408989 -0.066421
v -0.012456 1.398483 -0.072256
v -0.024413 1.402422 -0.062737
v -0.029007 1.412299 -0.059060
v -0.029445 1.412978 -0.055549
v -0.023613 1.402349 -0.044055
v -0.019548 1.418873 -0.040948
v -0.027722 1.424385 -0.055719
v -0.026825 1.423777 -0.059606
v -0.023111 1.427336 -0.048101
v -0.026238 1.435241 -0.060075
v -0.027357 1.434804 -0.055259
v -0.010507 1.432588 -0.070042
v -0.014419 1.419341 -0.068614
v -0.023909 1.451042 -0.060141
v -0.008639 1.444656 -0.071494
v -0.025485 1.448351 -0.056090
v -0.019639 1.442714 -0.045711
v -0.023415 1.464025 -0.057300
v -0.007609 1.462641 -0.069711
v -0.007481 1.260154 -0.089513
v -0.010164 1.270220 -0.090848
v 0.000161 1.250890 -0.087126
v -0.008729 1.279435 -0.090825
v 0.003729 1.278467 -0.087496
v 0.006551 1.267308 -0.086367
v -0.004803 1.287691 -0.090896
v 0.011306 1.283015 -0.086696
v 0.005717 1.296618 -0.088079
v 0.010812 1.306598 -0.086830
v -0.004563 1.318988 -0.091129
v -0.001422 1.310165 -0.090269
v -0.010991 1.309575 -0.093125
v -0.011846 1.319180 -0.089812
v -0.012497 1.328192 -0.079976
v -0.010759 1.328388 -0.090786
v -0.011121 1.335304 -0.088581
v -0.009858 1.335608 -0.092082
v -0.010660 1.341604 -0.089707
v -0.007835 1.342037 -0.092196
v -0.011781 1.350637 -0.085375
v -0.009812 1.351243 -0.094502
v -0.007684 1.371420 -0.094344
v -0.006076 1.416918 -0.092184
v -0.006806 1.407437 -0.090687
v -0.010178 1.414862 -0.075181
v -0.008112 1.426564 -0.079492
v -0.006714 1.438315 -0.083161
v -0.004757 1.436091 -0.092632
v -0.005056 1.427769 -0.090989
v -0.003884 1.448399 -0.089110
v 0.027034 1.249285 -0.093953
v 0.011576 1.259059 -0.086466
v 0.027615 1.258278 -0.095082
v 0.015237 1.273127 -0.088883
v 0.019189 1.266052 -0.090284
v 0.018014 1.300780 -0.091676
v 0.012792 1.292937 -0.087714
v 0.027302 1.266101 -0.094484
v 0.028507 1.273092 -0.095751
v 0.029097 1.281962 -0.097403
v 0.028979 1.290919 -0.097496
v 0.029490 1.300215 -0.098198
v 0.031387 1.249104 -0.092327
v 0.040130 1.249506 -0.078010
v 0.031295 1.258692 -0.093782
v 0.030239 1.265996 -0.094293
v 0.032748 1.272504 -0.092441
v 0.040220 1.260895 -0.078724
v 0.032531 1.281975 -0.095569
v 0.032009 1.290733 -0.096695
v 0.029381 1.309062 -0.096940
v 0.032454 1.300010 -0.097502
v 0.032602 1.309066 -0.095784
v 0.032994 1.418105 -0.096919
v 0.033709 1.427938 -0.096991
v 0.037370 1.426749 -0.094819
v 0.038830 1.416855 -0.092058
v 0.030127 1.438910 -0.096928
v 0.035031 1.436672 -0.097099
v 0.025322 1.425611 -0.094075
v 0.040210 1.434239 -0.090215
v 0.032788 1.448689 -0.097980
v 0.035332 1.460188 -0.096627
v 0.037621 1.455378 -0.095121
v 0.036398 1.447427 -0.096785
v 0.046689 1.250865 -0.075758
v 0.043195 1.267304 -0.077275
v 0.042581 1.443705 -0.086011
v 0.048028 1.439507 -0.080102
v 0.046038 1.423922 -0.081395
v 0.044163 1.454549 -0.083792
v 0.048184 1.451818 -0.079797
v 0.048239 1.463619 -0.080141
v 0.043606 1.467054 -0.085450
v 0.046396 1.476931 -0.079152
v 0.050150 1.476922 -0.078715
v 0.060727 1.245796 -0.072146
v 0.063306 1.247218 -0.069430
v 0.062036 1.255052 -0.059827
v 0.061191 1.251513 -0.044892
v 0.061012 1.241081 -0.045454
v 0.061530 1.257093 -0.072277
v 0.062294 1.261607 -0.043494
v 0.064456 1.271172 -0.064635
v 0.062506 1.273809 -0.043640
v 0.062259 1.297676 -0.046006
v 0.066680 1.295293 -0.068435
v 0.066438 1.307394 -0.067676
v 0.062254 1.310195 -0.046616
v 0.064223 1.317941 -0.073657
v 0.066074 1.319193 -0.069582
v 0.064435 1.304354 -0.073618
v 0.061758 1.319908 -0.052782
v 0.063129 1.327232 -0.046159
v 0.066823 1.319224 -0.040375
v 0.063720 1.331342 -0.059815
v 0.061570 1.338537 -0.050052
v 0.052060 1.317559 -0.076899
v 0.054293 1.327631 -0.076122
v 0.063693 1.329712 -0.074097
v 0.066241 1.329879 -0.070508
v 0.063961 1.340654 -0.073863
v 0.066192 1.340367 -0.070595
v 0.064444 1.341046 -0.060535
v 0.062464 1.352726 -0.049633
v 0.064193 1.351494 -0.058316
v 0.066072 1.360786 -0.063084
v 0.063572 1.369171 -0.054871
v 0.066588 1.372066 -0.046792
v 0.069196 1.361233 -0.041444
v 0.065377 1.381249 -0.060697
v 0.065690 1.385737 -0.048710
v 0.065527 1.392494 -0.062606
v 0.064576 1.403052 -0.051396
v 0.063986 1.388581 -0.075578
v 0.067129 1.389549 -0.072785
v 0.068730 1.379604 -0.072370
v 0.066445 1.378868 -0.075507
v 0.072999 1.382983 -0.038451
v 0.074394 1.374782 -0.035558
v 0.067384 1.398192 -0.073344
v 0.065775 1.409977 -0.074010
v 0.067841 1.420496 -0.044713
v 0.062519 1.436759 -0.053951
v 0.070885 1.432272 -0.040706
v 0.065412 1.424427 -0.064763
v 0.064534 1.452438 -0.074775
v 0.065648 1.440736 -0.075581
v 0.062594 1.451047 -0.053816
v 0.070745 1.442899 -0.041190
v 0.068471 1.350399 -0.070849
v 0.068354 1.360620 -0.071255
v 0.065704 1.361634 -0.075014
v 0.066299 1.369578 -0.075283
v 0.068523 1.369695 -0.072250
v 0.064904 1.395592 -0.075387
v 0.052530 1.406541 -0.079017
v 0.064450 1.422308 -0.075782
v 0.067498 1.440984 -0.071512
v 0.066585 1.452996 -0.071022
v -0.014138 1.473509 -0.064820
v -0.022567 1.476596 -0.057751
v -0.010572 1.484137 -0.065375
v -0.003451 1.484890 -0.067807
v -0.013383 1.469194 -0.042063
v -0.015383 1.441573 -0.039063
v -0.017740 1.482099 -0.050921
v -0.010118 1.483802 -0.042257
v -0.019006 1.484278 -0.059827
v -0.020663 1.484077 -0.056678
v -0.002166 1.463778 -0.093143
v -0.001807 1.450870 -0.092178
v -0.000014 1.499308 -0.066941
v -0.010516 1.493437 -0.063320
v -0.004937 1.500375 -0.063789
v -0.016151 1.489160 -0.061002
v -0.019389 1.490503 -0.058053
v -0.016305 1.497327 -0.058387
v -0.019097 1.491138 -0.055438
v -0.016434 1.497437 -0.055125
v -0.012938 1.493973 -0.048355
v -0.013439 1.504572 -0.054808
v -0.007473 1.507023 -0.048334
v -0.011973 1.510961 -0.055226
v -0.011656 1.510496 -0.057240
v -0.013001 1.503938 -0.058139
v -0.009902 1.515652 -0.054916
v -0.005857 1.508475 -0.061169
v -0.009134 1.515907 -0.056890
v -0.005927 1.521178 -0.054545
v -0.005259 1.520866 -0.056648
v -0.000033 1.470036 -0.090968
v 0.005126 1.471429 -0.090893
v 0.015998 1.464647 -0.088826
v -0.001501 1.480358 -0.090657
v 0.000832 1.490848 -0.086872
v 0.003551 1.480789 -0.091213
v 0.001852 1.502198 -0.084138
v 0.004016 1.502405 -0.087550
v 0.004122 1.490426 -0.089390
v 0.003538 1.511209 -0.064428
v 0.005607 1.511773 -0.081700
v 0.007733 1.509625 -0.084228
v 0.015856 1.495197 -0.084216
v 0.011214 1.488883 -0.087649
v 0.008607 1.499238 -0.086588
v 0.012210 1.505621 -0.083732
v -0.006245 1.514415 -0.059290
v -0.000226 1.516667 -0.060751
v 0.007966 1.520737 -0.080257
v 0.008287 1.514265 -0.082934
v 0.006963 1.522101 -0.074745
v 0.007254 1.522766 -0.064868
v 0.002961 1.523897 -0.059364
v -0.001978 1.528185 -0.055872
v -0.002694 1.528241 -0.053338
v 0.002200 1.533447 -0.053156
v 0.002977 1.533096 -0.054931
v 0.008314 1.526346 -0.059567
v 0.007433 1.536990 -0.053703
v 0.012787 1.533278 -0.057646
v 0.007214 1.536757 -0.051545
v 0.016249 1.451507 -0.088608
v 0.027697 1.462115 -0.094571
v 0.024711 1.450395 -0.093699
v 0.016982 1.479143 -0.087096
v 0.028974 1.476281 -0.094434
v 0.018579 1.486724 -0.084765
v 0.021117 1.484835 -0.086860
v 0.021162 1.491757 -0.082432
v 0.026321 1.494414 -0.089110
v 0.023653 1.496722 -0.082525
v 0.029892 1.504649 -0.088428
v 0.020947 1.496916 -0.080598
v 0.015961 1.513690 -0.079839
v 0.018974 1.503731 -0.080111
v 0.022457 1.502965 -0.078850
v 0.010768 1.524215 -0.079645
v 0.012183 1.532126 -0.074082
v 0.020347 1.518915 -0.075426
v 0.022455 1.512328 -0.075841
v 0.021677 1.528429 -0.070685
v 0.025171 1.527583 -0.069782
v 0.024930 1.517929 -0.074479
v 0.011900 1.533380 -0.064939
v 0.017751 1.537065 -0.068605
v 0.017027 1.538935 -0.062982
v 0.023138 1.534991 -0.065570
v 0.025986 1.535942 -0.064823
v 0.017278 1.540594 -0.054706
v 0.013402 1.541766 -0.053341
v 0.013829 1.540265 -0.049385
v 0.018326 1.540511 -0.045684
v 0.016389 1.542293 -0.051106
v 0.026060 1.541464 -0.045663
v 0.019686 1.541792 -0.051277
v 0.026099 1.540308 -0.058856
v 0.034544 1.539998 -0.057279
v 0.027909 1.485593 -0.092417
v 0.036234 1.481051 -0.095554
v 0.032993 1.494850 -0.092937
v 0.035001 1.504450 -0.090983
v 0.032818 1.511334 -0.088357
v 0.035341 1.511183 -0.088545
v 0.027816 1.512695 -0.080341
v 0.031170 1.516528 -0.084634
v 0.032596 1.525435 -0.081258
v 0.035413 1.523002 -0.081336
v 0.035003 1.516952 -0.084688
v 0.035015 1.526653 -0.078787
v 0.030865 1.529883 -0.074730
v 0.033469 1.530786 -0.075244
v 0.030453 1.534582 -0.071488
v 0.032333 1.535632 -0.071599
v 0.021470 1.539362 -0.062564
v 0.030686 1.538198 -0.069265
v 0.029743 1.540028 -0.064136
v 0.032445 1.538979 -0.062591
v 0.032453 1.538061 -0.068100
v 0.040608 1.479351 -0.089600
v 0.043981 1.489969 -0.078333
v 0.038176 1.493057 -0.090798
v 0.039463 1.502113 -0.084655
v 0.043731 1.500949 -0.074583
v 0.040525 1.508889 -0.077652
v 0.037360 1.510422 -0.085790
v 0.037457 1.515631 -0.082032
v 0.042766 1.508886 -0.073075
v 0.040578 1.515824 -0.071587
v 0.038245 1.519300 -0.076280
v 0.037426 1.524703 -0.073592
v 0.039085 1.525287 -0.067810
v 0.035724 1.529696 -0.072005
v 0.034016 1.534784 -0.069227
v 0.036134 1.533317 -0.064357
v 0.043004 1.536624 -0.061533
v 0.049648 1.530879 -0.064930
v 0.043541 1.536545 -0.055453
v 0.050834 1.530171 -0.060425
v 0.046500 1.532086 -0.051728
v 0.049125 1.526182 -0.052983
v 0.044793 1.539028 -0.047787
v 0.050011 1.534340 -0.046027
v 0.037849 1.541418 -0.046798
v 0.038935 1.541006 -0.050231
v 0.044469 1.539656 -0.044775
v 0.063804 1.465124 -0.075008
v 0.063501 1.478889 -0.074793
v 0.062404 1.468935 -0.055860
v 0.066107 1.466217 -0.047007
v 0.070557 1.455096 -0.040996
v 0.065756 1.478366 -0.070783
v 0.063050 1.488635 -0.064664
v 0.066112 1.465557 -0.070879
v 0.062877 1.484028 -0.049568
v 0.058703 1.493115 -0.053903
v 0.061946 1.495463 -0.071856
v 0.067821 1.490430 -0.041552
v 0.062369 1.494825 -0.048047
v 0.065460 1.498424 -0.042128
v 0.057231 1.500587 -0.052636
v 0.056582 1.508222 -0.070825
v 0.055032 1.520122 -0.067861
v 0.059598 1.505735 -0.066657
v 0.056323 1.519309 -0.063114
v 0.059113 1.500860 -0.059457
v 0.055770 1.510192 -0.057240
v 0.054481 1.510335 -0.052905
v 0.051724 1.518579 -0.053425
v 0.054449 1.529043 -0.044958
v 0.057983 1.522436 -0.044913
v -0.053287 0.009532 0.014067
v -0.049162 -0.017010 0.011345
v -0.045855 -0.018823 0.018584
v -0.054025 0.014818 0.018835
v -0.033867 -0.014008 0.029606
v -0.042400 0.014245 0.026645
v -0.047768 0.037354 -0.011299
v -0.055084 0.024917 0.018629
v -0.056284 0.037411 0.020108
v -0.049743 0.053989 -0.002034
v -0.057878 0.051639 0.020478
v -0.050826 0.017805 0.005982
v -0.046169 0.020828 -0.010217
v -0.032634 0.054491 0.039928
v -0.055284 0.062793 0.024751
v -0.059710 0.061015 0.019412
v -0.054816 0.064009 0.009131
v -0.029140 0.038199 0.040848
v -0.059628 0.075763 0.019827
v -0.055928 0.076103 0.009926
v -0.056324 0.074263 0.024494
v -0.060924 0.086370 0.021231
v -0.050707 0.083716 0.030424
v 0.012163 -0.050082 -0.030396
v -0.003061 -0.062060 -0.004119
v -0.020291 -0.039080 -0.027325
v -0.042568 -0.020440 -0.032720
v -0.043793 -0.011876 -0.031985
v -0.041928 -0.009309 -0.035595
v -0.034824 -0.020204 -0.036452
v -0.042247 -0.019442 -0.021806
v -0.043477 -0.011859 -0.012655
v -0.034121 -0.028671 -0.026808
v -0.038310 -0.025899 -0.019748
v -0.037240 -0.030504 -0.006082
v -0.045178 -0.000348 -0.002407
v -0.043654 0.004225 -0.035167
v -0.044902 0.004199 -0.026835
v -0.047024 0.023771 -0.027656
v -0.045229 0.026758 -0.035111
v -0.025171 0.005464 0.039641
v -0.020319 0.021371 0.049620
v -0.046815 0.036807 -0.033246
v -0.021432 0.035033 -0.041412
v -0.043078 0.049888 -0.035660
v -0.048540 0.049605 -0.032541
v -0.049911 0.061988 -0.033016
v -0.035645 0.065813 -0.036751
v -0.050255 0.062933 -0.020764
v -0.051924 0.078829 -0.030297
v -0.051328 0.077487 -0.016951
v -0.046436 0.080890 -0.033685
v -0.026791 -0.041541 0.013825
v -0.014963 -0.023687 0.044347
v -0.016895 0.062100 0.063002
v -0.019224 0.045953 0.059121
v -0.014899 0.048275 0.063256
v -0.015855 0.035247 0.060546
v -0.033452 0.079081 0.043146
v -0.047346 0.099483 0.035043
v -0.027680 0.067668 0.050953
v -0.027926 0.088000 0.054296
v -0.023184 0.095676 0.063566
v -0.024994 0.104192 0.061275
v -0.034588 0.101853 0.045769
v -0.032250 0.120935 0.051084
v -0.023950 0.113295 0.063396
v -0.038912 0.134893 0.041290
v -0.022653 0.127369 0.065592
v -0.022118 0.120461 0.066297
v -0.027263 0.136209 0.058792
v -0.021629 0.133157 0.067208
v -0.013171 0.001454 0.056306
v 0.006312 -0.016935 0.050083
v -0.007446 0.003847 0.058126
v -0.011874 0.024117 0.060101
v -0.022185 0.053526 -0.041498
v -0.011940 0.035819 0.061777
v -0.002330 0.035992 0.057914
v 0.000182 0.047909 0.057660
v -0.001574 0.062763 0.058356
v -0.019927 0.067543 0.062664
v -0.016357 0.070898 0.064950
v -0.019725 0.075701 0.064857
v -0.009123 0.071647 0.062085
v -0.020455 0.085937 0.065410
v -0.019191 0.095524 0.067800
v -0.011106 0.082502 0.063683
v -0.004844 0.093265 0.061048
v -0.019851 0.104075 0.066733
v -0.019565 0.112325 0.067755
v -0.010962 0.105121 0.064140
v -0.019455 0.120197 0.067232
v -0.008407 0.118835 0.063519
v -0.001558 0.126613 0.060453
v -0.018852 0.126928 0.066841
v -0.020796 0.144580 0.067698
v -0.025193 0.145051 0.064074
v -0.016330 0.133956 0.065912
v -0.013457 0.142251 0.065078
v 0.005979 0.134034 0.057657
v 0.004369 -0.052794 0.025775
v 0.016386 -0.030760 0.040917
v 0.013829 0.009399 0.048347
v 0.018343 -0.006458 0.046623
v 0.003801 0.024484 0.054081
v 0.008325 0.069524 0.053728
v -0.013168 0.112279 0.065114
v 0.004665 0.111703 0.057761
v 0.037124 0.014992 0.051810
v 0.024383 0.023344 0.050917
v 0.037428 0.002227 0.050669
v 0.014228 0.038189 0.051837
v 0.021763 0.060811 0.053910
v 0.023778 0.048487 0.053540
v 0.005197 0.090240 -0.051821
v 0.008764 0.091123 0.056169
v 0.021779 0.074132 0.055655
v 0.027811 0.105508 0.059593
v 0.017308 0.117530 0.059387
v 0.021883 0.130548 0.060400
v 0.031261 0.121669 0.060701
v 0.039317 -0.047352 0.000042
v 0.032861 -0.044662 -0.021346
v 0.025570 -0.048697 0.021377
v 0.032113 -0.033492 0.033029
v 0.038535 -0.021953 0.040738
v 0.037445 -0.014722 0.047600
v 0.043170 -0.028392 -0.030551
v 0.032183 0.022189 -0.043285
v 0.025912 0.034282 -0.043906
v 0.035725 0.005166 -0.042867
v 0.034471 0.038505 0.053967
v 0.038997 0.031337 0.054066
v 0.035872 0.046404 0.054735
v 0.034417 0.054359 0.054693
v 0.023645 0.103743 -0.039219
v 0.024386 0.083957 -0.040518
v 0.036294 0.062921 0.056130
v 0.034351 0.071972 0.056303
v 0.045480 0.070591 -0.039723
v 0.030898 0.062616 -0.041689
v 0.044557 0.089680 -0.038122
v 0.032562 0.083504 0.058242
v 0.033167 0.093804 0.059267
v 0.043306 0.118345 -0.033990
v 0.041560 0.128820 -0.031552
v 0.035718 0.109069 0.059769
v 0.028757 0.139462 0.061657
v 0.046626 -0.031849 -0.014821
v 0.058182 -0.021602 0.000700
v 0.061097 -0.020099 0.007422
v 0.052606 -0.021980 0.017873
v 0.044931 -0.019295 -0.041373
v 0.049217 -0.019281 -0.038606
v 0.050020 -0.019969 -0.022754
v 0.051569 -0.019179 -0.015646
v 0.044146 -0.018863 0.036573
v 0.043624 -0.011387 0.045377
v 0.043528 -0.010299 -0.041797
v 0.047314 -0.014631 -0.041660
v 0.049910 -0.002055 -0.041495
v 0.048499 0.006313 -0.041101
v 0.042267 0.002210 0.048293
v 0.040875 0.014027 -0.042126
v 0.046147 0.003710 0.036573
v 0.046271 0.018447 0.037284
v 0.043189 0.014956 0.050367
v 0.048850 -0.009213 0.024237
v 0.042975 0.024505 0.052216
v 0.043722 0.030857 0.044756
v 0.040629 0.024269 0.053286
v 0.041618 0.031691 0.052874
v 0.034759 0.043393 -0.042188
v 0.048239 0.028471 -0.040778
v 0.046772 0.037575 -0.041397
v 0.040267 0.038940 0.053659
v 0.040345 0.046664 0.054535
v 0.041755 0.039330 0.049796
v 0.041938 0.046227 0.045885
v 0.038537 0.054278 0.053594
v 0.038622 0.062705 0.054430
v 0.040956 0.054944 0.046244
v 0.043302 0.077248 0.030953
v 0.038586 0.072053 0.051006
v 0.045493 0.053765 0.029498
v 0.045017 0.065645 0.028587
v 0.052201 0.070956 0.022103
v 0.050879 0.081290 0.024586
v 0.037363 0.083830 0.056644
v 0.036267 0.094238 0.057215
v 0.042320 0.096296 -0.038146
v 0.042755 0.088397 0.034198
v 0.043227 0.107264 -0.035756
v 0.041586 0.118983 0.037604
v 0.034739 0.125676 0.055500
v 0.039557 0.135742 0.038100
v 0.048582 0.123372 0.028614
v 0.049330 0.133741 0.027230
v 0.034263 0.142003 -0.031630
v 0.041391 0.140714 -0.029374
v 0.042982 0.139263 -0.018977
v 0.043404 0.127768 -0.024427
v 0.032453 0.143143 0.060474
v 0.049836 0.144025 0.027174
v 0.039973 0.150980 0.035411
v 0.033078 0.157914 0.057890
v 0.049336 -0.015999 -0.031606
v 0.049249 -0.014322 -0.040560
v 0.049600 -0.013449 -0.037169
v 0.049808 -0.009879 -0.040695
v 0.049770 -0.008257 -0.033904
v 0.050482 -0.000217 -0.026712
v 0.059765 -0.010187 -0.001108
v 0.064637 -0.014076 0.006057
v 0.054612 -0.006636 0.017141
v 0.062091 -0.013481 0.009848
v 0.064440 -0.004449 0.008519
v 0.049254 0.022181 0.025193
v 0.050264 -0.001149 -0.014502
v 0.056927 0.012401 0.016782
v 0.058935 0.002664 0.013801
v 0.049008 0.014372 -0.040898
v 0.048527 0.021021 -0.040928
v 0.050806 0.021677 -0.037163
v 0.050000 0.028438 -0.038681
v 0.050135 0.037084 -0.032915
v 0.065633 0.010384 0.009612
v 0.059634 0.049610 0.016633
v 0.047908 0.070199 -0.033282
v 0.052883 0.061885 0.022151
v 0.062261 0.065765 0.014425
v 0.046508 0.092987 -0.034373
v 0.044508 0.098271 -0.036760
v 0.045345 0.104730 -0.030581
v 0.051757 0.131627 0.007389
v 0.044699 0.132287 -0.005407
v 0.049183 0.139517 0.004748
v 0.057448 0.138783 0.016890
v 0.057378 0.137275 0.018960
v 0.058499 0.130702 0.017063
v 0.049468 0.148051 0.006176
v 0.057273 0.145859 0.017434
v 0.057173 0.145793 0.020421
v 0.065324 -0.004683 0.005934
v 0.065638 0.003185 0.005653
v 0.065638 0.002919 0.008396
v 0.065589 0.012947 0.006221
v 0.062530 0.059328 0.009191
v 0.061597 0.076573 0.010374
v 0.060519 0.076662 0.015892
v 0.062723 0.085884 0.014694
v 0.062534 0.086375 0.011706
v 0.059998 0.107551 0.017753
v 0.060661 0.107329 0.013595
v 0.059713 0.118488 0.015366
v 0.059535 0.118699 0.017721
v 0.051411 0.115889 0.002839
v 0.053312 0.124461 0.008483
v 0.058804 0.125429 0.015692
v 0.057497 0.129218 0.019415
v 0.058842 0.124760 0.018175
v -0.057932 0.193640 0.028357
v -0.054192 0.185385 0.018411
v -0.058373 0.182926 0.030048
v -0.058184 0.192746 0.032949
v -0.053761 0.182575 0.034738
v -0.048933 0.192692 0.037932
v -0.057503 0.202524 0.033424
v -0.058444 0.202724 0.029178
v -0.057637 0.211980 0.035004
v -0.057881 0.212526 0.029549
v -0.051246 0.205852 0.014963
v -0.049270 0.202653 0.038808
v -0.050668 0.211655 0.038634
v -0.057467 0.222101 0.035133
v -0.044337 0.219345 0.042318
v -0.057236 0.232612 0.028900
v -0.056642 0.249734 0.032958
v -0.049499 0.253974 0.014930
v -0.048990 0.232929 0.011261
v -0.056614 0.231286 0.035644
v -0.041297 0.232360 0.043409
v -0.054732 0.244573 0.036573
v -0.031205 0.240218 0.048503
v -0.055751 0.274461 0.028043
v -0.046307 0.273676 0.012426
v -0.058763 0.333535 0.031742
v -0.058300 0.325005 0.030161
v -0.057162 0.323973 0.032892
v -0.050994 0.333129 0.037287
v -0.058270 0.334973 0.027631
v -0.053972 0.330020 0.020559
v -0.058459 0.341457 0.032955
v -0.058132 0.343503 0.027239
v -0.059233 0.353395 0.033983
v -0.060547 0.354168 0.029376
v -0.059153 0.174036 0.028363
v -0.051180 0.172389 0.035518
v -0.033564 0.200758 0.046644
v -0.044329 0.254088 0.041688
v -0.031071 0.282346 0.045378
v -0.048381 0.304380 0.037006
v -0.055818 0.302546 0.027514
v -0.046683 0.297923 0.010556
v -0.046452 0.327211 0.006914
v -0.046216 0.354414 0.007079
v -0.046024 0.345800 -0.006656
v -0.056640 0.315702 0.028733
v -0.054180 0.316384 0.033513
v -0.055379 0.358146 0.019612
v -0.051570 0.341555 0.037556
v -0.045603 0.348646 0.041718
v -0.038360 0.358789 0.044191
v -0.052731 0.373390 0.039528
v -0.059269 0.364302 0.033436
v -0.033252 0.157299 0.047986
v -0.024914 0.153352 0.064932
v -0.020607 0.152272 0.067890
v -0.021344 0.159829 0.068392
v -0.024057 0.160394 0.066429
v -0.061004 0.163744 0.028993
v -0.030443 0.187703 0.053370
v -0.025150 0.170575 0.063381
v -0.023362 0.182859 0.065013
v -0.022590 0.192437 0.065631
v -0.022761 0.202423 0.068448
v -0.023276 0.217494 0.067382
v -0.020915 0.232470 0.069859
v -0.022309 0.247420 0.065359
v -0.024172 0.264470 0.060662
v -0.020897 0.272573 0.066838
v -0.022253 0.280631 0.062891
v -0.031204 0.339973 0.047355
v -0.000420 0.146699 0.059458
v -0.005273 0.160278 0.061825
v -0.022355 0.166316 0.067689
v -0.020151 0.167932 0.067660
v -0.020055 0.174115 0.067746
v -0.019337 0.183572 0.067928
v -0.004446 0.172741 0.061624
v 0.000054 0.184365 0.061675
v -0.018728 0.191606 0.068592
v -0.017604 0.201778 0.072467
v 0.001316 0.196677 0.062870
v -0.016290 0.214943 0.073267
v -0.000541 0.210171 0.065972
v 0.009142 0.222761 0.063205
v -0.017230 0.232119 0.073722
v -0.014796 0.249186 0.073859
v -0.003168 0.231996 0.068162
v -0.000231 0.249964 0.066931
v -0.017379 0.260489 0.073076
v -0.017402 0.273134 0.073220
v -0.017386 0.282937 0.072332
v -0.017282 0.292447 0.071430
v -0.023850 0.288543 0.058499
v -0.024486 0.306806 0.057681
v -0.020062 0.298467 0.065580
v -0.015621 0.298233 0.071547
v -0.016907 0.305983 0.072712
v -0.027770 0.328482 0.053519
v -0.021249 0.318625 0.067125
v -0.022513 0.325789 0.065464
v -0.017895 0.319185 0.073339
v -0.017941 0.329441 0.073943
v -0.013086 0.337240 0.076148
v -0.018304 0.347190 0.073919
v -0.025526 0.349248 0.060633
v -0.025307 0.375386 0.050029
v 0.031608 0.179715 -0.026608
v 0.016585 0.197619 -0.029473
v 0.042561 0.192731 -0.024343
v 0.040231 0.180950 -0.023465
v 0.011461 0.256756 0.062727
v -0.011999 0.261989 0.072574
v -0.019728 0.274321 -0.027967
v -0.014125 0.273985 0.074373
v -0.005175 0.272988 0.068962
v 0.003750 0.264399 0.064334
v -0.011402 0.287115 -0.036724
v -0.011260 0.300648 -0.037423
v -0.013633 0.283299 0.072984
v -0.013291 0.292659 0.072147
v -0.005492 0.281925 0.068828
v 0.002365 0.289167 0.064603
v -0.018374 0.311370 -0.030474
v 0.009705 0.300911 0.061681
v -0.009319 0.307880 0.071568
v -0.012943 0.320253 0.074056
v 0.002940 0.321500 0.066333
v 0.013986 0.335350 0.062870
v 0.012532 0.148024 0.059799
v 0.014408 0.159674 0.060710
v 0.018274 0.171661 0.061660
v 0.013863 0.183518 0.061762
v 0.018922 0.194334 0.064281
v 0.017464 0.218697 -0.031705
v 0.000862 0.228190 -0.045475
v 0.012373 0.253116 -0.039266
v 0.013891 0.262261 -0.038301
v 0.022491 0.300791 -0.033088
v -0.010161 0.369648 0.074618
v -0.015740 0.370803 0.073456
v 0.032843 0.154582 -0.030178
v 0.029901 0.148401 0.062945
v 0.029369 0.159795 0.063053
v 0.036634 0.165667 -0.027859
v 0.029979 0.171272 0.062129
v 0.028788 0.183301 0.062345
v 0.029901 0.193099 0.065353
v 0.035951 0.206188 -0.028296
v 0.029366 0.221833 -0.029108
v 0.023744 0.254425 -0.030907
v 0.023604 0.238811 -0.030058
v 0.026435 0.270336 -0.030892
v 0.028035 0.284474 -0.031044
v 0.035278 0.297065 -0.031071
v 0.035979 0.289151 0.067474
v 0.038997 0.324709 0.069805
v 0.012398 0.362934 0.061341
v 0.041821 0.155023 -0.027647
v 0.040994 0.166983 -0.025200
v 0.038151 0.163605 0.037687
v 0.036089 0.170411 0.046856
v 0.042494 0.160667 -0.001631
v 0.043963 0.180289 0.001811
v 0.041026 0.187399 0.038778
v 0.033823 0.188483 0.060346
v 0.039618 0.175230 0.037529
v 0.032790 0.213764 0.068102
v 0.050892 0.266883 -0.029386
v 0.049453 0.246798 -0.028544
v 0.022817 0.315522 -0.034235
v 0.041738 0.358234 0.070044
v 0.057013 0.167439 0.019827
v 0.057070 0.159246 0.019301
v 0.052997 0.160134 0.013735
v 0.050199 0.166285 0.011091
v 0.050959 0.154861 0.010278
v 0.057117 0.154232 0.018572
v 0.042388 0.153208 -0.017370
v 0.056401 0.166700 0.022835
v 0.057008 0.156247 0.021915
v 0.049279 0.173865 0.011760
v 0.055785 0.174682 0.020723
v 0.055493 0.180305 0.020412
v 0.055309 0.180112 0.024060
v 0.055310 0.174449 0.022803
v 0.045051 0.195039 0.000329
v 0.050950 0.186741 0.011688
v 0.056635 0.185899 0.020846
v 0.053344 0.194611 0.013206
v 0.056255 0.186643 0.025351
v 0.051016 0.200245 0.033400
v 0.041931 0.204210 0.042411
v 0.045970 0.203921 -0.025108
v 0.053913 0.211323 0.032294
v 0.044480 0.227069 0.041126
v 0.045577 0.214622 -0.027104
v 0.049200 0.230889 -0.027411
v 0.050262 0.275325 -0.000692
v 0.054675 0.267141 0.006033
v 0.053087 0.253018 0.003768
v 0.050310 0.245392 -0.000657
v 0.064402 0.237290 0.025480
v 0.058712 0.245032 0.029919
v 0.055869 0.233441 0.031721
v 0.063523 0.230848 0.025438
v 0.053532 0.267545 -0.023575
v 0.060443 0.257790 0.013878
v 0.060142 0.248720 0.014288
v 0.050259 0.284449 -0.029915
v 0.053476 0.282292 -0.022449
v 0.052233 0.302213 -0.001867
v 0.053407 0.294753 -0.022945
v 0.057356 0.293865 0.007204
v 0.057074 0.281368 0.007816
v 0.050919 0.295954 -0.028812
v 0.049321 0.306959 -0.031588
v 0.054368 0.304987 -0.028570
v 0.040170 0.317390 -0.033166
v 0.053663 0.326311 -0.033416
v 0.026718 0.331324 -0.034653
v 0.038107 0.337131 -0.035272
v 0.054305 0.335948 -0.034358
v 0.047999 0.313895 0.039695
v 0.055498 0.325987 0.034189
v 0.058655 0.345852 0.032330
v 0.050002 0.361956 0.037920
v 0.045387 0.323879 0.063922
v 0.048533 0.357684 0.065434
v 0.059204 0.315660 0.030792
v 0.065583 0.323357 0.026923
v 0.053514 0.348103 -0.034946
v 0.050155 0.362064 -0.036715
v 0.058108 0.358194 -0.032687
v 0.057565 0.348637 -0.031615
v 0.059681 0.192331 0.022121
v 0.061434 0.200723 0.024918
v 0.056494 0.184416 0.023296
v 0.062964 0.216085 0.025719
v 0.062330 0.209165 0.025483
v 0.062583 0.224111 0.026749
v 0.062725 0.209509 0.023209
v 0.063533 0.216374 0.022746
v 0.064117 0.223601 0.022973
v 0.064119 0.230815 0.022316
v 0.065369 0.238157 0.022680
v 0.056105 0.241397 0.009262
v 0.066253 0.245917 0.022522
v 0.065603 0.256552 0.025282
v 0.066905 0.256009 0.022047
v 0.057649 0.254843 0.030687
v 0.067136 0.264383 0.021608
v 0.067324 0.272505 0.020607
v 0.066813 0.264390 0.024822
v 0.067074 0.272923 0.024368
v 0.054751 0.273428 0.032731
v 0.051357 0.260508 0.035369
v 0.054367 0.306553 -0.017964
v 0.055951 0.324277 -0.000731
v 0.066231 0.312570 0.016200
v 0.066797 0.301876 0.017825
v 0.066437 0.291816 0.020063
v 0.046497 0.296843 0.042285
v 0.065840 0.292365 0.023499
v 0.068139 0.302092 0.023182
v 0.054429 0.317021 -0.032389
v 0.056565 0.316606 -0.029446
v 0.055967 0.318480 -0.014959
v 0.057070 0.326927 -0.021409
v 0.057364 0.335882 -0.016249
v 0.068991 0.313226 0.022764
v 0.057095 0.326267 -0.030503
v 0.057359 0.336459 -0.031412
v 0.056003 0.359279 -0.004170
v 0.057748 0.348988 -0.017549
v 0.066883 0.332033 0.026684
v 0.036486 0.346671 -0.035317
v 0.063469 0.347783 0.005364
v 0.063081 0.335550 0.006831
v 0.070074 0.337802 0.024270
v 0.068400 0.344146 0.025264
v 0.065364 0.354559 0.027906
v 0.071376 0.349901 0.023140
v 0.066445 0.360217 0.007834
v 0.069995 0.353458 0.012432
v 0.060872 0.364406 0.030131
v 0.067682 0.281307 0.021007
v 0.066604 0.281775 0.024404
v 0.071153 0.321482 0.021115
v 0.072819 0.331760 0.018999
v 0.072977 0.330028 0.022286
v 0.072677 0.337582 0.018456
v 0.072461 0.343467 0.017249
v 0.073504 0.348843 0.016950
v 0.073614 0.343487 0.020873
v 0.072769 0.337363 0.021198
v 0.074990 0.354942 0.018390
v 0.074762 0.349440 0.019579
v 0.073460 0.355641 0.021608
v 0.073381 0.361763 0.021264
v 0.074337 0.361309 0.017317
v -0.054504 0.375398 0.033522
v -0.053493 0.375158 0.021515
v -0.057024 0.367005 0.024022
v -0.060745 0.365356 0.030636
v -0.045049 0.384584 -0.026440
v -0.047407 0.374623 -0.026512
v -0.046258 0.370253 -0.015051
v -0.042305 0.388091 -0.013468
v -0.043627 0.381910 0.006603
v -0.050789 0.383015 0.017039
v -0.047493 0.395368 0.015596
v -0.038208 0.399618 -0.000188
v -0.050105 0.383965 0.030164
v -0.052922 0.388499 0.023872
v -0.048059 0.387200 0.036256
v -0.034698 0.381133 0.043495
v -0.052913 0.395648 0.026920
v -0.049593 0.406928 0.021491
v -0.049831 0.406877 0.027825
v -0.051420 0.412258 0.025130
v -0.051090 0.423100 0.024025
v -0.044055 0.417123 0.011184
v -0.046239 0.420026 0.030382
v -0.049214 0.432257 0.029606
v -0.052109 0.432934 0.024553
v -0.044524 0.437768 0.010741
v -0.051847 0.442005 0.025569
v -0.049689 0.452305 0.022883
v -0.049889 0.441412 0.028969
v -0.040806 0.473524 0.008345
v -0.049599 0.464755 0.024204
v -0.049425 0.475605 0.024592
v -0.045440 0.487515 0.015570
v -0.048087 0.464847 0.028094
v -0.045094 0.473944 0.029223
v -0.046298 0.480144 0.028895
v -0.049243 0.480323 0.026672
v -0.047692 0.488776 0.025375
v -0.047381 0.496736 0.025414
v -0.048334 0.497639 0.021832
v -0.049292 0.507794 0.026035
v -0.050033 0.507670 0.022531
v -0.047913 0.516780 0.025094
v -0.049172 0.516329 0.021213
v -0.043554 0.514126 0.010532
v -0.044918 0.502349 0.012851
v -0.050026 0.525237 0.020989
v -0.049164 0.525277 0.024207
v -0.048411 0.535374 0.022871
v -0.048914 0.534611 0.018689
v -0.049690 0.546761 0.022077
v -0.045682 0.548624 0.011133
v -0.052681 0.569949 0.020401
v -0.050704 0.570107 0.024156
v -0.051233 0.579161 0.023134
v -0.052546 0.579175 0.020099
v -0.049709 0.561238 0.023266
v -0.050548 0.561641 0.018339
v -0.042880 0.384412 -0.029476
v -0.045117 0.375174 -0.030294
v -0.033298 0.379349 -0.031310
v -0.043449 0.393818 -0.026127
v -0.039772 0.393897 -0.029553
v -0.016307 0.394217 -0.032221
v -0.043283 0.404067 -0.026575
v -0.042994 0.398139 0.033947
v -0.031743 0.399816 0.038542
v -0.023479 0.397217 0.043474
v -0.022182 0.411081 0.042952
v -0.037321 0.418861 -0.030046
v -0.041239 0.404302 -0.029156
v -0.039258 0.413468 -0.010707
v -0.041989 0.414880 -0.023829
v -0.040131 0.428398 -0.010393
v -0.043462 0.424108 -0.025126
v -0.037499 0.440739 -0.000546
v -0.039120 0.435503 -0.030751
v -0.016542 0.427821 -0.033897
v -0.042973 0.436696 -0.027214
v -0.043658 0.445863 -0.029733
v -0.039084 0.446658 -0.031513
v -0.026692 0.449409 -0.033222
v -0.041403 0.447684 -0.018687
v -0.036104 0.481465 -0.001093
v -0.041689 0.453636 0.009621
v -0.042554 0.458596 -0.028039
v -0.040641 0.461182 -0.017537
v -0.043289 0.468810 -0.024603
v -0.043276 0.467938 -0.029903
v -0.039716 0.457855 -0.030990
v -0.037874 0.466838 -0.031982
v -0.042122 0.478000 -0.021531
v -0.041043 0.477439 -0.030008
v -0.025588 0.477525 -0.033620
v -0.035345 0.486959 -0.031636
v -0.041301 0.486721 -0.029326
v -0.041038 0.489169 -0.018012
v -0.042301 0.496651 -0.025852
v -0.041366 0.495951 -0.029804
v -0.031032 0.496346 -0.032622
v -0.036796 0.513396 -0.001150
v -0.039985 0.503685 -0.014020
v -0.041508 0.487215 0.030111
v -0.039375 0.496997 0.030155
v -0.042337 0.504504 -0.025472
v -0.040874 0.505136 -0.030211
v -0.032207 0.507126 -0.032953
v -0.036575 0.507083 0.031165
v -0.027135 0.485806 0.035823
v -0.022426 0.502710 0.036722
v -0.042835 0.513625 -0.029730
v -0.042368 0.513122 -0.022643
v -0.040972 0.522731 -0.021866
v -0.041464 0.522333 -0.029219
v -0.038948 0.514348 -0.031967
v -0.036553 0.522646 -0.031800
v -0.042457 0.533261 0.006152
v -0.045557 0.524365 0.013613
v -0.037737 0.533336 -0.004621
v -0.037639 0.517529 0.029471
v -0.042614 0.525812 0.027036
v -0.041781 0.530663 -0.022876
v -0.042906 0.539854 -0.023031
v -0.043509 0.537702 -0.031379
v -0.042431 0.529992 -0.029667
v -0.036404 0.536953 -0.034214
v -0.039330 0.529805 -0.031893
v -0.039674 0.546577 -0.001684
v -0.038835 0.534674 0.028037
v -0.031416 0.546943 -0.036509
v -0.043491 0.546020 -0.032529
v -0.044398 0.557811 -0.034316
v -0.032063 0.559189 -0.038484
v -0.016997 0.520027 -0.036013
v -0.044825 0.547360 -0.028869
v -0.046071 0.558028 -0.029401
v -0.042377 0.556045 -0.011816
v -0.049228 0.552661 0.019418
v -0.048270 0.552374 0.023140
v -0.044739 0.545166 0.025348
v -0.038020 0.552519 0.027714
v -0.026833 0.541238 0.032041
v -0.044831 0.567402 -0.034313
v -0.042131 0.579925 -0.005640
v -0.037402 0.564062 0.028148
v -0.046964 0.569828 -0.028227
v -0.044573 0.577558 -0.036350
v -0.048500 0.589643 -0.031979
v -0.048048 0.578964 0.008770
v -0.042512 0.629673 -0.005479
v -0.047672 0.604198 0.006795
v -0.048980 0.621621 0.006553
v -0.038213 0.577230 0.028303
v -0.014572 0.386506 0.069449
v -0.015159 0.435941 0.061078
v -0.022190 0.428377 0.039767
v -0.018068 0.420015 0.054341
v -0.014772 0.427684 0.062306
v -0.008523 0.435895 0.067176
v -0.011287 0.427301 0.067746
v -0.018908 0.494736 0.044272
v -0.020306 0.482737 0.040552
v -0.023126 0.520003 0.034526
v -0.020041 0.532846 0.039002
v -0.026481 0.583838 0.032420
v -0.022098 0.572417 0.038401
v -0.017191 0.574888 0.047950
v -0.012461 0.591918 0.058840
v -0.024773 0.555992 0.033119
v -0.017242 0.370505 -0.033273
v -0.029567 0.365445 -0.032341
v -0.012849 0.400417 0.068165
v -0.007626 0.386506 0.071233
v 0.012700 0.399412 0.056100
v -0.007809 0.404481 0.068977
v -0.012295 0.408004 0.066996
v -0.012209 0.417167 0.066208
v -0.008183 0.415500 0.067292
v -0.006740 0.426538 0.067920
v -0.013043 0.484967 0.058030
v -0.013279 0.494432 0.056608
v -0.011288 0.468962 0.064923
v -0.007955 0.469540 0.066402
v -0.008980 0.476110 0.065380
v -0.012172 0.475616 0.061783
v -0.012266 0.461026 0.063680
v -0.007102 0.461388 0.065891
v -0.008622 0.485617 0.063047
v -0.001738 0.479026 0.062067
v -0.005285 0.486270 0.062790
v -0.016316 0.503392 0.050113
v -0.016957 0.514003 0.046862
v -0.009216 0.495073 0.063178
v -0.010195 0.504675 0.059972
v -0.010137 0.513753 0.059871
v -0.014401 0.521940 0.050866
v -0.010196 0.522155 0.059476
v -0.009765 0.530690 0.057239
v -0.009916 0.542733 0.058488
v -0.019298 0.549789 0.041996
v -0.011043 0.556234 0.057349
v -0.006842 0.566473 0.058243
v 0.009615 0.426623 0.058087
v 0.023945 0.414705 0.056626
v 0.033750 0.446025 0.058344
v 0.009572 0.440175 0.057663
v -0.007065 0.449494 0.067958
v 0.005005 0.451216 0.059632
v 0.014389 0.462011 0.052635
v 0.017663 0.476150 0.050666
v -0.005225 0.495265 0.062670
v 0.006968 0.502587 0.055303
v -0.005763 0.504782 0.060671
v -0.004432 0.514466 0.060432
v 0.016481 0.515238 0.048084
v -0.007470 0.522272 0.060875
v -0.005483 0.529911 0.058257
v -0.006172 0.542064 0.058924
v 0.008752 0.534001 0.050513
v -0.004701 0.553885 0.057292
v 0.016392 0.546291 0.045912
v 0.009919 0.565848 0.049856
v 0.013755 0.589129 0.047657
v 0.025720 0.577473 0.048034
v 0.019873 0.562031 0.046510
v 0.029691 0.402885 0.058559
v 0.041153 0.380825 0.067047
v 0.042534 0.397605 0.061406
v 0.022135 0.426957 -0.043775
v 0.028951 0.434160 -0.037743
v 0.034910 0.409895 -0.036052
v 0.017861 0.409983 -0.044085
v 0.008963 0.486095 0.054851
v 0.034437 0.491410 0.055255
v 0.032088 0.508191 0.053181
v 0.026323 0.531529 0.048694
v 0.053306 0.394613 -0.035421
v 0.055439 0.410597 -0.034373
v 0.048272 0.379527 0.062327
v 0.047371 0.395320 0.055915
v 0.039885 0.419325 0.060648
v 0.043268 0.434555 -0.038137
v 0.048554 0.419597 -0.036993
v 0.038699 0.451683 -0.037465
v 0.041860 0.464151 0.058332
v 0.049634 0.493898 -0.039443
v 0.035655 0.506856 -0.038917
v 0.041433 0.465635 -0.038412
v 0.053240 0.466611 -0.038552
v 0.044888 0.489665 0.054266
v 0.036147 0.520133 0.052748
v 0.031660 0.520879 -0.039753
v 0.041131 0.538359 -0.042096
v 0.043908 0.551341 -0.043425
v 0.036696 0.541178 0.050540
v 0.037185 0.553151 0.049913
v 0.051655 0.522835 -0.039673
v 0.040825 0.564884 0.050971
v 0.032271 0.580279 -0.046694
v 0.050829 0.385787 0.033612
v 0.049485 0.408153 0.031467
v 0.047181 0.409690 0.054257
v 0.048445 0.413659 0.039749
v 0.047294 0.420360 0.053086
v 0.049309 0.429852 0.042713
v 0.043236 0.412504 0.060785
v 0.045091 0.420504 0.059124
v 0.042819 0.436256 0.060979
v 0.046426 0.435529 0.059444
v 0.054127 0.449545 -0.037441
v 0.054750 0.436010 -0.037142
v 0.046714 0.445127 0.056994
v 0.049701 0.430520 0.031506
v 0.047020 0.455144 0.057522
v 0.049994 0.444344 0.031321
v 0.051559 0.457414 0.029101
v 0.055191 0.499823 -0.035986
v 0.057011 0.466537 -0.033691
v 0.048950 0.467395 0.030248
v 0.043939 0.505576 0.055927
v 0.046778 0.520245 0.049979
v 0.045967 0.533509 0.044305
v 0.041441 0.531116 0.051455
v 0.043438 0.520901 0.054015
v 0.042783 0.538957 0.050421
v 0.048322 0.564023 -0.045394
v 0.044154 0.553537 0.049671
v 0.046353 0.550178 0.043839
v 0.047900 0.578238 -0.046186
v 0.042212 0.575553 0.050603
v 0.058022 0.377961 -0.031495
v 0.057994 0.366894 -0.033685
v 0.057698 0.368407 -0.019010
v 0.056056 0.380894 -0.004541
v 0.068248 0.375771 0.023657
v 0.057120 0.392481 -0.031693
v 0.054599 0.394670 -0.008965
v 0.055956 0.400625 -0.003507
v 0.055317 0.410935 -0.012798
v 0.058186 0.423468 -0.003453
v 0.067748 0.384375 0.009932
v 0.067532 0.400373 0.009460
v 0.069685 0.392326 0.011793
v 0.066497 0.373416 0.007900
v 0.069524 0.395947 0.019394
v 0.069122 0.406101 0.018578
v 0.057101 0.406031 -0.030043
v 0.071185 0.367744 0.012624
v 0.070923 0.385269 0.019704
v 0.072546 0.392776 0.015722
v 0.070620 0.397864 0.013535
v 0.071262 0.399411 0.016107
v 0.057093 0.414306 -0.027369
v 0.057910 0.423631 -0.034163
v 0.057474 0.423635 -0.024827
v 0.055297 0.424861 -0.036903
v 0.058078 0.435357 -0.032918
v 0.054447 0.429254 -0.008081
v 0.054266 0.445011 -0.008463
v 0.058654 0.443124 -0.003056
v 0.071568 0.413680 0.013619
v 0.070647 0.405719 0.014566
v 0.071985 0.422403 0.013469
v 0.073149 0.433024 0.012931
v 0.057456 0.449767 -0.033177
v 0.054296 0.461202 -0.009354
v 0.058329 0.458083 -0.002844
v 0.057910 0.475134 -0.003764
v 0.053991 0.481729 -0.009390
v 0.066815 0.465301 0.006299
v 0.064373 0.478007 0.003060
v 0.064435 0.492109 0.003069
v 0.053844 0.514092 -0.009787
v 0.065853 0.503860 0.003526
v 0.054228 0.512183 -0.021803
v 0.062176 0.509777 0.018423
v 0.059107 0.499104 0.021240
v 0.068703 0.496288 0.012534
v 0.071175 0.504719 0.011942
v 0.063518 0.533834 -0.001179
v 0.068198 0.527127 0.004793
v 0.064850 0.518706 0.001904
v 0.053187 0.537886 -0.041791
v 0.054355 0.526998 -0.030680
v 0.055887 0.538780 -0.038011
v 0.055024 0.552721 -0.013268
v 0.062277 0.544752 -0.003029
v 0.054604 0.550304 -0.042834
v 0.056405 0.550230 -0.036356
v 0.055757 0.562052 -0.043210
v 0.056201 0.578540 -0.043849
v 0.057328 0.573951 -0.038585
v 0.056852 0.560714 -0.038711
v 0.056073 0.560213 -0.026467
v 0.061928 0.563243 -0.005246
v 0.056228 0.582964 -0.016151
v 0.062403 0.574391 -0.006545
v 0.075600 0.368305 0.017255
v 0.075076 0.367843 0.019869
v 0.074294 0.376475 0.016128
v 0.072470 0.384606 0.016316
v 0.071341 0.414149 0.016723
v 0.070042 0.422302 0.018249
v 0.072073 0.433027 0.017858
v 0.072440 0.444435 0.017039
v 0.073284 0.445075 0.013263
v 0.070982 0.453782 0.016535
v 0.071804 0.454003 0.012409
v 0.072370 0.463004 0.013397
v 0.068926 0.462594 0.017706
v 0.063850 0.476920 0.019719
v 0.069005 0.470043 0.016875
v 0.070267 0.471394 0.010649
v 0.071136 0.470376 0.013732
v 0.070064 0.477865 0.009881
v 0.070704 0.477941 0.013878
v 0.069986 0.485481 0.009508
v 0.065411 0.488030 0.017419
v 0.070737 0.486621 0.013111
v 0.048653 0.525927 0.026107
v 0.065344 0.520925 0.015381
v 0.060728 0.530699 0.017102
v 0.070364 0.514385 0.013012
v 0.071755 0.512472 0.010057
v 0.068908 0.511825 0.005689
v 0.070751 0.521020 0.008752
v 0.070215 0.521751 0.011799
v 0.071353 0.527548 0.009791
v 0.069392 0.544548 0.006266
v 0.070388 0.535721 0.007709
v 0.058998 0.544068 0.017069
v 0.069508 0.537525 0.010422
v 0.068673 0.544835 0.010081
v 0.069163 0.552839 0.004921
v 0.069639 0.553837 0.009137
v 0.062409 0.552105 0.013669
v 0.068382 0.560243 0.003723
v 0.070089 0.567725 0.004097
v 0.071781 0.575485 0.004109
v 0.068915 0.560460 0.007882
v 0.070274 0.567736 0.007715
v 0.064141 0.567314 0.012385
v 0.058946 0.559473 0.016427
v 0.071131 0.583714 0.002594
v 0.071062 0.583859 0.007031
v 0.071747 0.575610 0.007183
v -0.053464 0.586931 0.020840
v -0.050231 0.590379 0.012988
v -0.053318 0.594577 0.022516
v -0.048607 0.586347 0.025037
v -0.047103 0.597470 0.025623
v -0.053448 0.603199 0.019077
v -0.053297 0.596221 0.019146
v -0.053023 0.602968 0.022626
v -0.053846 0.611446 0.023472
v -0.054909 0.611625 0.020490
v -0.044082 0.610135 0.027180
v -0.043311 0.621057 0.028013
v -0.054125 0.620740 0.023810
v -0.054295 0.629618 0.017933
v -0.055250 0.620320 0.020595
v -0.054427 0.629767 0.022925
v -0.044634 0.631454 0.027251
v -0.050023 0.638044 0.024595
v -0.054078 0.637764 0.021978
v -0.053083 0.640596 0.016349
v -0.052816 0.644434 0.021467
v -0.052714 0.651663 0.021151
v -0.051353 0.659863 0.020583
v -0.050798 0.659184 0.015623
v -0.052194 0.650499 0.015883
v -0.050550 0.607251 -0.034543
v -0.048982 0.605766 -0.037611
v -0.046417 0.596462 -0.022942
v -0.047968 0.608177 -0.025365
v -0.047047 0.616945 -0.018173
v -0.045230 0.632207 -0.014657
v -0.049213 0.616116 -0.037363
v -0.050336 0.617256 -0.033969
v -0.045913 0.635330 -0.039218
v -0.050212 0.626910 -0.032239
v -0.049538 0.635662 -0.036222
v -0.049386 0.644477 -0.034256
v -0.047509 0.646345 -0.038675
v -0.041103 0.650492 -0.005434
v -0.043738 0.648688 -0.017280
v -0.048417 0.645371 0.024171
v -0.047646 0.654178 -0.034812
v -0.045452 0.654637 -0.038068
v -0.042008 0.663987 -0.038188
v -0.023263 0.671362 -0.042137
v -0.043513 0.661327 -0.023366
v -0.045984 0.663775 -0.034800
v -0.039978 0.664651 -0.008389
v -0.050008 0.667208 0.015659
v -0.049757 0.651751 0.023209
v -0.045444 0.658319 0.023872
v -0.025378 0.656879 0.030275
v -0.045445 0.672644 -0.035478
v -0.043647 0.672005 -0.037345
v -0.042937 0.679671 -0.034692
v -0.038357 0.678437 -0.037671
v -0.043913 0.671156 -0.029219
v -0.041488 0.679098 -0.022712
v -0.039844 0.685999 -0.005087
v -0.043297 0.673837 0.001005
v -0.049309 0.667372 0.019863
v -0.041220 0.666484 0.024007
v -0.044290 0.687386 -0.034555
v -0.041084 0.687067 -0.036670
v -0.042607 0.688750 -0.027674
v -0.041498 0.701190 -0.022377
v -0.038394 0.709787 -0.010169
v -0.049670 0.674476 0.016857
v -0.048877 0.681609 0.015372
v -0.044651 0.681842 0.021431
v -0.048303 0.681710 0.019226
v -0.048903 0.674648 0.020090
v -0.040404 0.675369 0.023361
v -0.048098 0.688906 0.014446
v -0.044439 0.692520 0.006388
v -0.043962 0.694185 -0.035756
v -0.043813 0.701944 -0.035499
v -0.039666 0.702585 -0.037363
v -0.035660 0.695045 -0.038242
v -0.044667 0.695482 -0.032541
v -0.044752 0.704308 -0.031188
v -0.041620 0.708787 -0.000943
v -0.045321 0.703561 0.008620
v -0.047611 0.695933 0.014494
v -0.047302 0.688864 0.018190
v -0.047323 0.696380 0.017840
v -0.040531 0.688337 0.022477
v -0.039902 0.697083 0.021369
v -0.043599 0.704445 0.019845
v -0.047662 0.704282 0.017192
v -0.045911 0.708041 -0.035594
v -0.042552 0.708423 -0.037097
v -0.044730 0.713765 -0.026775
v -0.046602 0.716999 -0.035000
v -0.047013 0.712344 0.017577
v -0.047723 0.712792 0.014022
v -0.038117 0.712164 0.021578
v -0.038813 0.716728 -0.038603
v -0.046273 0.723313 -0.032795
v -0.041064 0.726261 -0.036052
v -0.048006 0.731972 -0.032908
v -0.045936 0.735988 -0.035206
v -0.044939 0.723156 -0.026838
v -0.047385 0.730580 -0.028845
v -0.040701 0.726793 -0.016246
v -0.046175 0.736134 -0.024618
v -0.047640 0.726270 0.013714
v -0.047285 0.721165 0.018710
v -0.044452 0.726569 0.019307
v -0.045519 0.730789 0.017317
v -0.038890 0.735937 -0.007477
v -0.047807 0.738008 -0.031433
v -0.045831 0.745611 -0.030500
v -0.042593 0.743204 -0.017922
v -0.044517 0.748465 0.008802
v -0.047001 0.739813 0.014500
v -0.045903 0.741263 0.017996
v -0.035386 0.747240 -0.035021
v -0.045905 0.754706 -0.025293
v -0.045762 0.755095 -0.030097
v -0.044889 0.764457 -0.023793
v -0.041108 0.755193 -0.013692
v -0.038368 0.761778 -0.006136
v -0.040855 0.755555 -0.032753
v -0.045210 0.760184 0.012370
v -0.044904 0.753781 0.018569
v -0.045558 0.764443 -0.029942
v -0.044190 0.773139 -0.026043
v -0.043242 0.773462 -0.029538
v -0.034630 0.764949 -0.033566
v -0.038809 0.773787 -0.013593
v -0.036633 0.776464 -0.032335
v -0.045252 0.774932 0.015396
v -0.042202 0.776190 0.005196
v -0.043770 0.773774 0.025271
v -0.044006 0.782450 -0.029231
v -0.031021 0.798687 -0.034758
v -0.044173 0.781735 -0.024683
v -0.042915 0.790918 -0.023665
v -0.042733 0.791951 -0.028400
v -0.039199 0.787570 0.019295
v -0.040401 0.784915 0.013541
v -0.035865 0.776355 0.029158
v -0.031480 0.785035 0.026424
v -0.043818 0.798534 -0.024719
v -0.043599 0.798495 -0.027525
v -0.028087 0.622219 0.032471
v -0.022943 0.597016 0.040678
v -0.024021 0.616190 0.040538
v -0.029761 0.685085 -0.039771
v -0.020522 0.689409 -0.041830
v -0.015662 0.682455 -0.044716
v -0.033436 0.707203 -0.039069
v -0.024030 0.703076 -0.040452
v -0.028867 0.773736 -0.035532
v -0.035257 0.794006 -0.011648
v -0.033449 0.792985 -0.002610
v -0.032477 0.824744 -0.005685
v -0.037180 0.816949 -0.014244
v -0.039695 0.799282 -0.018197
v -0.041983 0.804513 -0.029204
v -0.033036 0.799170 0.018336
v -0.036844 0.799298 0.013843
v -0.013058 0.607832 0.059898
v -0.012929 0.641228 0.056118
v -0.013897 0.629019 0.056304
v -0.006247 0.628954 0.058063
v -0.008162 0.641944 0.057639
v -0.013545 0.618259 0.057878
v -0.010518 0.609622 0.061266
v -0.009001 0.617987 0.059402
v -0.021014 0.636333 0.042010
v -0.015572 0.660751 0.046310
v -0.012213 0.652089 0.055479
v -0.024804 0.685256 0.028109
v -0.013129 0.671701 0.047078
v -0.016827 0.678080 0.039773
v -0.018165 0.689654 0.036155
v -0.021367 0.703084 -0.042723
v -0.007328 0.601009 0.060352
v 0.010240 0.610820 0.050014
v 0.005948 0.639438 0.049542
v 0.016981 0.625768 0.044640
v -0.007650 0.653177 0.056088
v -0.007774 0.664130 0.054176
v 0.017596 0.646319 0.042136
v -0.009017 0.673004 0.051242
v 0.007183 0.659245 0.045103
v -0.002458 0.665697 0.050561
v -0.005131 0.673459 0.050726
v -0.003630 0.682445 0.048625
v -0.009643 0.681984 0.049378
v 0.010866 0.671159 0.041694
v 0.013323 0.686042 0.038993
v -0.009449 0.694542 0.048966
v -0.008262 0.704715 0.049250
v -0.013507 0.704241 0.041721
v -0.002354 0.693365 0.047370
v 0.009138 0.705410 0.040095
v -0.000796 0.716540 0.046576
v -0.007227 0.716550 0.050370
v -0.010221 0.716632 0.049288
v -0.001841 0.727652 0.046552
v -0.007792 0.728266 0.048793
v -0.001714 0.739688 0.044242
v -0.007863 0.740210 0.044670
v -0.000949 0.774860 0.042802
v 0.000463 0.754991 0.042121
v 0.015762 0.776657 0.030155
v 0.008240 0.780306 0.035653
v 0.000111 0.798130 0.040544
v -0.013273 0.792624 0.023343
v -0.006408 0.785474 0.036397
v -0.001787 0.792014 0.039922
v 0.030466 0.601605 0.048099
v 0.021061 0.613672 0.046761
v 0.015307 0.656287 0.040818
v 0.021909 0.677253 0.040705
v 0.019556 0.667113 0.040860
v 0.024384 0.698342 0.039593
v 0.030394 0.704359 0.040355
v 0.023337 0.719735 0.038383
v 0.011192 0.723941 0.036645
v 0.014353 0.739225 0.034637
v 0.022206 0.756155 0.034087
v -0.004012 0.774716 0.042530
v 0.000346 0.783494 0.041556
v 0.000729 0.790859 0.040218
v 0.040907 0.644683 0.047090
v 0.027506 0.635794 0.046773
v 0.043301 0.635446 0.049294
v 0.036911 0.673685 -0.045585
v 0.043514 0.665545 -0.045974
v 0.034312 0.686541 -0.045540
v 0.038432 0.694429 0.042127
v 0.037741 0.670789 0.043310
v 0.041299 0.700258 0.040275
v 0.030861 0.729768 0.038383
v 0.036124 0.738769 0.038858
v 0.034862 0.745961 0.037287
v 0.029724 0.791843 0.031279
v 0.036144 0.780799 0.033379
v 0.036710 0.789430 0.032596
v 0.001483 0.805511 0.039295
v 0.004825 0.795479 0.037986
v 0.018513 0.805105 0.027679
v 0.036476 0.810090 0.033101
v 0.040642 0.583565 0.050528
v 0.044632 0.596006 0.049823
v 0.044832 0.586251 0.050298
v 0.045162 0.604275 0.048748
v 0.043053 0.611875 0.050065
v 0.043203 0.619688 0.050152
v 0.047057 0.611555 0.049094
v 0.042845 0.627515 0.049360
v 0.044551 0.652983 0.044275
v 0.040821 0.653925 0.046907
v 0.044556 0.644702 0.045327
v 0.040107 0.662852 0.044655
v 0.046533 0.691886 -0.045687
v 0.037941 0.711231 0.041293
v 0.039092 0.723755 0.040669
v 0.039100 0.730145 0.037508
v 0.039412 0.738776 0.038094
v 0.038797 0.745900 0.035928
v 0.038630 0.753854 0.035742
v 0.035543 0.753716 0.036943
v 0.034761 0.760355 0.035832
v 0.038051 0.760020 0.034619
v 0.033355 0.767234 0.034774
v 0.039242 0.767259 0.029411
v 0.043127 0.766339 0.012716
v 0.040646 0.773389 0.019528
v 0.038429 0.774279 0.029337
v 0.037860 0.767654 0.034673
v 0.039745 0.760517 0.029325
v 0.036674 0.774776 0.032480
v 0.040595 0.782533 0.019830
v 0.038523 0.780923 0.031482
v 0.049732 0.784490 -0.042511
v 0.044884 0.800445 -0.044456
v 0.052752 0.797684 -0.043613
v 0.038605 0.796579 0.032223
v 0.040779 0.809537 0.031772
v 0.054716 0.592363 -0.045881
v 0.057085 0.584426 -0.033249
v 0.057058 0.594255 -0.040321
v 0.057698 0.601737 -0.043814
v 0.058072 0.609846 -0.042421
v 0.056228 0.603044 -0.026106
v 0.057416 0.619019 -0.044546
v 0.055493 0.638916 -0.042753
v 0.053578 0.635478 -0.027223
v 0.056486 0.628777 -0.043766
v 0.047316 0.626942 0.041198
v 0.047845 0.633521 0.035865
v 0.046360 0.635258 0.047908
v 0.046045 0.627579 0.047819
v 0.053260 0.655198 -0.041080
v 0.054453 0.647694 -0.044465
v 0.046395 0.643362 0.036391
v 0.045659 0.650808 0.027141
v 0.050286 0.666022 -0.045424
v 0.051836 0.665828 -0.041907
v 0.060574 0.655178 -0.007943
v 0.060875 0.642075 -0.010086
v 0.050183 0.657744 -0.018084
v 0.055169 0.662754 -0.012679
v 0.042803 0.670198 0.035064
v 0.043357 0.662086 0.042306
v 0.046645 0.683526 -0.044453
v 0.047624 0.674878 -0.044444
v 0.049849 0.675195 -0.041301
v 0.048597 0.685014 -0.029467
v 0.048541 0.673877 -0.018747
v 0.048887 0.683846 -0.041680
v 0.055044 0.674096 -0.010883
v 0.060182 0.668794 0.005399
v 0.061375 0.676161 0.003389
v 0.053542 0.680140 0.009776
v 0.046298 0.669468 0.016714
v 0.048763 0.692833 -0.035833
v 0.048994 0.692086 -0.043503
v 0.047933 0.691838 -0.018825
v 0.051942 0.690520 -0.014714
v 0.048766 0.700457 -0.042834
v 0.057916 0.683482 -0.007235
v 0.049134 0.709561 -0.041516
v 0.049094 0.720391 -0.040437
v 0.048010 0.727414 -0.031627
v 0.047419 0.710976 -0.020680
v 0.047497 0.734041 -0.044647
v 0.048001 0.733038 -0.022461
v 0.049470 0.722523 -0.018592
v 0.050787 0.784042 -0.032717
v 0.054458 0.797934 -0.038379
v 0.050306 0.794917 -0.018051
v 0.048500 0.775738 -0.020973
v 0.058035 0.780948 -0.000952
v 0.059668 0.791931 0.000016
v 0.049883 0.793917 0.007380
v 0.042793 0.786100 0.011605
v 0.040596 0.790686 0.022862
v 0.042258 0.802527 0.018294
v 0.039801 0.795280 0.029295
v 0.038975 0.789108 0.030807
v 0.063970 0.594422 -0.006748
v 0.071937 0.591852 0.003003
v 0.062734 0.593189 0.012782
v 0.060110 0.584267 0.015157
v 0.071743 0.591859 0.006188
v 0.072378 0.599768 0.006042
v 0.064027 0.601306 0.011453
v 0.068703 0.600433 -0.001580
v 0.065275 0.609700 -0.005969
v 0.072289 0.608053 0.002439
v 0.072982 0.599622 0.003538
v 0.072373 0.616277 0.002083
v 0.069072 0.616199 0.007088
v 0.071513 0.607896 0.005922
v 0.068452 0.624238 -0.003068
v 0.071731 0.625251 0.002463
v 0.069216 0.616415 -0.002022
v 0.070673 0.634530 0.001058
v 0.067045 0.633589 -0.004322
v 0.066651 0.651266 -0.002688
v 0.070106 0.644109 -0.000035
v 0.067790 0.652804 0.001014
v 0.066525 0.652927 0.004405
v 0.068314 0.644067 0.004868
v 0.066119 0.662648 0.003215
v 0.055425 0.661377 0.010135
v 0.056320 0.653256 0.011297
v 0.067238 0.660719 -0.000167
v 0.064655 0.668026 0.000204
v 0.062778 0.675306 -0.000821
v 0.062918 0.684118 0.001946
v 0.063416 0.684283 -0.000833
v 0.062231 0.695597 -0.001765
v 0.061881 0.692313 0.002313
v 0.051942 0.691345 0.010765
v 0.062359 0.698299 0.002328
v 0.055775 0.699474 0.007073
v 0.061834 0.717282 -0.004791
v 0.064741 0.707437 -0.001469
v 0.047910 0.701562 -0.018914
v 0.063959 0.707877 0.001656
v 0.054056 0.708665 0.009355
v 0.063360 0.717894 0.001572
v 0.054129 0.723828 0.008480
v 0.062750 0.729293 -0.002924
v 0.061780 0.730156 0.001668
v 0.061176 0.739456 -0.003029
v 0.048963 0.750621 -0.020865
v 0.060688 0.761048 -0.002864
v 0.056043 0.745470 0.004112
v 0.059700 0.789854 -0.003653
v 0.051609 0.809466 -0.019383
v 0.060801 0.798714 -0.004254
v 0.060622 0.799304 -0.000713
v 0.055800 0.800750 0.003404
v 0.058405 0.610601 0.015832
v 0.065815 0.625438 0.008644
v -0.058325 0.927863 0.115283
v -0.060531 0.932693 0.120569
v -0.061055 0.934276 0.118609
v -0.058637 0.930491 0.112827
v -0.063125 0.939127 0.122866
v -0.062013 0.937389 0.125211
v -0.063025 0.943448 0.129540
v -0.064293 0.945347 0.127330
v -0.059039 0.948257 0.118555
v -0.057134 0.940003 0.113470
v -0.066242 0.950886 0.132068
v -0.065074 0.949371 0.134715
v -0.050120 0.941437 0.134309
v -0.047252 0.944074 0.141623
v -0.055629 0.957773 0.113757
v -0.059790 0.969514 0.127882
v -0.066576 0.957536 0.136609
v -0.065659 0.955763 0.139442
v -0.065195 0.964914 0.143762
v -0.065711 0.966838 0.140523
v -0.053705 0.962359 0.148683
v -0.048358 0.953445 0.150648
v -0.064229 0.974849 0.103088
v -0.062389 0.976737 0.100348
v -0.062918 0.970773 0.095860
v -0.064681 0.968789 0.097689
v -0.059529 0.968546 0.110996
v -0.058585 0.955680 0.095266
v -0.052804 0.961605 0.089359
v -0.065889 0.974780 0.145683
v -0.064300 0.981960 0.145187
v -0.064816 0.974413 0.149713
v -0.059347 0.975849 0.120984
v -0.060722 0.985456 0.127616
v -0.064549 0.989375 0.113282
v -0.063830 0.981718 0.107931
v -0.062197 0.983072 0.105331
v -0.065963 0.979790 0.151823
v -0.056626 0.979645 0.157356
v -0.056946 0.990113 0.162781
v -0.066894 0.988308 0.156442
v -0.064063 0.997651 0.116565
v -0.062522 0.992042 0.110596
v -0.062310 0.996638 0.132256
v -0.070140 0.996268 0.158028
v -0.063284 1.009539 0.143403
v -0.065099 0.993159 0.148199
v -0.069317 0.999534 0.162390
v -0.055224 0.999206 0.169964
v -0.069607 1.009838 0.167702
v -0.067196 1.012580 0.128474
v -0.066401 1.014343 0.121450
v -0.070400 1.026422 0.131055
v -0.070052 1.028350 0.126858
v -0.067649 1.008519 0.154284
v -0.068929 1.015707 0.158174
v -0.065356 1.021984 0.149131
v -0.071035 1.021083 0.163944
v -0.069428 1.029065 0.161622
v -0.072519 1.011763 0.164553
v -0.070946 1.002924 0.160511
v -0.041536 0.807050 -0.020725
v -0.043630 0.806046 -0.025559
v -0.044896 0.815859 -0.024755
v -0.044558 0.824741 -0.027047
v -0.042701 0.823183 -0.029586
v -0.043180 0.815143 -0.028791
v -0.043600 0.825766 -0.023488
v -0.045738 0.856516 -0.026210
v -0.044087 0.845694 -0.026703
v -0.039595 0.850372 -0.017982
v -0.041096 0.859201 -0.019595
v -0.046545 0.864248 -0.026076
v -0.042050 0.866816 -0.020513
v -0.044121 0.864017 -0.030662
v -0.044122 0.856796 -0.030076
v -0.045269 0.872959 -0.026939
v -0.041722 0.874607 -0.021218
v -0.041131 0.873450 -0.032622
v -0.044566 0.880649 -0.024549
v -0.045539 0.880152 -0.027743
v -0.042894 0.887500 -0.023733
v -0.044636 0.887966 -0.027913
v -0.042804 0.892789 0.061138
v -0.039105 0.884611 0.065425
v -0.047171 0.893389 0.075619
v -0.047073 0.897740 0.071672
v -0.051321 0.899090 0.081164
v -0.047554 0.897868 0.084546
v -0.051420 0.902274 0.087504
v -0.052349 0.903648 0.084982
v -0.052392 0.908292 0.091238
v -0.049573 0.905784 0.093611
v -0.049582 0.902407 0.078481
v -0.047932 0.912216 0.080286
v -0.038098 0.898572 0.093602
v -0.041989 0.892923 0.080674
v -0.034663 0.889386 0.082380
v -0.050954 0.910737 0.099502
v -0.054196 0.912815 0.097949
v -0.048171 0.924667 0.062835
v -0.041607 0.908301 0.062378
v -0.044337 0.915515 0.072939
v -0.051308 0.930376 0.068652
v -0.052363 0.919676 0.095532
v -0.048209 0.922394 0.085941
v -0.050400 0.937754 0.093623
v -0.051922 0.937111 0.082745
v -0.048157 0.927043 0.079165
v -0.056263 0.917584 0.104381
v -0.056261 0.920318 0.102881
v -0.049281 0.915069 0.106263
v -0.050874 0.921080 0.112430
v -0.056300 0.923112 0.110240
v -0.046542 0.922317 0.055670
v -0.047551 0.919661 0.056316
v -0.046914 0.927266 0.061457
v -0.050940 0.937946 0.073097
v -0.047443 0.933863 0.067256
v -0.052732 0.935462 0.074292
v -0.052808 0.936904 0.102920
v -0.056912 0.925684 0.107366
v -0.046831 0.925559 0.119926
v -0.053501 0.931611 0.122962
v -0.046434 0.933668 0.129791
v -0.053652 0.940845 0.080289
v -0.050358 0.945134 0.077958
v -0.043760 0.927496 0.145877
v -0.043904 0.932053 0.154072
v -0.044647 0.946562 0.163758
v -0.039531 0.919636 0.138315
v -0.045012 0.955381 0.168909
v -0.049571 0.969724 0.162124
v -0.047064 0.975045 -0.037435
v -0.047041 0.966725 -0.037273
v -0.046974 0.966571 -0.033611
v -0.044619 0.974539 -0.031540
v -0.050115 0.974303 0.094860
v -0.052775 0.984170 0.165742
v -0.047592 0.984242 -0.035454
v -0.047520 0.983075 -0.039054
v -0.053277 0.982994 0.101746
v -0.046011 0.990570 0.101501
v -0.052280 0.988908 0.174711
v -0.056859 1.002036 0.113518
v -0.057497 1.011718 0.176127
v -0.054326 0.998819 0.181436
v -0.055483 1.007140 0.184475
v -0.053127 0.992230 0.181517
v -0.050489 1.022032 0.117605
v -0.026078 0.816610 -0.037865
v -0.036033 0.829271 -0.012377
v -0.035076 0.827732 0.017562
v -0.036683 0.828495 0.012424
v -0.035775 0.840984 -0.012882
v -0.042375 0.839465 -0.026043
v -0.033096 0.828153 -0.034513
v -0.035135 0.843755 0.011166
v -0.030795 0.838358 -0.038062
v -0.035045 0.854532 -0.037596
v -0.038586 0.845610 -0.032478
v -0.032308 0.846111 -0.004409
v -0.035755 0.854379 0.010989
v -0.032654 0.861117 -0.008517
v -0.032701 0.871492 -0.010110
v -0.036833 0.861725 0.011838
v -0.036069 0.867967 0.012352
v -0.036721 0.870924 0.009684
v -0.034747 0.859387 0.002818
v -0.033995 0.865177 -0.001801
v -0.031605 0.858048 0.015626
v -0.032553 0.869338 0.014685
v -0.031512 0.884299 -0.011167
v -0.036119 0.878611 0.006920
v -0.036268 0.872639 0.013254
v -0.034620 0.880209 0.012884
v -0.025666 0.876439 0.015859
v -0.042646 0.897010 -0.027555
v -0.037353 0.898293 -0.020886
v -0.039715 0.886610 -0.033422
v -0.037609 0.896738 -0.034008
v -0.035679 0.890553 0.007524
v -0.033515 0.904018 0.003135
v -0.028827 0.903148 -0.012491
v -0.033700 0.887949 0.011494
v -0.032820 0.902676 0.009358
v -0.033040 0.908139 0.008414
v -0.034243 0.893674 0.011587
v -0.024574 0.887079 0.013774
v -0.023714 0.898099 0.012053
v -0.034020 0.902051 0.036689
v -0.018131 0.891897 0.028073
v -0.028545 0.884094 0.039689
v -0.036024 0.890487 0.047944
v -0.022263 0.870031 0.054872
v -0.018422 0.868034 0.069372
v -0.034323 0.881810 0.052381
v -0.029539 0.880545 0.093470
v -0.030195 0.885181 0.101143
v -0.033087 0.889002 0.098376
v -0.033674 0.890212 0.109323
v -0.034681 0.893259 0.104797
v -0.043139 0.906059 -0.028842
v -0.040605 0.908036 -0.032496
v -0.041052 0.906232 -0.025024
v -0.041866 0.914959 -0.029135
v -0.034344 0.917102 -0.019237
v -0.040595 0.905897 0.046438
v -0.040173 0.910567 0.041966
v -0.037479 0.900776 0.104725
v -0.040513 0.910403 0.108468
v -0.043217 0.907689 0.101286
v -0.035606 0.896117 0.113664
v -0.036393 0.901431 0.118821
v -0.033365 0.894856 0.115956
v -0.033883 0.900649 0.120813
v -0.037897 0.906973 0.123762
v -0.042272 0.917877 0.114910
v -0.035603 0.905854 0.127380
v -0.023417 0.906974 0.124145
v -0.029553 0.911677 0.130036
v -0.042016 0.918377 -0.032147
v -0.034049 0.915824 0.008880
v -0.034044 0.914683 0.005238
v -0.043427 0.912083 0.047015
v -0.036187 0.920107 0.047571
v -0.028031 0.923988 0.040627
v -0.038208 0.908635 0.128791
v -0.040973 0.917911 0.121605
v -0.038098 0.912305 0.134142
v -0.042134 0.923135 0.127673
v -0.034959 0.920449 0.139328
v -0.024929 0.918113 0.134539
v -0.041355 0.932100 -0.035448
v -0.032545 0.943603 -0.041836
v -0.040656 0.923307 -0.034925
v -0.043736 0.930058 -0.030444
v -0.038864 0.928161 -0.023766
v -0.033443 0.944603 -0.018227
v -0.028666 0.928589 -0.013420
v -0.031312 0.941758 -0.009790
v -0.033537 0.924367 0.009003
v -0.034941 0.933115 0.010219
v -0.036258 0.933437 0.006786
v -0.033599 0.922558 0.001109
v -0.039541 0.931500 0.060394
v -0.036835 0.926513 0.146038
v -0.043796 0.937931 -0.030996
v -0.044457 0.948040 -0.031238
v -0.044666 0.947428 -0.035902
v -0.043660 0.937391 -0.034357
v -0.036845 0.943120 0.006795
v -0.037432 0.951483 0.006607
v -0.034382 0.957263 -0.008855
v -0.034287 0.943455 0.010706
v -0.034281 0.953786 0.010921
v -0.019601 0.933871 0.012011
v -0.022144 0.947347 0.012477
v -0.037707 0.943493 0.067669
v -0.034127 0.962753 0.062590
v -0.026623 0.938731 0.043194
v -0.028218 0.936598 0.150138
v -0.024795 0.929037 0.144159
v -0.044521 0.957452 -0.037043
v -0.044313 0.957736 -0.031943
v -0.033255 0.965244 -0.016799
v -0.037843 0.967960 0.003374
v -0.028365 0.944559 0.157580
v -0.028941 0.954054 0.164628
v -0.034544 0.978860 -0.017379
v -0.039171 0.993671 0.004793
v -0.032701 0.972831 0.010174
v -0.036770 0.993872 0.007837
v -0.041549 0.974650 0.087387
v -0.045242 0.994066 -0.040177
v -0.034398 0.990505 -0.018881
v -0.045541 0.994297 -0.036192
v -0.034390 1.004262 -0.021209
v -0.035601 0.994539 -0.010304
v -0.035832 1.005845 -0.007044
v -0.034294 0.986757 0.076028
v -0.046488 1.004602 -0.038445
v -0.045707 1.003866 -0.041519
v -0.037317 1.010167 0.004500
v -0.031371 1.006338 0.007581
v -0.038392 0.999324 0.091412
v -0.046691 1.006695 0.108400
v -0.043318 1.012746 -0.042496
v -0.032831 1.017535 -0.020659
v -0.044561 1.015775 -0.039018
v -0.038327 1.014625 0.001961
v -0.034223 1.015432 -0.013318
v -0.035926 1.031111 0.000885
v -0.032461 1.031893 -0.020112
v -0.034678 1.022966 -0.010626
v -0.037680 1.023362 0.000667
v -0.041453 1.013657 0.099954
v -0.046415 1.015716 0.110216
v -0.024827 1.000985 0.094181
v -0.035755 1.013605 0.096790
v -0.022271 1.016809 0.103894
v -0.031208 0.844229 0.015761
v -0.015772 0.872025 0.018731
v -0.014130 0.849718 0.020867
v -0.043376 0.879831 -0.030605
v -0.028130 0.878967 0.044326
v -0.020994 0.873025 0.042043
v -0.024450 0.872832 0.081884
v -0.017955 0.874214 0.085834
v -0.022168 0.880960 0.096267
v -0.021473 0.905658 0.029244
v -0.013228 0.899915 0.026245
v -0.016889 0.881498 0.031548
v -0.026380 0.885324 0.102469
v -0.031509 0.890035 0.110479
v -0.025795 0.892980 0.111286
v -0.023122 0.898703 0.115896
v -0.019051 0.908520 0.011273
v -0.029487 0.916362 0.010401
v -0.018814 0.926548 0.035007
v -0.019966 0.914623 0.029588
v -0.025627 0.913825 0.033439
v -0.015099 0.893489 0.110912
v -0.014554 0.909618 0.131853
v -0.027342 0.924361 0.010864
v -0.011016 0.918776 0.030840
v -0.008752 0.909467 0.026552
v -0.022483 0.938131 0.040645
v -0.013171 0.959148 0.013496
v -0.009024 0.943952 0.050767
v -0.015155 0.951267 0.058072
v -0.009002 0.952082 0.057352
v -0.027374 0.960576 0.059626
v -0.021488 0.932501 0.152262
v -0.022917 0.940131 0.158620
v -0.015914 0.962966 0.067887
v -0.030398 0.968745 0.171795
v -0.045559 0.976132 0.179474
v -0.019578 0.942204 0.166653
v -0.016049 0.974024 0.076700
v -0.020647 0.982502 0.082237
v -0.022200 0.997256 0.010434
v -0.014825 1.011135 0.009732
v -0.003277 0.806507 0.036214
v -0.001439 0.849566 0.035106
v -0.002554 0.838083 0.033776
v 0.002792 0.839139 0.038240
v 0.003738 0.847517 0.037837
v -0.006774 0.862228 0.030024
v 0.001005 0.863520 0.038207
v -0.010475 0.870843 0.026053
v -0.013207 0.869658 0.043403
v -0.009323 0.866915 0.053002
v 0.002892 0.867716 0.047323
v 0.011411 0.868454 0.058909
v 0.004508 0.865964 0.070384
v -0.008719 0.875699 0.031578
v -0.012627 0.880570 0.025686
v -0.004365 0.871354 0.035181
v -0.005979 0.873019 0.036678
v -0.010134 0.876428 0.034383
v 0.000884 0.870256 0.040499
v -0.005585 0.871278 0.040194
v -0.007785 0.873517 0.083608
v -0.016906 0.886294 0.015728
v -0.013670 0.891245 0.024571
v -0.014709 0.896452 0.014894
v -0.012143 0.898284 0.023212
v -0.021617 0.891255 0.107907
v -0.011080 0.906628 0.013819
v -0.007948 0.906056 0.021545
v -0.009108 0.915940 0.012573
v -0.011658 0.920038 0.010607
v -0.002944 0.915631 0.021835
v -0.006063 0.908208 0.135543
v -0.008842 0.921885 0.151362
v -0.013140 0.922051 0.153376
v 0.003839 0.935385 0.144819
v -0.002788 0.939981 0.149887
v 0.001183 0.923372 0.134518
v 0.005619 0.928264 0.137903
v -0.008281 0.927447 0.015008
v -0.000782 0.921780 0.028703
v -0.000058 0.926090 0.031309
v -0.001986 0.930010 0.027508
v -0.011813 0.927784 0.038028
v -0.007450 0.923804 0.032907
v -0.009549 0.934411 0.041231
v -0.013527 0.927259 0.157655
v -0.010558 0.927903 0.157681
v -0.014750 0.932091 0.161661
v -0.012808 0.937505 0.166674
v -0.015292 0.936936 0.166761
v -0.011568 0.932004 0.161416
v -0.007710 0.937162 0.157320
v -0.010106 0.940416 0.163277
v -0.006017 0.944961 0.023128
v -0.001619 0.941738 0.043675
v -0.014830 0.950582 0.173253
v -0.013891 0.943421 0.170128
v -0.009545 0.947247 0.164090
v -0.011346 0.956224 0.169241
v -0.014463 0.992098 0.012456
v -0.006376 0.952740 0.024903
v 0.001483 0.958996 0.055545
v 0.000521 0.950068 0.050047
v -0.002531 0.963574 0.062067
v -0.006395 0.965427 0.025764
v -0.005836 0.974332 0.029032
v -0.009310 0.978966 0.022062
v -0.010193 0.988393 0.020027
v -0.004117 0.958476 0.028859
v -0.007084 0.978380 0.174424
v -0.012021 0.990232 0.181920
v -0.013725 0.972786 0.176611
v -0.005680 0.958846 0.164431
v -0.014581 0.986560 0.083456
v -0.006857 0.984157 0.076282
v -0.009890 1.004749 0.092123
v -0.006135 0.995577 0.081965
v -0.007127 0.998385 0.023651
v -0.003546 0.992857 0.032785
v -0.009960 1.012793 0.096619
v -0.011950 1.004690 0.014291
v -0.033497 1.021619 0.005854
v -0.013506 1.025733 0.009012
v -0.021039 1.030953 0.006959
v -0.005748 1.007718 0.024748
v -0.012583 1.024229 0.102553
v -0.008686 1.020037 0.098394
v 0.001575 0.813606 0.039979
v -0.004155 0.816577 0.034649
v 0.000944 0.825954 0.039832
v -0.001849 0.826591 0.037654
v 0.010525 0.811659 0.033768
v 0.003822 0.825717 0.039328
v 0.007326 0.835615 0.036887
v 0.013986 0.840967 0.032423
v 0.010151 0.861736 0.035387
v 0.022713 0.877660 0.068676
v 0.004633 0.870570 0.086055
v 0.011203 0.875095 0.036976
v 0.012337 0.875423 0.040836
v 0.018052 0.872822 0.050000
v -0.001293 0.891435 0.117790
v 0.011178 0.891451 0.097277
v 0.011909 0.882707 0.087650
v 0.007777 0.903400 0.112200
v 0.004079 0.912134 0.123171
v 0.013180 0.906936 0.114154
v 0.013508 0.914463 0.122496
v -0.000303 0.917294 0.027753
v -0.003168 0.919020 0.030170
v 0.008220 0.921427 0.025271
v 0.007326 0.914784 0.027057
v 0.017775 0.920038 0.017906
v 0.017530 0.934443 0.019089
v 0.003870 0.924541 0.029740
v 0.004644 0.921521 0.031497
v 0.008597 0.914837 0.031174
v 0.009370 0.922033 0.035094
v 0.005938 0.918694 0.128047
v -0.002705 0.922681 0.031174
v 0.001137 0.929420 0.031123
v 0.000801 0.926635 0.032184
v -0.001268 0.926463 0.032937
v 0.007368 0.931061 0.028560
v 0.004490 0.923791 0.033484
v 0.001132 0.927483 0.034102
v 0.001308 0.937141 0.031082
v 0.005140 0.940132 0.030953
v 0.004168 0.939258 0.041580
v -0.000601 0.934504 0.036415
v 0.005815 0.929369 0.036459
v -0.000876 0.943783 0.032345
v -0.001623 0.950088 0.033779
v 0.001389 0.947179 0.034535
v 0.015213 0.928374 0.045533
v 0.003853 0.949976 0.050516
v 0.003569 0.953466 0.160801
v 0.007831 0.959113 0.165109
v 0.000276 0.964001 0.166913
v 0.011042 0.937721 0.148231
v 0.013229 0.933862 0.143660
v 0.003861 0.945192 0.154739
v 0.011213 0.941688 0.152946
v -0.000830 0.957589 0.033266
v 0.002829 0.957069 0.033684
v 0.018278 0.967935 0.022238
v 0.001470 0.966395 0.035635
v 0.018274 0.953554 0.020915
v 0.010161 0.963150 0.168297
v 0.008132 0.968152 0.171246
v -0.001607 0.966126 0.034995
v -0.001987 0.975996 0.034380
v 0.001378 0.976222 0.035184
v -0.002692 0.978805 0.071385
v -0.002730 0.971506 0.066276
v 0.002110 0.971899 0.066031
v 0.002215 0.964023 0.062183
v 0.000149 0.979323 0.072195
v 0.005437 0.968032 0.075344
v 0.003486 0.978673 0.080814
v -0.000242 0.987257 0.074286
v 0.001585 0.986751 0.078807
v 0.000987 0.993334 0.087570
v 0.004967 0.986093 0.097423
v -0.000447 0.972793 0.171422
v 0.006042 0.974665 0.172886
v 0.011496 0.978300 0.028309
v 0.005213 0.985480 0.031843
v 0.000150 0.985014 0.035399
v 0.004682 0.994104 0.031431
v -0.000584 0.994834 0.034745
v -0.002500 0.984635 0.034266
v -0.002441 0.996514 0.081932
v -0.001988 1.001119 0.032059
v 0.001523 1.003979 0.032109
v 0.016903 0.998776 0.020762
v 0.019871 0.985899 0.020792
v -0.003467 1.007336 0.093216
v 0.002871 1.001401 0.106162
v 0.008529 0.998676 0.107793
v 0.008761 0.991330 0.102908
v -0.002116 1.007562 0.031697
v -0.002750 1.016243 0.028599
v -0.009007 1.015270 0.017960
v 0.006132 1.014033 0.027296
v -0.004965 1.013317 0.096359
v -0.005646 1.020819 0.098800
v -0.003259 1.017820 0.104074
v -0.000760 1.009575 0.104740
v 0.001609 1.014531 0.113993
v 0.008395 1.009193 0.113996
v -0.001422 1.021842 0.114184
v -0.000105 1.027727 0.119015
v 0.007784 1.020630 0.118594
v 0.014358 0.822139 0.031401
v 0.021126 0.823369 0.027986
v 0.021499 0.839930 0.027694
v 0.031466 0.833591 0.029489
v 0.029044 0.843377 0.029020
v 0.024075 0.855886 0.028151
v 0.021457 0.874283 0.028608
v 0.028727 0.871420 0.026929
v 0.018037 0.882412 0.034153
v 0.019502 0.883113 0.038201
v 0.025992 0.880326 0.052996
v 0.021792 0.891991 0.035345
v 0.021027 0.890564 0.030971
v 0.024446 0.888107 0.024416
v 0.019497 0.903002 0.033215
v 0.028579 0.904076 0.042656
v 0.033403 0.896312 0.049211
v 0.016041 0.897866 0.101904
v 0.025698 0.891286 0.092293
v 0.025254 0.884186 0.081221
v 0.020460 0.910719 0.017777
v 0.024270 0.898778 0.021022
v 0.030675 0.905445 0.021243
v 0.023941 0.914726 0.018560
v 0.016517 0.909205 0.022570
v 0.018888 0.901343 0.027024
v 0.011918 0.908490 0.029438
v 0.022358 0.915986 0.038336
v 0.027267 0.922964 0.046142
v 0.024397 0.898844 0.099909
v 0.023579 0.904786 0.104922
v 0.020954 0.903305 0.107733
v 0.022570 0.906960 0.110975
v 0.020505 0.910807 0.118872
v 0.012913 0.911675 0.031419
v 0.026879 0.912135 0.086963
v 0.023502 0.911180 0.095197
v 0.025255 0.902554 0.089416
v 0.030485 0.900222 0.071714
v 0.025847 0.919108 0.095562
v 0.020328 0.920459 0.105388
v 0.021669 0.912047 0.108579
v 0.021723 0.913235 0.117512
v 0.015173 0.919401 0.128169
v 0.018318 0.917013 0.123036
v 0.018772 0.920303 0.118776
v 0.023303 0.928165 0.105848
v 0.023198 0.935559 0.112206
v 0.017725 0.929962 0.116407
v 0.016559 0.937485 0.122902
v 0.022887 0.944000 0.119317
v 0.027694 0.926358 0.100046
v 0.017273 0.927396 0.128973
v 0.015856 0.934093 0.131297
v 0.017919 0.920601 0.126956
v 0.017521 0.923998 0.132890
v 0.015346 0.924086 0.134551
v 0.015272 0.928630 0.139188
v 0.016733 0.929844 0.137897
v 0.015181 0.939467 0.136463
v 0.015296 0.935543 0.142641
v 0.029099 0.932335 0.021859
v 0.035393 0.939477 0.025710
v 0.029505 0.944997 0.022719
v 0.015472 0.944113 0.128528
v 0.015306 0.939148 0.147634
v 0.015263 0.942581 0.153887
v 0.014562 0.946397 0.140012
v 0.016060 0.944615 0.153128
v 0.013562 0.955645 0.142208
v 0.014918 0.949556 0.156391
v 0.027694 0.955429 0.022707
v 0.032232 0.965580 0.024455
v 0.018908 0.959637 0.105095
v 0.023608 0.977638 0.099018
v 0.018242 0.968774 0.110664
v 0.023315 0.958524 0.115944
v 0.016897 0.949095 0.128779
v 0.020608 0.958392 0.132489
v 0.022700 0.966712 0.135880
v 0.013058 0.964954 0.143908
v 0.021088 0.972831 0.140024
v 0.017751 0.979111 0.145345
v 0.011791 0.970938 0.151987
v 0.013619 0.955494 0.159002
v 0.011864 0.953755 0.161434
v 0.011770 0.958968 0.163976
v 0.012031 0.962343 0.159483
v 0.011358 0.965885 0.163528
v 0.011820 0.963832 0.166964
v 0.023304 0.975117 0.021166
v 0.016798 0.980874 0.119577
v 0.020190 0.972551 0.122699
v 0.023505 0.982737 0.140646
v 0.025010 0.974790 0.136708
v 0.008025 0.975866 0.172040
v 0.010280 0.969480 0.169931
v 0.009704 0.971447 0.163152
v 0.009035 0.981029 0.164129
v 0.011198 0.979907 0.155327
v 0.014420 0.986827 0.100608
v 0.017674 0.994815 0.106631
v 0.021509 0.989727 0.108367
v 0.018183 0.997105 0.113264
v 0.015503 0.995202 0.124602
v 0.019722 0.994667 0.108576
v 0.022525 0.977664 0.131462
v 0.018419 0.990904 0.136364
v 0.022135 0.983703 0.137028
v 0.010166 0.992950 0.160269
v 0.015979 0.987219 0.150538
v 0.019085 0.996306 0.152184
v 0.015035 1.003740 0.158727
v 0.021408 0.989716 0.144625
v 0.016904 0.998770 0.110288
v 0.017922 1.003019 0.114859
v 0.017231 1.004445 0.113485
v 0.012747 1.004139 0.112370
v 0.015893 1.005714 0.122158
v 0.013582 1.010783 0.139436
v 0.015731 0.999983 0.136391
v 0.021561 0.997903 0.148366
v 0.020962 1.005685 0.152671
v 0.021517 1.013941 0.157087
v 0.019305 1.012660 0.160009
v 0.008708 1.011831 0.169112
v 0.008399 0.994154 0.169289
v 0.027233 1.001574 0.020239
v 0.017868 1.009368 0.018680
v 0.015540 1.014745 0.118169
v 0.016332 1.009724 0.116846
v 0.012929 1.018794 0.137037
v 0.016106 1.013403 0.123995
v 0.017407 1.020770 0.124441
v 0.016529 1.022144 0.120204
v 0.011716 1.037090 0.145483
v 0.013168 1.029377 0.149639
v 0.011865 1.027506 0.143269
v 0.014697 1.033986 0.133257
v 0.018857 1.015801 0.152336
v 0.007875 1.005557 0.179229
v 0.008057 0.997143 0.177579
v 0.006228 1.020701 0.183928
v 0.007578 1.010986 0.186498
v 0.015969 1.019359 0.165112
v 0.034049 0.819141 0.032106
v 0.048973 0.809097 -0.045021
v 0.036003 0.826552 0.032931
v 0.041049 0.819358 0.033307
v 0.039863 0.834328 0.031339
v 0.039095 0.842216 0.031748
v 0.040694 0.826474 0.033968
v 0.039203 0.850991 0.030792
v 0.041178 0.864236 0.029848
v 0.029596 0.886212 0.024108
v 0.033533 0.897102 0.023042
v 0.042640 0.879240 0.027965
v 0.041202 0.892620 0.025862
v 0.027562 0.890634 0.079622
v 0.040928 0.899726 0.024775
v 0.036407 0.910492 0.071597
v 0.027105 0.893429 0.089105
v 0.030893 0.917653 0.021629
v 0.035248 0.912821 0.022824
v 0.028679 0.931473 0.060636
v 0.030644 0.917787 0.070821
v 0.033125 0.917211 0.083608
v 0.032052 0.923197 0.091442
v 0.028682 0.923233 0.078852
v 0.029546 0.926041 0.087898
v 0.026902 0.923660 0.020260
v 0.029485 0.929745 0.098851
v 0.028125 0.933034 0.103993
v 0.026563 0.932507 0.093174
v 0.022243 0.941124 0.089338
v 0.028421 0.938887 0.108630
v 0.039519 0.932511 0.025892
v 0.040526 0.940119 0.027180
v 0.022142 0.945927 0.101546
v 0.027179 0.948219 0.116287
v 0.027476 0.953902 0.122935
v 0.028082 0.960627 0.125113
v 0.026481 0.969047 0.131273
v 0.039263 0.974220 0.026062
v 0.038124 0.985470 0.025360
v 0.027726 1.017743 0.018076
v 0.038991 1.009611 0.021826
v 0.040852 1.018559 0.021650
v 0.017819 1.023820 0.155970
v 0.019637 1.022250 0.160774
v 0.054362 0.808502 -0.042881
v 0.053444 0.816037 -0.045609
v 0.056748 0.816665 -0.043395
v 0.058090 0.826398 -0.015317
v 0.060572 0.814506 -0.009488
v 0.053752 0.825761 -0.023154
v 0.054503 0.809788 -0.035627
v 0.045148 0.815775 0.010559
v 0.055492 0.821875 -0.035986
v 0.042906 0.825192 0.031294
v 0.056288 0.824505 -0.044345
v 0.044567 0.824370 0.018530
v 0.047390 0.837667 0.010072
v 0.045340 0.837444 0.018034
v 0.042388 0.834614 0.029677
v 0.042479 0.841828 0.030702
v 0.048341 0.854428 0.010416
v 0.044022 0.850119 0.026268
v 0.061570 0.848620 -0.000507
v 0.060191 0.838711 -0.000546
v 0.044723 0.866469 0.027347
v 0.046957 0.870860 0.011004
v 0.046309 0.883739 0.008085
v 0.050253 0.874754 0.007004
v 0.048889 0.884415 0.006511
v 0.044875 0.881590 0.023481
v 0.044647 0.888554 0.014649
v 0.044890 0.895774 0.006368
v 0.043232 0.902926 0.012202
v 0.057607 0.886143 0.005582
v 0.051381 0.890883 0.002914
v 0.048274 0.891294 0.002824
v 0.052696 0.893911 -0.001636
v 0.050306 0.895987 -0.001508
v 0.050765 0.899702 0.001743
v 0.043859 0.893656 0.022399
v 0.041761 0.905990 0.020974
v 0.042890 0.899782 0.023397
v 0.046089 0.904681 0.002726
v 0.042570 0.914813 0.006816
v 0.044425 0.914621 0.001265
v 0.039000 0.905860 0.023412
v 0.039915 0.913463 0.024186
v 0.049274 0.905668 -0.027121
v 0.054503 0.903596 -0.042923
v 0.053384 0.917685 -0.037008
v 0.048672 0.915434 -0.028358
v 0.056714 0.912409 -0.045839
v 0.053125 0.919675 -0.003393
v 0.053156 0.907420 -0.002049
v 0.055398 0.911619 -0.004415
v 0.042968 0.926281 0.006989
v 0.042487 0.924864 0.017846
v 0.042203 0.914794 0.020631
v 0.040954 0.918181 0.024389
v 0.040891 0.925107 0.023379
v 0.043754 0.926992 0.001575
v 0.044636 0.937881 0.002400
v 0.044231 0.937126 0.008662
v 0.043409 0.933376 0.019442
v 0.042161 0.932492 0.024799
v 0.045514 0.948241 0.003386
v 0.044810 0.947138 0.014993
v 0.038219 0.918910 0.024822
v 0.038151 0.925432 0.024515
v 0.044252 0.940528 0.020879
v 0.043217 0.940421 0.025572
v 0.055566 0.936791 -0.002488
v 0.050004 0.947734 0.000598
v 0.046775 0.958659 0.002962
v 0.045052 0.956053 0.020720
v 0.039782 0.948083 0.025940
v 0.042543 0.947896 0.024688
v 0.041854 0.954152 0.026845
v 0.055114 0.957018 -0.001391
v 0.048479 0.971335 0.002349
v 0.045028 0.965052 0.022113
v 0.041568 0.965636 0.025973
v 0.048179 0.982269 0.002430
v 0.045620 0.973483 0.019433
v 0.043207 0.973899 0.025067
v 0.053483 0.996705 -0.003032
v 0.047906 0.996246 0.001743
v 0.064536 0.984844 -0.007316
v 0.043983 0.986029 0.024769
v 0.042757 0.998350 0.024189
v 0.043522 1.018292 0.019725
v 0.042752 1.007830 0.020729
v 0.047458 1.006324 0.001232
v 0.047043 1.017924 0.000927
v 0.063051 0.806605 -0.003850
v 0.063231 0.807873 -0.000815
v 0.064593 0.817137 -0.002374
v 0.061169 0.817917 0.001184
v 0.054811 0.810845 0.004763
v 0.055744 0.844808 -0.033082
v 0.055027 0.844697 -0.024842
v 0.055695 0.832908 -0.038011
v 0.056706 0.840032 -0.043891
v 0.064809 0.824399 -0.004959
v 0.059100 0.826767 0.001856
v 0.062897 0.837862 -0.008795
v 0.064044 0.833988 -0.004872
v 0.056874 0.847374 -0.044235
v 0.056212 0.850268 -0.036751
v 0.057637 0.854856 -0.044820
v 0.054232 0.862046 -0.032105
v 0.057261 0.861965 -0.045203
v 0.056043 0.870616 -0.039538
v 0.061687 0.850718 -0.014719
v 0.065414 0.846841 -0.006366
v 0.066427 0.853899 -0.007752
v 0.065700 0.855462 -0.004887
v 0.053891 0.880242 -0.029613
v 0.056135 0.861127 -0.023931
v 0.060685 0.879378 -0.026527
v 0.060629 0.863142 -0.018669
v 0.066866 0.857796 -0.007579
v 0.054241 0.865191 0.003714
v 0.060668 0.860456 -0.002112
v 0.062964 0.864549 -0.002476
v 0.059455 0.870049 0.002236
v 0.064932 0.865517 -0.000710
v 0.062536 0.871230 0.003697
v 0.055556 0.878443 -0.047635
v 0.056509 0.878581 -0.044232
v 0.050289 0.897968 -0.028122
v 0.060099 0.893669 -0.024391
v 0.065783 0.865562 -0.020375
v 0.068629 0.875841 -0.031740
v 0.073936 0.863442 -0.030133
v 0.057590 0.877906 0.005465
v 0.061316 0.877935 0.006547
v 0.062366 0.885867 0.007592
v 0.069197 0.866944 0.012985
v 0.064849 0.874765 0.012955
v 0.054496 0.885448 -0.039111
v 0.053458 0.895473 -0.038230
v 0.054513 0.897340 -0.016981
v 0.060471 0.893526 0.001946
v 0.062589 0.897657 -0.005132
v 0.054806 0.896744 -0.007967
v 0.068177 0.900618 0.005648
v 0.067031 0.880630 0.016086
v 0.053106 0.898022 -0.008463
v 0.058435 0.897629 -0.014062
v 0.053955 0.901394 -0.016309
v 0.053639 0.912979 -0.021298
v 0.064805 0.897970 -0.016118
v 0.060665 0.916400 -0.010797
v 0.060015 0.916898 -0.007851
v 0.061487 0.905701 -0.009351
v 0.055127 0.902437 -0.003319
v 0.062802 0.924345 -0.006327
v 0.065578 0.927560 -0.010767
v 0.058625 0.926994 -0.017686
v 0.054489 0.928162 -0.002321
v 0.049838 0.927724 -0.028621
v 0.053311 0.927947 -0.035756
v 0.054875 0.938482 -0.036691
v 0.052312 0.944054 -0.028968
v 0.055749 0.936060 -0.022144
v 0.052154 0.926811 -0.024677
v 0.061907 0.937535 -0.015541
v 0.062522 0.931827 -0.014110
v 0.066559 0.931144 -0.007761
v 0.062460 0.946121 -0.016814
v 0.060291 0.946660 -0.003722
v 0.063229 0.962703 -0.019503
v 0.058672 0.974640 -0.027976
v 0.065370 0.954575 -0.014104
v 0.057822 0.967649 -0.002494
v 0.066070 0.974954 -0.007202
v 0.055509 1.001882 -0.034160
v 0.062112 0.994564 -0.024555
v 0.057864 0.984778 -0.030100
v 0.052041 1.007804 -0.003650
v 0.068500 1.001206 -0.014250
v 0.061400 1.008918 -0.025828
v 0.067761 1.010380 -0.016312
v 0.055556 1.022310 -0.034949
v 0.061679 1.018477 -0.025296
v 0.082222 0.852004 -0.019527
v 0.070932 0.856531 -0.009936
v 0.078215 0.876041 -0.039111
v 0.085287 0.862279 -0.034202
v 0.066742 0.858904 -0.005269
v 0.070742 0.857566 -0.000101
v 0.082089 0.853034 0.002938
v 0.081876 0.867219 0.020541
v 0.071418 0.874057 0.018973
v 0.080348 0.875940 0.023550
v 0.075685 0.893086 -0.034797
v 0.089591 0.888991 -0.044053
v 0.091310 0.879728 -0.041964
v 0.069565 0.891203 -0.028164
v 0.069931 0.900169 -0.015804
v 0.071158 0.892221 0.018796
v 0.079943 0.909997 -0.023399
v 0.079735 0.912777 -0.009599
v 0.064452 0.935119 -0.008057
v 0.068571 0.946617 -0.008111
v 0.066539 0.955746 -0.009007
v 0.068204 0.964629 -0.007905
v 0.069304 0.973085 -0.012037
v 0.064165 0.984502 -0.021394
v 0.070114 0.983865 -0.013342
v 0.067323 0.994147 -0.010812
v 0.068347 0.994442 -0.014400
v 0.065884 1.001354 -0.010803
v 0.065831 1.010973 -0.012102
v 0.067064 1.021098 -0.017591
v 0.050738 1.019175 -0.004212
v 0.066273 1.021517 -0.014319
v 0.102300 0.851075 0.009756
v 0.099398 0.871930 0.028733
v 0.093769 0.884079 0.025991
v 0.082343 0.898501 0.024464
v 0.090049 0.904226 -0.033524
v 0.083512 0.916570 0.006424
v 0.079716 0.902717 0.016535
v -0.050017 0.978332 0.178754
v -0.050427 0.984074 0.182455
v -0.046948 0.962140 0.169925
v -0.047875 0.983742 0.183889
v -0.051255 0.988300 0.188314
v -0.053050 0.988972 0.186659
v -0.045298 0.991790 0.187902
v -0.035357 0.992136 0.183755
v -0.054658 1.003178 0.193280
v -0.054932 1.010041 0.195774
v -0.055823 1.013832 0.190032
v -0.054509 0.995548 0.190937
v -0.052198 0.995404 0.192828
v -0.052291 1.002933 0.195051
v -0.047787 0.996727 0.191908
v -0.044560 1.003772 0.192954
v -0.052907 1.016417 0.199616
v -0.052581 1.009847 0.197352
v -0.042056 1.012339 0.194908
v -0.043184 1.018957 0.197444
v -0.032820 0.982634 0.178500
v -0.032761 1.005326 0.193381
v -0.029343 0.994674 0.190937
v -0.035696 1.013972 0.195365
v -0.037027 1.022721 0.198637
v -0.023368 0.964414 0.175219
v -0.019510 0.955854 0.175852
v -0.016244 0.942369 0.170540
v -0.017788 0.949398 0.173782
v -0.019625 0.964226 0.180307
v -0.017188 0.954912 0.176325
v -0.027153 0.976296 0.178688
v -0.019923 0.971119 0.181777
v -0.019526 0.976520 0.184427
v -0.024130 0.979765 0.184989
v -0.025958 0.987322 0.189802
v -0.021836 0.981695 0.189417
v -0.022254 0.986466 0.193190
v -0.019577 0.981704 0.188601
v -0.024448 0.999961 0.199820
v -0.025308 1.007342 0.203432
v -0.023643 0.993026 0.196587
v -0.026722 1.013686 0.205156
v -0.022576 1.008242 0.203040
v -0.023899 1.014532 0.205153
v -0.016039 1.015271 0.195389
v -0.018079 1.002878 0.194950
v -0.017344 0.965954 0.180122
v -0.017966 0.987908 0.189614
v -0.001383 0.985378 0.178780
v -0.003976 0.991752 0.182219
v -0.020512 0.993638 0.195664
v -0.008110 0.997908 0.184801
v -0.011791 1.005612 0.188867
v -0.010217 1.015353 0.193169
v -0.010154 1.024844 0.197149
v -0.016209 1.025574 0.198538
v 0.005665 0.986057 0.180681
v 0.005121 0.993066 0.184251
v 0.004698 0.980016 0.176611
v 0.007612 0.981184 0.175461
v 0.007737 0.987063 0.179533
v 0.007550 0.994058 0.182527
v 0.005484 1.000188 0.188962
v 0.004465 1.007323 0.192870
v 0.008007 1.001311 0.187271
v 0.007421 1.008489 0.191553
v 0.003068 1.015829 0.195129
v 0.006010 1.016723 0.193519
v 0.008960 1.028681 0.174813
v 0.006344 1.033851 0.183214
v -0.080602 1.136706 0.162471
v -0.079412 1.131286 0.159405
v -0.078686 1.129550 0.164840
v -0.074573 1.133875 0.180905
v -0.078865 1.137632 0.160116
v -0.080420 1.144123 0.165216
v -0.075302 1.142741 0.182162
v -0.081428 1.152223 0.166277
v -0.076444 1.153809 0.183779
v -0.081396 1.163187 0.169169
v -0.080734 1.167701 0.172844
v -0.079987 1.170165 0.170484
v -0.070836 1.164872 0.165429
v -0.078735 1.152352 0.163758
v -0.063161 1.030014 0.124868
v -0.067029 1.032752 0.148249
v -0.071714 1.035755 0.133556
v -0.069731 1.026670 0.174651
v -0.071982 1.018722 0.170744
v -0.062444 1.018200 0.175348
v -0.059297 1.026511 0.181526
v -0.073143 1.019577 0.168437
v -0.072461 1.027670 0.171126
v -0.074012 1.036100 0.173579
v -0.067654 1.039352 0.156734
v -0.070976 1.036707 0.130135
v -0.064223 1.037931 0.128038
v -0.070308 1.044363 0.131614
v -0.071855 1.045638 0.140977
v -0.055079 1.047115 0.127428
v -0.070688 1.046606 0.165372
v -0.075151 1.042921 0.176202
v -0.070786 1.051538 0.134070
v -0.073495 1.056953 0.140720
v -0.072820 1.058166 0.137760
v -0.056863 1.055446 0.130571
v -0.058860 1.064251 0.133717
v -0.068990 1.057513 0.160517
v -0.074738 1.066572 0.145124
v -0.069620 1.072727 0.163301
v -0.075327 1.075478 0.146971
v -0.073936 1.069001 0.140574
v -0.060461 1.073346 0.136998
v -0.073405 1.077120 0.142241
v -0.055322 1.080471 0.135525
v -0.073786 1.060296 0.172945
v -0.073449 1.070045 0.171942
v -0.076799 1.085880 0.148444
v -0.071320 1.085263 0.168885
v -0.076609 1.076411 0.179354
v -0.077815 1.107662 0.155181
v -0.075892 1.108940 0.152862
v -0.074216 1.101436 0.151186
v -0.076042 1.099450 0.153469
v -0.076773 1.115928 0.154834
v -0.078243 1.115661 0.157209
v -0.067069 1.096340 0.146406
v -0.073621 1.110814 0.169808
v -0.072830 1.101125 0.168195
v -0.072774 1.092958 0.164604
v -0.073336 1.097406 0.175852
v -0.074141 1.107753 0.179423
v -0.073491 1.122712 0.156618
v -0.077781 1.123587 0.158841
v -0.067157 1.113050 0.152127
v -0.061329 1.127577 0.154476
v -0.074924 1.120993 0.170382
v -0.067524 1.136119 0.158088
v -0.078306 1.144778 0.162202
v -0.062591 1.154240 0.160720
v -0.061777 1.144598 0.158315
v -0.076481 1.171886 0.168817
v -0.065428 1.176911 0.167983
v -0.060076 1.181614 0.165993
v -0.054784 1.171351 0.150726
v -0.080925 1.176447 0.173477
v -0.075589 1.181586 0.171553
v -0.052020 1.038379 0.123138
v -0.048817 1.031255 0.117178
v -0.052183 1.059191 0.127118
v -0.047561 1.055393 0.118525
v -0.045832 1.048525 0.114118
v -0.047403 1.065144 0.117629
v -0.052348 1.069318 0.128163
v -0.042574 1.079475 -0.035992
v -0.043434 1.085899 -0.041519
v -0.057056 1.090229 0.140921
v -0.048753 1.096057 0.125806
v -0.048142 1.087785 0.120793
v -0.047099 1.078777 0.118011
v -0.056014 1.101983 0.142845
v -0.049568 1.104216 0.129472
v -0.054997 1.122338 0.145480
v -0.052833 1.111219 0.138722
v -0.050035 1.119144 0.133861
v -0.049258 1.112236 0.131450
v -0.054499 1.132721 0.145731
v -0.051807 1.127596 0.138187
v -0.049477 1.140656 0.138130
v -0.048577 1.129594 0.135032
v -0.054350 1.157585 0.145268
v -0.052573 1.144988 0.140084
v -0.048712 1.162824 0.143729
v -0.047500 1.146800 0.139403
v -0.049542 1.172985 0.146340
v -0.053784 1.183331 0.151655
v -0.050708 1.184823 0.150463
v -0.055674 1.190543 0.158954
v -0.069610 1.205776 0.176169
v -0.059714 1.208930 0.172411
v -0.060183 1.197556 0.170337
v -0.069987 1.193842 0.173931
v -0.080478 1.186480 0.175195
v -0.078896 1.193361 0.176599
v -0.053773 1.203663 0.155554
v -0.051997 1.193216 0.152653
v -0.053965 1.212382 0.157189
v -0.050828 1.212881 0.156645
v -0.050380 1.204554 0.154969
v -0.054856 1.220952 0.158357
v -0.060912 1.219563 0.175336
v -0.057863 1.228129 0.168787
v -0.054780 1.229104 0.160457
v -0.043879 1.018575 -0.042872
v -0.044853 1.030525 -0.040001
v -0.043991 1.030353 -0.044289
v -0.043256 1.030692 0.104746
v -0.040187 1.033552 0.103575
v -0.036991 1.039243 0.002343
v -0.035502 1.040605 -0.007020
v -0.044972 1.041625 0.110273
v -0.041966 1.041191 0.105570
v -0.042474 1.036477 0.105287
v -0.045226 1.034939 0.110351
v -0.032805 1.048179 -0.022449
v -0.033757 1.060919 -0.024851
v -0.035311 1.050494 -0.009832
v -0.037322 1.049397 -0.000286
v -0.037690 1.057155 0.000834
v -0.036191 1.048765 0.002699
v -0.035351 1.055899 0.002576
v -0.042865 1.050890 0.110521
v -0.043223 1.057775 0.112842
v -0.039102 1.050436 0.110718
v -0.038427 1.040235 0.106204
v -0.038377 1.058204 0.114581
v -0.038157 1.071147 -0.030366
v -0.037990 1.064125 -0.003295
v -0.038058 1.063642 0.003153
v -0.038102 1.070987 -0.000991
v -0.036179 1.079028 -0.003740
v -0.033984 1.066666 -0.017925
v -0.028765 1.070613 0.004234
v -0.036213 1.071583 0.002179
v -0.030635 1.060855 0.004160
v -0.043440 1.065842 0.114020
v -0.037521 1.067437 0.118555
v -0.044298 1.072641 0.115806
v -0.040740 1.073523 0.118101
v -0.034662 1.079880 0.001211
v -0.046839 1.071366 0.116580
v -0.039671 1.081877 0.121513
v -0.041031 1.107455 -0.046099
v -0.035429 1.101680 -0.034994
v -0.044823 1.088796 0.120377
v -0.045106 1.096744 0.124796
v -0.033817 1.092806 0.129675
v -0.046383 1.105098 0.127631
v -0.046251 1.112794 0.130482
v -0.036783 1.107901 0.134464
v -0.034299 1.115941 -0.037019
v -0.034567 1.126819 -0.038603
v -0.046755 1.120274 0.133209
v -0.039988 1.119523 0.137210
v -0.036626 1.136536 -0.041193
v -0.041196 1.138078 -0.049747
v -0.048945 1.124348 0.134031
v -0.050403 1.123845 0.134790
v -0.044123 1.127705 0.137168
v -0.036127 1.132084 0.143278
v -0.037128 1.168212 0.152776
v -0.037027 1.176918 0.155707
v -0.037032 1.187659 0.159199
v -0.047202 1.194450 0.154777
v -0.039342 1.198774 0.160681
v -0.042186 1.206359 0.161156
v -0.051910 1.221442 0.157308
v -0.042535 1.213848 0.162635
v -0.041058 1.222628 0.165100
v -0.052084 1.229567 0.159083
v -0.054083 1.236468 0.162964
v -0.050986 1.236451 0.162160
v -0.046449 1.229977 0.162677
v -0.039519 1.237634 0.169581
v -0.033546 1.030581 0.003732
v -0.029143 1.038666 0.004787
v -0.025351 1.034011 0.111519
v -0.025913 1.050536 0.004826
v -0.012987 1.032109 0.105054
v -0.016405 1.043788 0.110954
v -0.011750 1.039409 0.106252
v -0.025639 1.051048 0.117381
v -0.029078 1.062610 0.121139
v -0.013675 1.052058 0.006368
v -0.030047 1.078330 0.126613
v -0.023547 1.067572 0.121761
v -0.026893 1.083957 0.128133
v -0.019872 1.058717 0.117213
v -0.031814 1.076264 -0.023100
v -0.035425 1.088503 -0.003056
v -0.031253 1.087904 -0.025532
v -0.021120 1.081280 0.003526
v -0.034197 1.089103 -0.000274
v -0.029723 1.096240 -0.001093
v -0.031100 1.096112 -0.020115
v -0.029301 1.112751 -0.025359
v -0.033505 1.094637 -0.005335
v -0.032877 1.101665 -0.003991
v -0.017047 1.080251 0.121163
v -0.021431 1.091723 0.127237
v -0.030967 1.103994 -0.015254
v -0.030373 1.109648 -0.016670
v -0.032238 1.105091 -0.008675
v -0.032160 1.111315 -0.006530
v -0.030157 1.122983 -0.015858
v -0.032069 1.117244 -0.006951
v -0.032476 1.123363 -0.005957
v -0.030446 1.109608 -0.002778
v -0.012281 1.097043 0.002564
v -0.030888 1.114142 0.138838
v -0.027977 1.098675 0.132821
v -0.020553 1.113093 0.133992
v -0.018272 1.105558 0.130138
v -0.028063 1.124928 -0.028119
v -0.027885 1.136711 -0.029706
v -0.031040 1.116732 -0.003901
v -0.031311 1.123821 -0.003782
v -0.032257 1.128471 -0.008236
v -0.030315 1.132480 -0.017247
v -0.022946 1.114105 -0.001980
v -0.025214 1.129337 0.140682
v -0.020383 1.121215 0.135579
v -0.029242 1.148661 -0.032840
v -0.032489 1.137568 -0.006228
v -0.033913 1.144666 -0.007292
v -0.029391 1.140555 -0.022242
v -0.032005 1.129849 -0.005246
v -0.028279 1.130467 -0.003755
v -0.021531 1.123911 -0.002371
v -0.028947 1.150333 -0.025305
v -0.030470 1.162150 -0.035221
v -0.032982 1.153620 -0.008374
v -0.026034 1.137344 -0.003510
v -0.029620 1.145914 -0.003629
v -0.022991 1.157048 -0.004549
v -0.030789 1.154148 -0.005377
v -0.011450 1.154871 -0.002975
v -0.032427 1.142184 0.146878
v -0.028441 1.160726 -0.026885
v -0.032289 1.161617 -0.009100
v -0.030468 1.161929 -0.006342
v -0.031969 1.169578 -0.009010
v -0.029603 1.169172 -0.006841
v -0.020738 1.165381 -0.005287
v -0.031620 1.156006 0.149388
v -0.022199 1.153969 0.143998
v -0.017767 1.145789 0.139364
v -0.028681 1.170642 -0.025365
v -0.021492 1.176444 -0.006441
v -0.029429 1.177219 -0.010325
v -0.029146 1.177713 -0.017277
v -0.030395 1.186029 0.158016
v -0.030433 1.176730 0.155016
v -0.031472 1.166488 0.152047
v -0.028272 1.185784 -0.025365
v -0.029000 1.197331 -0.037154
v -0.028241 1.196612 -0.025182
v -0.030313 1.184949 -0.011302
v -0.026215 1.185621 -0.007836
v -0.027251 1.193547 -0.008042
v -0.030513 1.195231 -0.010674
v -0.008548 1.191203 -0.004657
v -0.033474 1.197441 0.162456
v -0.025272 1.194593 0.157622
v -0.019888 1.199324 0.155838
v -0.019412 1.193424 0.154494
v -0.026575 1.210283 -0.033470
v -0.030887 1.208150 -0.013713
v -0.030218 1.203251 -0.009434
v -0.028971 1.209565 -0.008302
v -0.020358 1.199939 -0.006954
v -0.017065 1.209928 -0.006222
v -0.033707 1.210684 0.165327
v -0.029517 1.228176 -0.009168
v -0.031088 1.228360 -0.011923
v -0.030731 1.218566 -0.012305
v -0.028892 1.218428 -0.009037
v -0.017534 1.219202 -0.006587
v -0.018638 1.229547 -0.007008
v -0.034452 1.224440 0.168013
v -0.024778 1.244609 -0.033733
v -0.027882 1.231212 -0.023665
v -0.026951 1.219649 -0.029237
v -0.028603 1.240046 -0.013952
v -0.026489 1.240244 -0.010277
v -0.032506 1.240616 0.170630
v -0.027905 1.232578 0.166444
v -0.008192 1.024789 0.017299
v -0.003556 1.033819 0.023723
v -0.001907 1.041940 0.025599
v -0.006616 1.042698 0.017703
v -0.010334 1.036265 0.012713
v -0.007623 1.033190 0.102690
v -0.007378 1.025593 0.101415
v -0.009209 1.050869 0.013117
v -0.007950 1.040160 0.105986
v -0.017429 1.051493 0.113867
v -0.009931 1.046935 0.108967
v -0.010318 1.052882 0.110342
v -0.008322 1.053354 0.111274
v -0.006476 1.047179 0.113267
v -0.011733 1.060781 0.112968
v -0.008831 1.061133 0.114273
v -0.006979 1.058822 0.016460
v -0.009962 1.076782 0.006693
v -0.014200 1.066812 0.116691
v -0.011636 1.070341 0.117428
v -0.006651 1.065080 0.126105
v -0.005635 1.054851 0.121548
v -0.010347 1.074982 0.119379
v -0.008567 1.076107 0.126439
v -0.005537 1.092514 0.011488
v -0.006763 1.103454 0.007261
v -0.014613 1.089596 0.123141
v -0.015704 1.098486 0.125818
v -0.010988 1.082569 0.122463
v -0.011971 1.090739 0.124354
v -0.005494 1.083468 0.138943
v -0.004650 1.073678 0.135573
v -0.007225 1.092049 0.139400
v -0.012386 1.099515 0.126813
v -0.009620 1.100880 0.136914
v -0.014610 1.106703 0.130526
v -0.012305 1.107258 0.133583
v -0.015335 1.113442 0.132343
v -0.012364 1.113903 0.136203
v -0.010449 1.128608 -0.001350
v -0.016145 1.131060 0.136723
v -0.015736 1.120846 0.132555
v -0.013644 1.120986 0.133601
v -0.013045 1.127502 0.138342
v -0.006659 1.114861 0.149412
v -0.013760 1.144178 0.139851
v -0.013995 1.134767 0.138049
v -0.011903 1.133463 0.143840
v -0.009305 1.128751 0.149570
v -0.011224 1.140839 0.146833
v -0.007454 1.143015 0.157236
v -0.016646 1.157282 0.142008
v -0.015642 1.150711 0.140942
v -0.013679 1.150271 0.142552
v -0.013758 1.157358 0.143756
v -0.009499 1.156863 0.157538
v -0.017128 1.165733 0.143920
v -0.013995 1.166414 0.145581
v -0.010930 1.168228 0.158404
v -0.018807 1.172415 0.147162
v -0.018622 1.179314 0.149552
v -0.015894 1.172537 0.147482
v -0.014874 1.177339 0.151897
v -0.018491 1.187220 0.151763
v -0.015405 1.186787 0.153415
v -0.016637 1.192790 0.155241
v -0.019661 1.206380 0.156080
v -0.014509 1.198896 0.161586
v -0.016964 1.199285 0.156504
v -0.016336 1.206324 0.156851
v -0.013511 1.207559 0.165644
v -0.007192 1.214468 -0.004257
v -0.019665 1.215107 0.156976
v -0.016406 1.215856 0.158458
v -0.021305 1.223490 0.160329
v -0.015588 1.226681 0.163809
v -0.007337 1.239240 -0.005502
v -0.019521 1.236668 0.161787
v -0.021064 1.229868 0.161377
v -0.017277 1.236444 0.162277
v -0.001853 1.025611 0.027676
v 0.000504 1.033394 0.027873
v 0.004208 1.024893 0.026752
v 0.007485 1.035183 0.023496
v 0.018458 1.027584 0.016224
v 0.019157 1.049527 0.014049
v -0.005135 1.025148 0.103808
v -0.004452 1.031319 0.108857
v -0.005627 1.039412 0.108456
v -0.000449 1.037485 0.122657
v -0.001988 1.049454 0.026152
v 0.001051 1.041713 0.026773
v 0.000897 1.049298 0.027323
v 0.005346 1.042044 0.024697
v 0.008559 1.049302 0.022205
v -0.001612 1.048044 0.127097
v 0.009330 1.037367 0.125824
v 0.012921 1.045259 0.130703
v -0.001682 1.057268 0.026687
v 0.001153 1.056836 0.027649
v -0.001972 1.062064 0.132746
v -0.004178 1.084584 0.016078
v -0.001443 1.078135 0.025671
v -0.000572 1.084517 0.023245
v -0.004454 1.064460 0.020514
v -0.001400 1.064245 0.026203
v 0.001139 1.064163 0.027054
v 0.001121 1.071100 0.027706
v -0.001156 1.071442 0.026947
v 0.004848 1.063714 0.025539
v 0.006851 1.069425 0.023771
v -0.005071 1.071190 0.018205
v -0.000505 1.091629 0.020971
v 0.001597 1.078117 0.027036
v 0.002479 1.084523 0.024192
v 0.002473 1.091597 0.022644
v 0.008281 1.089886 0.019555
v 0.007066 1.096057 0.019540
v 0.003088 1.098893 0.021186
v 0.000351 1.099069 0.020317
v -0.002980 1.095400 0.144419
v 0.010391 1.086124 0.143529
v 0.011297 1.078143 0.140694
v -0.006711 1.119483 0.004393
v 0.001438 1.106511 0.019053
v 0.001004 1.114274 0.018112
v 0.005407 1.106382 0.018692
v 0.004940 1.117315 0.018148
v 0.002983 1.111787 0.151996
v 0.005462 1.104459 0.149788
v 0.001852 1.128473 0.016609
v -0.000551 1.124264 0.155016
v 0.005744 1.118387 0.154685
v 0.000405 1.151374 0.015462
v -0.001256 1.135277 0.158028
v 0.009227 1.146477 0.162710
v 0.003805 1.141784 0.160819
v -0.001603 1.148448 0.161201
v 0.009683 1.152020 0.164688
v -0.004471 1.158465 0.162940
v 0.001895 1.179906 0.012418
v -0.008150 1.171488 0.165820
v -0.011427 1.177513 0.162420
v 0.007505 1.173232 0.170543
v -0.000362 1.182637 0.172061
v 0.008848 1.179754 0.174965
v 0.010814 1.172958 0.172360
v -0.012421 1.190596 0.164786
v -0.009415 1.205742 0.175407
v -0.003685 1.200116 0.002502
v 0.001244 1.218942 0.010951
v 0.002873 1.235941 0.010491
v 0.013003 1.027526 0.121883
v 0.015738 1.027372 0.123900
v 0.016358 1.026733 0.127443
v 0.016309 1.036507 0.127386
v 0.016047 1.032009 0.158052
v 0.016940 1.029366 0.168105
v 0.019498 1.030997 0.164407
v 0.015614 1.041173 0.132023
v 0.014212 1.046433 0.134449
v 0.011129 1.043339 0.152898
v 0.016076 1.037706 0.172097
v 0.019077 1.039916 0.169531
v 0.017044 1.051780 0.170053
v 0.017568 1.049609 0.173627
v 0.009914 1.059826 0.156570
v 0.011122 1.051124 0.148692
v 0.013142 1.060984 0.018922
v 0.006802 1.057060 0.024022
v 0.014092 1.053146 0.136269
v 0.012085 1.054155 0.133735
v 0.014913 1.061615 0.138527
v 0.013868 1.069341 0.142396
v 0.009246 1.072066 0.159420
v 0.019105 1.065993 0.012597
v 0.014095 1.071675 0.017640
v 0.025136 1.056616 0.013598
v 0.022512 1.069896 0.011503
v 0.011366 1.069708 0.138486
v 0.013759 1.062121 0.136672
v 0.013314 1.084596 0.147532
v 0.014534 1.078477 0.143066
v 0.017679 1.061572 0.174735
v 0.008026 1.087839 0.168007
v 0.010636 1.075930 0.168515
v 0.007600 1.076262 0.022925
v 0.009193 1.082728 0.020562
v 0.020004 1.079976 0.010670
v 0.019326 1.094875 0.010449
v 0.009134 1.092436 0.160269
v 0.010362 1.099120 0.016678
v 0.010538 1.093614 0.146753
v 0.012089 1.093519 0.149074
v 0.010690 1.099846 0.148922
v 0.012067 1.100464 0.151434
v 0.011151 1.106143 0.151912
v 0.010742 1.109555 0.156477
v 0.007526 1.106624 0.172608
v 0.016875 1.110368 0.010365
v 0.013878 1.120531 0.011617
v 0.009026 1.111660 0.153944
v 0.010141 1.099722 0.177657
v 0.010435 1.118549 0.156229
v 0.010612 1.117325 0.160442
v 0.010106 1.125342 0.157499
v 0.007217 1.119202 0.175897
v 0.011362 1.125075 0.161261
v 0.007163 1.132823 0.177902
v 0.021457 1.135898 0.005373
v 0.024507 1.126086 0.006442
v 0.009187 1.133021 0.160436
v 0.010520 1.132786 0.163466
v 0.011483 1.142508 0.168091
v 0.011850 1.139012 0.164078
v 0.010648 1.140192 0.162076
v 0.020668 1.153242 0.005988
v 0.011699 1.151372 0.166749
v 0.012253 1.145836 0.163522
v 0.010433 1.148770 0.171810
v 0.010598 1.157647 0.169683
v 0.007369 1.150416 0.182638
v 0.012056 1.178169 0.011214
v 0.006607 1.166018 0.168120
v 0.008365 1.158373 0.166540
v 0.010747 1.165051 0.170260
v 0.007627 1.163405 0.183525
v 0.030006 1.189780 0.003974
v 0.020224 1.198819 0.005164
v 0.042505 1.172878 0.007351
v 0.003367 1.205756 0.013108
v 0.007511 1.215901 0.015047
v 0.022602 1.216892 0.003335
v 0.008388 1.235421 0.013209
v 0.023860 1.231350 0.002454
v 0.033640 1.027161 0.017939
v 0.027709 1.034485 0.016128
v 0.027760 1.045607 0.015399
v 0.035607 1.054680 0.016657
v 0.040919 1.045156 0.018760
v 0.041950 1.054776 0.017518
v 0.034449 1.064713 0.016624
v 0.030148 1.074114 0.014025
v 0.026716 1.084101 0.011465
v 0.040934 1.100733 0.013045
v 0.022394 1.110273 0.007724
v 0.035465 1.085956 0.013965
v 0.040865 1.091945 0.014127
v 0.029903 1.143629 0.007025
v 0.041832 1.149101 0.010338
v 0.044342 1.142428 0.010912
v 0.029275 1.157493 0.005869
v 0.045648 1.206697 0.006433
v 0.045572 1.217645 0.006840
v 0.037426 1.197201 0.004745
v 0.046633 1.198879 0.004960
v 0.040808 1.187386 0.005746
v 0.037103 1.240253 0.003323
v 0.027125 1.249243 0.001076
v 0.033867 1.229415 0.003798
v 0.040647 1.036127 0.018725
v 0.040524 1.028168 0.018901
v 0.043096 1.027848 0.016630
v 0.047040 1.026015 -0.000310
v 0.048203 1.031731 -0.004042
v 0.043636 1.035384 0.015127
v 0.044791 1.044855 0.010984
v 0.045316 1.055212 0.009215
v 0.048887 1.043949 -0.006055
v 0.048236 1.058947 -0.006638
v 0.046405 1.065227 0.011139
v 0.042484 1.064864 0.018638
v 0.038752 1.072226 0.017365
v 0.043049 1.072631 0.017350
v 0.045544 1.073110 0.014631
v 0.042394 1.079805 0.017096
v 0.045437 1.080953 0.012827
v 0.036955 1.078848 0.015522
v 0.047704 1.076408 -0.005350
v 0.046114 1.098098 0.002071
v 0.043808 1.093718 0.011605
v 0.032893 1.118006 0.008614
v 0.044096 1.114436 0.008991
v 0.048445 1.118979 -0.010949
v 0.046371 1.126123 0.000646
v 0.044887 1.126561 0.008916
v 0.041533 1.127889 0.010314
v 0.056533 1.047428 -0.035328
v 0.057745 1.062020 -0.035505
v 0.068192 1.059366 -0.021493
v 0.067325 1.049565 -0.020324
v 0.056842 1.035075 -0.033643
v 0.057396 1.064593 -0.011242
v 0.065336 1.050542 -0.015888
v 0.067191 1.060186 -0.016954
v 0.056004 1.076760 -0.040841
v 0.060382 1.075129 -0.034608
v 0.057342 1.079615 -0.012527
v 0.051754 1.105588 -0.012093
v 0.056929 1.107528 -0.041749
v 0.066894 1.106562 -0.023766
v 0.065351 1.114093 -0.021714
v 0.067243 1.139874 -0.028899
v 0.066788 1.127719 -0.025427
v 0.065899 1.120372 -0.026784
v 0.062364 1.124349 -0.021116
v 0.063096 1.140297 -0.021678
v 0.053047 1.152085 -0.016309
v 0.046427 1.134024 0.002806
v 0.045304 1.134578 0.008354
v 0.047519 1.140887 -0.001547
v 0.046606 1.142492 0.009281
v 0.046145 1.154943 0.008770
v 0.049266 1.162889 -0.011851
v 0.067545 1.150195 -0.023766
v 0.065378 1.159952 -0.022956
v 0.047085 1.173275 0.000563
v 0.051442 1.180930 -0.016157
v 0.061806 1.176959 -0.022628
v 0.065032 1.188168 -0.025102
v 0.046305 1.185246 0.004199
v 0.049085 1.183347 -0.008660
v 0.049604 1.194538 -0.009306
v 0.052320 1.194565 -0.016784
v 0.049084 1.206148 -0.003259
v 0.054230 1.205460 -0.017740
v 0.056062 1.216113 -0.018364
v 0.049817 1.218787 -0.003569
v 0.067396 1.196964 -0.025215
v 0.048977 1.227588 0.004381
v 0.046953 1.226539 0.006881
v 0.052119 1.234575 -0.016422
v 0.049182 1.236195 0.000120
v 0.060362 1.227176 -0.021065
v 0.044738 1.233834 0.005645
v 0.045603 1.239995 0.004303
v 0.051747 1.249419 -0.013820
v 0.048917 1.247414 -0.001347
v 0.067037 1.030929 -0.019383
v 0.066782 1.031228 -0.015783
v 0.064762 1.040471 -0.016163
v 0.065792 1.040025 -0.019942
v 0.067527 1.070933 -0.026198
v 0.066723 1.081253 -0.026297
v 0.070863 1.067381 -0.021298
v 0.070854 1.069634 -0.018556
v 0.067964 1.082394 -0.020617
v 0.070880 1.073520 -0.021322
v 0.061605 1.151305 -0.037934
v 0.063760 1.166892 -0.035974
v 0.067340 1.152970 -0.031713
v 0.069571 1.150450 -0.027247
v 0.069031 1.159420 -0.026885
v 0.068086 1.159474 -0.030832
v 0.065558 1.178083 -0.033183
v 0.067359 1.167331 -0.026846
v 0.067823 1.179160 -0.028110
v 0.067440 1.187267 -0.029508
v 0.069746 1.196477 -0.029350
v 0.068716 1.205796 -0.026303
v 0.069867 1.205676 -0.029995
v 0.071509 1.215473 -0.029885
v 0.070538 1.215349 -0.026371
v 0.070647 1.224560 -0.031967
v 0.065918 1.233869 -0.024630
v 0.070513 1.224751 -0.027519
v 0.070895 1.233580 -0.028227
v 0.061840 1.231231 -0.043610
v 0.070879 1.233505 -0.031513
v 0.070056 1.242591 -0.031776
v 0.069479 1.242585 -0.028209
v -0.077679 1.056398 0.180719
v -0.076122 1.050159 0.177657
v -0.075624 1.049628 0.180597
v -0.074226 1.054917 0.184027
v -0.078994 1.066099 0.186139
v -0.079621 1.065019 0.182255
v -0.079038 1.071573 0.183110
v -0.079157 1.075099 0.186985
v -0.080617 1.086993 0.189184
v -0.077448 1.076276 0.189874
v -0.078075 1.086463 0.192846
v -0.069979 1.069473 0.191822
v -0.065172 1.083504 0.199306
v -0.080176 1.097578 0.191544
v -0.079157 1.097015 0.194687
v -0.083447 1.114064 0.195458
v -0.082115 1.105655 0.193399
v -0.081069 1.105212 0.196954
v -0.082907 1.116450 0.199461
v -0.075389 1.116606 0.182168
v -0.074791 1.125537 0.181774
v -0.083655 1.119396 0.196450
v -0.084721 1.127121 0.197761
v -0.069099 1.106814 0.204223
v -0.070386 1.118500 0.206981
v -0.084157 1.125752 0.201260
v -0.079183 1.128769 0.205469
v -0.086541 1.132849 0.203034
v -0.087000 1.133982 0.200785
v -0.086987 1.141212 0.203166
v -0.084716 1.142887 0.199339
v -0.083595 1.138854 0.197214
v -0.085898 1.148200 0.205947
v -0.084964 1.139231 0.205995
v -0.074852 1.146333 0.213061
v -0.081328 1.149001 0.195571
v -0.072870 1.135864 0.211209
v -0.083453 1.156386 0.200892
v -0.085424 1.156697 0.209945
v -0.086300 1.163955 0.210761
v -0.075943 1.163203 0.188257
v -0.073284 1.155527 0.216282
v -0.068471 1.158970 0.221525
v -0.083653 1.169044 0.204782
v -0.076260 1.172950 0.188344
v -0.085918 1.178555 0.211361
v -0.077352 1.182728 0.197761
v -0.085976 1.170733 0.210701
v -0.083506 1.172087 0.213880
v -0.074032 1.182053 0.222305
v -0.085390 1.185395 0.216267
v -0.085365 1.178166 0.213781
v -0.076365 1.182373 0.190137
v -0.079138 1.192990 0.182339
v -0.086758 1.186047 0.213067
v -0.086276 1.193738 0.217650
v -0.086975 1.194464 0.214391
v -0.076693 1.201576 0.200949
v -0.075735 1.192339 0.196793
v -0.074052 1.191503 0.224629
v -0.080635 1.202145 0.177188
v -0.080896 1.202999 0.184152
v -0.082679 1.209621 0.180654
v -0.081283 1.209753 0.178174
v -0.087486 1.202434 0.216395
v -0.086638 1.201863 0.219508
v -0.077811 1.213072 0.204477
v -0.072607 1.201761 0.227387
v -0.077599 1.215662 0.195443
v -0.081792 1.216918 0.183519
v -0.080035 1.217077 0.180244
v -0.087801 1.211257 0.221164
v -0.087953 1.211702 0.217178
v -0.087278 1.220628 0.222678
v -0.087420 1.221395 0.218442
v -0.078326 1.227748 0.207635
v -0.073708 1.212504 0.229930
v -0.082428 1.225010 0.184848
v -0.082755 1.234207 0.185999
v -0.080535 1.234099 0.183510
v -0.080561 1.225139 0.181965
v -0.083607 1.245709 0.219027
v -0.087640 1.229809 0.221262
v -0.087034 1.230054 0.224289
v -0.086017 1.253613 0.228322
v -0.069565 1.037397 0.179300
v -0.074332 1.042658 0.178984
v -0.060516 1.040347 0.186566
v -0.062682 1.058137 0.191762
v -0.066809 1.096472 0.202804
v -0.062155 1.072042 0.201161
v -0.061785 1.089197 0.212120
v -0.062241 1.102530 0.217743
v -0.064886 1.108867 0.210166
v -0.068631 1.126683 0.210557
v -0.065537 1.117264 0.212490
v -0.066325 1.126045 0.215571
v -0.063099 1.115195 0.226305
v -0.064413 1.123697 0.229771
v -0.078262 1.140116 0.189279
v -0.066659 1.135726 0.219389
v -0.065323 1.140868 0.235292
v -0.064506 1.132266 0.233070
v -0.061666 1.132120 0.235119
v -0.063361 1.140463 0.238086
v -0.065496 1.148950 0.237572
v -0.063370 1.148571 0.239714
v -0.067365 1.146781 0.221648
v -0.066962 1.164959 0.228705
v -0.065483 1.163225 0.240885
v -0.065943 1.170616 0.242666
v -0.068101 1.172617 0.226748
v -0.068475 1.180838 0.229329
v -0.065113 1.176512 0.243685
v -0.081221 1.182333 0.175135
v -0.068923 1.189613 0.230942
v -0.069405 1.198899 0.235349
v -0.066131 1.182571 0.244710
v -0.067130 1.189381 0.247841
v -0.069404 1.210381 0.240464
v -0.068851 1.196633 0.249072
v -0.066545 1.196348 0.251542
v -0.064551 1.189746 0.249514
v -0.068563 1.204434 0.249887
v -0.066149 1.204233 0.252032
v -0.073559 1.224008 0.180480
v -0.069075 1.216226 0.178126
v -0.078090 1.230351 0.198622
v -0.069181 1.221774 0.249627
v -0.073144 1.224467 0.232329
v -0.071523 1.237117 0.236308
v -0.068841 1.231654 0.251728
v -0.067497 1.210941 0.252549
v -0.066006 1.220817 0.255160
v -0.069897 1.242476 0.244094
v -0.070561 1.252360 0.244856
v -0.072411 1.261264 0.239840
v -0.068277 1.239564 0.254163
v -0.057237 1.017099 0.182706
v -0.056269 1.023202 0.192222
v -0.057471 1.032493 0.194400
v -0.055180 1.023299 0.200746
v -0.055721 1.030204 0.202066
v -0.055175 1.016646 0.198284
v -0.052695 1.023246 0.201896
v -0.046075 1.023949 0.199805
v -0.057658 1.037485 0.200325
v -0.056688 1.036267 0.205012
v -0.057754 1.042423 0.207701
v -0.059089 1.044852 0.197934
v -0.054208 1.036180 0.206446
v -0.054515 1.042470 0.208875
v -0.052928 1.029928 0.203662
v -0.041310 1.030006 0.200647
v -0.046654 1.036786 0.204238
v -0.060641 1.053922 0.198320
v -0.058780 1.049047 0.210453
v -0.059431 1.055599 0.213025
v -0.060526 1.058662 0.206103
v -0.056666 1.048524 0.211848
v -0.054985 1.055641 0.213742
v -0.047569 1.052414 0.209975
v -0.042154 1.043882 0.205619
v -0.059951 1.061916 0.215347
v -0.060726 1.063008 0.211460
v -0.061008 1.069373 0.210596
v -0.060270 1.067616 0.216781
v -0.060918 1.074393 0.214603
v -0.060111 1.073720 0.217641
v -0.059173 1.079930 0.218815
v -0.061122 1.080553 0.212789
v -0.056818 1.061993 0.216102
v -0.058100 1.067614 0.218116
v -0.058003 1.073331 0.218908
v -0.058814 1.087301 0.220871
v -0.054889 1.078847 0.219341
v -0.052432 1.086782 0.220124
v -0.049741 1.074313 0.216858
v -0.047389 1.065541 0.213727
v -0.041715 1.061717 0.211104
v -0.043622 1.082831 0.217949
v -0.060995 1.095473 0.222141
v -0.054449 1.095909 0.222604
v -0.059548 1.103546 0.224576
v -0.044872 1.104446 0.223285
v -0.061156 1.114252 0.228863
v -0.044394 1.120498 0.228382
v -0.061635 1.123403 0.232666
v -0.053912 1.125859 0.231791
v -0.047017 1.139932 0.234115
v -0.055656 1.146682 0.237939
v -0.062869 1.155882 0.240673
v -0.065214 1.156187 0.238845
v -0.045324 1.152671 0.237518
v -0.041553 1.146124 0.238719
v -0.055695 1.156409 0.239813
v -0.063433 1.163002 0.242720
v -0.063756 1.170169 0.244536
v -0.057951 1.163910 0.241555
v -0.062745 1.176480 0.245200
v -0.058548 1.181940 0.245902
v -0.046265 1.162853 0.239520
v -0.050580 1.172998 0.242122
v -0.054935 1.199055 0.249242
v -0.059934 1.205939 0.251623
v -0.066246 1.228929 0.180002
v -0.062892 1.211560 0.253114
v -0.056832 1.219422 0.253395
v -0.061544 1.235002 0.179530
v -0.028633 1.029065 0.208878
v -0.027269 1.021287 0.206058
v -0.038073 1.048618 0.208254
v -0.036006 1.079738 0.221666
v -0.038669 1.100040 0.225645
v -0.038592 1.111193 0.229885
v -0.040501 1.134635 0.236225
v -0.037440 1.122158 0.234426
v -0.034850 1.128422 0.240019
v -0.035410 1.116035 0.234569
v -0.036813 1.140844 0.242248
v -0.041000 1.165226 0.243846
v -0.033017 1.158897 0.251644
v -0.042428 1.174479 0.244966
v -0.051630 1.191226 0.246885
v -0.042805 1.183731 0.247596
v -0.044976 1.192357 0.247936
v -0.046388 1.202611 0.249299
v -0.048745 1.212519 0.250876
v -0.045249 1.219945 0.255101
v -0.051478 1.228892 0.254171
v -0.039837 1.226051 0.261443
v -0.045328 1.237842 0.258399
v -0.029322 1.039014 0.213659
v -0.024525 1.022218 0.206055
v -0.025103 1.029756 0.209562
v -0.015563 1.035860 0.201397
v -0.026089 1.037848 0.213665
v -0.020856 1.039496 0.207800
v -0.029606 1.046978 0.216688
v -0.025645 1.046012 0.216258
v -0.030968 1.067918 0.224549
v -0.024694 1.060179 0.221588
v -0.020247 1.047850 0.209993
v -0.016126 1.052791 0.207597
v -0.015748 1.066339 0.212251
v -0.019868 1.065935 0.216216
v -0.023383 1.070651 0.221692
v -0.029241 1.086363 0.230497
v -0.018620 1.079804 0.218036
v -0.030322 1.100179 0.235319
v -0.026660 1.095084 0.232326
v -0.027375 1.102606 0.236308
v -0.012430 1.098806 0.221794
v -0.021160 1.102337 0.226978
v -0.015342 1.086520 0.218511
v -0.031079 1.108638 0.237294
v -0.030898 1.114889 0.239152
v -0.027934 1.108620 0.237659
v -0.027918 1.114878 0.239442
v -0.023367 1.111889 0.232938
v -0.017183 1.113980 0.226407
v -0.022590 1.118541 0.233727
v -0.030708 1.121290 0.242654
v -0.028214 1.121225 0.242741
v -0.030356 1.127401 0.245648
v -0.024879 1.123124 0.238895
v -0.030822 1.134183 0.246992
v -0.031551 1.141355 0.247829
v -0.028250 1.134350 0.246962
v -0.028358 1.127339 0.245567
v -0.024983 1.129077 0.241035
v -0.021158 1.136497 0.237414
v -0.023627 1.143191 0.242074
v -0.028445 1.141413 0.247757
v -0.031586 1.149988 0.250789
v -0.029023 1.152749 0.251548
v -0.029092 1.159531 0.252340
v -0.028666 1.148105 0.250043
v -0.032540 1.165944 0.252448
v -0.030077 1.166165 0.252576
v -0.023902 1.161577 0.244148
v -0.025971 1.167848 0.247778
v -0.018893 1.163814 0.239645
v -0.020644 1.175419 0.242947
v -0.032898 1.178144 0.255937
v -0.033376 1.184814 0.258309
v -0.032369 1.171899 0.253837
v -0.029805 1.172389 0.253472
v -0.023759 1.182142 0.248089
v -0.030606 1.178477 0.256155
v -0.033949 1.191823 0.259185
v -0.030932 1.185423 0.258611
v -0.030556 1.192136 0.259149
v -0.022291 1.195105 0.249233
v -0.026493 1.199828 0.254721
v -0.031218 1.198285 0.261315
v -0.026600 1.187835 0.253018
v -0.033976 1.198254 0.261447
v -0.031369 1.205370 0.263807
v -0.034474 1.205139 0.263941
v -0.035090 1.211838 0.264933
v -0.034807 1.218567 0.265366
v -0.034693 1.224419 0.266364
v -0.031697 1.212161 0.264906
v -0.032229 1.218839 0.265339
v -0.036946 1.235975 0.267311
v -0.036672 1.230157 0.266505
v -0.034426 1.229297 0.268097
v -0.032364 1.224819 0.265865
v -0.026720 1.231236 0.258805
v -0.030750 1.233757 0.264730
v -0.032600 1.229308 0.266881
v -0.027183 1.221741 0.258874
v -0.009774 1.042899 0.204044
v 0.004342 1.034069 0.200259
v -0.000331 1.033083 0.202287
v 0.002307 1.023849 0.198687
v 0.005311 1.024888 0.197486
v -0.004945 1.049253 0.207650
v -0.008433 1.055351 0.209521
v -0.008018 1.062666 0.212290
v -0.001910 1.068174 0.215610
v 0.000944 1.074409 0.218304
v -0.020247 1.127587 0.233395
v -0.016565 1.128156 0.230784
v -0.006895 1.113693 0.227261
v -0.007091 1.124321 0.231635
v -0.016109 1.139614 0.234175
v -0.007078 1.133900 0.234348
v -0.025404 1.148651 0.245277
v -0.018354 1.151563 0.237067
v -0.023942 1.154615 0.243246
v -0.000251 1.138521 0.237237
v -0.002119 1.146268 0.239099
v -0.011484 1.154416 0.238510
v -0.012709 1.164611 0.240082
v -0.012990 1.174001 0.242101
v -0.009658 1.181521 0.244689
v -0.017305 1.187127 0.245370
v -0.008359 1.194570 0.248626
v -0.017005 1.204290 0.249379
v -0.022844 1.208965 0.252113
v 0.005070 1.041281 0.190606
v 0.009826 1.045694 0.180104
v 0.005337 1.058956 0.188888
v 0.000910 1.041877 0.205616
v 0.004167 1.042232 0.203955
v 0.002695 1.049810 0.209996
v 0.004777 1.050664 0.207949
v 0.004660 1.045275 0.198577
v 0.004716 1.054945 0.197349
v 0.004621 1.060788 0.204113
v 0.004819 1.057945 0.210513
v 0.009807 1.069190 0.187498
v 0.008245 1.087312 0.194636
v 0.003502 1.074666 0.200653
v 0.004303 1.065409 0.213599
v 0.001915 1.063869 0.214728
v 0.002522 1.056718 0.212637
v 0.003536 1.069084 0.216168
v 0.002629 1.082064 0.209810
v 0.003264 1.092660 0.203477
v 0.003377 1.073939 0.216691
v 0.002453 1.080987 0.217802
v -0.005284 1.081301 0.218543
v 0.002128 1.086813 0.219338
v -0.000618 1.086202 0.220614
v 0.000245 1.080952 0.219269
v -0.001780 1.092765 0.222170
v 0.002450 1.093656 0.221077
v 0.002379 1.087662 0.215036
v 0.002046 1.094034 0.212117
v 0.001761 1.110121 0.213031
v 0.001653 1.100778 0.217644
v 0.000450 1.097654 0.224277
v 0.004961 1.109096 0.203880
v 0.000844 1.105082 0.224919
v 0.000864 1.109458 0.226604
v 0.002090 1.122562 0.224728
v 0.000668 1.121814 0.232218
v 0.008866 1.121703 0.204191
v 0.002167 1.131144 0.225765
v 0.002498 1.126577 0.231522
v 0.002281 1.133227 0.233497
v 0.000104 1.132000 0.234928
v 0.002311 1.139095 0.235977
v 0.001909 1.139751 0.223912
v 0.002019 1.141747 0.230963
v 0.002668 1.149235 0.217701
v 0.010561 1.152879 0.212386
v 0.007481 1.135571 0.209347
v 0.016152 1.141291 0.205595
v 0.016417 1.148501 0.207976
v 0.001932 1.146231 0.237901
v 0.001385 1.153040 0.238477
v -0.000537 1.152088 0.240210
v 0.001505 1.148429 0.230031
v 0.001390 1.154233 0.233592
v 0.000595 1.160790 0.228412
v 0.000165 1.171712 0.224680
v 0.000478 1.167404 0.241928
v 0.000715 1.159963 0.239968
v -0.002211 1.159398 0.241447
v -0.001619 1.167004 0.243213
v 0.013010 1.186498 0.214406
v 0.008680 1.169332 0.216111
v 0.014540 1.171938 0.210802
v -0.001929 1.174578 0.244966
v -0.002835 1.182126 0.245666
v -0.000002 1.174962 0.243365
v -0.000667 1.182629 0.243960
v -0.000456 1.177288 0.235012
v -0.000484 1.185548 0.233918
v -0.002278 1.188153 0.247700
v -0.001166 1.193916 0.249795
v -0.000726 1.192828 0.238119
v -0.000046 1.188894 0.245928
v -0.002748 1.219492 0.180382
v -0.010588 1.233264 0.181281
v -0.001341 1.195356 0.174968
v 0.006878 1.213551 0.180666
v 0.009538 1.215176 0.182617
v 0.009297 1.205391 0.182360
v 0.007124 1.205643 0.179536
v -0.001172 1.217338 0.233306
v -0.001034 1.202790 0.232394
v 0.006811 1.205868 0.224686
v 0.006186 1.216779 0.227503
v -0.001900 1.199708 0.251309
v 0.000390 1.194422 0.248032
v 0.000128 1.202004 0.248450
v -0.016289 1.241164 0.167054
v -0.013695 1.242958 0.177624
v 0.017480 1.059998 0.178398
v 0.017446 1.070458 0.181962
v 0.017624 1.071592 0.178084
v 0.015541 1.082737 0.179315
v 0.017343 1.082027 0.186136
v 0.015919 1.103189 0.193635
v 0.016130 1.091270 0.187430
v 0.016715 1.102914 0.190600
v 0.014493 1.091482 0.182327
v 0.015667 1.112128 0.192437
v 0.010698 1.121102 0.186441
v 0.014921 1.111024 0.196429
v 0.016268 1.120111 0.196596
v 0.011763 1.133027 0.191532
v 0.016162 1.131277 0.201021
v 0.014536 1.117948 0.199243
v 0.016872 1.140470 0.202258
v 0.008747 1.147932 0.191081
v 0.006410 1.161058 0.192258
v 0.017289 1.150256 0.205305
v 0.015713 1.156989 0.207794
v 0.013021 1.161992 0.203763
v 0.009157 1.179221 0.178577
v 0.010558 1.172559 0.176074
v 0.005184 1.173164 0.193047
v 0.015824 1.163782 0.209470
v 0.013876 1.162223 0.212278
v 0.006817 1.185330 0.186781
v 0.010528 1.188303 0.177505
v 0.007103 1.186405 0.174684
v 0.009496 1.185512 0.175363
v 0.008111 1.173830 0.201786
v 0.009274 1.190462 0.176002
v 0.009766 1.197548 0.180558
v 0.005387 1.193366 0.193725
v 0.005519 1.188184 0.200952
v 0.004396 1.206428 0.204256
v 0.004726 1.205349 0.196109
v 0.007065 1.216418 0.191406
v 0.002717 1.225898 0.205275
v 0.013251 1.204918 0.216897
v 0.008295 1.198150 0.177789
v 0.007971 1.221902 0.183202
v 0.008762 1.222753 0.186982
v 0.007429 1.231691 0.190301
v 0.013838 1.219206 0.222332
v 0.008479 1.228579 0.216004
v 0.012924 1.226191 0.221809
v 0.006078 1.231435 0.185150
v 0.005522 1.242246 0.187388
v -0.010775 1.248229 0.184499
v 0.005530 1.249792 0.194071
v 0.002668 1.255132 0.211788
v 0.012099 1.226203 0.224880
v 0.012088 1.235551 0.223419
v 0.011354 1.234791 0.226201
v 0.007723 1.225043 0.227829
v -0.056559 1.235481 0.167565
v -0.058705 1.241096 0.174550
v -0.053824 1.243880 0.164075
v -0.060093 1.248556 0.178801
v -0.054187 1.252165 0.166400
v -0.061223 1.255709 0.182497
v -0.053789 1.258346 0.169091
v -0.050422 1.243967 0.163848
v -0.051452 1.252384 0.165443
v -0.043760 1.250631 0.170215
v -0.050775 1.258405 0.168258
v -0.051869 1.264379 0.169124
v -0.053989 1.264683 0.170206
v -0.037097 1.259047 0.175996
v -0.046011 1.264286 0.172751
v -0.051702 1.272019 0.170920
v -0.054076 1.271585 0.172088
v -0.046528 1.271535 0.174093
v -0.025528 1.254602 -0.010163
v -0.028039 1.255327 -0.014964
v -0.027388 1.266455 -0.010381
v -0.027423 1.278406 -0.010704
v -0.028576 1.277082 -0.016040
v -0.028683 1.266162 -0.013178
v -0.029050 1.287124 -0.009721
v -0.029130 1.288264 -0.017074
v -0.030474 1.296320 -0.012858
v -0.029266 1.295956 -0.009458
v -0.028495 1.304257 -0.010357
v -0.029451 1.304134 -0.014702
v -0.019601 1.286809 -0.007612
v -0.019006 1.297018 -0.007250
v -0.030044 1.312036 -0.010659
v -0.029446 1.311585 -0.014884
v -0.028716 1.322432 -0.012063
v -0.027673 1.317736 -0.020459
v -0.026982 1.329559 -0.018128
v -0.027435 1.332330 -0.011738
v -0.009970 1.257186 -0.006533
v -0.020127 1.241795 0.164219
v -0.027157 1.247193 0.169850
v -0.020708 1.247689 0.167164
v -0.018232 1.247301 0.167666
v -0.017345 1.253397 0.170036
v -0.025248 1.269997 -0.031549
v -0.028181 1.254301 0.172190
v -0.020052 1.254299 0.168330
v -0.026829 1.260958 0.173068
v -0.020244 1.261745 0.170042
v -0.024807 1.267456 0.173743
v -0.020419 1.268139 0.172503
v -0.017748 1.261495 0.171186
v -0.025223 1.303136 -0.032947
v -0.016960 1.268669 -0.007946
v -0.021778 1.277961 -0.008714
v -0.023358 1.305467 -0.008406
v -0.023774 1.330349 -0.031713
v -0.027242 1.312926 -0.008843
v -0.025607 1.339773 -0.021582
v -0.027006 1.340700 -0.012168
v -0.024198 1.322597 -0.009327
v -0.024807 1.333490 -0.010062
v -0.013770 1.331001 -0.008365
v -0.004644 1.321228 -0.006151
v -0.026871 1.349956 -0.017316
v -0.024074 1.361331 -0.028893
v -0.023029 1.340972 -0.010124
v -0.019114 1.348842 -0.009870
v -0.026307 1.348817 -0.012273
v -0.012190 1.337844 -0.008287
v -0.028292 1.357765 -0.013249
v -0.027630 1.366129 -0.014498
v -0.027103 1.357401 -0.010650
v -0.022097 1.356599 -0.009823
v -0.022699 1.375077 -0.031295
v -0.021221 1.388471 -0.035206
v -0.025405 1.366315 -0.011218
v -0.013839 1.362204 -0.009282
v -0.026726 1.374876 -0.015702
v -0.023168 1.376327 -0.011451
v -0.003595 1.365642 -0.008099
v -0.026279 1.382207 -0.014582
v -0.024480 1.382656 -0.021657
v -0.023733 1.390195 -0.020605
v -0.020405 1.399517 -0.035693
v -0.023272 1.398255 -0.018397
v -0.023317 1.389467 -0.014322
v -0.008004 1.383494 -0.010002
v -0.021863 1.398090 -0.014914
v -0.007107 1.394387 -0.010820
v -0.020996 1.414933 -0.021962
v -0.019441 1.411042 -0.035603
v -0.022495 1.406565 -0.019769
v -0.019517 1.423294 -0.029819
v -0.021092 1.407001 -0.015174
v -0.020186 1.415668 -0.016455
v -0.005908 1.404454 -0.011358
v -0.006342 1.414670 -0.012416
v -0.021314 1.423329 -0.017659
v -0.018762 1.433190 -0.028272
v -0.020823 1.431279 -0.016037
v -0.015886 1.423081 -0.015144
v -0.020046 1.440160 -0.021854
v -0.019304 1.439091 -0.017298
v -0.017656 1.449925 -0.026458
v -0.015563 1.452002 -0.019150
v -0.003519 1.251173 -0.001855
v 0.004246 1.251006 0.009992
v 0.000011 1.263821 0.001928
v 0.006444 1.264457 0.010308
v -0.003447 1.276139 -0.002799
v -0.009413 1.281782 -0.006381
v -0.004421 1.303454 -0.004687
v 0.007767 1.299658 0.014270
v 0.003321 1.293643 0.008178
v 0.009396 1.293463 0.013553
v -0.014626 1.309124 -0.006853
v -0.004319 1.339757 -0.006996
v 0.001547 1.321517 0.002424
v 0.007547 1.326347 0.010891
v 0.002377 1.377952 -0.000570
v 0.000411 1.392923 -0.006007
v 0.001151 1.403312 -0.006892
v -0.001237 1.426620 -0.012341
v -0.010763 1.430911 -0.015048
v -0.008560 1.440749 -0.015290
v 0.003318 1.441733 -0.012559
v -0.007448 1.452570 -0.016410
v -0.016765 1.465055 -0.019751
v 0.002957 1.463989 -0.015643
v 0.008839 1.250582 0.012253
v 0.018780 1.248212 0.005582
v 0.009597 1.264445 0.011073
v 0.019814 1.263196 0.004823
v 0.006105 1.274715 0.011357
v 0.011106 1.274194 0.011402
v 0.007034 1.286938 0.013021
v 0.014205 1.284302 0.010129
v 0.003345 1.306886 0.008154
v 0.009211 1.308452 0.013529
v 0.012321 1.300154 0.012412
v 0.018761 1.294550 0.006702
v 0.028055 1.300089 0.000398
v 0.018428 1.307375 0.007240
v 0.005160 1.315877 0.009074
v 0.008862 1.317819 0.012152
v 0.014594 1.319435 0.008928
v 0.011777 1.330424 0.009995
v 0.007814 1.333464 0.009134
v 0.000476 1.341367 -0.001206
v 0.005126 1.344325 0.004796
v 0.008358 1.341440 0.009442
v 0.008863 1.350347 0.010153
v 0.005266 1.350793 0.005423
v 0.011571 1.340963 0.009304
v 0.000765 1.357797 -0.001777
v 0.007433 1.358968 0.008310
v 0.011530 1.349261 0.009905
v 0.015115 1.357646 0.007135
v 0.010868 1.363518 0.010293
v 0.013208 1.384385 0.009224
v 0.009721 1.397153 0.006436
v 0.002906 1.412876 -0.006052
v 0.007448 1.429695 -0.003348
v 0.003854 1.422491 -0.006805
v 0.013667 1.444361 0.001901
v 0.013585 1.459284 -0.001140
v 0.028262 1.269927 0.000736
v 0.038313 1.255153 0.002570
v 0.039029 1.263979 0.002651
v 0.026091 1.280756 0.000631
v 0.026706 1.319472 -0.000244
v 0.026154 1.335276 -0.001057
v 0.027005 1.356640 -0.001759
v 0.036911 1.322347 0.000790
v 0.035904 1.336296 -0.000630
v 0.021835 1.377530 0.002803
v 0.017596 1.394099 0.005196
v 0.030924 1.383937 -0.003498
v 0.015598 1.404942 0.005182
v 0.011156 1.405334 0.005438
v 0.012160 1.420123 0.003983
v 0.012727 1.426838 0.004315
v 0.012205 1.412817 0.006239
v 0.015638 1.426575 0.004252
v 0.016262 1.420270 0.003948
v 0.015698 1.412524 0.005364
v 0.012764 1.435450 0.002878
v 0.019715 1.433245 0.001026
v 0.019876 1.443700 0.000034
v 0.024418 1.457330 -0.004424
v 0.042014 1.247844 0.003777
v 0.036333 1.285805 0.002528
v 0.046961 1.275373 0.003980
v 0.047763 1.285406 0.004925
v 0.041518 1.296858 0.003992
v 0.038752 1.308042 0.002911
v 0.048255 1.318290 0.003825
v 0.049194 1.306886 0.004972
v 0.038300 1.349588 -0.000710
v 0.037403 1.359795 -0.001203
v 0.048599 1.370926 0.001029
v 0.029313 1.400847 -0.003847
v 0.041498 1.398824 -0.003357
v 0.041609 1.408779 -0.004065
v 0.030320 1.418201 -0.005060
v 0.045414 1.388941 -0.001621
v 0.031952 1.437065 -0.008132
v 0.040405 1.421647 -0.005228
v 0.043438 1.430463 -0.005679
v 0.035625 1.446113 -0.008613
v 0.042498 1.454812 -0.008084
v 0.035105 1.463458 -0.010241
v 0.046673 1.247844 0.004076
v 0.048465 1.255537 0.001378
v 0.050092 1.264518 -0.002598
v 0.047497 1.264906 0.004494
v 0.046439 1.255734 0.003341
v 0.054282 1.265569 -0.018233
v 0.057211 1.252407 -0.020178
v 0.052833 1.276088 -0.014663
v 0.049825 1.275927 0.001946
v 0.061906 1.273304 -0.023139
v 0.055055 1.285317 -0.018911
v 0.050551 1.285405 0.002639
v 0.052973 1.292637 -0.011851
v 0.050796 1.295154 0.002785
v 0.059754 1.300499 -0.021588
v 0.053553 1.305789 -0.016694
v 0.048110 1.295941 0.004802
v 0.051861 1.306126 0.001226
v 0.052012 1.317083 -0.001317
v 0.054352 1.320403 -0.019664
v 0.049849 1.325268 0.002997
v 0.049074 1.331426 0.002696
v 0.051368 1.324431 0.000843
v 0.051556 1.331480 -0.001550
v 0.056079 1.330854 -0.021259
v 0.053714 1.337440 -0.017133
v 0.048170 1.341220 0.000592
v 0.053525 1.353410 -0.008535
v 0.051373 1.341221 -0.002676
v 0.058624 1.349054 -0.023288
v 0.049870 1.355636 0.001647
v 0.053263 1.360415 -0.001114
v 0.050603 1.380840 0.000876
v 0.053524 1.370932 -0.001905
v 0.053608 1.380994 -0.000976
v 0.052842 1.398626 -0.002927
v 0.052744 1.390043 -0.002694
v 0.051218 1.408187 -0.002999
v 0.045893 1.415633 -0.003931
v 0.051290 1.415902 -0.003184
v 0.051192 1.424220 -0.003602
v 0.049981 1.446383 -0.006169
v 0.050406 1.454915 -0.006680
v 0.069615 1.251913 -0.032114
v 0.062981 1.241209 -0.023327
v 0.068972 1.251926 -0.028364
v 0.069457 1.261969 -0.032153
v 0.069175 1.262024 -0.028561
v 0.069441 1.271870 -0.028206
v 0.070746 1.284790 -0.027805
v 0.071893 1.298310 -0.027859
v 0.063261 1.310795 -0.023930
v 0.071184 1.310300 -0.029138
v 0.071092 1.320839 -0.028797
v 0.069674 1.333804 -0.029774
v 0.073074 1.320002 -0.032613
v 0.070881 1.330762 -0.034017
v 0.054866 1.367993 -0.014468
v 0.057005 1.372611 -0.021720
v 0.069725 1.359946 -0.029257
v 0.073536 1.357213 -0.034223
v 0.075442 1.366046 -0.034519
v 0.075054 1.366965 -0.031633
v 0.067017 1.377756 -0.027955
v 0.062129 1.386839 -0.025621
v 0.056037 1.384427 -0.019252
v 0.062010 1.397284 -0.026073
v 0.067256 1.406133 -0.030629
v 0.056961 1.410087 -0.022478
v 0.055672 1.399343 -0.016891
v 0.060512 1.423077 -0.026802
v 0.062420 1.434184 -0.028499
v 0.054570 1.430627 -0.016360
v 0.056006 1.420930 -0.021077
v 0.053419 1.416100 -0.005592
v 0.052824 1.409552 -0.005517
v 0.053534 1.424462 -0.005416
v 0.051802 1.430861 -0.005511
v 0.064360 1.414592 -0.028776
v 0.055798 1.445530 -0.025027
v 0.053950 1.439586 -0.010826
v 0.071501 1.440584 -0.034650
v 0.073000 1.432550 -0.035481
v 0.050818 1.437937 -0.004935
v 0.053181 1.454528 -0.010593
v 0.052689 1.446476 -0.008167
v 0.055368 1.458759 -0.024349
v 0.052569 1.464790 -0.009787
v 0.070107 1.271896 -0.031931
v 0.064383 1.285408 -0.042176
v 0.071441 1.284844 -0.031701
v 0.071862 1.309848 -0.032678
v 0.072619 1.298340 -0.031985
v 0.071152 1.337721 -0.033855
v 0.072375 1.347758 -0.032562
v 0.074025 1.375433 -0.032069
v 0.074713 1.391003 -0.036494
v 0.074464 1.391167 -0.033503
v 0.074617 1.382821 -0.032989
v 0.071760 1.405217 -0.039732
v 0.072640 1.397767 -0.037910
v 0.072359 1.398803 -0.033996
v 0.073614 1.405620 -0.035269
v 0.072026 1.413173 -0.039308
v 0.072611 1.413920 -0.034889
v 0.071906 1.421413 -0.034623
v 0.071354 1.463813 -0.038958
v 0.071197 1.457796 -0.037124
v 0.067415 1.463113 -0.033622
v 0.058550 1.463236 -0.028274
v -0.077570 1.244297 0.186462
v -0.079924 1.247878 0.191030
v -0.077521 1.245649 0.205245
v -0.076548 1.277360 0.214657
v -0.077145 1.277557 0.207522
v -0.077941 1.266240 0.204092
v -0.077725 1.257754 0.211794
v -0.085797 1.261610 0.225334
v -0.085886 1.275780 0.232093
v -0.072898 1.271006 0.240691
v -0.085298 1.285655 0.234044
v -0.085771 1.286647 0.229915
v -0.086532 1.276257 0.229466
v -0.072300 1.282830 0.242681
v -0.085032 1.293626 0.235158
v -0.085652 1.294510 0.232021
v -0.083483 1.311071 0.232792
v -0.081585 1.303783 0.228415
v -0.086116 1.302627 0.234139
v -0.084765 1.310139 0.236577
v -0.083467 1.301637 0.237733
v -0.076715 1.309256 0.243033
v -0.081637 1.318865 0.231116
v -0.084026 1.318419 0.238985
v -0.085047 1.328210 0.239132
v -0.080606 1.329044 0.230381
v -0.084487 1.335798 0.238627
v -0.077522 1.340428 0.226921
v -0.083465 1.346598 0.243039
v -0.085335 1.344907 0.238426
v -0.077493 1.336496 0.246174
v -0.076378 1.250993 0.187678
v -0.079142 1.252832 0.189094
v -0.066380 1.230679 0.256039
v -0.066076 1.238694 0.256705
v -0.080367 1.259155 0.193402
v -0.078137 1.260783 0.190050
v -0.079854 1.267900 0.194409
v -0.077031 1.269215 0.191711
v -0.079894 1.279552 0.197038
v -0.059557 1.269715 0.183226
v -0.060863 1.277452 0.187394
v -0.066890 1.273652 0.261769
v -0.067361 1.254378 0.257616
v -0.066013 1.262458 0.260789
v -0.076145 1.280072 0.193605
v -0.079705 1.288080 0.198726
v -0.077956 1.288032 0.195948
v -0.076978 1.289659 0.208687
v -0.075394 1.298941 0.218161
v -0.068616 1.248157 0.255782
v -0.064329 1.285648 0.263705
v -0.070356 1.291824 0.248420
v -0.067869 1.301995 0.262409
v -0.064467 1.299730 0.264625
v -0.062365 1.293714 0.193307
v -0.062602 1.284822 0.191236
v -0.079032 1.297560 0.204137
v -0.080659 1.298531 0.198902
v -0.077687 1.305036 0.208633
v -0.078630 1.306649 0.201305
v -0.075618 1.307007 0.198299
v -0.077780 1.301432 0.197585
v -0.069818 1.305873 0.253446
v -0.066590 1.308555 0.265955
v -0.070715 1.316343 0.251820
v -0.074126 1.317407 0.246496
v -0.076717 1.314612 0.200065
v -0.062615 1.316167 0.196626
v -0.061415 1.307342 0.194696
v -0.079055 1.314290 0.202446
v -0.077770 1.316746 0.209924
v -0.079420 1.322747 0.203656
v -0.076918 1.322957 0.201000
v -0.075863 1.323522 0.220736
v -0.078657 1.330328 0.204812
v -0.076453 1.330982 0.202422
v -0.062244 1.337390 0.199366
v -0.061755 1.325370 0.196799
v -0.076480 1.337305 0.218636
v -0.075304 1.326465 0.247013
v -0.070002 1.325073 0.257135
v -0.069469 1.335670 0.261742
v -0.067019 1.321877 0.267756
v -0.066062 1.333676 0.269857
v -0.080047 1.339707 0.205374
v -0.075595 1.340008 0.203088
v -0.074716 1.354505 0.225337
v -0.076855 1.348040 0.216742
v -0.069278 1.348836 0.261560
v -0.078077 1.348726 0.208221
v -0.074384 1.349929 0.205269
v -0.078931 1.357479 0.209264
v -0.077091 1.358099 0.206927
v -0.083171 1.359442 0.239801
v -0.064841 1.370584 0.270678
v -0.067396 1.373353 0.267171
v -0.068489 1.369125 0.253664
v -0.065706 1.349734 0.270251
v -0.074037 1.365290 0.225042
v -0.078936 1.366002 0.210531
v -0.077547 1.376259 0.213276
v -0.076189 1.376667 0.210268
v -0.077187 1.366361 0.208188
v -0.067475 1.362035 0.205906
v -0.072312 1.379339 0.226129
v -0.076263 1.367367 0.231453
v -0.081644 1.358656 0.244285
v -0.066777 1.376423 0.208857
v -0.074854 1.385613 0.211806
v -0.059426 1.383466 0.209156
v -0.076318 1.385357 0.214976
v -0.072441 1.389901 0.223718
v -0.082533 1.373570 0.240431
v -0.072686 1.381574 0.231907
v -0.068402 1.394768 0.231017
v -0.080907 1.369012 0.245588
v -0.077021 1.382817 0.247434
v -0.080260 1.384325 0.240790
v -0.066346 1.381535 0.255582
v -0.072909 1.393379 0.214080
v -0.074260 1.393984 0.217011
v -0.072160 1.399755 0.221298
v -0.071323 1.401169 0.215923
v -0.075138 1.394892 0.247664
v -0.078840 1.395670 0.242965
v -0.071172 1.405193 0.247198
v -0.072359 1.410973 0.243526
v -0.072267 1.408745 0.241832
v -0.074168 1.403951 0.242872
v -0.058054 1.263265 0.178664
v -0.066332 1.247557 0.258578
v -0.058793 1.238568 0.256260
v -0.050742 1.246780 0.257530
v -0.060078 1.254391 0.258572
v -0.051620 1.262263 0.259259
v -0.044174 1.253974 0.262247
v -0.046843 1.269827 0.262295
v -0.054069 1.285751 0.174550
v -0.054299 1.278459 0.174592
v -0.079584 1.296093 0.196724
v -0.074188 1.297447 0.196109
v -0.053427 1.271957 0.260425
v -0.047766 1.282843 0.263418
v -0.053515 1.293082 0.176366
v -0.059407 1.299381 0.189886
v -0.053965 1.299735 0.178270
v -0.054823 1.305968 0.179889
v -0.053921 1.321451 0.182892
v -0.054558 1.313626 0.180890
v -0.068798 1.316045 0.265163
v -0.047561 1.293179 0.264769
v -0.046663 1.301708 0.267144
v -0.055838 1.317042 0.266564
v -0.054288 1.329416 0.183083
v -0.061386 1.356145 0.203058
v -0.054241 1.360275 0.189440
v -0.055556 1.350779 0.188278
v -0.053053 1.341701 0.184860
v -0.053246 1.334624 0.182924
v -0.051635 1.350195 0.185213
v -0.053918 1.328732 0.267825
v -0.053778 1.342573 0.269011
v -0.049321 1.347830 0.270905
v -0.048144 1.366479 0.271392
v -0.052992 1.369915 0.269304
v -0.057483 1.374445 0.198726
v -0.058020 1.364661 0.197430
v -0.054156 1.367396 0.190044
v -0.066511 1.381436 0.268324
v -0.056156 1.382061 0.198048
v -0.064282 1.393294 0.256048
v -0.065630 1.388846 0.267762
v -0.064794 1.381398 0.270720
v -0.063161 1.388726 0.269952
v -0.059022 1.379845 0.270129
v -0.055111 1.387850 0.268602
v -0.065264 1.392555 0.212478
v -0.056125 1.392462 0.203465
v -0.055204 1.388194 0.198293
v -0.062019 1.403490 0.215472
v -0.056401 1.400100 0.213787
v -0.065149 1.406348 0.231734
v -0.062373 1.403182 0.254805
v -0.062673 1.396181 0.269119
v -0.064462 1.396398 0.267281
v -0.063502 1.403640 0.265498
v -0.057649 1.401688 0.267945
v -0.068770 1.409818 0.219736
v -0.066333 1.416309 0.223930
v -0.058530 1.418220 0.234390
v -0.067486 1.410323 0.237614
v -0.065991 1.418858 0.240844
v -0.067695 1.417699 0.245483
v -0.059602 1.415849 0.248701
v -0.061747 1.423069 0.244841
v -0.058425 1.415270 0.253063
v -0.061412 1.410511 0.259062
v -0.055136 1.423641 0.252020
v -0.053877 1.423862 0.247216
v -0.060755 1.411471 0.263607
v -0.058120 1.411751 0.265534
v -0.058722 1.419880 0.260422
v -0.064817 1.416197 0.221011
v -0.063113 1.424027 0.225415
v -0.060808 1.423284 0.223381
v -0.054427 1.418366 0.222018
v -0.056179 1.409568 0.218116
v -0.057758 1.426378 0.231211
v -0.061025 1.425218 0.241698
v -0.054330 1.425903 0.257028
v -0.058640 1.425462 0.245032
v -0.058961 1.427282 0.243523
v -0.036943 1.245943 0.267891
v -0.035541 1.241127 0.267918
v -0.051790 1.278430 0.173471
v -0.051138 1.285336 0.173806
v -0.050121 1.293036 0.176044
v -0.037568 1.290780 0.183295
v -0.037824 1.277949 0.180696
v -0.039432 1.284185 0.272166
v -0.039000 1.290098 0.273445
v -0.044551 1.299981 0.181135
v -0.051129 1.299989 0.177182
v -0.051872 1.306605 0.177854
v -0.046364 1.308709 0.181320
v -0.037608 1.301123 0.185721
v -0.051312 1.313018 0.178541
v -0.050630 1.321673 0.181983
v -0.044754 1.321766 0.184935
v -0.048659 1.314691 0.268025
v -0.038775 1.303870 0.275450
v -0.041739 1.309138 0.272749
v -0.042563 1.303468 0.271228
v -0.038922 1.300029 0.275091
v -0.045512 1.324060 0.271808
v -0.049860 1.328623 0.182458
v -0.037058 1.332536 0.190095
v -0.050460 1.334681 0.183125
v -0.046197 1.340991 0.187277
v -0.046557 1.335276 0.272193
v -0.044644 1.352656 0.275725
v -0.041050 1.348812 0.279172
v -0.040096 1.356320 0.280060
v -0.042888 1.363251 0.277248
v -0.043516 1.341782 0.275689
v -0.052233 1.357824 0.187394
v -0.049406 1.360879 0.189309
v -0.042836 1.351806 0.191206
v -0.036698 1.359126 0.196312
v -0.041706 1.366368 0.195428
v -0.036747 1.365744 0.197982
v -0.054044 1.375169 0.191227
v -0.051162 1.367642 0.189363
v -0.048444 1.374517 0.191929
v -0.053336 1.382333 0.193552
v -0.053384 1.389517 0.194699
v -0.050166 1.382166 0.193238
v -0.048528 1.383191 0.268536
v -0.041267 1.384440 0.278148
v -0.042168 1.391147 0.276071
v -0.044032 1.377537 0.275097
v -0.041200 1.371258 0.278832
v -0.053114 1.396045 0.196910
v -0.049862 1.396468 0.196357
v -0.050157 1.389428 0.194406
v -0.043940 1.395373 0.201006
v -0.040581 1.388235 0.202556
v -0.054756 1.401254 0.205332
v -0.049190 1.403051 0.199999
v -0.044462 1.401199 0.202521
v -0.047822 1.400295 0.265378
v -0.043063 1.398617 0.272889
v -0.053515 1.407433 0.207450
v -0.050990 1.410002 0.204227
v -0.052335 1.403219 0.200889
v -0.054203 1.408734 0.215586
v -0.047520 1.409209 0.203569
v -0.039441 1.403297 0.208753
v -0.052588 1.409624 0.264799
v -0.049959 1.415653 0.261724
v -0.056027 1.419204 0.262928
v -0.047297 1.409594 0.262776
v -0.046045 1.414536 0.261509
v -0.041696 1.404635 0.272582
v -0.040378 1.410299 0.272528
v -0.045063 1.405679 0.267010
v -0.044918 1.410160 0.265154
v -0.051340 1.416374 0.209843
v -0.045076 1.414400 0.207647
v -0.047497 1.423988 0.214158
v -0.044548 1.420755 0.211723
v -0.055821 1.427551 0.227683
v -0.050613 1.425032 0.226503
v -0.054896 1.427365 0.238764
v -0.051047 1.428312 0.251507
v -0.050356 1.424190 0.258333
v -0.047389 1.427754 0.253021
v -0.044991 1.421584 0.257589
v -0.042579 1.426881 0.254936
v -0.046357 1.428414 0.220560
v -0.050918 1.427837 0.236060
v -0.045216 1.430547 0.227734
v -0.053625 1.429232 0.243613
v -0.046735 1.430003 0.246900
v -0.047624 1.430396 0.240088
v -0.033697 1.235269 0.268981
v -0.033036 1.241948 0.267547
v -0.031520 1.247993 0.266221
v -0.035755 1.252126 0.270281
v -0.034042 1.252573 0.270263
v -0.028315 1.239157 0.261512
v -0.036669 1.257976 0.270514
v -0.033732 1.258457 0.270436
v -0.037419 1.265593 0.269770
v -0.048140 1.278036 0.174595
v -0.029244 1.272463 0.176943
v -0.030602 1.282237 0.179838
v -0.034175 1.265505 0.269773
v -0.034947 1.271409 0.272172
v -0.036714 1.271349 0.272113
v -0.035202 1.277317 0.273421
v -0.038594 1.276716 0.272023
v -0.031045 1.292680 0.181780
v -0.036168 1.285908 0.273562
v -0.035659 1.291134 0.274712
v -0.038719 1.295829 0.274688
v -0.035933 1.296728 0.275578
v -0.032024 1.302733 0.183749
v -0.037700 1.313311 0.187310
v -0.028911 1.315089 0.184687
v -0.037167 1.299547 0.276173
v -0.036860 1.304271 0.276134
v -0.038310 1.315758 0.277389
v -0.037579 1.310078 0.275414
v -0.035988 1.316024 0.277063
v -0.033530 1.310001 0.273092
v -0.034608 1.302682 0.274037
v -0.037231 1.320586 0.279017
v -0.038263 1.330246 0.279504
v -0.034953 1.331472 0.278249
v -0.026472 1.324210 0.268085
v -0.029237 1.316519 0.269701
v -0.036647 1.352896 0.194809
v -0.022990 1.327270 0.184687
v -0.029656 1.338086 0.188759
v -0.021956 1.336166 0.185159
v -0.038855 1.337176 0.280251
v -0.036677 1.343296 0.281096
v -0.036326 1.337360 0.280119
v -0.027011 1.340090 0.269686
v -0.027765 1.346464 0.271037
v -0.026277 1.333447 0.268745
v -0.038762 1.343027 0.281213
v -0.025618 1.350150 0.189566
v -0.024490 1.368765 0.192413
v -0.023513 1.359614 0.189945
v -0.036124 1.350067 0.280648
v -0.037055 1.357049 0.280962
v -0.037781 1.364550 0.281661
v -0.029471 1.352771 0.273042
v -0.029726 1.360657 0.273299
v -0.035487 1.376455 0.199921
v -0.038232 1.372285 0.281294
v -0.033740 1.366183 0.277930
v -0.035431 1.372269 0.280054
v -0.020490 1.372713 0.195750
v -0.026377 1.388250 0.197433
v -0.035855 1.391111 0.204463
v -0.026559 1.399848 0.200830
v -0.038877 1.378108 0.280863
v -0.034144 1.378525 0.277607
v -0.036785 1.384704 0.280418
v -0.038941 1.384493 0.280807
v -0.038400 1.394480 0.205956
v -0.040435 1.380020 0.200110
v -0.038294 1.390308 0.279683
v -0.038735 1.394953 0.278673
v -0.039108 1.400209 0.276125
v -0.036504 1.394764 0.278369
v -0.035463 1.389806 0.278049
v -0.035667 1.399567 0.275217
v -0.038729 1.409618 0.211791
v -0.035688 1.402846 0.207609
v -0.034878 1.410583 0.209864
v -0.026916 1.407433 0.203175
v -0.038851 1.405846 0.274945
v -0.037798 1.409654 0.274031
v -0.036554 1.405752 0.274270
v -0.032264 1.407365 0.266959
v -0.037585 1.416425 0.270547
v -0.043323 1.424531 0.216004
v -0.043737 1.428549 0.220076
v -0.039217 1.416220 0.214884
v -0.039034 1.422145 0.219180
v -0.035376 1.417139 0.213832
v -0.035794 1.423557 0.218678
v -0.030417 1.426354 0.215738
v -0.029062 1.421045 0.210835
v -0.038255 1.426196 0.223282
v -0.033066 1.428964 0.223276
v -0.040740 1.420718 0.265641
v -0.041121 1.416084 0.269194
v -0.040703 1.424798 0.262071
v -0.037426 1.420850 0.266092
v -0.038586 1.425575 0.262376
v -0.033501 1.416969 0.263625
v -0.036224 1.424598 0.261240
v -0.033542 1.426651 0.253553
v -0.037671 1.428970 0.257787
v -0.031600 1.421172 0.257670
v -0.040958 1.430826 0.227521
v -0.032230 1.429823 0.228134
v -0.042302 1.430193 0.234674
v -0.031589 1.429522 0.234919
v -0.039577 1.430445 0.246120
v -0.038602 1.431238 0.252382
v -0.039441 1.428381 0.259164
v -0.032099 1.429479 0.246813
v -0.027227 1.430195 0.242759
v -0.018140 1.267814 0.173585
v -0.013948 1.254735 0.180361
v -0.020408 1.275312 0.173152
v -0.021845 1.284436 0.175993
v -0.018940 1.284698 0.177588
v -0.017607 1.275398 0.175700
v -0.012186 1.263002 0.186097
v -0.013113 1.274999 0.189061
v -0.020964 1.296918 0.176707
v -0.018232 1.294181 0.178138
v -0.016111 1.282956 0.184848
v -0.014285 1.289186 0.190824
v -0.004091 1.284377 0.195171
v -0.012820 1.297009 0.195329
v 0.003322 1.290448 0.201245
v -0.023344 1.306457 0.180513
v -0.018300 1.299678 0.178497
v -0.019681 1.306720 0.181203
v -0.020478 1.322151 0.183307
v -0.021037 1.314175 0.181980
v -0.015876 1.313043 0.191866
v -0.017017 1.305494 0.186554
v -0.005470 1.305534 0.199378
v -0.024850 1.311926 0.265330
v -0.023933 1.317724 0.265862
v -0.013109 1.331120 0.268052
v -0.020113 1.336115 0.267792
v -0.018701 1.322564 0.185551
v -0.019677 1.328379 0.186369
v -0.014530 1.322147 0.196491
v -0.020370 1.341718 0.268456
v -0.022181 1.347583 0.268859
v -0.012153 1.324420 0.267231
v -0.019351 1.335752 0.186617
v -0.019387 1.343602 0.187794
v -0.021622 1.344041 0.186459
v -0.014653 1.340091 0.200208
v -0.014603 1.330869 0.198132
v -0.020614 1.350692 0.190032
v -0.016849 1.349082 0.197809
v -0.019918 1.359063 0.191224
v -0.014342 1.353097 0.204537
v -0.020111 1.366984 0.193638
v -0.015032 1.362233 0.206886
v -0.023274 1.365123 0.269621
v -0.027572 1.373360 0.269701
v -0.021263 1.353898 0.269471
v -0.014324 1.356985 0.270290
v -0.014423 1.361541 0.270601
v -0.016563 1.372924 0.208296
v -0.018931 1.378856 0.203381
v -0.020856 1.378283 0.195562
v -0.020186 1.389364 0.203291
v -0.026706 1.387121 0.267870
v -0.031607 1.388033 0.272486
v -0.015842 1.372792 0.270861
v -0.009451 1.368858 0.269935
v -0.017672 1.380208 0.270693
v -0.018965 1.393415 0.214077
v -0.023541 1.407292 0.204083
v -0.021981 1.400248 0.204047
v -0.021245 1.406435 0.218039
v -0.008928 1.381176 0.212942
v -0.005709 1.397352 0.217537
v -0.029686 1.395198 0.267416
v -0.014403 1.386111 0.271165
v -0.013551 1.391503 0.270571
v -0.015996 1.396414 0.270066
v -0.011396 1.380802 0.271757
v -0.025285 1.397967 0.267491
v -0.028261 1.413749 0.207205
v -0.024995 1.413671 0.208556
v -0.025542 1.420220 0.212861
v -0.023545 1.415047 0.221439
v -0.014680 1.400123 0.217127
v -0.016710 1.408963 0.219679
v -0.015449 1.406150 0.258121
v -0.015449 1.402169 0.253604
v -0.018670 1.414451 0.251118
v -0.018415 1.413459 0.256048
v -0.022411 1.407279 0.267380
v -0.024055 1.415838 0.264333
v -0.017760 1.415460 0.262925
v -0.014913 1.408330 0.264993
v -0.028237 1.424643 0.225968
v -0.025703 1.419980 0.223775
v -0.027796 1.425551 0.216769
v -0.030400 1.428160 0.222607
v -0.023403 1.421079 0.225272
v -0.016433 1.418728 0.223246
v -0.024843 1.428218 0.239875
v -0.025548 1.427518 0.237049
v -0.021471 1.422927 0.236610
v -0.020934 1.421769 0.238044
v -0.024700 1.427660 0.229165
v -0.018998 1.417584 0.236610
v -0.016494 1.423466 0.231086
v -0.016708 1.414274 0.237073
v -0.014823 1.413381 0.234136
v -0.016734 1.423747 0.241865
v -0.016569 1.419612 0.239380
v -0.028801 1.428598 0.252893
v -0.026059 1.426800 0.251058
v -0.024228 1.425182 0.247195
v -0.022247 1.424979 0.257739
v -0.019253 1.419974 0.260090
v -0.017485 1.423414 0.247145
v -0.013833 1.419204 0.248659
v -0.021439 1.428576 0.243691
v -0.011321 1.419600 0.243870
v -0.016346 1.424453 0.244656
v -0.011555 1.420239 0.246601
v -0.021052 1.427797 0.241895
v -0.025373 1.425816 0.259298
v -0.022424 1.421603 0.263135
v -0.019858 1.421313 0.262707
v -0.022595 1.429145 0.232630
v -0.004421 1.258753 0.189333
v 0.004691 1.304505 0.203441
v -0.009887 1.328419 0.201576
v -0.008527 1.318648 0.200812
v 0.001905 1.292704 0.221468
v 0.000745 1.287895 0.213199
v 0.000285 1.304641 0.216309
v 0.000556 1.304325 0.222460
v 0.001606 1.333267 0.206772
v 0.001803 1.323287 0.204725
v -0.007658 1.336172 0.203955
v -0.007370 1.323935 0.266018
v -0.006390 1.319121 0.265082
v -0.006307 1.321604 0.259134
v -0.008167 1.319315 0.266723
v -0.006625 1.333039 0.268966
v -0.006874 1.332382 0.257715
v -0.009793 1.344429 0.204714
v -0.002231 1.328316 0.247079
v -0.006337 1.342270 0.252731
v -0.004920 1.318564 0.248773
v -0.001827 1.343084 0.248092
v 0.002940 1.351278 0.245946
v -0.006979 1.354558 0.253230
v 0.001159 1.336486 0.245427
v -0.007358 1.342928 0.267335
v -0.009658 1.345350 0.269474
v -0.009191 1.341315 0.269352
v -0.008039 1.335869 0.269561
v -0.007594 1.357940 0.208391
v -0.001130 1.349372 0.208397
v -0.003233 1.363401 0.230975
v -0.002052 1.351659 0.228510
v -0.000809 1.355907 0.221226
v -0.001834 1.366323 0.223389
v -0.009500 1.351343 0.270120
v -0.007567 1.350544 0.268357
v -0.007669 1.355711 0.269220
v -0.008966 1.356189 0.270929
v -0.002516 1.372355 0.212377
v -0.000818 1.364568 0.211400
v -0.000299 1.357594 0.210755
v -0.000277 1.346268 0.220530
v 0.002561 1.358160 0.246296
v -0.002705 1.362736 0.249902
v -0.007909 1.360914 0.264927
v -0.007868 1.366815 0.253696
v -0.009481 1.363711 0.271010
v -0.008844 1.375072 0.270457
v -0.011341 1.375830 0.271620
v -0.008433 1.368325 0.262286
v -0.004863 1.377537 0.227862
v -0.008342 1.386672 0.233210
v -0.003903 1.382084 0.236930
v -0.004208 1.374580 0.233664
v 0.002045 1.372678 0.240733
v 0.003495 1.360581 0.239678
v -0.010954 1.385033 0.260192
v -0.007278 1.386463 0.251746
v -0.010323 1.398411 0.251853
v -0.009974 1.376248 0.257554
v -0.007957 1.375441 0.252848
v -0.009214 1.380448 0.270759
v -0.002692 1.388510 0.215696
v -0.002477 1.393085 0.217214
v -0.000800 1.387898 0.217725
v -0.001948 1.392396 0.220103
v -0.003964 1.397737 0.221256
v -0.005500 1.389156 0.227253
v -0.006796 1.396033 0.228032
v -0.009577 1.396670 0.236006
v -0.008289 1.402088 0.228678
v -0.011203 1.408533 0.231420
v -0.013680 1.409082 0.237288
v -0.002517 1.385852 0.222457
v -0.002100 1.398239 0.248441
v 0.000776 1.388802 0.247446
v 0.000581 1.389407 0.244028
v -0.001506 1.399763 0.245818
v -0.013760 1.402385 0.263840
v -0.012562 1.397114 0.263878
v -0.010899 1.386287 0.270177
v -0.011284 1.391414 0.265345
v -0.011601 1.391795 0.269146
v -0.007734 1.403158 0.250189
v -0.012988 1.397300 0.269256
v -0.013977 1.403154 0.267777
v -0.009025 1.412644 0.222042
v -0.007092 1.403760 0.219607
v -0.005667 1.404167 0.222278
v -0.005687 1.406566 0.244453
v -0.011067 1.413264 0.240897
v -0.013768 1.417009 0.240126
v -0.010262 1.415466 0.226915
v -0.007738 1.411878 0.223808
v -0.011983 1.408752 0.250792
v -0.007716 1.413361 0.244632
v -0.005053 1.405521 0.247646
v -0.007312 1.412870 0.247297
v -0.016181 1.402395 0.269492
v -0.016535 1.424153 0.227136
v -0.012248 1.418470 0.225562
v 0.007177 1.236389 0.216434
v 0.007567 1.245944 0.219072
v 0.010470 1.261634 0.226335
v 0.010336 1.252581 0.224758
v 0.002861 1.273944 0.217704
v 0.012375 1.245278 0.225538
v 0.011603 1.244281 0.228008
v 0.010381 1.251168 0.228863
v 0.010640 1.257783 0.229935
v 0.009528 1.277605 0.229198
v 0.009682 1.277546 0.232684
v 0.010474 1.270391 0.231749
v 0.011057 1.269772 0.229087
v 0.010746 1.263470 0.230975
v 0.001455 1.317627 0.226649
v 0.001946 1.321199 0.211985
v 0.005142 1.284242 0.224280
v 0.010791 1.285160 0.231728
v 0.010303 1.284729 0.234414
v 0.009710 1.292024 0.232233
v 0.009115 1.291566 0.235382
v 0.009215 1.305105 0.236299
v 0.009638 1.298499 0.235427
v 0.009010 1.298728 0.232693
v 0.007284 1.305713 0.232424
v 0.001910 1.316661 0.204917
v 0.006338 1.312249 0.232831
v 0.008500 1.312438 0.236774
v 0.007276 1.318827 0.237031
v 0.003418 1.304506 0.240724
v 0.007428 1.312976 0.239233
v -0.000153 1.313530 0.244022
v 0.005663 1.319028 0.240494
v -0.000891 1.333326 0.223856
v 0.002901 1.332655 0.209446
v 0.002882 1.341127 0.210850
v 0.004245 1.326592 0.232523
v 0.009190 1.325558 0.238256
v 0.008167 1.325389 0.240781
v 0.008676 1.332476 0.238907
v 0.008312 1.332243 0.241328
v 0.006466 1.338062 0.242167
v 0.001854 1.341370 0.207683
v 0.002288 1.349414 0.211630
v 0.000667 1.339492 0.229885
v 0.004497 1.333712 0.234217
v 0.005890 1.339189 0.236816
v 0.003684 1.345170 0.235965
v 0.007502 1.338680 0.239768
v 0.007548 1.345212 0.240530
v 0.007068 1.352647 0.242122
v 0.006442 1.344371 0.243138
v 0.001230 1.357158 0.213455
v 0.003018 1.352798 0.236852
v 0.004793 1.359505 0.243652
v 0.000568 1.372580 0.215753
v 0.001674 1.364602 0.213811
v 0.004417 1.365425 0.245418
v 0.004541 1.366211 0.242678
v 0.003865 1.372673 0.246547
v -0.000833 1.379956 0.216392
v 0.001996 1.381030 0.243556
v 0.001830 1.380395 0.247082
v -0.013424 1.466713 -0.038663
v -0.015107 1.473038 -0.023907
v -0.012481 1.475810 -0.019676
v -0.003552 1.477027 -0.018122
v -0.011692 1.483311 -0.035101
v -0.010499 1.500147 -0.025508
v -0.009114 1.499754 -0.022738
v -0.004929 1.496666 -0.042003
v -0.009774 1.493895 -0.033584
v -0.001715 1.494052 -0.020372
v -0.005684 1.508255 -0.025335
v -0.007213 1.508183 -0.028612
v 0.007660 1.494545 -0.020781
v -0.000639 1.505320 -0.022825
v 0.015844 1.480531 -0.002455
v 0.008194 1.477587 -0.013429
v 0.014742 1.492335 -0.008275
v 0.019431 1.484986 -0.003082
v 0.019208 1.493013 -0.005081
v 0.023241 1.476183 -0.004630
v 0.028091 1.485009 -0.009957
v 0.018943 1.511256 -0.010838
v 0.012265 1.500879 -0.016969
v 0.016950 1.501187 -0.009025
v 0.019883 1.506411 -0.008759
v 0.020350 1.499698 -0.007716
v 0.035321 1.475483 -0.011442
v 0.033418 1.486601 -0.013787
v 0.027280 1.496447 -0.011526
v 0.023663 1.492248 -0.007552
v 0.023888 1.507231 -0.010934
v 0.021756 1.512284 -0.010868
v 0.031410 1.515190 -0.021451
v 0.023172 1.518300 -0.014358
v 0.044718 1.506545 -0.015514
v 0.041869 1.516436 -0.018902
v 0.031764 1.523964 -0.025478
v 0.024805 1.525407 -0.018155
v 0.019710 1.518349 -0.014606
v 0.020900 1.526299 -0.017824
v 0.035531 1.538803 -0.034886
v 0.038412 1.538916 -0.035717
v 0.035920 1.540158 -0.042239
v 0.028918 1.540634 -0.037817
v 0.024844 1.538872 -0.029473
v 0.023054 1.533243 -0.023978
v 0.026256 1.531801 -0.023784
v 0.030753 1.533601 -0.031456
v 0.035913 1.533989 -0.029655
v 0.049689 1.464782 -0.007618
v 0.049991 1.476823 -0.007937
v 0.048056 1.487440 -0.010474
v 0.045069 1.497232 -0.012996
v 0.048901 1.506131 -0.017035
v 0.048549 1.515489 -0.019924
v 0.051199 1.497000 -0.015840
v 0.048654 1.522476 -0.036670
v 0.045355 1.530910 -0.039448
v 0.042110 1.532650 -0.035947
v 0.045031 1.529565 -0.027151
v 0.046031 1.524316 -0.023136
v 0.047214 1.521997 -0.028134
v 0.043680 1.530257 -0.024686
v 0.041499 1.526472 -0.023079
v 0.049288 1.512157 -0.028370
v 0.053009 1.513077 -0.034853
v 0.039831 1.537287 -0.041913
v 0.038974 1.537008 -0.039625
v 0.049884 1.534617 -0.043129
v 0.040238 1.535746 -0.030751
v 0.052871 1.476654 -0.010065
v 0.053805 1.484442 -0.024641
v 0.051444 1.487383 -0.012075
v 0.054737 1.473196 -0.024211
v 0.059109 1.473319 -0.029359
v 0.059195 1.483097 -0.030778
v 0.053992 1.491291 -0.029553
v 0.060372 1.498139 -0.034307
v 0.055787 1.504364 -0.033652
v 0.051247 1.501078 -0.028149
v 0.064671 1.507113 -0.039114
v 0.060574 1.514815 -0.039526
v 0.058248 1.523282 -0.040536
v 0.053955 1.529461 -0.041662
v 0.060630 1.514027 -0.044593
v 0.064104 1.506489 -0.043093
v 0.071059 1.474000 -0.036425
v 0.067999 1.491325 -0.038053
v 0.069324 1.483299 -0.036640
v 0.069381 1.475219 -0.042140
v 0.069976 1.483629 -0.039538
v 0.065379 1.498802 -0.038304
v 0.102996 0.896230 -0.047202
v 0.104195 0.890454 -0.045974
v 0.114494 0.900558 -0.046228
v 0.117130 0.893975 -0.044038
v 0.147497 0.919433 -0.047832
v 0.152735 0.915618 -0.044232
v 0.142577 0.908901 -0.043634
v 0.137948 0.912784 -0.046374
v 0.157210 0.907600 -0.038466
v 0.164378 0.922328 -0.044333
v 0.170372 0.918040 -0.039177
v 0.155043 0.930234 -0.046245
v 0.156117 0.925848 -0.048758
v 0.142753 0.928050 -0.035669
v 0.164978 0.939113 -0.048958
v 0.168176 0.936436 -0.050342
v 0.172387 0.932443 -0.047145
v 0.172916 0.947113 -0.049188
v 0.176295 0.944685 -0.050930
v 0.180239 0.953623 -0.048952
v 0.182772 0.951001 -0.049583
v 0.186079 0.942371 -0.044330
v 0.186540 0.960033 -0.048376
v 0.188966 0.958099 -0.048875
v 0.192302 0.968154 -0.045953
v 0.183090 0.961718 -0.042063
v 0.185101 0.971016 -0.034830
v 0.195045 0.966278 -0.047461
v 0.198205 0.963194 -0.044958
v 0.201182 0.974779 -0.048038
v 0.206616 0.968683 -0.042108
v 0.198405 0.977147 -0.046726
v 0.207095 0.983644 -0.047458
v 0.204107 0.987967 -0.044563
v 0.210062 0.993039 -0.047895
v 0.213700 0.991045 -0.047393
v 0.217973 0.999962 -0.046464
v 0.214150 1.001514 -0.045950
v 0.234772 1.035154 -0.046968
v 0.230945 1.026210 -0.046395
v 0.228009 1.027537 -0.045657
v 0.231604 1.036675 -0.046048
v 0.242747 1.053749 -0.046233
v 0.238726 1.043378 -0.046171
v 0.235503 1.045059 -0.045268
v 0.239439 1.055159 -0.044895
v 0.099558 0.861435 -0.037465
v 0.109725 0.849023 -0.017725
v 0.107693 0.855821 0.015223
v 0.107836 0.876694 -0.040617
v 0.114416 0.865478 -0.040533
v 0.101595 0.901720 -0.040402
v 0.100415 0.896983 0.027762
v 0.098999 0.907168 0.028163
v 0.094965 0.909388 0.019591
v 0.112651 0.907645 -0.038164
v 0.101201 0.917858 -0.031412
v 0.113079 0.926505 -0.031914
v 0.122068 0.915619 -0.034504
v 0.097605 0.922255 -0.027262
v 0.097153 0.921329 -0.014134
v 0.100932 0.927741 -0.003157
v 0.113131 0.929501 -0.009960
v 0.110410 0.928398 -0.018391
v 0.091137 0.923322 0.004049
v 0.096194 0.916759 0.011010
v 0.090275 0.922421 -0.001538
v 0.110024 0.912345 0.030006
v 0.103618 0.924238 0.009711
v 0.100660 0.929488 0.004886
v 0.128514 0.852332 -0.017612
v 0.117876 0.860480 -0.026551
v 0.127294 0.857647 -0.022350
v 0.122786 0.856528 0.000216
v 0.120189 0.854289 0.013051
v 0.129716 0.853035 -0.012476
v 0.119721 0.856689 0.015940
v 0.116899 0.873118 0.026152
v 0.103470 0.882097 0.029609
v 0.116546 0.879588 0.033582
v 0.123515 0.887928 -0.039451
v 0.122296 0.907385 -0.044662
v 0.123406 0.904198 -0.047318
v 0.111725 0.905302 0.029809
v 0.123780 0.899246 0.027490
v 0.118106 0.920746 0.020189
v 0.113753 0.927374 0.011291
v 0.112247 0.929960 -0.028935
v 0.118227 0.934547 -0.029750
v 0.119931 0.932762 -0.032317
v 0.108981 0.934966 0.005671
v 0.109065 0.935551 0.001991
v 0.118926 0.941134 0.001539
v 0.124072 0.936113 -0.010241
v 0.118633 0.939818 0.006143
v 0.136694 0.861730 -0.000086
v 0.138370 0.855416 -0.012963
v 0.142019 0.861749 0.015157
v 0.125641 0.871350 -0.042547
v 0.128382 0.867953 -0.035358
v 0.135015 0.866499 -0.025481
v 0.134693 0.865311 0.018725
v 0.131445 0.876892 0.023657
v 0.126329 0.881657 0.033639
v 0.124906 0.900100 -0.045472
v 0.137208 0.886576 -0.040064
v 0.139704 0.877055 -0.042287
v 0.135040 0.899405 -0.040981
v 0.122605 0.884602 0.033439
v 0.134133 0.886925 0.035417
v 0.144518 0.892572 0.035202
v 0.137657 0.903204 0.029665
v 0.130401 0.911151 -0.044426
v 0.131829 0.923017 -0.033470
v 0.138912 0.918577 -0.042406
v 0.129594 0.915985 0.031625
v 0.127080 0.922573 0.030780
v 0.120208 0.916498 0.030729
v 0.127117 0.938683 -0.031955
v 0.126151 0.940488 -0.029398
v 0.132347 0.933072 -0.032920
v 0.120459 0.934461 -0.018624
v 0.128095 0.940654 -0.020946
v 0.139626 0.948234 -0.011272
v 0.141187 0.961465 0.000105
v 0.155760 0.964628 -0.009306
v 0.128529 0.950584 0.003174
v 0.126621 0.927890 0.016484
v 0.130555 0.946287 -0.029598
v 0.131953 0.944643 -0.032502
v 0.140081 0.936509 -0.033482
v 0.127516 0.948472 0.007814
v 0.138413 0.855352 -0.017794
v 0.147056 0.859370 -0.011986
v 0.152805 0.869257 0.002304
v 0.146840 0.857503 -0.017140
v 0.141326 0.874992 -0.040679
v 0.145022 0.873837 -0.027405
v 0.149957 0.878509 -0.036144
v 0.149234 0.878858 -0.042122
v 0.155060 0.870002 0.018656
v 0.146942 0.882231 -0.042102
v 0.145131 0.861930 -0.020554
v 0.150876 0.868236 -0.021770
v 0.167476 0.885560 -0.024902
v 0.159371 0.872757 -0.020919
v 0.156552 0.879950 -0.026267
v 0.136875 0.884150 0.032286
v 0.143503 0.897227 -0.038424
v 0.147793 0.887769 0.028007
v 0.153190 0.899055 0.036618
v 0.146296 0.913583 0.029068
v 0.131962 0.908301 -0.046117
v 0.169727 0.913570 0.038823
v 0.156875 0.919830 0.030666
v 0.163166 0.905274 0.037203
v 0.171148 0.909300 0.039534
v 0.137488 0.924611 0.032931
v 0.153362 0.938019 -0.035433
v 0.148243 0.942581 -0.033859
v 0.135359 0.927560 0.031587
v 0.135069 0.933210 0.018805
v 0.140517 0.945668 0.013628
v 0.143162 0.941211 0.017273
v 0.141562 0.933863 0.033800
v 0.143801 0.931377 0.035479
v 0.137726 0.950914 -0.032953
v 0.143541 0.957649 -0.033485
v 0.154954 0.950869 -0.033572
v 0.136023 0.952410 -0.029954
v 0.148455 0.962783 -0.021020
v 0.157060 0.968116 -0.016515
v 0.130965 0.954098 0.007070
v 0.140691 0.964636 0.006227
v 0.148832 0.944930 0.025076
v 0.153188 0.952244 0.016107
v 0.143728 0.962014 0.010876
v 0.141582 0.959431 -0.030587
v 0.142377 0.958851 -0.025212
v 0.138706 0.952801 -0.022201
v 0.148727 0.963923 -0.032992
v 0.147323 0.965304 -0.030539
v 0.135981 0.954306 0.010497
v 0.147348 0.971712 0.005438
v 0.154057 0.862340 -0.016990
v 0.153823 0.862275 -0.013928
v 0.160773 0.865826 -0.016195
v 0.158212 0.867945 -0.009049
v 0.158978 0.881967 0.020723
v 0.158104 0.889897 0.023472
v 0.164238 0.874808 0.017231
v 0.164561 0.878678 0.019218
v 0.151961 0.890392 -0.040384
v 0.156291 0.885858 -0.041247
v 0.157898 0.884112 -0.038340
v 0.163689 0.888491 -0.041190
v 0.168035 0.871591 -0.017991
v 0.174681 0.876106 -0.017656
v 0.163697 0.874932 -0.001911
v 0.172715 0.881357 0.004327
v 0.164409 0.874346 0.012558
v 0.167938 0.869676 -0.014654
v 0.161715 0.893952 -0.041178
v 0.155898 0.895286 0.033272
v 0.169502 0.899300 0.025707
v 0.170610 0.882427 0.019764
v 0.166774 0.930097 0.031150
v 0.176758 0.919144 0.040296
v 0.151321 0.938128 0.036860
v 0.166903 0.939356 0.033890
v 0.156711 0.945609 0.038449
v 0.148575 0.941050 0.035052
v 0.163824 0.948163 -0.035397
v 0.161150 0.958206 0.020601
v 0.154545 0.950001 0.029429
v 0.159635 0.954476 0.032641
v 0.164584 0.959985 0.029146
v 0.154779 0.947738 0.037105
v 0.160491 0.953237 0.037108
v 0.164185 0.949971 0.037744
v 0.155910 0.960588 -0.033100
v 0.155901 0.967298 -0.031379
v 0.154534 0.969785 -0.028451
v 0.154832 0.963511 0.013511
v 0.148888 0.970852 0.009340
v 0.160077 0.975234 -0.025266
v 0.159532 0.974674 -0.029535
v 0.156846 0.979575 0.005600
v 0.159576 0.977639 0.000141
v 0.158693 0.977934 0.009424
v 0.172785 0.876724 -0.008392
v 0.175152 0.874725 -0.014522
v 0.178644 0.882432 -0.005371
v 0.185740 0.888133 -0.003235
v 0.182635 0.888218 0.003995
v 0.172667 0.878308 0.017040
v 0.172299 0.895791 -0.043347
v 0.173467 0.893241 -0.041755
v 0.176979 0.892144 -0.025463
v 0.177906 0.887915 0.020398
v 0.172428 0.905492 -0.041373
v 0.178949 0.913020 -0.041976
v 0.173625 0.907540 0.035904
v 0.183449 0.924650 0.041048
v 0.176656 0.932411 0.034562
v 0.174788 0.955505 -0.039938
v 0.179050 0.942714 0.031781
v 0.162743 0.970897 -0.031486
v 0.165486 0.958113 -0.032308
v 0.169704 0.967100 0.022767
v 0.166272 0.967287 0.016054
v 0.166080 0.958525 0.035832
v 0.168873 0.956200 0.037030
v 0.172695 0.963276 0.037592
v 0.170609 0.965022 0.035934
v 0.166371 0.979698 -0.028735
v 0.170089 0.975466 -0.030677
v 0.165857 0.980507 -0.025248
v 0.169924 0.979374 -0.008684
v 0.167641 0.978523 -0.015690
v 0.168000 0.987310 0.001351
v 0.176323 0.974656 0.022250
v 0.177824 0.980250 0.016236
v 0.172012 0.985022 -0.017453
v 0.170673 0.987250 -0.025953
v 0.171948 0.986266 -0.028938
v 0.181794 0.976915 -0.031307
v 0.166544 0.988507 0.005994
v 0.172311 0.993923 0.001214
v 0.176891 0.988711 -0.010080
v 0.167773 0.986716 0.009328
v 0.171887 0.995081 0.010048
v 0.169689 0.996089 0.006819
v 0.182467 0.882520 -0.018621
v 0.182818 0.879547 -0.014501
v 0.189473 0.882741 -0.014014
v 0.180139 0.882984 0.015235
v 0.187596 0.888138 0.016983
v 0.187127 0.891868 0.020559
v 0.181370 0.898700 -0.042299
v 0.179654 0.900467 -0.043831
v 0.184755 0.898864 -0.030551
v 0.181879 0.906292 0.024156
v 0.186518 0.905550 -0.045714
v 0.188205 0.903261 -0.044348
v 0.190344 0.918540 0.031736
v 0.181683 0.912787 0.035781
v 0.194017 0.913410 0.024105
v 0.179407 0.915679 0.040744
v 0.178793 0.926166 -0.039517
v 0.186686 0.922072 0.040989
v 0.193559 0.939584 -0.039729
v 0.193083 0.929303 0.042160
v 0.188190 0.933306 0.039423
v 0.178171 0.953861 0.034344
v 0.195232 0.954723 0.033639
v 0.188625 0.960311 0.032674
v 0.175431 0.962990 -0.032855
v 0.181007 0.969366 0.035841
v 0.188584 0.984927 -0.030913
v 0.182754 0.983592 0.021933
v 0.179098 0.974117 0.033508
v 0.185675 0.977115 0.036630
v 0.187013 0.985455 0.033869
v 0.195408 0.970705 0.032817
v 0.176921 0.994352 -0.022386
v 0.178456 0.994053 -0.028000
v 0.183242 1.002654 -0.026909
v 0.184707 1.004072 -0.014609
v 0.194833 0.994055 -0.030656
v 0.183891 0.995247 0.014936
v 0.192298 0.999493 0.018877
v 0.186321 1.012135 -0.023680
v 0.187318 1.010657 -0.027103
v 0.182398 0.997223 -0.008314
v 0.174588 1.003321 0.006962
v 0.174954 1.001636 0.003368
v 0.177931 1.012070 0.007273
v 0.182370 1.008726 -0.000376
v 0.175954 1.002606 0.009875
v 0.180103 1.010338 0.011124
v 0.185704 1.018524 0.010189
v 0.184377 1.019213 0.006350
v 0.189030 0.882742 -0.016653
v 0.196672 0.885916 -0.017107
v 0.196842 0.885828 -0.014310
v 0.191976 0.888393 -0.019350
v 0.193570 0.895185 -0.001254
v 0.203215 0.890796 -0.014155
v 0.202955 0.891399 -0.017420
v 0.191586 0.893993 0.007575
v 0.212350 0.906462 -0.005562
v 0.211025 0.912256 0.001498
v 0.201532 0.904294 0.001937
v 0.205686 0.901146 -0.005162
v 0.201073 0.894761 -0.007731
v 0.193093 0.891709 0.019098
v 0.198614 0.897098 0.020971
v 0.196898 0.908008 -0.031513
v 0.194928 0.907674 -0.044274
v 0.199667 0.912038 -0.043736
v 0.205507 0.916016 -0.029293
v 0.196728 0.904695 -0.024528
v 0.187738 0.892652 -0.022425
v 0.198361 0.894336 -0.020504
v 0.189736 0.903121 -0.036984
v 0.200952 0.897394 0.015919
v 0.206777 0.904419 0.021452
v 0.195206 0.911769 -0.046183
v 0.186469 0.920022 -0.042230
v 0.194132 0.927399 -0.042281
v 0.202207 0.921568 -0.045182
v 0.205401 0.919115 -0.043634
v 0.204189 0.921666 0.024350
v 0.197482 0.926851 0.034281
v 0.213760 0.930987 0.023756
v 0.208269 0.935106 0.027595
v 0.195786 0.953407 -0.042866
v 0.205644 0.955675 -0.038636
v 0.200698 0.934814 0.039429
v 0.198499 0.936659 0.041025
v 0.202908 0.943427 0.041213
v 0.194884 0.940724 0.038867
v 0.205450 0.973151 0.031957
v 0.193759 0.983104 0.035623
v 0.197610 1.006245 -0.029494
v 0.206773 1.007779 -0.031259
v 0.202060 1.016911 0.017954
v 0.190762 1.018691 -0.027247
v 0.189537 1.019282 -0.024125
v 0.191931 1.013766 -0.010020
v 0.194046 1.026593 -0.023748
v 0.195931 1.025697 -0.027032
v 0.197425 1.024184 -0.011299
v 0.211530 1.017894 -0.030384
v 0.190271 1.014880 -0.004567
v 0.193447 1.023817 -0.001810
v 0.199682 1.030120 -0.004651
v 0.204184 1.036293 -0.007465
v 0.200261 1.034609 -0.016097
v 0.188732 1.026479 0.006616
v 0.189854 1.026295 0.010153
v 0.199227 1.022637 0.015268
v 0.209755 0.895478 -0.014489
v 0.209319 0.895904 -0.017519
v 0.215897 0.901209 -0.017262
v 0.216586 0.900560 -0.014412
v 0.208158 0.903235 0.018524
v 0.218774 0.910275 -0.007866
v 0.218928 0.919239 -0.000483
v 0.214208 0.909878 0.018028
v 0.213515 0.911647 0.021461
v 0.209517 0.921458 -0.039218
v 0.208636 0.926929 -0.045289
v 0.210885 0.924900 -0.044118
v 0.215267 0.928270 -0.036025
v 0.215464 0.931222 -0.041815
v 0.207051 0.912675 -0.024170
v 0.216306 0.920230 -0.023154
v 0.219019 0.931387 -0.026443
v 0.220370 0.919867 0.021264
v 0.209762 0.941489 -0.041609
v 0.213613 0.933222 -0.043766
v 0.205908 0.940031 0.037708
v 0.215633 0.943674 0.026454
v 0.223515 0.940611 0.022976
v 0.210958 0.946056 0.034649
v 0.216354 0.952204 0.032277
v 0.212057 0.952441 0.037885
v 0.208499 0.948271 0.039671
v 0.208299 0.953424 0.038386
v 0.213777 0.961729 0.038754
v 0.217919 0.960361 0.039056
v 0.217688 0.974796 -0.037907
v 0.228684 0.984048 -0.037853
v 0.216781 0.976611 0.035981
v 0.218310 0.968001 0.039172
v 0.214465 0.994552 0.031207
v 0.203731 1.012321 0.034553
v 0.219390 1.021872 -0.037829
v 0.214130 1.030802 -0.029219
v 0.221332 1.031177 -0.034115
v 0.206669 1.029554 0.016364
v 0.209936 1.029306 0.020595
v 0.206709 1.019307 0.029172
v 0.211791 1.028068 0.032035
v 0.210189 1.015397 0.035754
v 0.208489 1.018548 0.034213
v 0.224238 1.002521 0.032145
v 0.215398 1.009762 0.033690
v 0.221863 0.907637 -0.013988
v 0.221477 0.908566 -0.017295
v 0.226223 0.913845 -0.012972
v 0.227672 0.926183 -0.004872
v 0.226484 0.914880 -0.017005
v 0.221226 0.917352 0.016684
v 0.224372 0.923036 -0.020381
v 0.232181 0.937942 -0.020351
v 0.227287 0.924512 0.016926
v 0.226705 0.924966 0.019970
v 0.230012 0.930866 0.021031
v 0.217937 0.938879 -0.042714
v 0.219704 0.936635 -0.039484
v 0.225545 0.943502 -0.038839
v 0.235624 0.955184 -0.024869
v 0.228683 0.932249 0.006368
v 0.222543 0.945204 -0.042863
v 0.217434 0.952396 -0.040763
v 0.226999 0.950353 -0.042230
v 0.230201 0.949747 0.023033
v 0.222052 0.952403 0.026032
v 0.222656 0.960338 0.032537
v 0.222324 0.968683 0.039328
v 0.232176 0.966047 0.025297
v 0.227370 0.971941 0.038664
v 0.216353 0.965730 -0.038448
v 0.224057 0.974223 0.040466
v 0.231517 0.983215 0.041849
v 0.224661 0.987320 0.037039
v 0.227941 0.992888 -0.037802
v 0.218642 1.010550 -0.044934
v 0.222684 1.008250 -0.045989
v 0.230465 1.002922 -0.039499
v 0.223850 1.019284 -0.045448
v 0.227337 1.017648 -0.046096
v 0.216898 1.023500 0.035907
v 0.213113 1.026240 0.036409
v 0.231537 0.923236 -0.017352
v 0.232420 0.930443 0.018052
v 0.239119 0.932718 -0.012237
v 0.249030 0.947355 -0.015383
v 0.236994 0.945147 0.001510
v 0.234929 0.939165 0.009376
v 0.235657 0.937953 0.020472
v 0.237094 0.937129 0.018396
v 0.228760 0.949519 -0.040581
v 0.222886 0.959426 -0.040533
v 0.229839 0.956083 -0.042302
v 0.232738 0.954656 -0.038797
v 0.239023 0.944357 0.020362
v 0.240727 0.946444 0.011055
v 0.240867 0.943901 0.018178
v 0.246469 0.984155 -0.042424
v 0.241492 0.993693 -0.039009
v 0.249424 0.991250 -0.040844
v 0.229405 0.964554 -0.041382
v 0.235374 0.959930 -0.043315
v 0.239286 0.967098 -0.044041
v 0.241307 0.965204 -0.040518
v 0.236657 0.959195 -0.041399
v 0.240482 0.957335 0.022632
v 0.233331 0.971988 -0.041498
v 0.234933 0.980295 0.036349
v 0.243747 0.981811 0.024894
v 0.247796 0.979012 -0.043443
v 0.242946 0.973724 -0.043616
v 0.235404 0.998870 -0.037073
v 0.233929 0.994116 0.039136
v 0.237035 0.991290 0.039328
v 0.242187 0.990023 0.030726
v 0.236511 1.011851 -0.038472
v 0.243198 1.008019 -0.037399
v 0.240918 1.021165 -0.037990
v 0.253242 1.014638 -0.038460
v 0.239905 1.003901 0.039265
v 0.232261 1.017830 0.032495
v 0.244841 1.015327 0.039883
v 0.243474 1.002590 0.039175
v 0.250417 1.013711 0.038144
v 0.225301 1.030704 0.034497
v 0.225148 1.019242 0.032295
v 0.236870 1.035614 0.032435
v 0.251205 0.948442 -0.012583
v 0.243181 0.954397 0.001895
v 0.245984 0.950906 0.014763
v 0.245908 0.948824 0.019970
v 0.242747 0.949613 0.021405
v 0.245040 0.970132 -0.030001
v 0.245767 0.969280 -0.022992
v 0.250714 0.954233 0.018698
v 0.248789 0.958350 0.009089
v 0.253690 0.959518 0.018581
v 0.265926 0.970550 -0.009912
v 0.256064 0.975084 0.003903
v 0.252568 0.959917 0.021309
v 0.249497 0.954029 0.020986
v 0.248164 0.961161 0.022603
v 0.246292 0.967799 0.023451
v 0.244748 0.971834 -0.041579
v 0.248839 0.977138 -0.036299
v 0.252521 0.984309 -0.038418
v 0.251207 0.984834 -0.041716
v 0.263918 0.994570 0.022256
v 0.264539 1.004786 0.023744
v 0.250555 0.998814 0.025722
v 0.255978 0.988916 0.023185
v 0.251383 0.973927 0.023179
v 0.249373 0.998748 -0.039493
v 0.253241 0.991121 -0.040303
v 0.255586 0.991512 -0.036323
v 0.258000 1.036098 -0.037103
v 0.255465 1.025340 -0.037357
v 0.246571 1.029423 -0.037100
v 0.250037 1.039407 -0.037515
v 0.241747 1.025547 0.036298
v 0.249423 1.025186 0.040804
v 0.256826 0.965372 0.022286
v 0.257727 0.965177 0.018838
v 0.259936 0.972197 0.022262
v 0.255280 0.968812 0.010189
v 0.268442 0.989918 -0.002572
v 0.263249 0.989612 0.003962
v 0.261196 0.979169 0.021593
v 0.261068 0.971308 0.019958
v 0.262122 0.977429 0.016054
v 0.264586 0.985698 0.014497
v 0.263521 0.985507 0.020849
v 0.255713 0.997077 -0.040115
v 0.259557 0.998915 -0.036574
v 0.259024 1.002356 -0.040372
v 0.268573 0.992267 0.016209
v 0.268338 0.992820 0.020192
v 0.263969 1.009323 -0.038436
v 0.263325 1.003392 -0.023318
v 0.267589 1.015871 -0.036028
v 0.268926 1.012288 -0.021606
v 0.258793 1.021277 0.029955
v 0.263508 1.018271 0.025348
v 0.265680 1.017693 -0.039407
v 0.270705 1.000433 0.010413
v 0.273329 1.000309 0.020245
v 0.284217 1.009077 -0.008305
v 0.271113 1.005282 0.002708
v 0.280750 1.000674 -0.010208
v 0.284415 1.008263 -0.010737
v 0.280567 1.001509 -0.012951
v 0.283539 1.008623 -0.013037
v 0.277485 1.008349 0.020221
v 0.276060 1.010309 0.022836
v 0.269516 1.029148 -0.039075
v 0.272514 1.027475 -0.036404
v 0.273548 1.024457 -0.022075
v 0.276736 1.013235 -0.017549
v 0.275517 1.005466 -0.016393
v 0.269250 1.001585 -0.018666
v 0.279529 1.022786 -0.017779
v 0.282209 1.032902 -0.018230
v 0.277832 1.035059 -0.022434
v 0.283741 1.016988 -0.004158
v 0.275952 1.014670 0.007422
v 0.287937 1.014892 -0.010124
v 0.281420 1.016358 0.021013
v 0.279732 1.017501 0.023170
v 0.267583 1.027601 0.025829
v 0.287084 1.015265 -0.012622
v 0.290045 1.021987 -0.012081
v 0.290729 1.021756 -0.009551
v 0.283058 1.025823 0.001118
v 0.291831 1.029441 -0.011717
v 0.292614 1.029177 -0.008729
v 0.280560 1.024528 0.007524
v 0.284441 1.024453 0.020744
v 0.281676 1.025790 0.023597
v 0.197531 1.035493 -0.024289
v 0.200172 1.034012 -0.027316
v 0.193016 1.034412 0.006167
v 0.195701 1.036131 0.010721
v 0.196085 1.040052 0.006571
v 0.202252 1.043874 -0.023913
v 0.205219 1.044362 -0.015272
v 0.215322 1.037722 0.026702
v 0.216484 1.036015 0.034186
v 0.203969 1.042761 -0.026903
v 0.205521 1.052427 -0.023769
v 0.207007 1.051248 -0.026488
v 0.207938 1.053170 -0.017441
v 0.209689 1.048501 -0.006447
v 0.216859 1.064563 -0.009156
v 0.209492 1.059402 0.001617
v 0.200759 1.050237 0.007595
v 0.204648 1.058430 0.008432
v 0.201485 1.049440 0.010969
v 0.207619 1.042719 0.014572
v 0.210917 1.058939 -0.025864
v 0.209491 1.060003 -0.022610
v 0.206698 1.057152 0.011966
v 0.209987 1.066016 0.011282
v 0.208730 1.066301 0.008289
v 0.219581 1.059408 0.016579
v 0.216212 1.045156 0.018566
v 0.223976 1.041406 -0.031833
v 0.218944 1.034454 0.036071
v 0.217469 1.042722 -0.028445
v 0.220429 1.053100 -0.028304
v 0.228766 1.051988 -0.031477
v 0.219941 1.047974 0.025465
v 0.224332 1.058636 0.021485
v 0.224567 1.051651 0.034434
v 0.228543 1.061466 0.035482
v 0.220369 1.043729 0.034954
v 0.223253 1.042329 0.036830
v 0.213334 1.066257 -0.025397
v 0.212205 1.067059 -0.022933
v 0.217164 1.070276 -0.000958
v 0.214871 1.072895 -0.020772
v 0.215699 1.073114 -0.025260
v 0.221994 1.069559 -0.026909
v 0.219260 1.062648 -0.027100
v 0.218522 1.080218 -0.021926
v 0.219967 1.079696 -0.025126
v 0.227508 1.074867 -0.026999
v 0.222939 1.080115 -0.010770
v 0.225365 1.084343 -0.003068
v 0.212736 1.074840 0.008605
v 0.214016 1.074437 0.011769
v 0.225029 1.070701 0.016896
v 0.220897 1.087873 -0.021723
v 0.222131 1.087058 -0.024770
v 0.237105 1.074251 -0.028137
v 0.224817 1.094715 -0.021271
v 0.226225 1.094350 -0.024417
v 0.223900 1.086954 -0.014896
v 0.223326 1.091877 0.003726
v 0.216347 1.084278 0.009821
v 0.220151 1.092531 0.009030
v 0.218615 1.083490 0.012782
v 0.221236 1.092382 0.012077
v 0.229798 1.090320 0.015868
v 0.230034 1.082110 0.017365
v 0.224045 1.101091 0.009077
v 0.224984 1.100251 0.012056
v 0.244023 1.033949 0.035769
v 0.242319 1.046628 0.032471
v 0.227941 1.050467 0.036471
v 0.231646 1.062603 -0.028971
v 0.231637 1.060020 0.037640
v 0.248974 1.056837 0.033200
v 0.247270 1.064839 0.034057
v 0.235828 1.069481 0.037383
v 0.228976 1.068870 0.021536
v 0.233503 1.078869 0.022160
v 0.233360 1.071564 0.035420
v 0.238816 1.076895 0.038479
v 0.238626 1.081995 0.038333
v 0.226145 1.099130 0.004228
v 0.232657 1.103244 -0.001149
v 0.242981 1.088997 0.037595
v 0.234700 1.096031 0.017332
v 0.227629 1.101185 -0.020832
v 0.228973 1.102292 -0.023895
v 0.238654 1.098950 -0.025816
v 0.237973 1.085806 -0.027238
v 0.228566 1.092778 -0.010328
v 0.234079 1.105626 -0.011385
v 0.235908 1.113237 0.000655
v 0.240936 1.115912 -0.005383
v 0.229904 1.106428 0.012621
v 0.227862 1.107040 0.009068
v 0.242737 1.098348 0.028587
v 0.243417 1.106157 0.020042
v 0.234863 1.115548 -0.020309
v 0.236916 1.114838 -0.023527
v 0.233948 1.109344 -0.024411
v 0.231179 1.109279 -0.022717
v 0.246277 1.107925 -0.025902
v 0.235586 1.120844 0.004234
v 0.230031 1.114220 0.009068
v 0.232397 1.121316 0.009251
v 0.231211 1.113763 0.012265
v 0.233276 1.120579 0.012519
v 0.240590 1.119268 0.016367
v 0.246153 1.113131 0.019860
v 0.236949 1.122813 -0.021038
v 0.238803 1.122184 -0.023566
v 0.240231 1.125389 -0.014932
v 0.235936 1.128223 0.009071
v 0.242840 1.126899 -0.000403
v 0.236375 1.127753 0.012474
v 0.238385 1.135085 0.012654
v 0.238072 1.135752 0.009741
v 0.253199 1.031105 0.041604
v 0.254634 1.049372 -0.037330
v 0.256150 1.047328 0.039011
v 0.253373 1.040810 0.039235
v 0.243329 1.063163 -0.043784
v 0.246852 1.061550 -0.044417
v 0.258000 1.061185 -0.037578
v 0.247348 1.070328 -0.045543
v 0.250825 1.069233 -0.045009
v 0.255958 1.072218 0.034511
v 0.265719 1.055566 0.042076
v 0.249734 1.078407 -0.043491
v 0.243662 1.075082 -0.037324
v 0.253166 1.077290 -0.043763
v 0.255294 1.088450 0.035399
v 0.250840 1.079102 0.035252
v 0.264468 1.092821 0.035423
v 0.245515 1.073425 0.035859
v 0.244274 1.085522 -0.031077
v 0.247243 1.095355 0.038485
v 0.253272 1.117451 -0.025015
v 0.256654 1.111079 -0.031672
v 0.251693 1.103771 -0.029069
v 0.253989 1.095542 0.036949
v 0.250366 1.121618 0.021040
v 0.245184 1.125811 0.017249
v 0.247562 1.108041 0.035291
v 0.251119 1.117259 0.035318
v 0.250738 1.105964 0.038787
v 0.240043 1.129819 -0.020710
v 0.241859 1.129402 -0.022738
v 0.254985 1.129859 -0.023405
v 0.243808 1.136308 -0.018093
v 0.245504 1.136467 -0.021361
v 0.246469 1.131101 -0.006423
v 0.246390 1.139009 0.001701
v 0.253483 1.147514 -0.004367
v 0.250794 1.132962 0.018829
v 0.254821 1.128818 0.026513
v 0.248550 1.144298 -0.020196
v 0.259028 1.139741 -0.022484
v 0.252531 1.151808 -0.018825
v 0.260643 1.148847 -0.021176
v 0.248075 1.144073 -0.014982
v 0.246807 1.150323 0.007852
v 0.242362 1.142386 0.008895
v 0.242167 1.141843 0.012191
v 0.245504 1.148805 0.012316
v 0.252596 1.142243 0.018327
v 0.249898 1.156260 0.013481
v 0.251208 1.159506 0.010488
v 0.253040 1.160691 0.013789
v 0.257405 1.148767 0.019582
v 0.274074 1.037910 -0.038708
v 0.260776 1.046298 -0.036255
v 0.258772 1.040036 0.042757
v 0.256198 1.028351 0.040161
v 0.263362 1.030685 0.030114
v 0.261106 1.037812 0.041619
v 0.252166 1.022973 0.040585
v 0.270274 1.059212 -0.036037
v 0.261527 1.047572 0.041093
v 0.266458 1.043119 0.035438
v 0.268394 1.065431 0.041960
v 0.263881 1.073421 -0.036368
v 0.256204 1.085936 -0.044357
v 0.267879 1.084336 -0.036034
v 0.252799 1.086901 -0.043894
v 0.248071 1.095104 -0.030258
v 0.255393 1.095237 -0.041032
v 0.262232 1.093526 -0.040772
v 0.259087 1.101772 -0.040769
v 0.261938 1.100966 -0.041704
v 0.265459 1.108237 -0.042245
v 0.262240 1.110220 -0.042110
v 0.275728 1.096512 -0.032714
v 0.259380 1.101887 0.036624
v 0.260389 1.118589 -0.032759
v 0.266652 1.118653 -0.040826
v 0.269190 1.116267 -0.041059
v 0.253396 1.116247 0.039414
v 0.264926 1.128439 -0.033596
v 0.266617 1.139005 -0.028059
v 0.258657 1.138584 0.029409
v 0.261592 1.147380 0.026358
v 0.257599 1.128736 0.037983
v 0.262023 1.113601 0.037284
v 0.264851 1.125971 0.037675
v 0.262737 1.138326 0.039205
v 0.275726 1.137046 0.036400
v 0.251203 1.151622 -0.016608
v 0.254191 1.157762 -0.015105
v 0.265117 1.155291 0.027965
v 0.263068 1.156306 0.021817
v 0.264862 1.147146 0.036271
v 0.267285 1.156440 0.036504
v 0.256043 1.157418 -0.018588
v 0.268894 1.150303 -0.022804
v 0.259439 1.164327 -0.018290
v 0.257434 1.165702 -0.013662
v 0.256576 1.157847 0.001085
v 0.259884 1.162228 -0.002350
v 0.263676 1.174549 -0.010414
v 0.266688 1.171189 -0.017002
v 0.255019 1.170643 0.011016
v 0.260950 1.178311 0.009221
v 0.265348 1.171674 -0.001481
v 0.257063 1.156111 0.017667
v 0.255995 1.168815 0.016496
v 0.262725 1.177639 0.014572
v 0.262160 1.167065 0.018447
v 0.267292 1.171374 0.018142
v 0.277503 1.038601 -0.036159
v 0.276725 1.046489 -0.038304
v 0.280967 1.049965 -0.037106
v 0.274014 1.035350 0.025758
v 0.269697 1.049496 -0.036951
v 0.282783 1.054793 0.026427
v 0.275126 1.062088 0.035408
v 0.269851 1.053068 0.037974
v 0.282645 1.042767 0.024793
v 0.272758 1.072658 -0.035077
v 0.284884 1.063968 -0.037787
v 0.287340 1.072779 -0.036927
v 0.275253 1.085364 -0.033805
v 0.270217 1.079596 0.041407
v 0.273275 1.073009 0.043956
v 0.276153 1.071385 0.041518
v 0.274900 1.089721 0.041640
v 0.277068 1.080619 0.043630
v 0.278667 1.109725 -0.033034
v 0.278371 1.099152 0.042259
v 0.270492 1.108811 0.035925
v 0.279310 1.121660 -0.034510
v 0.274311 1.121481 0.035862
v 0.271382 1.127130 -0.041468
v 0.273744 1.135295 -0.038609
v 0.281714 1.132274 -0.034292
v 0.281669 1.132879 0.037834
v 0.273785 1.144355 -0.037318
v 0.276604 1.151032 -0.037214
v 0.276378 1.141941 -0.038591
v 0.290713 1.139410 -0.028768
v 0.279392 1.149639 -0.039000
v 0.269147 1.146816 0.037944
v 0.283834 1.150296 0.035151
v 0.280422 1.159175 -0.033590
v 0.282067 1.155935 -0.037238
v 0.278432 1.168275 -0.019813
v 0.273719 1.159031 -0.022831
v 0.266562 1.162387 0.020840
v 0.268776 1.162174 0.028435
v 0.270868 1.161367 0.035695
v 0.272686 1.156993 0.037457
v 0.289519 1.163525 0.032803
v 0.270498 1.168040 0.020314
v 0.275693 1.174326 0.019773
v 0.272518 1.176493 0.017422
v 0.271101 1.167222 0.023771
v 0.274312 1.171637 0.030687
v 0.273782 1.171334 0.024790
v 0.275508 1.169970 0.034258
v 0.278677 1.177785 0.028602
v 0.278387 1.167126 0.035139
v 0.286591 1.183884 -0.009712
v 0.281799 1.176317 -0.014445
v 0.273763 1.183820 -0.005491
v 0.281748 1.190401 -0.003244
v 0.290858 1.189647 -0.005329
v 0.287740 1.192762 -0.002222
v 0.272372 1.178455 0.000073
v 0.268879 1.181490 0.006087
v 0.277608 1.183508 0.002015
v 0.277884 1.184301 -0.000612
v 0.276044 1.185892 0.005238
v 0.271934 1.186830 0.013314
v 0.270380 1.187194 0.010718
v 0.276597 1.182239 0.016251
v 0.286528 1.042238 -0.017370
v 0.294863 1.036856 -0.011146
v 0.286493 1.033412 0.001417
v 0.284492 1.032563 0.009935
v 0.291718 1.052155 0.005274
v 0.289860 1.042610 0.002364
v 0.299455 1.043972 -0.007911
v 0.302081 1.050235 -0.007597
v 0.287739 1.040482 0.009003
v 0.287595 1.032050 0.021249
v 0.286046 1.032061 0.023242
v 0.283588 1.048550 -0.023082
v 0.289481 1.059011 -0.018657
v 0.293002 1.047977 -0.014540
v 0.292162 1.046353 0.016003
v 0.290572 1.039302 0.020690
v 0.291135 1.043960 0.022256
v 0.296753 1.052433 0.020798
v 0.295155 1.052267 0.023923
v 0.287103 1.061568 -0.035845
v 0.290761 1.067666 -0.022720
v 0.289802 1.071171 -0.034749
v 0.302082 1.051839 -0.010599
v 0.304875 1.059134 -0.010668
v 0.304947 1.056312 -0.007038
v 0.294163 1.054946 0.011052
v 0.290942 1.082350 -0.037043
v 0.294603 1.080947 -0.032102
v 0.295325 1.072104 -0.017949
v 0.282209 1.068416 0.028814
v 0.280071 1.077357 0.039148
v 0.287675 1.062199 0.026499
v 0.293439 1.090636 -0.035968
v 0.300122 1.069850 0.025853
v 0.297834 1.060673 0.024628
v 0.281362 1.087115 0.043259
v 0.286836 1.084344 0.032725
v 0.291349 1.094178 0.032534
v 0.284258 1.096600 0.044631
v 0.285862 1.100055 -0.033622
v 0.296885 1.097433 -0.035729
v 0.286000 1.109768 -0.032153
v 0.283600 1.105666 0.044293
v 0.284097 1.113351 0.043316
v 0.296136 1.104898 0.031497
v 0.287443 1.104610 0.044451
v 0.290513 1.130140 -0.029852
v 0.286920 1.120096 -0.030698
v 0.289529 1.112581 0.045575
v 0.293110 1.112669 0.041966
v 0.291050 1.121971 0.044741
v 0.284732 1.122551 0.041706
v 0.285567 1.147250 -0.032932
v 0.287712 1.154079 -0.031343
v 0.295795 1.158601 -0.025831
v 0.288324 1.142173 0.039387
v 0.286970 1.166102 -0.030539
v 0.283462 1.167814 -0.028974
v 0.286602 1.170339 0.031569
v 0.297541 1.150155 0.042474
v 0.296769 1.140799 0.043501
v 0.299991 1.159655 0.040863
v 0.286916 1.177254 -0.024895
v 0.290211 1.176128 -0.026509
v 0.280704 1.176949 0.031476
v 0.282190 1.186781 0.002197
v 0.279686 1.190865 0.007924
v 0.281446 1.182079 0.017222
v 0.283489 1.189041 0.013299
v 0.283639 1.184687 0.024667
v 0.287951 1.189513 0.021070
v 0.286924 1.185826 0.026304
v 0.293770 1.181649 0.024772
v 0.288234 1.192001 0.001378
v 0.286272 1.193690 0.007688
v 0.293528 1.192802 0.011414
v 0.289220 1.193673 0.009597
v 0.295484 1.036310 -0.008335
v 0.299087 1.044447 -0.010620
v 0.296754 1.061659 0.004581
v 0.297098 1.062325 0.010547
v 0.307434 1.061462 -0.006718
v 0.303159 1.071966 0.003526
v 0.301727 1.070103 0.014676
v 0.308071 1.062871 -0.008454
v 0.310190 1.071514 -0.007367
v 0.304596 1.078757 0.011288
v 0.299645 1.060196 0.021978
v 0.303723 1.068815 0.023057
v 0.301982 1.085193 -0.016413
v 0.307224 1.071705 -0.011152
v 0.315249 1.092677 -0.000453
v 0.310155 1.097416 0.009505
v 0.307336 1.087111 0.008050
v 0.312178 1.081143 -0.002643
v 0.307504 1.080164 0.022181
v 0.305022 1.081278 0.025790
v 0.296337 1.089712 -0.034486
v 0.299618 1.096313 -0.033491
v 0.299697 1.090541 -0.022087
v 0.308975 1.091418 0.026660
v 0.300490 1.106904 -0.035564
v 0.303404 1.105474 -0.032287
v 0.305089 1.105057 -0.019084
v 0.307109 1.096379 -0.015018
v 0.302923 1.115818 -0.033850
v 0.305388 1.114644 -0.031860
v 0.301560 1.117227 0.030846
v 0.295457 1.120837 0.041628
v 0.314063 1.099814 0.026361
v 0.314842 1.107939 0.027296
v 0.304967 1.127538 0.030798
v 0.298630 1.129818 0.041276
v 0.307541 1.137006 0.030678
v 0.300892 1.139553 0.041267
v 0.293076 1.131610 0.044266
v 0.300611 1.143999 -0.029132
v 0.310468 1.142128 -0.030276
v 0.308439 1.132716 -0.031194
v 0.305194 1.124378 -0.033395
v 0.303306 1.156013 -0.026867
v 0.306113 1.167238 -0.023473
v 0.313576 1.164754 -0.025998
v 0.312017 1.153121 -0.028033
v 0.302357 1.149160 0.041111
v 0.303493 1.158860 0.040361
v 0.304860 1.167257 0.038643
v 0.302084 1.168173 0.039355
v 0.294547 1.171334 -0.024394
v 0.294780 1.181896 -0.021122
v 0.291130 1.183112 -0.022126
v 0.299028 1.167891 -0.020740
v 0.303347 1.174200 -0.018096
v 0.300086 1.175498 -0.016981
v 0.298671 1.172398 0.035309
v 0.295305 1.179129 0.026107
v 0.301491 1.181959 0.030287
v 0.303941 1.174924 0.036618
v 0.294000 1.189963 -0.011806
v 0.298320 1.188997 -0.012350
v 0.301842 1.182031 -0.012610
v 0.296266 1.191841 -0.003808
v 0.305442 1.190530 -0.007026
v 0.299242 1.186839 0.022483
v 0.304818 1.182384 0.030571
v 0.292032 1.193688 -0.001583
v 0.292783 1.194325 0.002690
v 0.298591 1.192892 0.004309
v 0.302264 1.192182 0.010494
v 0.299994 1.191087 0.015561
v 0.313390 1.080009 -0.009001
v 0.316433 1.104142 0.003222
v 0.313882 1.110299 0.009806
v 0.317933 1.093583 -0.008780
v 0.323273 1.101382 -0.005535
v 0.311426 1.089397 0.022603
v 0.314258 1.096968 0.022883
v 0.315469 1.102435 0.021730
v 0.311034 1.107725 -0.014077
v 0.317680 1.108092 0.024601
v 0.320313 1.116189 0.024096
v 0.308806 1.121715 -0.027782
v 0.312290 1.122820 -0.014758
v 0.320870 1.109581 0.000338
v 0.319620 1.116402 0.003977
v 0.320912 1.125748 0.006170
v 0.319290 1.125350 0.013087
v 0.318679 1.116847 0.026911
v 0.321488 1.125442 0.023893
v 0.313598 1.141622 -0.026070
v 0.311364 1.131481 -0.026422
v 0.315604 1.137376 -0.014176
v 0.322695 1.136014 -0.008577
v 0.321500 1.127535 -0.009124
v 0.319195 1.125922 0.026657
v 0.321777 1.134511 0.026215
v 0.315104 1.151344 -0.025051
v 0.316784 1.160840 -0.021221
v 0.317965 1.149925 -0.012987
v 0.308877 1.146021 0.030275
v 0.322794 1.143978 0.025937
v 0.321147 1.152876 0.026848
v 0.309071 1.155774 0.030657
v 0.320752 1.162874 0.025847
v 0.309845 1.167504 0.027502
v 0.315415 1.171184 -0.020384
v 0.312549 1.179040 -0.018448
v 0.317858 1.168192 -0.008350
v 0.325777 1.177841 -0.001526
v 0.329990 1.168391 -0.001789
v 0.315060 1.178282 -0.006536
v 0.311578 1.175952 0.022740
v 0.308085 1.179216 0.027120
v 0.306486 1.173948 0.034909
v 0.324228 1.168839 0.018521
v 0.325655 1.162695 0.021500
v 0.306523 1.178833 -0.016945
v 0.310971 1.187234 -0.003187
v 0.320272 1.187327 0.001109
v 0.318655 1.182875 -0.002371
v 0.314703 1.187135 -0.001021
v 0.315874 1.189971 0.001492
v 0.309173 1.192594 0.002812
v 0.311572 1.189461 0.000046
v 0.314884 1.190465 0.003810
v 0.309175 1.192394 0.011270
v 0.313582 1.189512 0.011766
v 0.305090 1.190718 0.015949
v 0.309030 1.187041 0.016663
v 0.315960 1.183341 0.008871
v 0.319013 1.186186 0.004246
v 0.320707 1.177527 0.014428
v 0.319768 1.175327 0.009669
v 0.304968 1.189896 0.023822
v 0.307311 1.186142 0.021434
v 0.323318 1.107701 -0.008230
v 0.324298 1.108297 -0.004418
v 0.325101 1.117127 -0.006886
v 0.327186 1.125504 -0.005595
v 0.327378 1.134146 -0.000483
v 0.321417 1.135593 0.009579
v 0.327303 1.125124 -0.002873
v 0.325671 1.116667 -0.004149
v 0.328004 1.134781 -0.003997
v 0.323611 1.134179 0.022955
v 0.323624 1.145060 -0.008484
v 0.329965 1.142616 -0.003976
v 0.328632 1.141097 -0.000220
v 0.330634 1.149092 -0.001846
v 0.323388 1.146803 0.008955
v 0.324543 1.145592 0.020278
v 0.325979 1.153044 0.023786
v 0.327377 1.159152 -0.005601
v 0.325641 1.157273 0.006544
v 0.330419 1.157051 -0.000400
v 0.328809 1.150698 -0.004926
v 0.330479 1.164312 -0.000349
v 0.322329 1.163494 0.010903
v 0.323684 1.183627 -0.000211
v 0.327939 1.163602 0.003586
v 0.326548 1.169615 0.004273
v 0.325893 1.178080 0.001758
v 0.320618 1.180208 0.006096
v 0.324103 1.183250 0.001292
v 0.064280 1.283095 -0.073227
v -0.079616 1.173316 0.176785
v 0.043625 0.753330 0.013442
v -0.058360 0.222413 0.031443
v 0.010879 1.531564 -0.045546
v -0.161020 1.272699 -0.338619
v -0.158728 1.294285 -0.332489
v -0.016573 1.159077 -0.079988
v -0.139158 1.242082 -0.353011
v 0.036351 1.287443 -0.088829
v 0.050646 0.015050 -0.038209
v 0.051604 0.115589 0.025214
v -0.052169 0.221166 0.017258
v 0.061983 0.203334 0.022337
v 0.057821 0.210544 0.016361
v 0.054902 0.218153 0.010404
v 0.057566 0.232154 0.012612
v -0.012154 0.727037 0.043035
v 0.046701 0.619983 0.048825
v 0.047584 0.620630 0.044284
v -0.042897 0.831717 -0.028914
v -0.004922 0.929089 0.034945
v 0.013538 0.947417 0.158139
v 0.008183 0.984468 0.171039
v 0.042282 1.135078 0.010001
v -0.031077 1.285276 0.269247
v -0.031384 1.278421 0.268796
v -0.138689 1.327250 -0.373775
v 0.005032 1.269568 0.235340
v 0.001960 1.275754 0.238211
v -0.005039 1.303528 0.247859
v -0.028881 1.257863 0.263735
v -0.021314 1.239464 0.255399
v -0.006860 1.306981 0.262797
v -0.001343 1.217271 0.252244
v -0.003585 1.207319 0.252424
v -0.021973 1.218407 0.252896
v -0.002409 1.227086 0.234348
v -0.001698 1.235305 0.235678
v -0.003060 1.235159 0.244076
v -0.001872 1.229087 0.255292
v -0.002028 1.244609 0.237399
v -0.003403 1.244263 0.244438
v -0.003028 1.263101 0.240488
v -0.002530 1.256673 0.239380
v -0.004158 1.255260 0.248008
v -0.003172 1.280593 0.242633
v -0.004834 1.288689 0.244112
v -0.004171 1.295615 0.244817
v -0.021223 1.264852 0.259056
v -0.021922 1.275961 0.260269
v -0.022231 1.289396 0.261668
v -0.011294 1.308431 0.264658
v -0.024987 1.304400 0.264240
v -0.024020 1.300008 0.263347
v -0.009814 1.298699 0.264016
v -0.006042 1.298912 0.262161
v -0.008049 1.291601 0.264171
v -0.004508 1.290655 0.263221
v -0.008373 1.277086 0.261452
v -0.005482 1.277157 0.259651
v -0.009294 1.266103 0.260302
v -0.004235 1.265769 0.259439
v -0.006795 1.244843 0.257356
v -0.004308 1.244132 0.256753
v -0.005361 1.229739 0.256768
v -0.019297 1.145412 -0.069833
v -0.011079 1.160460 -0.087637
v -0.000612 1.144824 -0.083824
v -0.013985 1.148437 -0.088491
v -0.003467 1.514836 -0.026592
v -0.003702 1.518538 -0.030447
v 0.012673 1.536705 -0.042559
v -0.000670 1.522836 -0.028448
v -0.002202 1.523242 -0.030862
v 0.003665 1.530376 -0.031492
v 0.003169 1.529556 -0.036470
v 0.006745 1.526444 -0.045481
v 0.001221 1.511838 -0.043308
v 0.000276 1.520765 -0.038439
v 0.006608 1.510487 -0.024196
v 0.013025 1.510585 -0.022529
v 0.011397 1.508326 -0.024842
v 0.016973 1.523023 -0.023222
v 0.019063 1.531432 -0.030252
v 0.015009 1.519622 -0.028511
v 0.004617 1.522361 -0.027468
v 0.014470 1.531748 -0.032371
v 0.017749 1.530678 -0.032645
v 0.011500 1.539093 -0.037238
v 0.022965 1.539798 -0.033799
v 0.021182 1.537299 -0.038194
v 0.021718 1.540289 -0.041346
v -0.001521 1.328958 -0.089597
v 0.000131 1.338702 -0.089758
v 0.028959 1.317291 -0.095733
v 0.032894 1.318362 -0.094711
v 0.013634 1.346090 -0.087141
v 0.012302 1.325644 -0.086645
v 0.031335 1.340367 -0.095700
v 0.014004 1.361593 -0.087777
v 0.044801 1.378985 -0.081891
v 0.044960 1.399964 -0.082934
v 0.050946 1.369584 -0.078593
v 0.030725 1.379556 -0.096988
v 0.031835 1.406246 -0.098117
v 0.035897 1.382991 -0.097636
v 0.030952 1.359879 -0.097188
v 0.043811 1.356865 -0.079146
v 0.034189 1.342152 -0.094392
v 0.065333 1.350615 -0.075324
v 0.041929 1.322818 -0.079421
v 0.044718 1.334755 -0.078300
v 0.043024 1.344601 -0.078820
v 0.035802 1.361075 -0.095975
v 0.252516 0.979790 -0.022287
v 0.273851 0.990035 -0.009264
v 0.260285 0.993586 -0.021481
v 0.263934 0.967084 -0.014988
v 0.254506 0.986739 -0.022514
v 0.273315 0.988781 -0.012401
v 0.261458 0.983078 -0.018170
v 0.025331 0.945575 0.072389
v 0.006302 0.974062 0.089165
v 0.023816 0.959377 0.088866
v 0.013591 0.939262 0.058177
v 0.010358 0.954565 0.074107
v 0.007007 0.959077 0.068541
v 0.004827 0.959338 0.056773
v 0.007859 0.952033 0.061463
v -0.011824 0.809894 0.022023
v -0.013473 0.834009 0.020771
v -0.020773 0.245457 -0.027602
v -0.008824 0.227031 -0.040420
v -0.021460 0.224895 -0.028992
v -0.004122 0.198380 -0.045293
v -0.023661 0.190126 -0.026817
v -0.007393 0.166512 -0.045803
v -0.025519 0.164197 -0.029276
v -0.008727 0.123546 -0.051301
v -0.025540 0.129486 -0.037076
v -0.005713 0.091689 -0.057061
v -0.023832 0.080301 -0.040210
v -0.051223 0.109373 -0.031645
v -0.049633 0.140083 -0.027065
v -0.026063 0.100151 -0.039664
v -0.047128 0.219704 0.000688
v -0.045528 0.363167 -0.030901
v -0.048733 0.351738 -0.026763
v -0.043406 0.348864 -0.030300
v -0.021880 0.343755 -0.032308
v -0.010230 0.351473 -0.041698
v -0.010690 0.386285 -0.037790
v 0.020843 0.349366 -0.041403
v 0.002563 0.355624 -0.055014
v -0.042059 0.318277 -0.027797
v -0.046475 0.311550 -0.013142
v -0.048390 0.316229 -0.022694
v -0.045401 0.265785 -0.007734
v -0.041532 0.265953 -0.024582
v -0.047559 0.266606 -0.022500
v -0.046945 0.225513 -0.022963
v -0.050414 0.225974 -0.020029
v -0.045800 0.183166 -0.022293
v -0.050213 0.182073 -0.018072
v -0.049423 0.173836 0.005845
v -0.053477 0.137193 -0.020271
v -0.054148 0.106883 -0.023297
v -0.052085 0.087599 -0.002533
v -0.053043 0.136090 -0.000893
v -0.061565 0.143559 0.026289
v -0.062871 0.102130 0.023209
v -0.014088 0.448571 0.062306
v -0.021602 0.469324 0.038736
v -0.040550 0.452326 0.032342
v -0.022369 0.449370 0.041102
v -0.128921 1.117875 -0.323096
v -0.134353 1.104712 -0.300276
v -0.157323 1.167982 -0.314685
v -0.139607 1.161580 -0.319627
v -0.154097 1.159253 -0.313299
v -0.134281 1.150180 -0.325023
v -0.150137 1.147893 -0.311040
v -0.138868 1.146166 -0.315196
v -0.150015 1.127851 -0.305367
v -0.136088 1.123063 -0.307987
v 0.041757 1.308223 -0.079295
v 0.038250 1.297973 -0.085838
v 0.041074 1.277557 -0.079235
v 0.041560 1.295436 -0.078701
v 0.053498 1.302901 -0.076681
v -0.073594 1.303245 -0.311151
v -0.072606 1.301396 -0.336782
v -0.077421 1.299322 -0.322719
v -0.079578 1.323434 -0.325348
v -0.077042 1.316343 -0.320111
v -0.076272 1.314862 -0.332985
v -0.079111 1.313191 -0.325279
v 0.047175 0.743648 -0.043987
v 0.028730 0.766127 -0.046123
v 0.015465 0.732298 -0.060105
v 0.018522 0.750485 -0.059320
v 0.027206 0.746752 -0.047079
v -0.035890 0.732890 0.021718
v -0.029366 0.720385 0.024810
v -0.022228 0.703457 0.027111
v -0.021255 0.733374 0.027189
v -0.022008 0.716131 0.026376
v -0.016707 0.714312 0.037320
v -0.022478 0.745498 0.026373
v -0.006427 0.754323 0.043761
v -0.035327 0.753747 0.022507
v -0.030891 0.766231 0.024784
v -0.019328 0.777625 0.025420
v -0.011756 0.771004 0.032716
v -0.020089 0.763269 0.025826
v 0.043281 0.742353 0.014700
v 0.044174 0.732382 0.014733
v 0.049389 0.767243 -0.041650
v 0.049251 0.762218 -0.019784
v 0.048519 0.701697 -0.031191
v 0.054855 0.615720 -0.017869
v 0.047938 0.205606 0.002086
v 0.050391 0.226873 0.002537
v 0.049548 0.215513 -0.013217
v 0.051896 0.230061 -0.019631
v 0.050945 0.223289 -0.006369
v 0.045792 0.111675 -0.015873
v 0.053282 0.100999 0.002546
v 0.046665 0.103945 -0.007504
v 0.046902 0.090307 -0.020668
v 0.048472 0.071627 -0.008732
v 0.046529 0.089228 -0.008583
v 0.060859 0.096500 0.011638
v 0.051020 0.021004 -0.025634
v 0.050629 0.032028 -0.011998
v 0.050908 0.011820 -0.013758
v 0.050244 0.008309 -0.033563
v 0.046795 0.039501 0.029244
v 0.059700 0.095212 0.018013
v 0.042408 0.107139 0.034655
v 0.042776 0.097172 0.034186
v 0.044820 0.253381 0.040460
v 0.041100 0.292279 0.064460
v 0.035637 0.248634 0.068663
v 0.037867 0.212519 0.064585
v 0.046981 0.282572 0.038186
v 0.040018 0.251444 0.064382
v 0.048171 0.481542 0.041727
v 0.048257 0.508630 0.027592
v 0.047077 0.502868 0.049217
v 0.048279 0.483374 0.028207
v 0.048013 0.499213 0.038464
v 0.048970 0.558191 0.024607
v 0.045506 0.576725 0.048485
v 0.047068 0.596343 0.047176
v 0.047320 0.580833 0.039638
v 0.048870 0.573006 0.026726
v 0.049877 0.585790 0.023582
v 0.045656 0.564156 0.049208
v 0.047260 0.574247 0.038972
v 0.069510 0.635152 0.005014
v 0.046050 0.648954 0.019519
v 0.057260 0.635336 0.014115
v 0.049228 0.620526 0.021667
v 0.046846 0.604446 0.044245
v 0.048236 0.615704 0.036528
v 0.048633 0.595104 0.033280
v 0.050801 0.599505 0.022181
v 0.041726 0.711638 0.035348
v 0.044840 0.696406 0.016935
v 0.045398 0.715670 0.014829
v 0.041529 0.722443 0.038162
v 0.042340 0.727655 0.027759
v 0.043606 0.709887 0.026454
v -0.125859 0.954830 -0.204440
v -0.128680 0.961865 -0.210021
v -0.127203 1.001827 -0.213041
v -0.124355 0.975310 -0.167751
v -0.125956 0.974920 -0.174040
v -0.108689 0.988489 -0.168639
v -0.127127 1.002923 -0.184351
v -0.109977 1.009947 -0.176780
v -0.105737 1.009736 -0.164085
v -0.105448 0.999319 -0.165316
v -0.109496 0.997162 -0.174521
v -0.129572 0.988187 -0.177007
v -0.132391 0.987616 -0.180326
v -0.118531 0.965175 -0.183260
v -0.120625 0.975803 -0.194933
v -0.130332 0.969802 -0.214147
v -0.123962 0.985688 -0.201530
v -0.120058 0.955172 -0.194019
v -0.123453 0.966068 -0.201007
v -0.134097 0.999658 -0.187392
v -0.144954 1.092532 -0.270393
v -0.152975 1.170104 -0.304479
v -0.156464 1.184848 -0.313006
v -0.156804 1.199235 -0.288504
v -0.152677 1.203913 -0.301677
v -0.157017 1.176731 -0.313374
v -0.149595 1.182554 -0.297282
v -0.160042 1.258478 -0.300724
v -0.153683 1.246452 -0.313756
v -0.153998 1.267598 -0.317186
v -0.159056 1.284062 -0.308187
v -0.157206 1.273634 -0.328614
v -0.156693 1.283969 -0.327129
v -0.154711 1.284552 -0.321850
v -0.139621 1.360633 -0.364992
v -0.140404 1.369920 -0.354356
v -0.146051 1.327525 -0.355658
v -0.139206 1.313617 -0.371427
v -0.153103 1.320765 -0.352590
v -0.145244 1.312611 -0.354804
v -0.151763 1.303599 -0.351192
v -0.138064 1.293921 -0.371460
v -0.145960 1.301553 -0.353492
v -0.144867 1.290084 -0.352966
v -0.149199 1.292499 -0.350400
v 0.015057 1.419253 -0.089223
v -0.000605 1.426714 -0.092946
v -0.002931 1.416529 -0.093737
v 0.016365 1.429958 -0.089322
v 0.017718 1.440083 -0.089316
v 0.009336 1.449657 -0.090006
v -0.002013 1.437033 -0.093890
v 0.008775 1.441997 -0.090227
v -0.007002 1.393556 -0.092626
v 0.013491 1.380650 -0.088691
v 0.003912 1.390056 -0.091183
v -0.003665 1.406271 -0.093591
v 0.013914 1.407206 -0.089375
v 0.004207 1.402526 -0.091524
s 1
f 2 3 1
f 6 2 5
f 7 2 8
f 6 9 2
f 11 12 10
f 12 1 4
f 13 14 11
f 16 17 15
f 20 21 19
f 15 22 11
f 18 19 15
f 23 17 10
f 25 26 24
f 29 30 28
f 32 33 29
f 35 30 34
f 37 38 39
f 35 40 36
f 34 41 35
f 43 44 42
f 37 43 38
f 41 44 43
f 42 45 46
f 46 48 42
f 46 47 49
f 49 50 51
f 51 52 53
f 55 56 54
f 57 52 56
f 58 57 56
f 60 57 59
f 55 61 58
f 54 61 55
f 64 65 63
f 68 69 67
f 70 65 69
f 69 71 70
f 74 59 73
f 66 77 76
f 77 66 79
f 81 82 80
f 81 74 82
f 66 76 63
f 86 67 85
f 84 85 63
f 76 78 87
f 77 89 78
f 92 80 91
f 92 91 93
f 84 87 95
f 85 84 96
f 90 97 78
f 99 100 98
f 93 94 98
f 103 104 102
f 28 105 29
f 107 108 102
f 36 31 35
f 36 40 37
f 111 112 110
f 114 115 113
f 114 68 115
f 118 119 117
f 119 115 120
f 73 75 121
f 124 125 123
f 67 86 125
f 62 122 75
f 121 122 127
f 130 131 129
f 128 122 132
f 125 120 67
f 86 133 126
f 94 91 127
f 128 129 127
f 135 136 134
f 86 85 136
f 86 137 133
f 139 99 131
f 106 105 140
f 141 32 140
f 29 106 32
f 143 144 142
f 147 148 146
f 151 146 149
f 153 110 152
f 47 112 50
f 154 155 112
f 157 158 156
f 104 159 160
f 20 159 103
f 156 19 157
f 17 23 161
f 158 162 160
f 165 27 164
f 166 167 164
f 168 161 167
f 171 166 170
f 172 170 26
f 161 173 18
f 161 174 163
f 161 163 173
f 175 174 168
f 167 166 168
f 178 179 177
f 141 174 180
f 180 181 182
f 183 184 182
f 183 181 175
f 168 176 175
f 186 184 175
f 32 141 177
f 177 180 187
f 182 185 187
f 188 142 187
f 185 184 189
f 146 190 147
f 33 147 34
f 144 148 179
f 144 143 148
f 143 191 149
f 188 189 142
f 32 179 33
f 111 150 193
f 195 196 155
f 61 197 62
f 134 96 198
f 199 200 198
f 198 97 199
f 89 98 90
f 101 100 202
f 199 204 200
f 206 207 204
f 206 204 208
f 202 203 209
f 206 211 207
f 205 207 213
f 214 215 210
f 217 218 216
f 217 213 220
f 222 223 221
f 223 222 225
f 223 225 227
f 225 229 228
f 232 233 231
f 225 226 229
f 229 234 235
f 237 238 234
f 238 237 240
f 234 239 236
f 238 242 239
f 240 243 238
f 243 240 244
f 246 247 236
f 249 242 248
f 251 252 250
f 254 255 251
f 257 258 256
f 242 249 241
f 99 139 260
f 262 263 260
f 265 266 264
f 100 99 203
f 269 214 268
f 214 210 263
f 263 271 214
f 217 272 213
f 215 214 273
f 273 269 231
f 274 275 269
f 276 245 275
f 231 245 232
f 277 245 276
f 279 280 278
f 283 244 282
f 285 248 284
f 243 244 248
f 250 247 286
f 249 287 256
f 236 241 259
f 236 259 246
f 285 249 248
f 285 288 249
f 290 255 289
f 255 254 291
f 293 294 251
f 293 295 294
f 254 294 297
f 297 296 298
f 287 300 257
f 299 258 301
f 258 299 295
f 301 300 302
f 303 300 288
f 301 302 299
f 305 306 304
f 305 304 308
f 309 310 308
f 313 314 312
f 304 307 314
f 316 317 312
f 319 317 318
f 313 317 320
f 320 321 313
f 318 323 319
f 325 326 323
f 324 327 319
f 320 327 321
f 330 326 329
f 327 324 330
f 314 313 309
f 328 327 330
f 333 334 332
f 337 338 336
f 341 342 340
f 341 340 344
f 341 345 342
f 339 347 336
f 349 350 348
f 347 339 351
f 352 353 350
f 355 350 354
f 355 352 350
f 357 355 356
f 357 356 358
f 361 362 360
f 361 364 362
f 362 365 366
f 367 368 366
f 365 364 369
f 371 372 369
f 374 371 370
f 375 376 374
f 371 376 372
f 378 379 377
f 380 381 374
f 381 380 382
f 385 386 384
f 386 385 388
f 385 390 389
f 385 384 390
f 392 393 390
f 394 393 395
f 395 397 394
f 396 400 399
f 395 396 402
f 401 404 403
f 401 403 399
f 405 407 406
f 410 411 409
f 410 368 411
f 413 367 373
f 379 378 414
f 415 416 381
f 375 416 378
f 418 416 415
f 386 388 382
f 418 417 419
f 419 388 420
f 391 421 389
f 394 398 390
f 391 398 421
f 423 422 397
f 402 424 395
f 397 424 423
f 424 402 426
f 405 427 403
f 428 425 426
f 427 429 426
f 432 433 431
f 432 435 433
f 438 439 437
f 439 441 440
f 443 444 442
f 445 437 440
f 446 445 444
f 443 448 447
f 449 448 450
f 453 449 452
f 449 453 454
f 454 447 449
f 447 454 456
f 458 459 455
f 454 455 457
f 462 458 461
f 464 459 462
f 466 464 465
f 468 466 467
f 467 469 468
f 471 472 467
f 472 473 469
f 469 474 470
f 474 476 475
f 401 479 478
f 405 406 427
f 404 407 405
f 407 478 481
f 481 483 407
f 481 431 484
f 431 434 484
f 433 486 434
f 481 482 431
f 433 436 486
f 489 487 488
f 489 488 490
f 490 491 492
f 488 436 494
f 494 495 488
f 495 496 493
f 491 495 493
f 496 437 498
f 498 499 496
f 499 498 500
f 445 502 498
f 504 502 503
f 445 446 502
f 505 501 504
f 456 457 503
f 460 506 503
f 459 464 507
f 459 507 455
f 506 460 509
f 507 508 509
f 464 466 508
f 512 511 468
f 508 511 510
f 514 512 470
f 470 475 514
f 512 514 516
f 517 429 408
f 429 517 430
f 520 408 519
f 483 484 519
f 517 408 520
f 519 521 520
f 519 484 523
f 485 486 523
f 526 522 525
f 524 521 523
f 486 487 524
f 487 489 527
f 490 529 489
f 527 528 525
f 530 492 497
f 529 490 531
f 492 530 531
f 497 499 530
f 532 530 533
f 501 534 500
f 535 536 534
f 505 504 537
f 509 538 506
f 539 537 538
f 539 538 510
f 510 513 539
f 516 513 512
f 513 516 540
f 516 515 541
f 475 477 515
f 517 520 518
f 545 526 528
f 545 532 536
f 540 541 546
f 515 548 542
f 547 541 542
f 515 543 548
f 550 551 548
f 542 549 552
f 554 553 551
f 555 556 522
f 557 552 553
f 554 558 553
f 561 562 560
f 564 561 544
f 560 565 561
f 561 564 562
f 544 567 564
f 568 569 555
f 544 556 567
f 556 555 571
f 573 574 572
f 572 576 577
f 579 580 578
f 582 583 578
f 585 586 584
f 585 584 588
f 590 591 588
f 585 588 582
f 588 589 590
f 594 595 593
f 595 597 596
f 600 597 601
f 601 597 602
f 604 605 603
f 608 609 607
f 612 605 611
f 607 613 604
f 609 615 614
f 618 619 617
f 611 621 612
f 622 612 620
f 623 624 607
f 610 609 625
f 610 625 623
f 614 627 625
f 630 631 629
f 634 635 633
f 637 638 636
f 624 623 636
f 626 639 636
f 8 14 633
f 13 642 641
f 13 22 642
f 645 646 644
f 646 645 649
f 649 650 648
f 645 652 649
f 652 653 650
f 654 655 603
f 604 655 646
f 648 651 646
f 622 620 656
f 608 607 651
f 658 653 657
f 660 661 662
f 608 653 658
f 664 660 663
f 663 658 657
f 666 660 664
f 666 668 667
f 634 671 670
f 622 656 606
f 608 662 609
f 661 616 662
f 661 660 667
f 672 674 673
f 675 674 676
f 678 679 670
f 630 635 619
f 634 620 619
f 614 616 627
f 669 616 667
f 629 5 635
f 634 633 671
f 677 674 671
f 635 630 629
f 639 628 640
f 641 643 681
f 641 681 682
f 581 580 681
f 633 682 677
f 684 685 578
f 580 686 683
f 13 641 633
f 685 684 586
f 688 689 687
f 690 691 688
f 689 691 659
f 694 695 693
f 644 687 645
f 689 659 652
f 698 654 697
f 701 697 700
f 698 697 702
f 704 705 703
f 706 707 647
f 647 707 708
f 647 694 644
f 653 608 650
f 665 657 709
f 692 710 659
f 712 665 711
f 714 711 713
f 699 656 679
f 679 703 699
f 679 715 703
f 699 654 656
f 665 712 663
f 664 712 666
f 711 716 712
f 717 715 678
f 673 718 678
f 669 668 719
f 672 673 678
f 721 722 719
f 683 686 682
f 723 724 676
f 724 723 725
f 680 726 640
f 628 627 680
f 728 680 722
f 729 730 721
f 722 730 728
f 686 723 682
f 733 726 732
f 734 727 733
f 735 732 731
f 732 735 733
f 737 596 590
f 590 598 591
f 727 734 739
f 741 742 734
f 744 740 743
f 736 741 733
f 746 747 745
f 744 743 749
f 708 751 750
f 694 750 753
f 755 752 754
f 694 753 695
f 644 693 687
f 757 758 696
f 758 759 690
f 690 760 691
f 760 761 692
f 763 764 761
f 702 765 698
f 706 765 707
f 751 708 766
f 754 751 766
f 766 765 754
f 754 767 755
f 694 647 750
f 709 710 713
f 692 769 713
f 692 762 769
f 770 762 771
f 770 771 772
f 701 767 702
f 767 701 705
f 774 775 776
f 716 711 777
f 668 716 720
f 777 779 716
f 780 781 778
f 778 779 780
f 781 783 720
f 717 785 784
f 785 717 724
f 721 783 729
f 729 781 787
f 729 787 730
f 686 738 725
f 792 735 791
f 731 730 791
f 580 579 738
f 790 793 725
f 794 790 600
f 743 742 795
f 741 736 796
f 736 792 796
f 799 800 798
f 799 798 795
f 801 800 802
f 805 806 804
f 809 757 808
f 811 760 810
f 811 810 812
f 763 811 814
f 760 811 761
f 755 816 817
f 756 753 818
f 752 817 753
f 696 695 807
f 756 818 807
f 758 757 759
f 773 763 819
f 769 770 774
f 777 776 779
f 822 774 821
f 715 768 704
f 775 774 823
f 825 782 824
f 823 822 824
f 822 821 826
f 768 715 784
f 782 825 828
f 788 829 797
f 832 829 831
f 780 828 781
f 785 833 786
f 834 835 786
f 797 830 836
f 789 787 788
f 790 794 838
f 785 793 833
f 793 838 839
f 839 841 833
f 839 840 841
f 797 792 789
f 797 836 844
f 599 846 600
f 847 843 846
f 843 847 841
f 849 796 844
f 799 849 850
f 845 851 844
f 601 852 599
f 853 847 599
f 799 850 800
f 854 815 811
f 813 809 855
f 805 857 806
f 858 855 857
f 859 860 858
f 862 819 861
f 816 863 817
f 864 804 817
f 866 857 865
f 865 805 864
f 862 867 819
f 862 868 867
f 821 820 869
f 870 827 869
f 872 873 874
f 825 824 875
f 877 876 827
f 876 824 826
f 827 870 877
f 835 872 784
f 835 879 872
f 788 828 875
f 879 835 881
f 788 875 882
f 833 842 834
f 885 881 884
f 886 879 885
f 887 888 832
f 831 889 832
f 841 848 842
f 891 885 890
f 893 894 892
f 829 888 830
f 836 837 896
f 896 897 898
f 901 899 900
f 888 887 900
f 888 900 837
f 902 903 894
f 892 904 893
f 902 851 903
f 904 892 906
f 903 845 836
f 852 907 853
f 910 911 909
f 904 913 905
f 803 850 915
f 905 915 893
f 916 850 902
f 902 894 916
f 854 859 917
f 920 815 919
f 920 861 815
f 861 920 921
f 923 924 921
f 859 858 866
f 812 860 854
f 924 862 861
f 864 863 925
f 927 865 925
f 866 865 928
f 871 929 755
f 816 929 863
f 871 874 929
f 930 931 929
f 933 868 932
f 755 768 871
f 933 934 868
f 872 880 873
f 873 937 874
f 875 876 883
f 936 880 939
f 883 941 940
f 901 944 943
f 788 882 831
f 883 944 882
f 886 945 880
f 885 891 886
f 946 947 945
f 899 948 898
f 943 948 901
f 901 887 944
f 891 890 949
f 891 951 946
f 952 953 946
f 890 884 955
f 890 955 950
f 957 958 956
f 950 958 949
f 959 960 951
f 904 961 913
f 961 904 963
f 964 965 961
f 964 966 965
f 912 911 848
f 956 955 910
f 957 956 910
f 959 958 968
f 970 959 969
f 959 970 971
f 969 968 972
f 973 974 962
f 971 970 975
f 965 967 977
f 975 977 971
f 962 977 973
f 961 965 962
f 979 476 978
f 474 473 476
f 476 979 477
f 983 984 982
f 982 981 983
f 983 979 985
f 986 984 985
f 987 988 986
f 987 989 988
f 991 992 989
f 854 917 919
f 917 994 993
f 920 919 995
f 996 997 991
f 922 998 999
f 996 1000 997
f 991 1002 996
f 1002 991 987
f 1000 1004 923
f 1000 923 1001
f 1000 996 1004
f 996 1003 1004
f 925 1005 927
f 928 927 1007
f 918 859 928
f 1007 918 928
f 1009 1010 1008
f 1004 932 924
f 931 1005 926
f 1012 1006 1005
f 1007 1006 1011
f 1003 1013 932
f 874 938 930
f 1012 938 1014
f 869 868 870
f 934 933 1016
f 1016 1017 934
f 1014 1019 1012
f 877 941 883
f 870 935 878
f 877 878 941
f 1023 1024 1022
f 1023 1018 1026
f 1015 1028 1027
f 1028 937 1030
f 938 937 1015
f 1032 1033 1031
f 1035 1036 1034
f 1037 943 940
f 1038 1039 1024
f 936 939 1041
f 1041 1030 936
f 1030 1041 1042
f 953 1043 954
f 1045 1029 1044
f 1042 1029 1030
f 1043 1044 954
f 1033 1045 1043
f 1033 1027 1045
f 1043 1046 1033
f 1033 1047 1034
f 1049 1050 1039
f 1051 1052 1050
f 1054 1039 1053
f 947 939 945
f 952 966 953
f 1057 1046 1056
f 1059 1060 1058
f 1046 1057 1047
f 1059 1061 1047
f 1062 1063 1049
f 1062 1049 1054
f 1055 1065 1053
f 1065 1067 1066
f 891 949 951
f 945 891 946
f 948 1060 906
f 961 963 964
f 1060 1057 963
f 1056 1043 964
f 1069 1070 1062
f 1071 1072 1069
f 1066 1068 1071
f 1073 1074 1069
f 1072 1075 1073
f 1077 1074 1076
f 1072 1068 1075
f 1077 1076 1079
f 1080 1078 1081
f 1076 1075 1080
f 1079 1080 1083
f 1084 1085 1078
f 1084 1078 1087
f 981 982 543
f 988 990 1089
f 1089 990 1090
f 992 997 1090
f 1092 1093 1001
f 1093 1094 997
f 1093 1092 1094
f 920 995 922
f 1092 998 1095
f 998 1097 1095
f 922 1096 998
f 1098 1091 1095
f 918 1007 1010
f 1009 917 1010
f 1009 1099 917
f 1099 1100 994
f 1008 1101 1009
f 1008 1011 1020
f 1104 1020 1103
f 1101 1008 1104
f 1106 1102 1105
f 1108 1106 1107
f 878 1021 1109
f 1112 1021 1111
f 1113 1111 1018
f 935 934 1111
f 1111 1113 1112
f 1015 1115 1014
f 1103 1116 1036
f 1103 1019 1116
f 1034 1107 1035
f 1104 1035 1101
f 1107 1034 1117
f 1108 1107 1118
f 942 1108 940
f 878 1109 942
f 1108 1109 1119
f 1018 1023 1113
f 1022 1121 1113
f 1015 1027 1115
f 1115 1027 1032
f 1115 1032 1116
f 1048 1122 1117
f 1118 1117 940
f 1025 1024 1052
f 1037 1122 1123
f 1122 1048 1061
f 1050 1049 1051
f 1052 1051 1025
f 1059 1058 1061
f 1074 1124 1070
f 1070 1125 1063
f 1077 1127 1074
f 1077 1079 1128
f 1128 1130 1127
f 1131 1129 1083
f 1129 1131 1128
f 984 988 982
f 1088 1134 1135
f 988 1089 1088
f 1136 1089 1137
f 1090 1091 1137
f 1091 1098 1138
f 1096 1140 1097
f 1141 1142 1097
f 1098 1142 1139
f 1145 1139 1144
f 1100 1140 1096
f 1146 1147 1100
f 1146 1120 1147
f 1140 1147 1141
f 1141 1147 1110
f 1149 1110 1148
f 1102 1150 1009
f 1150 1102 1119
f 1119 1120 1150
f 1150 1146 1099
f 1110 1149 1141
f 1151 1152 1143
f 1108 1119 1106
f 1021 1112 1148
f 1154 1153 1114
f 1154 1155 1153
f 1148 1153 1157
f 1114 1121 1154
f 1064 1158 1025
f 1158 1064 1126
f 1160 1158 1159
f 1158 1126 1161
f 1127 1162 1124
f 1127 1130 1164
f 1124 1163 1125
f 1165 1130 1132
f 1133 1166 550
f 1166 1133 1135
f 1166 1167 551
f 550 543 1133
f 1135 1168 1166
f 1169 1168 1135
f 1134 1170 1169
f 1088 1136 1134
f 1172 1170 1137
f 1173 1138 1145
f 1172 1137 1173
f 1145 1144 1174
f 1143 1142 1151
f 1175 1144 1176
f 1152 1177 1176
f 1151 1177 1152
f 1151 1179 1177
f 1180 1181 1177
f 1182 1183 1155
f 1183 1181 1180
f 1155 1180 1156
f 1185 1182 1184
f 1183 1182 1186
f 1188 1187 1185
f 1188 1185 1189
f 1158 1160 1184
f 1158 1184 1154
f 1159 1190 1160
f 1192 1159 1191
f 1193 1191 1163
f 1127 1164 1194
f 558 554 1196
f 1167 1168 1196
f 1171 1199 1198
f 1168 1169 1197
f 1201 1202 1200
f 1171 1198 1169
f 1198 1199 1203
f 1173 1204 1172
f 1145 1205 1173
f 1203 1204 1206
f 1203 1207 1198
f 1208 1209 1206
f 1205 1145 1210
f 1175 1211 1174
f 1205 1210 1206
f 1213 1209 1208
f 1175 1176 1214
f 1213 1212 1214
f 1209 1213 1215
f 1217 1214 1176
f 1181 1218 1178
f 1216 1213 1217
f 1220 1215 1216
f 1218 1181 1186
f 1218 1219 1217
f 1219 1218 1221
f 1219 1221 1220
f 1223 1221 1187
f 1187 1188 1223
f 1224 1222 1223
f 1188 1189 1224
f 1224 1225 1226
f 1190 1228 1189
f 1190 1192 1228
f 1191 1229 1192
f 1229 1230 1228
f 1193 1231 1191
f 1231 1193 1232
f 1163 1162 1193
f 1231 1234 1229
f 1231 1232 1234
f 1232 1233 1236
f 1236 1237 1232
f 1238 1236 1195
f 1236 1238 1237
f 1240 1241 1239
f 1196 1197 1243
f 1201 1200 1244
f 1245 1246 1244
f 1209 1247 1203
f 1249 1247 1248
f 1250 1248 1215
f 1251 1252 1250
f 1220 1255 1254
f 1220 1254 1251
f 1224 1226 1222
f 1257 1255 1222
f 1256 1255 1258
f 1234 1235 1230
f 1259 1227 1230
f 1242 1260 1259
f 1230 1235 1259
f 1235 1237 1242
f 1238 1261 1239
f 1262 1202 1246
f 1207 1263 1244
f 1207 1264 1263
f 1264 1266 1265
f 1248 1250 1267
f 1252 1251 1268
f 1256 1258 1269
f 1257 1271 1258
f 1270 1272 1269
f 1271 1274 1270
f 1226 1275 1257
f 1271 1275 1274
f 1275 1277 1276
f 1275 1226 1277
f 1259 1279 1227
f 1259 1260 1279
f 1279 1281 1277
f 1278 1281 1282
f 1284 1285 1279
f 1279 1280 1284
f 1280 1260 1287
f 1288 1285 1286
f 1288 1286 1289
f 1291 1287 1241
f 1292 1293 1290
f 1286 1280 1290
f 1290 1287 1292
f 1294 1295 1291
f 1292 1295 1293
f 102 109 103
f 1299 108 1298
f 103 1297 1300
f 1298 107 1302
f 1299 1303 108
f 36 39 31
f 31 107 28
f 107 102 28
f 1304 1305 1302
f 1307 1308 1304
f 1307 1309 1308
f 1305 1308 1311
f 1314 1315 1313
f 1316 1315 1310
f 1304 1302 1307
f 39 1318 1307
f 1320 1321 1319
f 1320 1319 1313
f 1314 1323 1315
f 1326 1322 1325
f 1328 1329 1327
f 1329 1328 1330
f 1333 1334 1332
f 1336 113 1335
f 113 116 1337
f 1337 1338 1335
f 118 1340 116
f 1340 118 1341
f 1342 1343 1341
f 1341 117 1342
f 123 1345 124
f 1346 1343 1345
f 1346 1347 1343
f 1345 123 1348
f 1349 1348 138
f 1345 1348 1346
f 1349 1351 1348
f 1353 1354 1352
f 1352 1355 1356
f 1358 1359 1300
f 1300 1360 1358
f 589 584 1361
f 1301 1362 1300
f 1363 1364 1362
f 1298 1365 1299
f 1363 1362 1303
f 1367 1368 1364
f 1364 1363 1366
f 1364 1365 1369
f 1369 1306 1311
f 1312 1308 1317
f 1312 1370 1311
f 1311 1370 1369
f 1324 1372 1371
f 1319 1373 1314
f 1329 1330 1325
f 1330 1375 1374
f 1334 1331 1332
f 1339 1332 1335
f 1375 1330 1334
f 1375 1334 1377
f 1379 1333 1339
f 1344 1338 1380
f 1344 1379 1338
f 1344 1380 1341
f 1381 1382 1347
f 1383 1347 1350
f 1385 1357 1384
f 1356 1357 1385
f 1385 1383 1351
f 1388 1389 1387
f 590 592 737
f 1360 1362 592
f 1391 1392 1368
f 1364 1393 1367
f 1393 1364 1395
f 1370 1372 1395
f 1317 1371 1312
f 1372 1324 1397
f 1399 1400 1372
f 1323 1373 1374
f 1324 1323 1398
f 1374 1326 1325
f 1375 1402 1401
f 1378 1404 1377
f 1378 1407 1406
f 1334 1333 1378
f 1409 1410 1408
f 1382 1381 1411
f 1379 1344 1408
f 1413 1414 1381
f 1413 1416 1415
f 1417 1383 1418
f 1417 1416 1383
f 1420 1421 1418
f 1420 1418 1422
f 593 596 1392
f 1392 1423 593
f 1368 1367 1391
f 1424 1392 1391
f 1393 1426 1425
f 1428 1394 1425
f 1396 1426 1395
f 1396 1372 1400
f 1396 1400 1429
f 1427 1426 1429
f 1430 1431 1429
f 1432 1433 1429
f 1398 1434 1435
f 1397 1435 1399
f 1400 1399 1430
f 1437 1438 1435
f 1439 1431 1437
f 1437 1435 1434
f 1375 1401 1376
f 1374 1376 1398
f 1434 1376 1441
f 1442 1443 1403
f 1377 1405 1402
f 1403 1405 1442
f 1405 1404 1442
f 1445 1378 1406
f 1378 1445 1404
f 1447 1448 1444
f 1447 1444 1446
f 1333 1379 1407
f 1410 1450 1407
f 1409 1451 1410
f 1450 1452 1406
f 1382 1411 1408
f 1409 1411 1451
f 1453 1452 1451
f 1454 1455 1452
f 1455 1446 1452
f 1457 1458 1456
f 1415 1460 1413
f 1454 1453 1462
f 1454 1463 1455
f 1459 1465 1456
f 1458 1457 1467
f 1470 1471 1469
f 1468 1457 1472
f 1420 1475 1474
f 1454 1461 1470
f 1474 1469 1420
f 1478 1472 1477
f 1478 1479 1472
f 1392 1424 1423
f 594 1423 1482
f 1482 1483 907
f 1484 1485 1483
f 1394 1428 1391
f 1481 1486 1484
f 1485 1486 1487
f 1487 1428 1488
f 1485 1487 1489
f 1487 1488 1490
f 1489 1492 1485
f 1491 1488 1432
f 1439 1493 1432
f 1432 1431 1439
f 1491 1493 1494
f 1496 1497 1441
f 1497 1439 1437
f 1497 1498 1439
f 1497 1496 1500
f 1500 1496 1502
f 1496 1442 1449
f 1441 1443 1496
f 1496 1449 1502
f 1505 1506 1504
f 1505 1504 1507
f 1504 1506 1509
f 1510 1511 1509
f 1513 1514 1447
f 1515 1516 1512
f 1516 1517 1512
f 1518 1519 1513
f 1521 1519 1520
f 1521 1524 1523
f 1526 1517 1523
f 1464 1518 1455
f 1520 1528 1527
f 1530 1524 1521
f 1519 1521 1516
f 1530 1531 1524
f 1532 1533 1466
f 1529 1528 1534
f 1530 1520 1536
f 1472 1473 1477
f 1533 1538 1456
f 1454 1470 1539
f 1534 1539 1529
f 1543 1544 1542
f 1545 1537 1544
f 1473 1457 1542
f 1469 1474 1546
f 1548 1549 1547
f 1551 1552 1550
f 1537 1554 1477
f 1555 1556 1541
f 1545 1556 1537
f 1557 1558 1490
f 1558 1557 1559
f 1490 1491 1557
f 1494 1561 1557
f 1562 1561 1495
f 1564 1561 1563
f 1564 1565 1561
f 1493 1498 1566
f 1569 1564 1568
f 1570 1568 1567
f 1568 1563 1566
f 1497 1499 1571
f 1572 1573 1571
f 1497 1571 1498
f 1567 1571 1570
f 1570 1569 1568
f 1501 1575 1500
f 1577 1575 1576
f 1507 1573 1577
f 1577 1576 1507
f 1576 1501 1578
f 1505 1576 1506
f 1580 1504 1579
f 1502 1503 1582
f 1578 1582 1506
f 1510 1582 1511
f 1504 1509 1581
f 1513 1516 1514
f 1512 1511 1515
f 1515 1583 1514
f 1447 1446 1513
f 1519 1518 1522
f 1459 1585 1586
f 1587 1465 1526
f 1523 1587 1526
f 1523 1525 1587
f 1518 1464 1522
f 1520 1522 1528
f 1464 1463 1535
f 1533 1532 1531
f 1588 1531 1536
f 1588 1536 1543
f 1588 1538 1531
f 1454 1539 1463
f 1589 1590 1539
f 1539 1540 1589
f 1543 1527 1544
f 1541 1545 1529
f 20 103 587
f 171 1592 1591
f 171 170 1592
f 171 1594 176
f 189 184 1595
f 1597 1594 1596
f 176 1594 186
f 186 1599 1595
f 1599 186 1598
f 189 1601 191
f 1595 1600 189
f 1602 1603 1600
f 1605 192 1604
f 1601 1603 1604
f 1606 1607 1604
f 1605 1608 192
f 1610 194 1609
f 1605 1607 1608
f 193 1611 154
f 193 154 111
f 194 150 1608
f 1613 1614 1610
f 1610 1614 194
f 1612 1615 154
f 1611 1617 1616
f 1611 1616 1612
f 1618 1617 1613
f 1616 1618 1620
f 155 1615 195
f 1612 1619 1615
f 1619 1624 1623
f 1615 1623 1622
f 195 1622 1627
f 1625 1628 1623
f 1626 1628 1627
f 54 196 61
f 195 1627 196
f 1630 1631 196
f 1632 1633 1631
f 1627 1629 1630
f 1634 1635 1629
f 1636 1637 132
f 1638 1636 1633
f 1638 1633 1639
f 1641 129 1637
f 1642 1643 1637
f 1642 1637 1638
f 1644 130 1641
f 1645 1644 1643
f 1643 1642 1646
f 131 130 1390
f 171 1591 1596
f 1650 1651 1649
f 1591 1593 1653
f 1655 1648 1653
f 1653 1656 1655
f 1652 1654 1649
f 1658 1597 1648
f 1658 1659 1597
f 1660 1661 1659
f 1659 1658 1660
f 1655 1657 1663
f 1665 1602 1599
f 1598 1662 1599
f 1665 1662 1666
f 1667 1668 1660
f 1669 1666 1668
f 1602 1665 1670
f 1670 1671 1602
f 1671 1670 1672
f 1669 1673 1666
f 1675 1606 1674
f 1674 1603 1671
f 1677 1675 1676
f 1679 1674 1672
f 1608 1607 1609
f 1677 1607 1675
f 1680 1681 1621
f 1683 1680 1613
f 1618 1613 1621
f 1616 1620 1619
f 1620 1621 1624
f 1628 1684 1629
f 1685 1625 1682
f 1640 1633 1635
f 1634 1686 1635
f 1688 1686 1687
f 1686 1688 1640
f 1642 1638 1639
f 1688 1647 1639
f 1645 1643 1690
f 1691 1692 1388
f 1387 1390 1690
f 1693 1694 746
f 1695 748 1650
f 1695 749 748
f 1693 1696 1694
f 1657 1696 1664
f 1697 1656 1654
f 1696 1657 1656
f 1667 1660 1664
f 1693 1700 1699
f 1667 1664 1702
f 1667 1702 1703
f 1668 1667 1669
f 1705 1679 1673
f 1673 1669 1705
f 1705 1706 1679
f 1706 1705 1707
f 1706 1709 1708
f 1676 1678 1706
f 1709 1711 1710
f 1706 1713 1709
f 1714 1681 1683
f 1625 1685 1684
f 1681 1716 1682
f 1685 1716 1717
f 1686 1634 1715
f 1715 1719 1686
f 1688 1687 1720
f 1688 1720 1722
f 1646 1724 1690
f 1724 1646 1725
f 1387 1724 1726
f 1728 1388 1726
f 1698 1696 1699
f 1693 801 1700
f 1701 1730 1729
f 1702 1698 1732
f 1704 1734 1733
f 1703 1736 1707
f 1736 1703 1733
f 1737 1736 1738
f 1741 1742 1740
f 1737 1742 1707
f 1706 1742 1713
f 1744 1745 1743
f 1745 1746 1743
f 1747 1748 1745
f 1714 1683 1710
f 1711 1746 1712
f 1749 1750 1751
f 1749 1714 1712
f 1752 1749 1748
f 1584 1754 1753
f 1753 1755 1756
f 1718 1716 1751
f 1751 1750 1718
f 1717 1718 1758
f 1750 1759 1757
f 1756 1755 1757
f 1754 1760 1755
f 1760 1754 1761
f 1762 1761 1586
f 1717 1763 1685
f 1717 1758 1763
f 1764 1762 1585
f 1587 1532 1465
f 1765 1766 1719
f 1761 1762 1765
f 1766 1762 1767
f 1459 1458 1768
f 1768 1721 1764
f 1721 1687 1767
f 1764 1585 1768
f 1768 1769 1721
f 1720 1769 1723
f 1723 1771 1722
f 1771 1727 1725
f 1727 1771 1480
f 1723 1770 1771
f 1468 1772 1467
f 1772 1468 1480
f 1727 1480 1726
f 1774 914 1773
f 915 1774 803
f 905 914 915
f 1776 1777 1775
f 1778 1777 1779
f 1729 1699 1701
f 1700 802 1773
f 1701 1700 1730
f 1730 1773 1779
f 1781 1782 1783
f 1784 1785 1780
f 1732 1785 1786
f 1731 1777 1781
f 1785 1732 1729
f 1788 1789 1787
f 1783 1790 1791
f 1790 1783 1792
f 1784 1780 1734
f 1704 1786 1734
f 1783 1791 1734
f 1744 1743 1793
f 1735 1739 1733
f 1735 1791 1739
f 1789 1788 1739
f 1743 1794 1787
f 1743 1741 1794
f 1741 1746 1713
f 1788 1794 1738
f 1795 1796 1744
f 1796 1795 1797
f 1747 1745 1798
f 1752 1747 1759
f 1753 1756 1799
f 1747 1798 1799
f 1801 1526 1584
f 1584 1753 1801
f 912 1804 1803
f 908 848 853
f 957 1806 968
f 914 1808 1779
f 913 974 914
f 1804 912 908
f 1804 908 1492
f 1809 1805 1492
f 1803 1810 1806
f 1803 1806 1811
f 1807 1810 1812
f 1815 972 968
f 968 1807 1814
f 1777 1776 1782
f 1778 1808 1818
f 1809 1492 1820
f 1558 1559 1820
f 1822 1812 1821
f 1823 1824 1812
f 1822 1826 1825
f 1792 1782 1828
f 1829 1816 1824
f 1817 1830 1828
f 1565 1564 1826
f 1822 1821 1832
f 1559 1560 1832
f 1812 1822 1823
f 1825 1833 1823
f 1834 1833 1835
f 1822 1832 1826
f 1787 1837 1793
f 1790 1836 1787
f 1825 1827 1837
f 1825 1837 1833
f 1840 1841 1839
f 1842 1843 1839
f 1846 1826 1845
f 1826 1846 1827
f 1847 1846 1848
f 1827 1847 1838
f 1838 1795 1793
f 1847 1848 1795
f 1569 1849 1845
f 1849 1796 1848
f 1850 1798 1849
f 1849 1569 1850
f 1580 1800 1850
f 1850 1508 1580
f 1800 1802 1799
f 1580 1579 1800
f 1581 1801 1579
f 1517 1526 1581
f 1803 1811 912
f 910 909 957
f 1778 1851 1775
f 1853 1851 1818
f 969 972 1853
f 1808 974 1819
f 970 969 976
f 1853 1818 1819
f 1809 1813 1805
f 1854 1852 1814
f 1816 1830 1814
f 1816 1829 1830
f 1831 1829 1835
f 1830 1817 1854
f 1856 1857 1855
f 1859 1860 1855
f 1859 1862 1860
f 1859 1864 1840
f 1865 1839 1844
f 1844 1866 1867
f 1863 1867 1868
f 1870 1871 1869
f 1874 1875 1873
f 1876 1877 1874
f 1878 1879 1877
f 1882 1883 1881
f 1882 1885 1878
f 1882 1881 1885
f 1881 1887 1886
f 1890 1887 1889
f 1892 1888 1890
f 1890 1893 1892
f 1890 1889 1893
f 1861 1897 1896
f 1860 1898 1861
f 1896 1082 1086
f 1863 1899 1860
f 1863 1900 1899
f 1863 1862 1867
f 1868 1866 1902
f 1872 1904 1868
f 1868 1869 1872
f 1905 1875 1880
f 1906 1907 1880
f 1908 1909 1893
f 1908 1910 1909
f 1912 1913 1910
f 1912 1914 1913
f 1914 1912 1916
f 1916 1918 1914
f 1919 1921 1920
f 1083 1081 1923
f 1083 1923 1131
f 1131 1924 1132
f 1924 1923 1926
f 1082 1897 1926
f 1924 1926 1925
f 1897 1898 1927
f 1925 1927 1929
f 1899 1901 1930
f 1931 1932 1930
f 1932 1931 1934
f 1929 1933 1936
f 1937 1936 1932
f 1901 1900 1938
f 1935 1931 1938
f 1938 1939 1940
f 1940 1939 1941
f 1935 1940 1934
f 1932 1934 1937
f 1941 1944 1940
f 1941 1945 1944
f 1945 1947 1946
f 1939 1900 1942
f 1942 1863 1904
f 1950 1945 1949
f 1952 1947 1951
f 1953 1949 1872
f 1952 1951 1954
f 1955 1954 1906
f 1872 1871 1953
f 1905 1907 1953
f 1957 1958 1956
f 1961 1962 1960
f 1894 1909 1963
f 1894 1963 1964
f 1967 1961 1966
f 1967 1966 1968
f 1964 1960 1958
f 1964 1965 1960
f 1958 1957 1964
f 1970 1971 1969
f 1973 1970 1972
f 1963 1974 1969
f 1974 1975 1972
f 1911 1975 1963
f 1972 1976 1973
f 1979 1977 1978
f 1922 1980 1972
f 1980 1981 1978
f 1920 1922 1915
f 1981 1982 1978
f 1165 1132 1983
f 1983 1925 1936
f 1984 1985 1983
f 1937 1986 1936
f 1944 1987 1943
f 1989 1948 1952
f 1990 1956 1962
f 1992 1967 1991
f 1973 1977 1993
f 1979 1995 1977
f 1979 1982 1995
f 1997 1996 1981
f 1195 1164 1998
f 2000 2001 1999
f 1984 1983 1999
f 1986 2002 2003
f 1948 2004 1946
f 1986 1937 2006
f 1987 1944 2005
f 1990 2008 2007
f 1992 2011 2010
f 2008 1990 2010
f 1993 1994 2013
f 2015 2016 2013
f 1996 1997 2017
f 2014 1994 2017
f 2014 2018 2013
f 2021 1261 2020
f 2021 2022 1261
f 2024 2022 2023
f 1999 2003 2000
f 2020 1985 2001
f 2001 2023 2020
f 2001 2000 2023
f 2023 2026 2024
f 2025 2003 2028
f 2026 2029 2027
f 2029 2026 2025
f 1988 2031 2002
f 1988 2002 2006
f 2028 2031 2032
f 2031 1988 2033
f 2006 1943 1988
f 1988 1987 2030
f 2035 2036 1987
f 2035 1987 2005
f 2038 2004 2037
f 2036 2035 2040
f 2038 2037 2040
f 2043 2044 2042
f 2047 2043 2046
f 2041 2037 2047
f 2047 2048 2041
f 2051 2052 2050
f 2052 2051 2042
f 2051 2054 2046
f 2042 2045 2052
f 2055 2048 2046
f 2053 2009 2050
f 2008 2057 2009
f 2058 2054 2050
f 2058 2050 2056
f 2056 2057 2059
f 2010 2012 2008
f 2008 2061 2057
f 2011 2062 2063
f 2063 2065 2064
f 1992 2016 2011
f 2013 1992 1991
f 2062 2016 2067
f 2013 2019 2015
f 2017 2069 2014
f 2014 2070 2018
f 2071 2073 2072
f 1239 2022 1240
f 2027 2075 2024
f 1240 2075 2076
f 2027 2030 2078
f 2030 2029 2033
f 2078 2079 2027
f 2036 2040 2080
f 2078 2080 2081
f 2083 2084 2081
f 2036 2080 2034
f 2082 2086 2085
f 2080 2040 2049
f 2055 2086 2048
f 2055 2088 2086
f 2090 2091 2087
f 2088 2058 2092
f 2093 2066 2067
f 2094 2066 2092
f 2088 2092 2089
f 2067 2065 2062
f 2068 2095 2067
f 2097 2095 2096
f 2095 2097 2093
f 2018 2100 2019
f 2095 2068 2015
f 2101 2102 2100
f 2071 2070 2073
f 2100 2072 2101
f 2105 1295 2104
f 1240 2076 2104
f 1295 2105 1296
f 2108 2106 2107
f 2105 2104 2107
f 2110 2108 2109
f 2075 2079 2077
f 2113 2114 2112
f 2116 2083 2081
f 2118 2082 2117
f 2082 2118 2081
f 2120 2121 2119
f 2123 2124 2099
f 2093 2124 2089
f 2124 2123 2126
f 2123 2099 2128
f 2129 2130 2096
f 2101 2103 2102
f 2131 2132 2103
f 2077 2111 2109
f 2134 2110 2133
f 2079 2135 2111
f 2135 2079 2084
f 2136 2135 2115
f 2133 2111 2136
f 2134 2133 2136
f 2134 2136 2114
f 2084 2083 2115
f 2112 2083 2137
f 2138 2139 2137
f 2137 2140 2112
f 2137 2116 2138
f 2118 2117 2138
f 2138 2141 2139
f 2141 2117 2143
f 2142 2141 2144
f 2143 2085 2091
f 2143 2091 2144
f 2145 2091 2146
f 2120 2119 2147
f 2119 2122 2146
f 2148 2126 2147
f 2120 2149 2121
f 2127 2151 2149
f 2128 2151 2123
f 2151 2128 2152
f 2121 2150 2153
f 2099 2097 2128
f 2150 2151 2154
f 2155 2156 2152
f 2152 2130 2155
f 2129 2096 2157
f 2157 2158 2129
f 2159 2156 2158
f 2160 2157 2132
f 2131 2161 2132
f 2160 2159 2157
f 2161 2162 2160
f 2159 2164 2156
f 2166 265 1386
f 2167 2168 1386
f 2167 265 264
f 2169 2168 264
f 2170 262 261
f 2170 271 262
f 2170 2171 271
f 261 2173 2170
f 1692 2174 2173
f 2171 2174 2172
f 270 271 2176
f 2176 2177 270
f 2176 2172 2178
f 2176 2178 2177
f 2180 268 2179
f 2182 2183 2181
f 268 2180 274
f 274 2186 275
f 275 2186 276
f 274 2185 2186
f 2189 2190 2184
f 2190 2189 2191
f 2187 2186 2193
f 278 281 2194
f 2194 2191 278
f 2187 2196 276
f 2197 2198 2196
f 2197 2196 2193
f 2199 2200 280
f 2200 2202 2201
f 2200 2201 281
f 2201 2204 2195
f 2204 2201 2203
f 245 277 282
f 282 2207 2208
f 2210 2207 2198
f 2202 2211 2203
f 282 2208 283
f 2213 2215 2214
f 2213 2208 2215
f 2207 2210 2209
f 2219 2220 2218
f 2218 2221 2219
f 2219 2222 2211
f 2222 2221 2223
f 2214 284 2213
f 284 2226 2225
f 284 2225 285
f 2216 2228 2214
f 2227 2226 2229
f 2216 2215 2230
f 2233 2234 2235
f 2221 2232 2224
f 2220 252 290
f 290 2237 2218
f 2238 2234 2237
f 2232 2235 2236
f 298 2240 297
f 303 288 2242
f 2227 2243 2225
f 2244 2243 2229
f 2228 2245 2229
f 2234 2238 2247
f 2247 2238 2248
f 2247 2239 2234
f 254 297 292
f 2249 2250 2241
f 2241 2240 2249
f 2252 2253 2248
f 2248 289 2250
f 2252 2248 2249
f 298 302 2240
f 303 2254 302
f 2255 2254 2242
f 2252 2249 2254
f 2252 2254 2255
f 2257 2255 2256
f 2255 2257 2252
f 2243 2256 2242
f 2244 2258 2243
f 2258 2259 2256
f 1384 1419 1385
f 1692 1691 2260
f 2168 2262 1384
f 2169 2263 2168
f 1692 2260 2174
f 2264 2265 2169
f 2180 2267 2266
f 2178 2175 2179
f 2180 2175 2267
f 2266 2269 2180
f 2270 2271 2181
f 2272 2270 2190
f 2272 2190 2194
f 2188 2273 2193
f 2273 2188 2274
f 2205 2276 2195
f 2194 2195 2272
f 2197 2273 2198
f 2205 2279 2278
f 2282 2283 2281
f 2273 2285 2210
f 2205 2204 2279
f 2281 2231 2285
f 2273 2282 2285
f 2231 2281 2230
f 2287 2288 2245
f 2223 2224 2289
f 2223 2289 2279
f 2230 2286 2245
f 2281 2284 2286
f 2292 2236 2291
f 2224 2236 2290
f 2291 2293 2292
f 2246 2295 2229
f 2296 2258 2295
f 2288 2297 2246
f 2298 2296 2297
f 2299 2300 2253
f 2247 2300 2239
f 2293 2291 2301
f 2301 2300 2302
f 2303 2299 2252
f 2303 2252 2304
f 2305 2306 2302
f 2305 2302 2303
f 2304 2309 2308
f 2304 2257 2309
f 2308 2310 2311
f 2305 2303 2312
f 2314 2312 2313
f 2258 2296 2259
f 2298 2310 2296
f 1422 1419 2315
f 2315 2317 2316
f 2319 1691 1728
f 2315 2262 2317
f 2317 2263 2265
f 2265 2320 2317
f 2265 2264 2320
f 2322 2323 2321
f 2324 2325 2268
f 2321 2264 2326
f 2328 2326 2182
f 2326 2329 2321
f 2330 2329 2328
f 2331 2269 2325
f 2182 2271 2328
f 2328 2332 2330
f 2335 2336 2334
f 2331 2334 2269
f 2272 2332 2270
f 2333 2332 2337
f 2338 2339 2275
f 2275 2188 2336
f 2275 2336 2338
f 2338 2340 2339
f 2277 2337 2272
f 2277 2342 2337
f 2273 2274 2343
f 2339 2341 2343
f 2342 2277 2345
f 2273 2343 2282
f 2344 2348 2343
f 2350 2348 2349
f 2280 2351 2278
f 2352 2353 2278
f 2355 2356 2354
f 2352 2354 2353
f 2352 2351 2355
f 2359 2360 2358
f 2359 2363 2362
f 2365 2283 2347
f 2284 2283 2366
f 2368 2365 2367
f 2368 2370 2369
f 2350 2370 2367
f 2289 2372 2280
f 2289 2373 2374
f 2361 2375 2358
f 2359 2358 2363
f 2359 2356 2360
f 2378 2379 2377
f 2377 2381 2371
f 2383 2378 2382
f 2288 2287 2380
f 2366 2384 2284
f 2379 2385 2380
f 2369 2381 2366
f 2384 2381 2380
f 2289 2290 2373
f 2290 2292 2375
f 2374 2373 2361
f 2294 2386 2375
f 2376 2386 2306
f 2387 2388 2376
f 2305 2312 2389
f 2391 2392 2390
f 2394 2395 2393
f 2313 2395 2396
f 2395 2383 2397
f 2400 2391 2399
f 2402 2297 2401
f 2402 2401 2394
f 2379 2378 2403
f 2383 2395 2403
f 2380 2385 2288
f 2386 2294 2307
f 2404 2387 2305
f 2387 2404 2388
f 2405 2404 2389
f 2304 2308 2313
f 2406 2314 2396
f 2314 2406 2399
f 2297 2402 2298
f 2393 2311 2394
f 2316 2409 2408
f 2411 2409 2410
f 1728 1478 2319
f 1478 1554 2414
f 1478 1728 1479
f 2318 2412 2316
f 2413 2417 2416
f 2417 2413 2414
f 1691 2319 2261
f 2320 2323 2318
f 2410 2419 2411
f 2420 2421 2416
f 2423 2424 2422
f 2421 2418 2319
f 2324 2418 2420
f 2412 2323 2410
f 2420 2416 2423
f 2329 2330 2426
f 2329 2426 2322
f 2331 2325 2422
f 2430 2431 2429
f 2425 2433 2432
f 2425 2432 2334
f 2425 2334 2422
f 2342 2427 2333
f 2342 2435 2427
f 2437 2434 2436
f 2432 2434 2335
f 2350 2349 2436
f 2349 2341 2437
f 2350 2436 2438
f 2342 2345 2440
f 2357 2356 2441
f 2345 2357 2440
f 2443 2444 2442
f 2446 2447 2442
f 2442 2448 2446
f 2350 2371 2370
f 2350 2451 2450
f 2341 2349 2344
f 2350 2367 2348
f 2359 2362 2441
f 2455 2456 2454
f 2455 2454 2458
f 2448 2456 2455
f 2445 2456 2442
f 2461 2376 2460
f 2376 2461 2363
f 2454 2364 2459
f 2392 2391 2458
f 2462 2463 2400
f 2400 2455 2391
f 2449 2448 2463
f 2462 2398 2463
f 2371 2465 2377
f 2383 2382 2398
f 2464 2382 2466
f 2449 2463 2466
f 2460 2467 2461
f 2392 2458 2467
f 2405 2389 2467
f 2399 2407 2400
f 2407 2406 2397
f 2407 2397 2462
f 2468 1551 1547
f 1476 2468 1474
f 1589 1549 1590
f 1551 1550 1548
f 1541 1590 1555
f 2469 2415 1556
f 1556 1555 2469
f 1475 2409 1476
f 1476 2411 2468
f 2411 2419 2470
f 2469 1550 2472
f 2469 2472 2415
f 2473 2417 2415
f 2419 2474 2471
f 2477 2475 2476
f 2471 2475 1552
f 1553 2478 2472
f 2416 2417 2478
f 2410 2322 2479
f 2428 2480 2479
f 2476 2481 2479
f 2480 2482 2476
f 2428 2483 2480
f 2484 2485 1553
f 2428 2426 2483
f 2482 2480 2483
f 2488 2489 2425
f 2425 2424 2488
f 2426 2427 2486
f 2435 2490 2429
f 2489 2491 2433
f 2493 2491 2492
f 2342 2440 2435
f 2496 2444 2495
f 2430 2490 2495
f 2498 2495 2497
f 2499 2500 2439
f 2498 2497 2500
f 2435 2494 2490
f 2440 2441 2494
f 2350 2438 2502
f 2443 2447 2497
f 2451 2502 2447
f 2500 2501 2438
f 2445 2503 2456
f 2496 2494 2503
f 2444 2496 2445
f 2503 2453 2457
f 2451 2447 2452
f 2449 2466 2446
f 1389 139 1390
f 139 1389 261
f 1389 1692 2173
f 2504 2505 1921
f 2507 2508 2509
f 2504 2509 2505
f 2508 2511 2510
f 2505 2510 2512
f 2508 2507 2514
f 2517 2514 2516
f 2508 2514 2511
f 2517 2518 2514
f 2517 2519 2518
f 2517 2516 2519
f 2519 2522 2520
f 2525 2526 2524
f 2523 2528 2520
f 2522 2526 2523
f 2523 2525 2528
f 2527 2531 2524
f 2532 2531 2533
f 2533 2536 2535
f 2534 2538 2533
f 2538 2539 2536
f 2538 2534 2541
f 2541 2543 2538
f 2536 2540 2537
f 2539 2545 2540
f 2540 2546 2544
f 2543 2548 2539
f 2550 2545 2549
f 2545 2550 2546
f 2552 2553 2549
f 1922 2505 1997
f 1981 1980 1997
f 2505 2512 2554
f 2512 2513 2555
f 2558 2556 2557
f 2530 2510 2529
f 2560 2558 2559
f 2557 2510 2559
f 2560 2559 2561
f 2511 2518 2529
f 2557 2513 2510
f 2562 2563 2561
f 2561 2559 2562
f 2529 2528 2530
f 2530 2525 2565
f 2530 2565 2566
f 2532 2567 2565
f 2533 2535 2532
f 2567 2535 2537
f 2569 2551 2570
f 2553 2570 2550
f 2553 2552 2571
f 2548 2573 2549
f 2574 2572 2573
f 2575 2576 2572
f 2574 2577 2572
f 2576 2575 2578
f 2578 2580 2576
f 2582 2583 2578
f 2582 2578 2584
f 2585 2586 2584
f 2586 2587 2582
f 2555 2556 2588
f 2555 2588 2554
f 2591 2589 2558
f 2593 2589 2592
f 2591 2594 2592
f 2560 2561 2564
f 2560 2564 2594
f 2564 2563 2596
f 2599 2600 2598
f 2597 2563 2599
f 2530 2601 2562
f 2603 2601 2602
f 2605 2603 2604
f 2604 2606 2605
f 2530 2566 2602
f 2606 2604 2602
f 2607 2606 2609
f 2609 2608 2610
f 2608 2566 2547
f 2544 2566 2537
f 2612 2613 2611
f 2569 2547 2551
f 2581 2613 2568
f 2613 2581 2614
f 2616 2617 2615
f 2587 2618 2583
f 2618 2616 2615
f 2583 2615 2580
f 2590 2620 2619
f 2017 2590 2069
f 2588 2593 2590
f 2593 2592 2622
f 2622 2623 2593
f 2597 2624 2596
f 2069 2619 2073
f 2620 2623 2621
f 2622 2627 2623
f 2595 2628 2622
f 2595 2625 2628
f 2594 2596 2595
f 2625 2624 2629
f 2072 2074 2631
f 2631 2632 2072
f 2621 2633 2631
f 2626 2634 2621
f 2634 2635 2636
f 2635 2634 2627
f 2628 2637 2627
f 2629 2638 2628
f 2597 2639 2624
f 2630 2640 2629
f 2630 2639 2640
f 2643 2644 2642
f 2647 2643 2646
f 2643 2647 2644
f 2651 2652 2650
f 2632 2654 2103
f 2655 2654 2636
f 2656 2657 2649
f 2656 2649 2647
f 2659 2656 2652
f 2659 2660 2656
f 2662 2663 2661
f 2161 2131 2665
f 2665 2666 2161
f 2667 2668 2162
f 2162 2666 2667
f 2665 2654 2670
f 2670 2666 2665
f 2667 2672 2671
f 2675 2676 2674
f 2679 2676 2678
f 2679 2681 2676
f 2682 2683 2681
f 2681 2684 2682
f 2686 2687 2678
f 2689 2679 2688
f 2689 2684 2679
f 2688 2690 2691
f 2692 2684 2691
f 2692 2685 2684
f 2694 2695 2693
f 2692 2694 2685
f 2697 2698 2696
f 2696 2699 2697
f 2702 2700 2701
f 2704 2705 2703
f 2700 2707 2697
f 2702 2701 2709
f 2709 2710 2702
f 2713 2711 2712
f 2715 2716 2660
f 2717 2718 2712
f 2694 2692 2719
f 2720 2695 2719
f 2722 2723 2721
f 2696 2695 2723
f 2722 2706 2723
f 2705 2704 2699
f 2705 2699 2723
f 2725 2710 2724
f 2709 2704 2724
f 2726 2714 2710
f 2727 2712 2714
f 2716 2727 2726
f 2728 2727 2715
f 2712 2727 2717
f 2587 2586 2729
f 2731 2732 2729
f 2584 2586 2582
f 2586 2585 2733
f 2586 2733 2735
f 2729 2730 2737
f 2740 2618 2739
f 2732 2742 2741
f 2738 2730 2735
f 2729 2737 2731
f 2745 2746 2744
f 2745 2747 2746
f 2749 2748 2747
f 2748 2749 2750
f 2752 2753 2750
f 2743 2742 2754
f 2750 2751 2752
f 2753 2756 2754
f 2755 2758 2757
f 2760 2761 2739
f 2739 2587 2760
f 2587 2732 2760
f 2764 2763 2732
f 2760 2763 2761
f 2766 2767 2764
f 2732 2741 2764
f 2744 2742 2731
f 2769 2770 2741
f 2770 2771 2766
f 2773 2774 2772
f 2743 2756 2741
f 2776 2777 2756
f 2779 2770 2778
f 2781 2780 2769
f 2782 2781 2777
f 2757 2759 2776
f 2777 2759 2782
f 2784 2783 2758
f 2784 2785 2783
f 2787 2782 2786
f 2788 2789 2786
f 2786 2785 2788
f 2762 2792 2791
f 2762 2761 2794
f 2768 2773 2765
f 2792 2762 2795
f 2796 2794 2773
f 2794 2796 2797
f 2767 2774 2768
f 2773 2772 2796
f 2798 2800 2799
f 2796 2798 2797
f 2772 2802 2798
f 2771 2779 2803
f 2772 2775 2804
f 2772 2804 2802
f 2778 2780 2806
f 2806 2803 2778
f 2809 2803 2808
f 2808 2806 2810
f 2810 2811 2808
f 2780 2781 2807
f 2807 2813 2814
f 2782 2787 2781
f 2817 2811 2816
f 2789 2813 2787
f 2813 2789 2815
f 2788 2790 2819
f 2821 2822 2820
f 2818 2819 2822
f 2823 2824 2821
f 2824 2823 2825
f 2650 2793 2651
f 2795 2794 2797
f 2792 2795 2651
f 2829 2827 2799
f 2829 2828 2827
f 2830 2829 2801
f 2832 2830 2831
f 2802 2805 2800
f 2801 2805 2833
f 2801 2833 2831
f 2835 2836 2834
f 2812 2833 2809
f 2835 2834 2812
f 2834 2837 2831
f 2812 2809 2808
f 2835 2839 2838
f 2842 2840 2841
f 2835 2838 2836
f 2807 2814 2810
f 2816 2814 2843
f 2817 2844 2841
f 2844 2817 2845
f 2846 2847 2845
f 2822 2824 2818
f 2845 2825 2846
f 2651 2662 2652
f 2660 2659 2661
f 2848 2662 2651
f 2662 2848 2663
f 2828 2850 2848
f 2850 2828 2829
f 2850 2851 2849
f 2829 2830 2850
f 2851 2854 2853
f 2851 2853 2852
f 2856 2853 2857
f 2855 2854 2837
f 2837 2836 2855
f 2838 2859 2836
f 2860 2857 2859
f 2859 2861 2860
f 2840 2842 2861
f 2860 2861 2863
f 2865 2860 2864
f 2826 2866 2864
f 2865 2864 2867
f 2866 2868 2867
f 2866 2870 2868
f 2846 2826 2863
f 2873 2826 2872
f 2826 2873 2866
f 2874 2870 2872
f 2660 2661 2715
f 2661 2664 2875
f 2877 2878 2717
f 2881 2877 2880
f 2877 2881 2883
f 2876 2849 2885
f 2883 2887 2886
f 2889 2887 2884
f 2856 2890 2852
f 2857 2891 2856
f 2892 2885 2890
f 2891 2893 2890
f 2889 2884 2894
f 2894 2895 2889
f 2881 2885 2894
f 2865 2891 2860
f 2893 2891 2867
f 2893 2895 2892
f 2869 2897 2893
f 2898 2869 2871
f 2897 2869 2899
f 2876 2880 2875
f 2717 2728 2882
f 2882 2728 2875
f 2885 2881 2876
f 2876 2664 2849
f 2901 2902 2900
f 2904 2905 2902
f 2907 2908 2906
f 2906 2908 2909
f 2907 2906 2911
f 2913 2914 2910
f 2909 2910 2916
f 2910 2908 2913
f 2915 2918 2916
f 2915 2914 2920
f 2918 2920 2921
f 2924 2925 2923
f 2927 2928 2926
f 2929 2928 306
f 2926 2930 2927
f 2926 2929 2932
f 2930 2933 2931
f 2935 2931 2901
f 2936 307 2928
f 2928 2927 2937
f 2927 2931 2937
f 2937 2938 2936
f 2911 2912 2935
f 2906 2938 2912
f 2901 2900 2935
f 2940 2941 2905
f 2942 2943 2939
f 2943 2942 2944
f 2939 2938 2942
f 2909 2945 2906
f 2903 2905 2907
f 2947 2944 2946
f 2946 2945 2948
f 2946 2948 2949
f 2949 2951 2946
f 2920 2914 2922
f 2933 2932 2934
f 2901 2934 2902
f 305 2925 306
f 2953 2940 2904
f 2939 315 2936
f 315 2943 316
f 2941 2917 2907
f 2913 2955 2954
f 2913 2917 2955
f 2959 2922 2958
f 2913 2960 2958
f 2962 2963 2961
f 2961 2964 2958
f 2964 2963 2965
f 2967 2959 2965
f 2968 2967 2965
f 2965 2966 2969
f 2967 2968 2970
f 2926 2932 2930
f 2924 2952 2925
f 2902 2952 2904
f 2941 2940 2972
f 2953 2973 2972
f 2941 2972 2974
f 2975 2957 2941
f 318 2976 323
f 2957 2975 2977
f 2978 2979 2977
f 2957 2977 2955
f 2979 2980 2956
f 2913 2954 2960
f 2954 2982 2981
f 2982 2954 2984
f 2981 2983 2960
f 2985 2961 2983
f 2986 2962 2985
f 2983 2987 2985
f 2987 2983 2982
f 2985 2987 2986
f 2986 2989 2962
f 2990 2966 2989
f 2989 2986 2991
f 2992 2969 2990
f 2994 2995 2993
f 2996 2997 2971
f 2968 2995 2971
f 2999 2996 2998
f 2995 2994 2998
f 2924 3001 2952
f 3001 3002 2953
f 2974 2973 3003
f 3003 3005 2974
f 3005 2978 2975
f 2980 3006 2984
f 3007 2991 2993
f 2993 2992 3007
f 3010 3003 3009
f 3003 3010 3005
f 3005 3012 2978
f 3006 3012 3013
f 328 330 329
f 3012 3006 2979
f 3006 3016 2987
f 3013 3017 3006
f 2991 2988 3008
f 3016 3018 3008
f 3000 2994 3019
f 3000 3019 3020
f 2924 2923 3023
f 3022 3024 2924
f 2923 305 311
f 3001 3024 3002
f 3027 3002 3026
f 2923 311 3023
f 308 304 309
f 309 322 3029
f 309 3031 310
f 3003 3004 3011
f 328 3030 321
f 3012 3010 3032
f 3034 3014 3032
f 3013 3014 3035
f 335 3036 3015
f 3038 3039 3013
f 3041 3037 3040
f 3015 3037 328
f 3016 3043 3044
f 3016 3017 3043
f 335 334 3045
f 3047 3021 3018
f 3048 3000 3020
f 3028 3049 3023
f 3051 3052 3050
f 311 3053 3028
f 3056 3049 3055
f 3026 3025 3057
f 3027 3004 3002
f 3057 3058 3026
f 3060 3053 3059
f 311 310 3059
f 310 3031 3061
f 3063 3011 3058
f 309 3029 3031
f 3066 3067 3065
f 3063 3058 3065
f 3063 3067 3011
f 3067 3066 3069
f 3069 3071 3067
f 3033 3010 3071
f 3033 3071 3072
f 3041 3073 328
f 3030 3073 3075
f 3032 3076 3034
f 3072 3076 3033
f 3076 3078 3077
f 3077 3080 3034
f 3035 3080 3081
f 3082 3080 3079
f 3084 3085 3086
f 3081 3082 3084
f 3038 3081 3039
f 3086 3087 3083
f 3084 3089 3039
f 3090 3044 3089
f 3036 3091 3037
f 3083 3092 3089
f 3093 3036 3045
f 3094 3095 3047
f 3094 3097 3096
f 334 3099 3046
f 3101 3102 3100
f 3094 3096 3095
f 3105 3096 3104
f 3021 3048 3020
f 3103 3048 3095
f 3096 3105 3103
f 3055 3028 3107
f 3022 3049 3050
f 3024 3022 3025
f 3053 3060 3054
f 3108 3110 3109
f 3108 3060 3110
f 3107 3111 3112
f 3113 3114 3050
f 3052 3116 3115
f 3114 3116 3051
f 3052 3068 3057
f 3118 3068 3115
f 310 3061 3059
f 3109 3111 3107
f 3119 3113 3056
f 3118 3115 3120
f 3122 3062 3064
f 3068 3118 3065
f 3123 3029 3074
f 3125 3126 3124
f 3126 3125 3075
f 3128 3118 3120
f 3040 3129 3075
f 3086 3130 3087
f 3040 3042 3129
f 3042 3091 3132
f 3036 3093 3091
f 3093 3134 3133
f 3136 3137 3135
f 3139 3140 3138
f 3137 3141 3142
f 3098 3139 3104
f 3113 3144 3114
f 3145 3146 3144
f 3146 3127 3121
f 3146 3145 3127
f 3128 3148 3130
f 3148 3149 3131
f 3131 3150 3087
f 3150 3149 3151
f 3154 3155 3153
f 3157 3158 3155
f 3098 3097 3160
f 3156 3155 3161
f 3159 3158 3140
f 3098 3160 3139
f 3139 3138 3143
f 3163 3164 3162
f 3164 3166 3165
f 3169 3162 3168
f 3170 3171 3168
f 3169 3172 3162
f 3165 3167 3168
f 3173 3174 3168
f 3172 3169 3171
f 3170 3174 3175
f 3178 3179 3177
f 3175 3176 3181
f 3181 3182 3183
f 3181 3183 3177
f 3178 3185 3179
f 3188 3189 3187
f 3192 3188 3191
f 3187 3193 3191
f 3196 3194 3195
f 3164 3197 3166
f 3166 3198 3167
f 3167 3199 3173
f 3199 3176 3174
f 3178 3200 3185
f 3201 3202 3185
f 3203 3204 3185
f 3192 3206 3205
f 3188 3192 3208
f 3209 3189 3208
f 3191 3194 3192
f 3206 3194 3210
f 3211 3193 3190
f 3212 3213 3195
f 3212 3195 3211
f 3214 3215 3195
f 2997 3216 2970
f 2997 3217 3216
f 3218 3219 3217
f 3197 3221 3198
f 3216 3223 3222
f 3199 3198 3222
f 3225 3226 3199
f 3199 3184 3176
f 3184 3199 3227
f 3184 3200 3183
f 3229 3184 3228
f 3231 3232 3230
f 3233 3190 3209
f 3217 2997 3218
f 3234 3235 3218
f 3223 3220 3236
f 3238 3223 3237
f 3239 3224 3238
f 3241 3239 3240
f 3242 3225 3239
f 3225 3242 3226
f 3244 3242 3241
f 3227 3226 3245
f 3243 3246 3245
f 3242 3244 3243
f 3245 3248 3227
f 3249 3229 3228
f 3251 3249 3250
f 3230 3184 3229
f 3201 3200 3230
f 3249 3252 3229
f 3253 3231 3252
f 3232 3231 3254
f 3254 3255 3232
f 3256 3201 3232
f 3201 3256 3257
f 3256 3255 3258
f 3259 3260 3258
f 3202 3261 3209
f 3257 3262 3261
f 3264 3262 3260
f 3201 3257 3202
f 3262 3264 3263
f 3211 3190 3212
f 3266 3267 3265
f 3269 3233 3268
f 3233 3213 3212
f 3268 3261 3263
f 3000 3234 2999
f 3271 3272 3270
f 3250 3247 3251
f 3251 3275 3249
f 348 338 349
f 3277 3253 3275
f 3277 3275 3278
f 354 349 3280
f 356 354 3281
f 3283 3255 3282
f 3282 3254 3277
f 3282 3284 3283
f 3281 3280 3286
f 3283 3259 3255
f 3287 3288 3259
f 3283 3285 3259
f 3260 3288 3264
f 3289 3288 3290
f 3266 3265 3289
f 3289 3290 3266
f 3234 3000 3292
f 3292 3293 3234
f 3235 3293 3240
f 3241 3295 3244
f 3244 3296 3246
f 3241 3240 3295
f 3297 3298 346
f 3248 3245 3250
f 345 341 3299
f 344 347 3299
f 3274 3279 3251
f 3301 352 357
f 3282 3277 3284
f 3266 3302 3267
f 334 333 3099
f 3292 3048 3305
f 3306 3293 3305
f 3270 3307 333
f 3293 3306 3294
f 3308 3309 3294
f 3271 3270 332
f 3310 3296 3309
f 3271 3297 3311
f 3299 3313 345
f 345 3314 346
f 353 3315 3300
f 3300 3313 3299
f 3287 3285 3274
f 352 3316 353
f 352 3301 3316
f 3279 3285 3278
f 3318 3319 3287
f 3291 3320 3266
f 3304 3321 3099
f 3304 3307 3321
f 3105 3323 3106
f 3103 3106 3305
f 3324 3308 3106
f 3307 3270 3322
f 3322 3273 3325
f 3328 3324 3327
f 3324 3323 3329
f 3309 3308 3324
f 3328 3310 3309
f 3310 3330 3296
f 3314 3312 346
f 3332 3313 3331
f 3333 3301 358
f 3287 3291 3290
f 3319 3334 3291
f 3336 3337 3335
f 3141 3339 3142
f 3339 3337 3340
f 3325 3341 3322
f 3141 3325 3339
f 3337 3339 3338
f 3343 3336 3342
f 3105 3343 3323
f 3325 3326 3338
f 3338 3344 3335
f 3345 3344 3346
f 3327 3329 3347
f 3272 3349 3273
f 3326 3350 3346
f 3326 3349 3350
f 3353 3354 3327
f 3271 3311 3272
f 3354 3357 3355
f 3356 3311 3359
f 3359 3312 3360
f 3360 3314 3332
f 3362 3363 3361
f 3366 3367 3365
f 3331 3369 3332
f 3362 3370 3363
f 3331 3315 3372
f 3373 3361 3369
f 3361 3373 3374
f 3377 3361 3376
f 3316 3317 3372
f 3379 3317 3333
f 3380 3378 3379
f 3333 3381 3379
f 3383 3384 3382
f 3387 3388 3389
f 3390 3391 3319
f 3393 3387 3392
f 3395 3396 3394
f 3386 3389 3390
f 3142 3340 3143
f 3336 3343 3340
f 3347 3348 3346
f 3398 3399 3354
f 3398 3353 3351
f 3350 3352 3351
f 3358 3357 3401
f 3358 3401 3403
f 3402 3404 3401
f 3403 3401 3406
f 3368 3367 3403
f 3368 3407 3365
f 3371 3409 3363
f 3410 3408 3371
f 3408 3410 3365
f 3366 3410 3411
f 3370 3412 3371
f 3413 3366 3411
f 3412 3370 3414
f 3361 3415 3362
f 3417 3418 3416
f 3372 3373 3331
f 3378 3375 3372
f 3378 3380 3375
f 3420 3374 3375
f 3421 3422 3374
f 3374 3423 3376
f 3426 3427 3425
f 3428 3429 3379
f 3382 3428 3381
f 3430 3420 3429
f 3431 3432 3430
f 3421 3374 3430
f 3386 3427 3392
f 3382 3381 3383
f 3429 3428 3434
f 3382 3385 3434
f 3430 3429 3431
f 3434 3435 3431
f 3421 3432 3436
f 3393 3438 3387
f 3385 3384 3394
f 3397 3435 3394
f 3432 3435 3437
f 3436 3440 3421
f 3442 3443 3438
f 3388 3443 3444
f 3397 3396 3437
f 3436 3446 3440
f 3389 3388 3448
f 3415 3417 3414
f 3450 3417 3449
f 3376 3424 3377
f 3426 3450 3424
f 3423 3427 3424
f 3422 3433 3423
f 3433 3422 3451
f 3421 3452 3451
f 3421 3441 3452
f 3451 3393 3433
f 3451 3453 3393
f 3440 3447 3455
f 3440 3455 3441
f 3455 3457 3454
f 3458 3457 3442
f 3460 3456 3459
f 3459 3461 3460
f 3448 3444 3462
f 3459 3463 3461
f 3465 3466 3464
f 3466 3465 3210
f 3467 3215 3464
f 3467 3196 3215
f 3469 3470 3468
f 3473 3474 3472
f 3477 3473 3476
f 3465 3464 3476
f 3476 3464 3478
f 3213 3479 3214
f 3473 3477 3474
f 3477 3476 3480
f 3474 3480 3481
f 3483 3481 3482
f 3484 3485 3483
f 3482 3486 3483
f 3488 3484 3487
f 3488 3489 3484
f 3488 3490 3489
f 3490 3488 3492
f 3494 3495 3493
f 3494 3497 3495
f 3498 3499 3495
f 3502 3503 3501
f 3505 3503 3504
f 3504 3506 3505
f 3507 3508 3505
f 3511 3512 3510
f 3512 3514 3513
f 3517 3518 3516
f 3517 3516 3520
f 3206 3465 3472
f 3522 3523 3468
f 3523 3522 3524
f 3526 3522 3525
f 3207 3475 3470
f 3475 3207 3472
f 3522 3526 3524
f 3475 3528 3471
f 3478 3529 3480
f 3531 3532 3530
f 3527 3526 3534
f 3475 3535 3528
f 3475 3474 3485
f 3537 3538 3535
f 3533 3536 3538
f 3475 3485 3539
f 3537 3535 3539
f 3540 3541 3533
f 3542 3540 3538
f 3544 3540 3543
f 3541 3540 3545
f 3539 3542 3537
f 3539 3546 3542
f 3539 3548 3547
f 3493 3548 3494
f 3543 3546 3549
f 3550 3551 3549
f 3544 3543 3553
f 3553 3549 3554
f 3553 3554 3545
f 3547 3555 3550
f 3546 3539 3550
f 3491 3548 3489
f 3555 3556 3551
f 3552 3556 3554
f 3557 3556 3558
f 3560 3555 3547
f 3500 3501 3496
f 3493 3496 3547
f 3560 3561 3559
f 3563 3558 3562
f 3564 3565 3547
f 3496 3503 3509
f 3500 3499 3501
f 3567 3502 3566
f 3561 3568 3569
f 3570 3563 3569
f 3547 3509 3564
f 3560 3565 3561
f 3502 3567 3504
f 3572 3573 3567
f 3572 3567 3566
f 3569 3568 3574
f 3576 3577 3575
f 3574 3578 3569
f 3579 3578 3577
f 3564 3575 3565
f 3564 3508 3581
f 3582 3576 3564
f 3510 3507 3511
f 3506 3504 3583
f 3511 3506 3584
f 3586 3587 3585
f 3588 3577 3585
f 3589 3590 3587
f 3579 3577 3590
f 3576 3582 3585
f 3591 3582 3580
f 3580 3581 3513
f 3511 3584 3512
f 3594 3595 3593
f 3597 3579 3589
f 3594 3598 3595
f 3598 3586 3600
f 3587 3594 3589
f 3585 3582 3586
f 3514 3601 3515
f 3513 3515 3580
f 3601 3514 3602
f 3514 3512 3603
f 3514 3603 3602
f 3603 3592 3604
f 3595 3606 3596
f 3598 3600 3599
f 3607 3600 3515
f 3607 3515 3521
f 3521 3601 3520
f 3602 3604 3520
f 3609 3606 3599
f 3606 3609 3610
f 3599 3600 3609
f 3516 3612 3521
f 3607 3614 3613
f 3520 3608 3517
f 3268 3303 3269
f 3269 3531 3479
f 3479 3213 3269
f 3533 3534 3536
f 3479 3530 3529
f 3619 3620 3618
f 3618 3621 3622
f 383 3554 3557
f 3544 3553 3545
f 3499 3498 3566
f 387 3557 3563
f 3573 3572 3624
f 392 384 3597
f 3573 3626 3571
f 3626 3592 3583
f 3593 400 3589
f 3593 3596 400
f 3627 3605 3592
f 3629 3630 3628
f 3605 3632 3604
f 3606 3610 401
f 3616 3608 3628
f 3634 3524 3633
f 3269 3617 3531
f 3302 3636 3303
f 3302 3320 3636
f 3617 3636 3635
f 360 3527 361
f 3635 3639 3531
f 3640 3620 3639
f 3639 3635 3638
f 3638 3641 3639
f 3541 370 361
f 3641 3642 3640
f 3622 3623 3642
f 383 380 3545
f 3557 387 382
f 374 370 380
f 382 383 3557
f 3644 3624 3643
f 3646 3647 3645
f 3649 3650 3645
f 3643 3648 3651
f 3647 3652 3651
f 3644 3654 3624
f 3654 3655 3573
f 3656 3644 3651
f 3654 3644 3657
f 3657 3658 3654
f 3563 3570 387
f 3578 3579 3570
f 3655 3659 3626
f 3660 3659 3658
f 392 3597 393
f 393 400 396
f 3661 3662 3627
f 3627 3659 3661
f 3627 3663 3605
f 3662 3664 3663
f 3663 3629 3632
f 3664 3665 3630
f 407 404 478
f 3637 3667 3666
f 3637 3641 3638
f 3642 3641 3666
f 3669 3622 3666
f 3622 3669 3671
f 3673 3646 3672
f 3670 3671 3650
f 3673 3652 3646
f 3674 3656 3653
f 3676 3674 3675
f 3676 3675 3677
f 3677 3658 3676
f 3660 3658 3679
f 3679 3680 3660
f 3680 3681 3661
f 3681 3680 3682
f 3679 3677 3680
f 3681 3683 3662
f 3684 3683 3682
f 3664 3683 3665
f 3685 3686 3665
f 3686 3685 3687
f 3683 3684 3685
f 3638 3636 3637
f 3637 3690 3689
f 3693 3694 3692
f 3668 3672 3669
f 3678 3675 3696
f 3698 3678 3697
f 3678 3699 3682
f 3334 3690 3320
f 412 3694 3700
f 412 411 3694
f 3690 3702 3691
f 3637 3689 3667
f 3693 3692 414
f 413 3692 367
f 367 3695 368
f 3705 3706 3693
f 3669 3666 3668
f 418 3707 3693
f 3693 414 418
f 3668 3708 3672
f 419 420 3710
f 419 3711 418
f 419 3709 3711
f 3673 3708 3697
f 3698 3714 3678
f 420 421 3715
f 423 425 3717
f 422 423 3715
f 3699 3718 3684
f 420 3715 3710
f 3684 3719 3688
f 426 430 428
f 3391 3702 3334
f 3702 3723 3703
f 3703 3724 3726
f 3725 3726 3727
f 3691 3729 3689
f 3703 3725 3691
f 3730 3729 3725
f 3729 3730 3704
f 3704 3730 3731
f 3728 3732 3727
f 3707 3733 3705
f 3731 3668 3667
f 3732 3735 3731
f 3732 3728 3735
f 3735 3737 3668
f 3738 3739 3737
f 3709 3710 3740
f 3740 3741 3709
f 3708 3737 3742
f 3698 3697 3743
f 3745 3746 3744
f 3699 3714 3746
f 3747 3714 3743
f 3699 3746 3718
f 425 428 3717
f 3719 3718 3750
f 3750 3748 3751
f 3752 3749 3722
f 3688 3721 3687
f 412 3754 3395
f 3395 3755 3396
f 3755 3754 3756
f 3756 3757 3436
f 3436 3396 3756
f 3389 3448 3723
f 3723 3702 3389
f 412 3700 3754
f 3759 3760 3754
f 3760 3762 3761
f 3761 3765 3766
f 3436 3757 3767
f 3723 3768 3724
f 3759 3770 3760
f 3771 3446 3767
f 3772 3768 3723
f 3773 3774 3768
f 3701 3770 3700
f 3701 3776 3770
f 3778 3776 3777
f 3760 3761 3757
f 3734 3780 3779
f 3777 3780 3778
f 3763 3762 3781
f 3782 3783 3781
f 3785 3765 3784
f 3786 3784 3763
f 3787 3786 3763
f 3728 3726 3736
f 3734 3779 3705
f 3788 3782 3780
f 3789 3790 3782
f 3790 3789 3791
f 3736 3738 3735
f 3712 3733 3711
f 3780 3734 3788
f 3788 3733 3741
f 3782 3788 3789
f 3778 3762 3776
f 3790 3791 3793
f 3740 3792 3741
f 3795 3794 3792
f 3792 3796 3795
f 3792 3740 3798
f 3800 3801 3802
f 3804 3805 3803
f 3715 3716 3720
f 3807 3798 3720
f 3720 3806 3807
f 3810 3803 3809
f 3798 3807 3796
f 3716 3717 3806
f 3806 3811 3808
f 3809 3807 3808
f 3814 3815 3813
f 3813 3816 3811
f 3809 3812 3817
f 3752 3814 3749
f 3816 3815 3817
f 3809 3819 3818
f 3446 3771 3463
f 3462 3463 3822
f 3821 3823 3822
f 3824 3773 3772
f 3773 3824 3766
f 3824 3772 3823
f 3773 3766 3774
f 3768 3775 3769
f 3785 3775 3774
f 3769 3785 3825
f 3724 3826 3736
f 3826 3786 3827
f 3736 3827 3738
f 3763 3783 3787
f 3827 3787 3828
f 3738 3828 3830
f 3790 3831 3783
f 3831 3830 3829
f 3833 3830 3832
f 3790 3793 3831
f 3742 3739 3833
f 3742 3833 3834
f 3793 3836 3832
f 3838 3839 3836
f 3837 3835 3832
f 3834 3835 3839
f 3838 3794 3840
f 3834 3839 3841
f 3838 3840 3839
f 3799 3844 3843
f 3842 3840 3801
f 3800 3841 3801
f 3799 3802 3846
f 3797 3848 3802
f 3796 3805 3797
f 3847 3848 3849
f 3850 3844 3846
f 3805 3804 3849
f 3850 3849 3851
f 3853 3803 3852
f 3851 3804 3853
f 3845 3855 3854
f 3845 3844 3851
f 3845 3851 3855
f 3809 3857 3810
f 3856 3855 3852
f 3858 3856 3857
f 3854 3856 3859
f 3860 3857 3818
f 3818 3820 3861
f 3818 3861 3860
f 3864 3865 3863
f 3860 3863 3857
f 3867 3868 3862
f 3870 3871 3519
f 3870 3873 3872
f 3519 3518 3870
f 3614 3871 3876
f 3877 3872 3874
f 3878 3879 3877
f 3880 3881 3878
f 3615 3884 3883
f 3886 3887 3885
f 3888 3890 3889
f 3892 3893 3891
f 3873 3518 3616
f 3628 3874 3873
f 3895 3896 3611
f 3611 3897 3895
f 3611 3609 3607
f 3612 3871 3607
f 3607 3613 3899
f 3872 3877 3876
f 3874 3880 3877
f 3896 3895 3901
f 3901 480 479
f 3899 3902 3898
f 3607 3899 3897
f 480 3904 3903
f 3901 3902 480
f 3902 3899 3904
f 3900 3906 3905
f 3883 3889 3615
f 3881 3886 3882
f 3907 3903 3906
f 3903 482 480
f 3613 3908 3900
f 3893 3908 3894
f 3894 3908 3889
f 3889 3890 3894
f 3888 3887 3890
f 3906 3911 3907
f 432 3907 435
f 3912 3913 435
f 3909 3915 3911
f 3911 3906 3909
f 3908 3893 3917
f 3891 3919 3892
f 3887 3886 3910
f 3922 3923 3916
f 3913 3912 3916
f 3925 3923 3924
f 3915 3926 3916
f 3908 3917 3909
f 3917 3927 3915
f 3927 3917 3928
f 3893 3892 3918
f 3931 3930 3920
f 3932 3933 3924
f 3927 3924 3926
f 3932 3924 3934
f 3934 3927 3935
f 3937 3938 3929
f 3940 3941 3939
f 3943 3944 3938
f 3930 3931 3941
f 3946 3947 3945
f 3945 3949 3946
f 3950 3949 3935
f 3928 3944 3951
f 3952 3944 3953
f 3955 3953 3954
f 3956 3957 3954
f 3959 3955 3958
f 3950 3960 3946
f 3947 3946 3961
f 3963 3960 3962
f 3951 3936 3928
f 3952 3953 3959
f 3964 3965 3959
f 3959 3958 3964
f 3967 3961 3963
f 3968 3969 3963
f 3971 3969 3970
f 3972 3973 3968
f 3974 3975 3973
f 3968 3963 3972
f 3977 3978 3976
f 3976 3951 3965
f 3976 3980 3951
f 3970 3973 3981
f 3972 3962 3974
f 3981 3975 3982
f 3980 3983 3974
f 3980 3976 3985
f 3986 3985 3979
f 3981 3982 3971
f 3989 3982 3988
f 3988 3991 3990
f 3989 3993 3982
f 3991 3988 3983
f 3983 3980 3991
f 3980 3984 3992
f 3995 3984 3986
f 3989 3988 3996
f 3990 3997 3996
f 3989 3996 3993
f 3997 3990 4000
f 4001 3999 3998
f 4002 4003 3994
f 4002 3994 4004
f 3998 4005 4001
f 4000 4007 3997
f 4007 4008 4005
f 4004 4010 4002
f 4004 4012 4010
f 4008 4014 4009
f 3628 4017 4016
f 3896 479 3610
f 3880 3874 3628
f 3881 4016 3886
f 3881 3880 4016
f 3923 3925 3913
f 3919 3910 3920
f 3933 4019 3925
f 4020 4021 4019
f 3948 3933 3945
f 4023 3948 4022
f 4023 4020 3948
f 3947 3961 4022
f 3950 3935 3962
f 3969 3971 463
f 3969 452 3967
f 3980 3974 3936
f 463 3987 461
f 471 3999 4024
f 3999 4001 4024
f 4006 4005 4009
f 4000 4025 4007
f 4026 4003 4011
f 4027 4028 4026
f 4003 4026 3992
f 4014 4008 4029
f 4006 4009 4015
f 3992 4026 4000
f 4032 4010 4031
f 4010 4032 4011
f 3628 3631 4017
f 4035 4036 4034
f 4017 4033 4018
f 4033 4039 4038
f 4038 4035 4018
f 4034 4041 4035
f 4016 4041 3921
f 435 3914 494
f 4043 4042 4041
f 3914 4021 494
f 3931 3921 3942
f 4045 4046 4042
f 4047 4044 4046
f 4020 4023 438
f 4021 4020 438
f 4023 4022 450
f 450 451 4023
f 452 3969 463
f 463 458 453
f 471 3987 3999
f 3987 471 465
f 471 4024 472
f 473 472 980
f 3631 4049 4033
f 4050 4040 4039
f 4038 4040 4035
f 4037 4036 4051
f 4053 4043 4037
f 4053 4054 4043
f 4037 4051 4053
f 4042 4054 4045
f 4057 4058 4053
f 4060 4061 4059
f 4057 4062 4058
f 4059 4062 4060
f 4046 4045 4061
f 4065 4066 4064
f 4068 4065 4067
f 4068 4069 4065
f 4066 4065 4071
f 4069 4072 4070
f 4075 4073 4074
f 4077 4078 4076
f 4081 4082 4083
f 3631 3686 4049
f 4085 4050 4084
f 4036 4040 4050
f 4036 4050 4052
f 4053 4055 4057
f 4063 4062 4087
f 4086 4088 4057
f 4060 4063 4067
f 4089 4068 4063
f 4090 4091 4068
f 4072 4092 4074
f 4093 4094 4077
f 4077 4074 4093
f 4076 4096 4095
f 4096 4076 4079
f 4082 4096 4097
f 556 544 522
f 4055 4099 4098
f 4051 4052 4055
f 4102 568 4101
f 545 529 532
f 526 545 4101
f 4063 4087 4104
f 4063 4104 4089
f 4068 4089 4090
f 4068 4092 4069
f 4093 4092 4107
f 4108 4109 4093
f 4078 4111 4110
f 4080 4114 4113
f 4115 4114 4078
f 4078 4110 4115
f 3752 3722 565
f 3753 4117 3687
f 3686 4117 4118
f 430 518 565
f 4120 4084 4118
f 4084 4121 4085
f 4084 4120 4121
f 4100 4099 4124
f 4126 4098 4125
f 555 522 568
f 4128 4088 4086
f 4128 4105 4088
f 574 4129 575
f 545 536 4103
f 4106 4130 4090
f 576 572 575
f 4107 4091 4131
f 4131 4132 4107
f 4133 4108 4132
f 4133 4134 4108
f 4135 4136 4134
f 4137 4094 4136
f 4135 4138 4136
f 4078 4094 4139
f 4141 4142 4140
f 4144 4138 4140
f 4078 4139 4146
f 4078 4146 4111
f 4144 4140 4143
f 4142 4147 4143
f 558 4150 4149
f 4110 4152 4116
f 4112 4152 4110
f 565 4154 3752
f 3814 4155 3815
f 4156 4155 4154
f 4157 4158 4159
f 3815 3819 3817
f 4156 4159 4155
f 563 4154 560
f 4154 563 4156
f 4158 562 4160
f 4162 4163 4161
f 566 567 4160
f 567 571 4163
f 4165 4166 4164
f 4124 4167 4100
f 4162 4161 4169
f 570 4169 571
f 4127 4170 4125
f 4165 4170 4166
f 4166 4127 4100
f 4172 569 4102
f 4168 569 4173
f 4168 4169 569
f 4175 4176 4174
f 4178 4179 4171
f 4125 4179 4126
f 4128 4179 4105
f 4181 4101 4180
f 4181 4182 4172
f 4184 4182 4183
f 4186 4177 4184
f 4188 4189 4187
f 4180 4185 4182
f 4103 4129 4180
f 4183 4185 4191
f 4193 4194 4184
f 4106 4104 4178
f 4129 4192 4180
f 4195 4192 574
f 4196 4186 4194
f 574 573 4195
f 4197 573 4198
f 4200 4197 4198
f 4198 577 4199
f 4202 4203 4199
f 4205 4206 4204
f 4209 4210 4208
f 4151 4205 4149
f 4213 4214 4212
f 3862 3820 3867
f 4217 3867 4216
f 4219 3868 4218
f 4217 4220 3867
f 4221 4222 4220
f 4224 4225 4223
f 4228 4229 4227
f 4158 4157 562
f 4231 4227 4232
f 4231 4230 4233
f 4236 4175 4235
f 4175 4236 4234
f 4238 4239 4237
f 4240 4241 4238
f 4174 4243 4235
f 4237 4243 4238
f 4177 4186 4244
f 4245 4188 4244
f 4177 4244 4174
f 4244 4240 4243
f 4190 4241 4187
f 4246 4189 4188
f 4186 4196 4245
f 4247 4196 4248
f 4247 4246 4245
f 4246 4247 4249
f 4249 4250 4246
f 4248 4251 4249
f 4251 4252 4249
f 4254 4248 4255
f 4256 4251 4254
f 4256 4258 4257
f 4256 4254 4258
f 4202 4260 4203
f 4258 4261 4259
f 4261 4258 4260
f 4260 4202 4262
f 4265 4262 4264
f 4207 4206 4266
f 4208 4266 4209
f 4267 4268 4206
f 4269 4270 4209
f 4266 4268 4209
f 4217 4226 4220
f 4271 4222 4229
f 4272 4228 4231
f 4274 4275 4273
f 4278 4279 4277
f 4275 4274 4277
f 4281 4277 4280
f 4275 4277 4282
f 4280 4279 4284
f 4279 4285 4284
f 4280 4283 4281
f 4287 4283 4288
f 4290 4289 4284
f 4290 4291 4289
f 4291 4290 4293
f 4296 4297 4295
f 4287 4299 4298
f 4298 4297 4300
f 4302 4303 4288
f 4304 4291 4293
f 4306 4307 4305
f 4308 4309 4295
f 4295 4299 4308
f 4292 4291 4302
f 4304 4310 4302
f 4312 4313 4311
f 4315 4307 4314
f 4307 4306 4314
f 4318 4319 4317
f 4312 4321 4320
f 4312 4320 4317
f 4316 4323 4314
f 4323 4316 4318
f 4326 4324 4325
f 4319 4316 4303
f 4328 4329 4327
f 4330 4331 4328
f 4332 4333 4322
f 4328 4327 4332
f 4335 4014 4334
f 4028 4336 4334
f 4337 4338 4336
f 4337 4336 4340
f 4336 4339 4335
f 4342 4343 4341
f 4341 4344 4345
f 4347 4348 4345
f 4345 4346 4349
f 4345 4349 4347
f 4353 4349 4352
f 4354 4355 4352
f 4357 4358 4356
f 4361 4362 4360
f 4363 4362 4364
f 4359 4358 4366
f 4360 4363 4366
f 4361 4369 4368
f 4368 4365 4361
f 4372 4364 4371
f 4374 4375 4373
f 4372 4377 4364
f 4359 4366 4375
f 4379 4380 4378
f 4382 4383 4372
f 4384 4382 4371
f 4384 4385 4382
f 4388 4373 4387
f 4391 4376 4390
f 4373 4376 4389
f 4392 4376 4381
f 4378 4377 4379
f 4375 4367 4381
f 4393 4377 4383
f 4394 4386 4276
f 4394 4383 4386
f 4386 4385 4273
f 4274 4396 4278
f 4395 4396 4273
f 4399 4390 4398
f 4300 4398 4379
f 4393 4282 4287
f 4279 4278 4285
f 4285 4400 4286
f 4286 4401 4294
f 4285 4397 4400
f 4404 4405 4293
f 4287 4298 4300
f 4301 4399 4300
f 4303 4306 4288
f 4379 4393 4300
f 4402 4404 4294
f 4405 4311 4304
f 4407 4408 4406
f 4301 4297 4410
f 4287 4288 4299
f 4312 4311 4411
f 4409 4412 4406
f 4309 4315 4414
f 4411 4416 4312
f 4415 4315 4417
f 4321 4419 4418
f 4421 4419 4416
f 4314 4324 4417
f 4335 4030 4015
f 4030 4339 4423
f 4340 4028 4424
f 4029 4025 4028
f 4426 4032 4425
f 4426 4027 4032
f 4427 4428 4424
f 4338 4429 4423
f 4027 4426 4430
f 1002 987 4431
f 4433 4348 4432
f 4433 4342 4348
f 4427 4343 4428
f 4342 4433 4428
f 4027 4430 4434
f 4424 4027 4434
f 4436 4343 4434
f 4347 4351 1002
f 4343 4436 4344
f 4348 4347 4432
f 4346 4344 4437
f 4439 4440 4438
f 4434 4441 4436
f 4434 4435 4441
f 4443 4438 4435
f 4443 4444 4438
f 4346 4437 4350
f 4445 4354 4350
f 4446 4442 4440
f 4440 4447 4446
f 4439 4444 4447
f 4447 4444 4449
f 4355 4354 4450
f 4355 4450 4452
f 4437 4446 4445
f 4454 4455 4445
f 4454 4446 4457
f 4446 4437 4442
f 4459 4455 4458
f 4457 4460 4454
f 4449 4461 4448
f 4462 4460 4461
f 4464 4465 4463
f 4468 4357 4467
f 4357 4370 4369
f 4471 4472 4470
f 4368 4370 4472
f 4473 4474 4471
f 4450 4475 4453
f 4451 4477 4450
f 4475 4477 4478
f 4451 4456 4477
f 4455 4454 4458
f 4458 4460 4462
f 4466 4469 4356
f 4466 4480 4463
f 4374 4480 4356
f 4375 4374 4359
f 4483 4484 4482
f 4472 4474 4368
f 4368 4484 4365
f 4485 4486 4482
f 4485 4487 4486
f 4486 4489 4483
f 4488 4492 4491
f 4478 4494 4476
f 4495 4496 4459
f 4497 4498 4481
f 4374 4373 4388
f 4371 4484 4384
f 4483 4490 4384
f 4500 4501 4489
f 4491 4493 4500
f 4503 4501 4502
f 4397 4503 4403
f 4403 4502 4504
f 4506 4507 1026
f 4494 4509 4508
f 4509 4494 4510
f 4510 4512 4511
f 4515 4516 4514
f 4516 4512 4517
f 4389 4518 4387
f 4503 4397 4395
f 4504 4519 4403
f 4521 4522 4520
f 4522 4507 4523
f 4509 4510 4520
f 4523 4506 4509
f 4520 4511 4521
f 4512 4516 4513
f 4526 4513 4525
f 4524 4527 4525
f 4515 4529 4527
f 4532 4533 4531
f 4391 4390 4531
f 4531 4518 4391
f 4400 4519 4401
f 4519 4535 4534
f 4537 4408 4536
f 1055 4536 1065
f 4507 4522 1055
f 4537 4536 4521
f 4521 4511 4537
f 4525 4539 4526
f 4540 4541 4402
f 1067 1065 4406
f 4538 4409 4408
f 4538 4542 4409
f 4543 4542 4539
f 4544 4539 4528
f 4539 4544 4543
f 4546 4531 4399
f 1068 1067 4547
f 4549 4412 4548
f 4548 4551 4550
f 4553 4532 4546
f 4414 4415 4410
f 4301 4410 4546
f 4549 4547 4412
f 4555 4547 4554
f 1068 4547 1087
f 4548 4550 4549
f 4548 4542 4551
f 4551 4543 4552
f 4545 4557 4543
f 4553 4546 4558
f 4417 4559 4415
f 1084 1087 4560
f 4561 4562 4550
f 4556 4563 4552
f 4566 4567 4565
f 4558 4559 4569
f 4558 4572 4571
f 4006 4423 980
f 978 4423 985
f 4431 986 4429
f 1002 4431 4432
f 4443 4435 4574
f 4443 4575 4444
f 4575 4443 4576
f 1003 4351 4452
f 4579 4467 4578
f 4357 4580 4370
f 4357 4468 4580
f 4580 4581 4470
f 4463 4583 4464
f 4585 4579 4465
f 4470 4582 4471
f 4473 4471 4587
f 4587 4588 4487
f 4453 1013 4452
f 4476 1016 4453
f 4496 4517 4456
f 4464 4585 4465
f 4492 4488 4589
f 4478 4479 4510
f 4590 4591 4459
f 4593 4594 4592
f 4499 4594 4481
f 4505 4502 4493
f 4596 4492 4589
f 4492 4596 4493
f 4505 4535 4504
f 4507 1055 1038
f 4507 1038 1026
f 4512 4479 4517
f 4529 4515 4597
f 4597 4514 4591
f 4592 4598 4593
f 4498 4518 4499
f 4533 4600 4499
f 4513 4526 4511
f 4527 4530 4528
f 4600 4603 4602
f 4532 4605 4533
f 4534 4535 4606
f 4606 4607 4534
f 4600 4605 4603
f 4541 4609 4404
f 4607 4611 4540
f 4553 4608 4532
f 4608 4553 4612
f 4545 4614 4557
f 4558 4571 4553
f 4561 4550 4564
f 4081 4080 4616
f 4430 4426 4574
f 4618 4619 4617
f 4576 4617 4621
f 4623 4575 4621
f 4579 4624 4467
f 4626 4627 4625
f 4629 4630 4623
f 4621 4631 4623
f 4633 4629 4632
f 4621 4622 4631
f 4632 4635 4624
f 4585 4633 4579
f 4634 4635 4631
f 4634 4625 4635
f 4468 4636 4581
f 4461 4449 4637
f 4575 4630 4637
f 4462 4461 4639
f 4629 4633 4585
f 4464 4584 4638
f 4630 4585 4638
f 4586 4641 4587
f 4595 4641 4582
f 4462 4639 4590
f 4584 4583 4599
f 4637 4638 4639
f 4639 4640 4642
f 4599 4643 4584
f 4589 4588 4595
f 4642 4644 4590
f 4591 4590 4645
f 4642 4643 4644
f 4463 4594 4583
f 4648 4649 4596
f 4535 4505 4649
f 4651 4652 4650
f 4597 4645 4529
f 4529 4654 4530
f 4656 4657 4655
f 4646 4654 4644
f 4659 4598 4592
f 4600 4660 4658
f 4535 4649 4606
f 4648 4662 4649
f 4661 4663 4606
f 4665 4663 4664
f 4662 4666 4661
f 4666 4662 4667
f 4667 4668 4666
f 4601 4654 4669
f 4600 4602 4660
f 4672 4673 4671
f 4651 4673 4667
f 4528 4601 4544
f 4669 4676 4601
f 4677 4678 4604
f 4603 4608 4604
f 4681 4682 4680
f 4683 4675 4682
f 4684 4680 4676
f 4686 4687 4685
f 4544 4675 4614
f 4613 4689 4612
f 4691 4689 4571
f 4690 4689 4692
f 4675 4683 4693
f 4573 4695 4571
f 4675 4696 4614
f 4615 4698 4697
f 4700 4696 4693
f 4702 4695 4573
f 4114 4080 4097
f 4704 4616 4703
f 4706 4704 4705
f 4703 4113 4707
f 4707 4708 4703
f 4705 4619 4706
f 4708 4709 4705
f 4619 4709 4710
f 4711 4620 4710
f 4627 4712 4628
f 4713 4636 4628
f 4467 4625 4468
f 4625 4634 4626
f 4714 4634 4711
f 4714 4715 4634
f 4715 4716 4626
f 4581 4636 4582
f 4636 4713 4717
f 4717 4713 4718
f 4720 4721 4717
f 4720 4722 4721
f 4595 4717 4596
f 4724 4646 4599
f 4599 4598 4725
f 4727 4728 4726
f 4730 4731 4726
f 4727 4731 4732
f 4734 4652 4647
f 4735 4725 4659
f 4724 4655 4646
f 4657 4656 4736
f 4738 4656 4735
f 4739 4736 4730
f 4731 4737 4740
f 4736 4739 4742
f 4744 4745 4670
f 4744 4746 4745
f 4647 4652 4648
f 4747 4748 4669
f 4657 4742 4669
f 4742 4743 4747
f 4749 4748 4747
f 4744 4750 4746
f 4744 4670 4751
f 4602 4678 4670
f 4753 4754 4752
f 4651 4688 4673
f 4651 4650 4755
f 4757 4752 4688
f 4758 4757 4755
f 4759 4684 4748
f 4749 4760 4748
f 4762 4760 4761
f 4753 4764 4754
f 4759 4766 4684
f 4767 4681 4766
f 4766 4759 4762
f 4768 4767 4762
f 4770 4612 4769
f 4771 4772 4770
f 4770 4769 4771
f 4771 4773 4774
f 4776 4777 4773
f 4777 4778 4775
f 4754 4780 4688
f 4754 4765 4780
f 4782 4783 4768
f 4783 4785 4784
f 4787 4767 4768
f 4690 4776 4769
f 4690 4692 4776
f 4694 4683 4787
f 4693 4694 4789
f 4789 4786 4785
f 4790 4785 4791
f 4786 4694 4784
f 4793 4788 4691
f 4788 4793 4778
f 4779 4778 4794
f 4795 4796 4794
f 4693 4789 4700
f 4797 4798 4700
f 4790 4797 4789
f 4790 4800 4797
f 4801 4793 4695
f 4695 4702 4801
f 4802 4803 4801
f 4801 4804 4793
f 4803 4805 4804
f 4794 4804 4806
f 4808 4809 4807
f 4115 4811 4810
f 4115 4810 4707
f 4708 4810 4709
f 4812 4710 4811
f 4814 4812 4813
f 4812 4815 4710
f 4711 4622 4620
f 4711 4815 4816
f 4818 4714 4816
f 4714 4818 4715
f 4715 4819 4716
f 4716 4820 4712
f 4819 4818 4821
f 4822 4818 4823
f 4824 4825 4821
f 4717 4718 4720
f 4718 4719 4828
f 4831 4832 4830
f 4835 4831 4834
f 4836 4824 4835
f 4823 4831 4822
f 4835 4834 4836
f 4821 4822 4824
f 4824 4837 4825
f 4839 4827 4828
f 4840 4841 4839
f 4827 4841 4720
f 4840 4842 4841
f 4843 4722 4842
f 4830 4728 4834
f 4727 4732 4836
f 4838 4837 4750
f 4846 4847 4845
f 4845 4849 4846
f 4850 4851 4846
f 4851 4852 4842
f 4853 4734 4723
f 4854 4723 4843
f 4843 4852 4854
f 4852 4851 4855
f 4837 4844 4733
f 4857 4858 4856
f 4858 4857 4859
f 4856 4850 4861
f 4858 4859 4862
f 4858 4862 4864
f 4652 4866 4653
f 4866 4853 4865
f 4865 4868 4866
f 4863 4868 4862
f 4863 4869 4868
f 4729 4739 4726
f 4872 4873 4871
f 4763 4760 4749
f 4763 4743 4729
f 4869 4863 4874
f 4876 4758 4875
f 4870 4875 4756
f 4870 4869 4877
f 4876 4875 4878
f 4877 4879 4878
f 4881 4763 4873
f 4763 4881 4761
f 4884 4885 4883
f 4877 4887 4879
f 4889 4890 4888
f 4869 4874 4877
f 4891 4892 4890
f 4880 4879 4894
f 4752 4895 4753
f 4895 4894 4896
f 4894 4890 4897
f 4897 4898 4896
f 4899 4764 4896
f 4761 4900 4782
f 4761 4782 4762
f 4902 4885 4901
f 4892 4891 4903
f 4906 4907 4905
f 4899 4906 4764
f 4899 4898 4906
f 4893 4909 4907
f 4783 4782 4792
f 4779 4796 4910
f 4912 4913 4901
f 4912 4915 4913
f 4901 4917 4916
f 4908 4909 4919
f 4920 4909 4892
f 4920 4921 4919
f 4903 4923 4892
f 4924 4911 4795
f 4913 4915 4924
f 4913 4924 4925
f 4926 4924 4927
f 4929 4930 4928
f 4901 4914 4917
f 4914 4913 4925
f 4923 4917 4930
f 4933 4934 4932
f 4922 4921 4932
f 4935 4936 4922
f 4938 4791 4937
f 4806 4927 4794
f 4940 4806 4939
f 4926 4940 4925
f 4929 4942 4941
f 4944 4943 4939
f 4946 4947 4945
f 4942 4929 4928
f 4929 4941 4947
f 4932 4931 4929
f 4929 4949 4932
f 4951 4936 4950
f 4935 4952 4950
f 4922 4934 4935
f 4115 4116 4955
f 4152 4214 4153
f 4956 4150 1196
f 4957 4813 4811
f 4153 4958 4116
f 4959 4960 4813
f 4813 4957 4959
f 4812 4814 4815
f 4960 4962 4814
f 4962 4963 4815
f 4817 4964 4816
f 4964 4965 4823
f 4817 4966 4964
f 4819 4821 4826
f 4826 4848 4820
f 4713 4712 4719
f 4829 4712 4968
f 4965 4832 4831
f 4964 4967 4965
f 4838 4826 4825
f 4838 4970 4826
f 4971 4968 4847
f 4847 4846 4839
f 4828 4829 4971
f 4971 4847 4839
f 4833 4832 4972
f 4838 4974 4975
f 4848 4970 4845
f 4976 4977 4845
f 4978 4976 4975
f 4978 4979 4976
f 4972 4980 4833
f 4728 4830 4833
f 4871 4729 4980
f 4981 4982 4861
f 4981 4983 4982
f 4981 4861 4977
f 4979 4983 4977
f 4985 4857 4982
f 4871 4986 4872
f 4883 4989 4988
f 4985 4982 4988
f 4883 4886 4989
f 4857 4985 4860
f 4989 4990 4860
f 4991 4888 4990
f 4990 4886 4991
f 4992 4991 4902
f 4904 4992 4916
f 4890 4889 4891
f 4891 4889 4904
f 4761 4882 4900
f 4915 4912 4911
f 4903 4904 4918
f 4917 4923 4918
f 4994 4937 4792
f 4792 4900 4994
f 4920 4923 4921
f 4937 4996 4995
f 4949 4998 4933
f 4954 4934 4999
f 5000 4151 4956
f 4956 5001 5000
f 5004 4267 5003
f 4206 4205 4267
f 4213 5007 4153
f 1196 1243 4956
f 5008 5005 5006
f 4961 4957 4958
f 4958 5009 4961
f 1202 1262 1243
f 5007 5012 5011
f 5014 5015 4959
f 5009 5014 4961
f 5013 5014 5011
f 5017 5013 5016
f 5016 5012 5018
f 4960 5015 4962
f 5017 5015 5013
f 4817 4963 4966
f 5017 5016 5020
f 5021 5023 5022
f 5021 5022 5025
f 4966 5020 5025
f 5022 5027 5026
f 5029 5030 5024
f 5032 5033 5031
f 5033 5034 5031
f 5028 5035 5026
f 4966 5025 4967
f 5036 5037 5028
f 5038 5028 5027
f 5034 5038 5027
f 5028 5038 5039
f 5042 4973 5041
f 4967 5035 4969
f 4969 5037 5041
f 5044 5045 5043
f 5044 5047 5045
f 5040 5049 5050
f 5051 5052 5039
f 5041 5036 5042
f 5054 5042 5053
f 5053 5052 5054
f 5056 5051 5040
f 5057 5058 5056
f 5060 5055 5059
f 5057 5061 5058
f 5063 5064 4972
f 4980 5064 4871
f 5064 5055 4986
f 5052 5051 5059
f 5066 5060 5065
f 5067 5068 5057
f 5061 5069 5062
f 4873 4872 5071
f 4986 5060 4987
f 5066 5072 4987
f 5066 5065 5072
f 5062 5070 5072
f 5074 5069 5068
f 5075 5076 5069
f 4881 5073 4882
f 5073 4881 5071
f 5073 5070 5077
f 5078 5079 5075
f 5080 4993 5077
f 5082 5078 5081
f 5084 5085 4994
f 4993 5080 5084
f 5080 5079 5084
f 5078 5082 5084
f 5087 5088 5086
f 5087 4996 5085
f 4997 4996 5086
f 5006 4205 5000
f 5000 5002 5006
f 4267 5004 5090
f 4268 5090 4269
f 5092 5093 5091
f 4269 5091 4270
f 5008 5002 5010
f 5096 5097 5095
f 5003 5099 5004
f 5100 5093 5099
f 1262 5097 5010
f 5096 5005 5097
f 5102 5099 5003
f 5003 5005 5096
f 5099 5102 5100
f 5102 5101 5019
f 5103 5098 1245
f 5098 5103 5095
f 5105 5103 1263
f 5095 5104 5096
f 5105 5107 5106
f 5096 5109 5101
f 5111 5110 5109
f 5018 5110 5112
f 5018 5019 5110
f 5106 5104 5105
f 1265 1266 5107
f 5107 5105 1265
f 5106 5108 5113
f 5113 5114 5106
f 5113 5115 5114
f 5096 5114 5109
f 5116 5117 5109
f 5016 5118 5021
f 5018 5119 5016
f 5119 5018 5112
f 5120 5121 5118
f 5120 5122 5121
f 5124 5125 1266
f 5126 5127 5113
f 5115 5129 5128
f 5023 5131 5024
f 5118 5121 5023
f 5131 5132 5029
f 5121 5123 5131
f 5134 5135 5123
f 5124 1267 5125
f 1267 1253 5136
f 5137 5126 5136
f 5126 5138 5127
f 5032 5030 5139
f 5139 5140 5032
f 5029 5133 5139
f 5135 5143 5132
f 5044 5043 5137
f 5137 1253 5044
f 5141 5145 5144
f 5144 5138 5146
f 5046 5147 5043
f 5148 5145 5140
f 5150 5151 5149
f 5144 5152 5033
f 5034 5152 5038
f 5152 5049 5038
f 5152 5144 5151
f 1268 5047 1252
f 1268 1269 5047
f 5146 5147 5151
f 5049 5152 5050
f 5048 5050 5150
f 5150 5149 5153
f 5154 5149 5155
f 5156 5056 5048
f 5158 5159 5157
f 1272 5158 1273
f 1274 1276 5159
f 5046 5045 5157
f 5158 1272 5159
f 5162 5157 5161
f 5147 5046 5162
f 5147 5162 5155
f 5161 5163 5164
f 5155 5164 5154
f 5067 5057 5156
f 5150 5153 5048
f 5160 5166 5161
f 5074 5068 5167
f 1276 1278 5160
f 1278 1282 5168
f 5160 5168 5166
f 5075 5069 5171
f 1283 1281 1285
f 5075 5171 5083
f 1288 1289 1283
f 5173 5174 5175
f 5169 1282 5175
f 5078 5075 5083
f 5082 5081 5088
f 1293 5173 1289
f 5173 5178 5177
f 5173 1293 5180
f 5181 5178 5180
f 5183 5128 5182
f 5185 5130 5184
f 5183 5117 5128
f 5111 5117 5112
f 5120 5186 5122
f 5187 5134 5122
f 5187 5186 5183
f 5187 5188 5134
f 5115 5128 5116
f 5134 5190 5135
f 5134 5189 5190
f 5192 5193 5184
f 5129 5115 5195
f 5195 5127 5148
f 5195 5192 5129
f 5143 5197 5133
f 5195 5196 5198
f 5127 5138 5145
f 5148 5140 5196
f 5142 5140 5139
f 5142 5199 5196
f 5165 5164 5200
f 5200 5067 5156
f 5153 5154 5165
f 5156 5153 5165
f 5166 5201 5163
f 5067 5200 5167
f 5202 5201 5170
f 5074 5167 5202
f 5202 5170 5203
f 5169 5204 5168
f 5204 5172 5203
f 5174 5205 5175
f 5083 5172 5206
f 5083 5206 5207
f 5169 5205 5204
f 5083 5207 5081
f 5208 5174 5177
f 5208 5177 5207
f 5179 5210 5177
f 5211 5179 5181
f 5176 5210 5212
f 5210 5179 5213
f 5187 5183 5188
f 5182 5130 5185
f 5188 5214 5189
f 5189 5215 5191
f 5197 5143 5191
f 5197 5191 5217
f 5193 5192 5218
f 5199 5142 5219
f 5217 5220 5197
f 5222 4416 5221
f 5223 5221 4411
f 4610 5224 5221
f 5224 5225 5222
f 5225 5224 5227
f 5230 5231 5229
f 4416 5222 4421
f 5226 5225 5232
f 5233 5235 5234
f 5225 5227 5233
f 5238 5239 5237
f 4610 5241 5224
f 5236 5228 5242
f 5228 5236 5227
f 5236 5242 5239
f 5245 5240 5244
f 4609 4541 5246
f 5248 5249 4611
f 5246 5247 5250
f 4609 5253 5252
f 5250 5253 5246
f 4404 4610 5223
f 4610 4609 5241
f 5241 5252 5255
f 5228 5241 5256
f 5255 5257 5256
f 5254 5259 5255
f 5243 5228 5256
f 5261 5242 5260
f 5258 5262 5256
f 5262 5260 5243
f 5263 5244 5261
f 5265 5263 5264
f 5265 5264 5266
f 5251 5247 5249
f 5250 5251 5268
f 5248 4672 5249
f 5251 5249 4671
f 4674 5251 4671
f 5253 4687 5254
f 5268 4674 4687
f 5259 5254 4686
f 5269 5258 5257
f 5271 4686 5270
f 4686 5267 5269
f 5267 5264 5260
f 5267 5260 5272
f 4686 5273 5267
f 5275 5266 5274
f 5277 5266 5276
f 4765 4906 4781
f 5279 5271 5278
f 4781 4905 5280
f 5280 5281 5278
f 5283 5279 5282
f 5284 5273 5279
f 5284 5285 5273
f 5279 5283 5284
f 5285 5284 5287
f 5288 5275 5285
f 5289 5288 5287
f 4936 4951 5282
f 4950 5286 4951
f 5287 5286 4953
f 4935 5290 4952
f 5287 4953 5289
f 5293 5294 5292
f 5296 5293 5292
f 5298 5299 5297
f 5298 5297 5295
f 5298 5300 5299
f 5302 5303 5301
f 5304 5305 5301
f 4326 5306 4324
f 4329 5307 4325
f 5310 5311 5309
f 4328 4332 4330
f 5314 5315 4331
f 5313 5314 4330
f 5317 5318 4326
f 5317 5308 5319
f 5317 4326 5308
f 5308 5307 5320
f 4329 4325 4318
f 5317 5319 5318
f 5316 5307 4331
f 5316 5315 5322
f 5324 5319 5320
f 5326 5324 5325
f 5321 5319 5327
f 5327 5324 5328
f 5330 5325 5329
f 5322 5329 5316
f 5329 5331 5330
f 5325 5330 5326
f 5333 5335 5334
f 5338 5331 5337
f 5335 5332 5339
f 5332 5331 5339
f 5331 5338 5340
f 5343 5344 5342
f 5343 5342 5346
f 5339 5345 5348
f 5347 5342 5349
f 5351 5350 5345
f 5345 5339 5351
f 5352 5353 5350
f 5346 5347 5354
f 5343 5346 5356
f 5346 5354 5356
f 5349 5358 5347
f 5357 5293 5359
f 5355 5293 5354
f 5305 5361 5360
f 5296 5360 5359
f 5304 5301 5363
f 5361 5305 5304
f 5364 5365 5366
f 5303 5367 5363
f 4422 4570 4417
f 5306 5318 5369
f 5369 5370 5306
f 5327 5371 5321
f 5369 5321 5373
f 5372 5371 5374
f 5328 5334 5375
f 5327 5328 5371
f 5376 5377 1841
f 1842 5377 1843
f 5378 5379 5336
f 5339 5378 5335
f 5380 5381 5336
f 5382 5378 5348
f 5383 5379 5378
f 5357 5384 5382
f 5357 5382 5356
f 5384 5386 5385
f 5389 5384 5388
f 5390 5391 5389
f 5393 5362 5392
f 5359 5362 5357
f 5390 5388 5393
f 5394 5395 5392
f 5304 5366 5361
f 5366 5397 5396
f 5399 5397 5365
f 5401 5402 5400
f 5368 5404 5403
f 5403 5365 5364
f 5402 5406 5399
f 5399 5365 5402
f 5409 5410 5408
f 5408 5401 5411
f 5412 5413 5411
f 5415 4560 4562
f 5417 5415 5416
f 1086 1085 5417
f 1084 4560 1085
f 4568 4567 4563
f 4569 4570 5418
f 4572 4569 5418
f 1855 1861 1856
f 1856 1896 5417
f 5420 5421 4565
f 5423 5424 5422
f 1857 1856 5416
f 5416 4566 1857
f 5427 1858 5426
f 5421 5429 5428
f 5421 5420 5429
f 5431 5432 5429
f 5373 5422 5369
f 5373 5433 5422
f 5372 5434 5373
f 5433 5435 5423
f 5437 5435 5434
f 1864 1859 1858
f 1841 1864 5376
f 5427 5438 1858
f 5428 5430 5439
f 5441 5442 5443
f 5445 5440 5444
f 5372 5374 5434
f 5434 5447 5437
f 5447 5449 5448
f 5441 5445 5442
f 5374 5375 5452
f 5449 5381 5450
f 1844 1843 1866
f 5454 1869 1902
f 5454 1902 5455
f 1903 5377 1902
f 5381 5380 5456
f 5380 5379 5456
f 5457 5458 5456
f 5383 5387 5459
f 5457 5379 5459
f 5461 5459 5460
f 5459 5461 5457
f 1873 1870 5454
f 1873 5454 5462
f 5463 1874 5462
f 5387 5386 5460
f 5464 5465 5460
f 5466 1876 5463
f 1883 5467 5466
f 5391 5468 5469
f 5391 5390 5470
f 5471 5465 5470
f 5395 5390 5393
f 5394 5396 5472
f 5474 5473 5398
f 5407 5475 5398
f 5407 5406 5475
f 5475 5410 5476
f 5478 5409 5411
f 5410 5409 5477
f 5480 5479 5478
f 5411 5414 5478
f 5483 5481 5482
f 5480 5478 5484
f 5485 5484 5483
f 4566 5416 4561
f 4564 4567 4561
f 4556 4697 4563
f 4697 5486 4568
f 4697 4699 5486
f 4615 4697 4557
f 5488 4573 5419
f 4566 5421 5426
f 4565 5486 5420
f 5489 5431 5487
f 5436 5488 5419
f 5488 5491 5492
f 5431 5489 5432
f 5488 5436 5493
f 5435 5437 5493
f 5428 5439 5426
f 5444 5446 5495
f 5437 5448 5494
f 5494 5496 5497
f 5493 5494 5499
f 5443 5442 5500
f 5439 5443 5426
f 5502 5376 5500
f 5445 5444 5451
f 5451 5503 5504
f 5448 5450 5496
f 5455 5377 5502
f 5500 5438 5443
f 5502 5506 5455
f 5502 5508 5506
f 5501 5504 5508
f 5508 5505 5509
f 5458 5498 5453
f 5497 5498 5510
f 5506 5512 5507
f 5515 5513 5514
f 5507 5517 5516
f 5515 5517 5513
f 5509 5519 5514
f 5509 5505 5519
f 5521 5522 5461
f 5521 5523 5522
f 5462 5525 5463
f 5525 5462 5507
f 5528 5518 5527
f 5518 5529 5516
f 5507 5516 5525
f 5517 5515 5527
f 5527 5519 5531
f 5532 5533 5521
f 5463 5526 5466
f 5535 5536 5537
f 5530 5529 5535
f 5525 5530 5526
f 5538 5528 5539
f 5471 5521 5465
f 5541 5534 5537
f 1883 5466 5534
f 5534 5542 1884
f 5536 5543 5537
f 5544 5545 5535
f 5547 5545 5546
f 5390 5395 5549
f 1891 5542 1889
f 5541 5550 5534
f 5550 5541 5551
f 5543 5547 5551
f 5551 5552 5553
f 5547 5546 5552
f 5394 5556 5395
f 5556 5557 5549
f 1895 1908 1893
f 5550 5559 5542
f 5552 5555 5554
f 5550 5551 5559
f 5553 5554 5561
f 5559 5553 5562
f 5564 5473 5563
f 5565 5556 5472
f 1895 5559 5566
f 1895 5566 5567
f 5566 5562 5569
f 5570 5571 5569
f 5560 5570 5561
f 5570 5560 5573
f 5475 5476 5474
f 5576 5577 5575
f 5565 5472 5564
f 1916 1917 5578
f 5579 5578 5568
f 5580 5579 5568
f 5579 5580 5581
f 5572 5571 5580
f 5580 5582 5581
f 5474 5574 5563
f 5584 5574 5476
f 5479 5584 5477
f 5586 5587 5585
f 5581 5583 5588
f 5588 5589 5585
f 5591 5584 5480
f 5592 1921 1918
f 5586 5593 5587
f 5586 5595 5593
f 5585 5596 5586
f 5480 5484 5485
f 5597 5598 5485
f 5599 4698 4799
f 5601 5602 5600
f 5604 5605 5490
f 4802 4702 5605
f 4701 4573 5488
f 5495 5603 5606
f 5607 5604 5492
f 5495 5489 5487
f 4698 5603 4699
f 5488 5493 5491
f 5608 5493 5499
f 5610 5611 5609
f 5614 5611 5613
f 5616 5495 5615
f 5613 5617 5614
f 5613 5499 5617
f 5618 5619 5614
f 5621 5622 5619
f 5495 5616 5444
f 5616 5623 5520
f 5510 5511 5625
f 5510 5618 5497
f 5627 5621 5510
f 5510 5625 5627
f 5627 5629 5622
f 5627 5628 5629
f 5616 5520 5503
f 5625 5626 5628
f 5632 5634 5635
f 5511 5522 5626
f 5634 5524 5636
f 5634 5636 5635
f 5520 5638 5531
f 5640 5533 5639
f 5636 5523 5640
f 5640 5641 5636
f 5643 5637 5642
f 5539 5540 5544
f 5644 5645 5558
f 5646 5647 5642
f 5639 5645 5642
f 5646 5645 5648
f 5646 5648 5647
f 5545 5544 5548
f 5548 5555 5546
f 5650 5651 5557
f 5649 5648 5652
f 5653 5654 5652
f 5650 5557 5655
f 5652 5651 5653
f 5656 5653 5655
f 5653 5656 5654
f 5565 5564 5658
f 5658 5659 5660
f 5556 5565 5655
f 5656 5655 5660
f 5660 5661 5657
f 5573 5582 5570
f 5564 5563 5659
f 5563 5575 5662
f 5661 5659 5663
f 5663 5662 5664
f 5576 5575 5665
f 5667 5668 5666
f 5583 5582 5573
f 5672 5668 5671
f 5591 5673 5584
f 5574 5584 5665
f 5671 5673 5672
f 5675 5590 5670
f 5675 5596 5590
f 5677 5598 5676
f 5676 5678 5677
f 5600 5603 5599
f 4799 4798 5599
f 5680 5600 5679
f 5679 5681 5680
f 5681 5683 5682
f 5605 5685 4802
f 5686 5685 5604
f 5685 4807 4803
f 5687 5688 5686
f 4808 4807 5686
f 5606 5602 5689
f 5690 5601 5680
f 5689 5601 5691
f 5690 5692 5691
f 5686 5604 5687
f 5687 5612 5688
f 5688 5694 5695
f 5606 5689 5615
f 5697 5689 5698
f 5694 5620 5699
f 5620 5694 5612
f 5616 5701 5700
f 5615 5697 5703
f 5705 5706 5704
f 5708 5709 5706
f 5622 5630 5619
f 5616 5700 5623
f 5703 5710 5615
f 5616 5710 5701
f 5710 5703 5707
f 5623 5700 5711
f 5701 5707 5712
f 5712 5713 5701
f 5711 5702 5714
f 5715 5716 5714
f 5717 5718 5711
f 5631 5633 5719
f 5720 5629 5719
f 5720 5721 5629
f 5643 5633 5637
f 5624 5722 5520
f 5624 5623 5718
f 5624 5718 5723
f 5723 5725 5724
f 5718 5717 5723
f 5727 5728 5643
f 5638 5722 5729
f 5724 5726 5729
f 5731 5727 5643
f 5643 5647 5649
f 5548 5638 5732
f 5733 5730 5649
f 5735 5736 5734
f 5733 5649 5735
f 5649 5654 5736
f 5573 5548 5739
f 5740 5738 5657
f 5573 5560 5555
f 5661 5741 5657
f 5743 5744 5742
f 5746 5741 5663
f 5741 5746 5740
f 5589 5583 5670
f 5749 5670 5748
f 5670 5749 5675
f 4808 5751 4809
f 4809 5751 4944
f 4943 5753 4941
f 5752 5754 5753
f 5752 5751 5754
f 5753 4943 5752
f 4998 4949 4946
f 5755 4998 4946
f 5756 5290 4954
f 4954 4999 5756
f 5757 4999 5755
f 5684 5693 5682
f 5683 4938 4995
f 5688 5695 4808
f 5754 5695 5758
f 5754 5758 4948
f 5696 5759 5758
f 5760 4945 5759
f 5290 5756 5761
f 5760 5763 5762
f 5762 5761 5757
f 5757 5755 5762
f 5763 5760 5765
f 5768 5693 5767
f 5769 5766 5759
f 5769 5759 5770
f 5765 5766 5771
f 5773 5765 5772
f 5760 5755 4945
f 5709 5708 5767
f 5684 5774 5767
f 5777 5774 5776
f 5768 5708 5698
f 5721 5778 5630
f 5779 5770 5699
f 5772 5771 5778
f 5773 5772 5781
f 5773 5782 5765
f 5784 5773 5783
f 5785 5709 5775
f 5785 5775 5786
f 5787 5775 5777
f 5786 5787 5715
f 5778 5721 5772
f 5721 5720 5781
f 5783 5773 5789
f 5716 5790 5717
f 5788 5790 5715
f 5791 5720 5719
f 5791 5793 5792
f 5795 5796 5794
f 5792 5794 5789
f 5725 5798 5726
f 5788 5798 5790
f 5727 5800 5728
f 5796 5795 5800
f 5794 5793 5795
f 5797 5801 5789
f 5802 5800 5731
f 5802 5803 5800
f 5802 5731 5804
f 5796 5803 5797
f 5803 5806 5805
f 5803 5802 5806
f 5808 5729 5799
f 5798 5809 5799
f 5804 5730 5810
f 5806 5811 5807
f 5807 5811 5812
f 5810 5814 5813
f 5814 5810 5735
f 5815 5732 5808
f 5816 5817 5737
f 5735 5734 5814
f 5817 5812 5814
f 5816 5819 5818
f 5739 5732 5821
f 5823 5738 5822
f 5737 5736 5823
f 5824 5825 5819
f 5827 5821 5826
f 5829 5739 5827
f 5829 5748 5739
f 5748 5829 5749
f 5829 5827 5830
f 5750 5749 5832
f 5830 5831 5832
f 5835 5683 5834
f 5683 5835 5684
f 5836 5838 5837
f 5684 5836 5776
f 5776 5840 5777
f 5842 5787 5841
f 5787 5842 5788
f 5843 5844 5788
f 5842 5845 5843
f 5815 5808 5847
f 5815 5847 5848
f 5850 5815 5848
f 5827 5851 5831
f 5827 5853 5851
f 5827 5826 5853
f 5857 5833 5856
f 5833 5831 5858
f 5835 5834 5859
f 4997 5086 5860
f 5086 5089 5861
f 5089 5212 5862
f 5861 5862 5864
f 5835 5859 5836
f 5859 5860 5864
f 5865 5838 5864
f 5866 5839 5865
f 5865 5867 5866
f 5866 5869 5839
f 5840 5837 5870
f 5840 5870 5871
f 5872 5870 5873
f 5872 5873 5874
f 5845 5842 5876
f 5876 5871 5874
f 5877 5878 5875
f 5846 5879 5843
f 5844 5843 5880
f 5880 5809 5844
f 5882 5883 5881
f 5809 5880 5885
f 5880 5881 5885
f 5828 5821 5850
f 5855 5826 5828
f 5887 5888 5886
f 5212 5089 5176
f 2106 2108 5890
f 5890 5180 2106
f 5864 5863 5865
f 5887 5886 2110
f 5868 5892 5891
f 5894 5887 2134
f 5894 5895 5887
f 2134 2114 5894
f 5868 5891 5877
f 5866 5868 5869
f 5897 5878 5896
f 5873 5869 5877
f 2113 5898 5894
f 5898 2140 2139
f 5898 2113 2140
f 2144 2145 2142
f 5899 5900 5897
f 5879 5878 5843
f 5882 5881 5897
f 5902 5903 2145
f 5904 5905 5882
f 5883 5907 5884
f 5882 5909 5883
f 5911 5848 5910
f 5882 5906 5909
f 5912 5911 5909
f 5914 5906 5913
f 5828 5911 5915
f 5848 5911 5850
f 5912 5917 5916
f 5828 5915 5919
f 5912 5916 5920
f 5920 5921 5919
f 5916 5922 5920
f 5924 5925 5923
f 5916 5918 5922
f 5922 5924 5921
f 5926 5852 5923
f 5926 5928 5852
f 5930 5931 5926
f 5932 5930 5925
f 5858 5933 5856
f 5933 5858 5929
f 5929 5928 5933
f 5930 5935 5936
f 5180 5937 5181
f 5937 5938 5211
f 5938 5939 5863
f 5868 5867 5892
f 5937 5940 5938
f 5940 5889 5939
f 5889 5940 5886
f 5893 5892 5888
f 5887 5895 5941
f 5944 5893 5943
f 5893 5944 5891
f 5898 5942 5894
f 5945 5946 5942
f 5896 5945 5897
f 5896 5944 5946
f 5941 5946 5943
f 5945 5942 5899
f 5882 5900 5904
f 5899 5898 5903
f 5902 5904 5903
f 5903 5900 5899
f 2122 5947 2145
f 5901 5905 5902
f 2121 5948 2122
f 5950 5901 5949
f 5950 5913 5901
f 5950 5951 5913
f 5952 5951 5949
f 2153 5953 2121
f 5949 5947 5952
f 5948 5954 5952
f 5914 5951 5954
f 5954 5912 5914
f 5955 5954 5953
f 5917 5955 5918
f 5955 5917 5954
f 2153 2154 2165
f 2153 5956 5953
f 5927 5918 5957
f 5957 5956 2165
f 5958 5924 5927
f 5957 2165 5959
f 5927 5957 5958
f 5960 5961 5959
f 5961 5925 5958
f 2164 5960 5959
f 2164 2159 2163
f 2163 5962 2164
f 5932 5964 5963
f 2163 5966 5962
f 2163 2162 5966
f 5962 5967 5964
f 5967 5966 5968
f 5969 5965 5968
f 5971 5972 5970
f 5973 5974 5970
f 5975 5974 5976
f 5970 5975 5337
f 5977 5979 5978
f 5977 5341 5976
f 5340 5341 5978
f 5981 5982 5979
f 5340 5978 5352
f 5984 5983 5980
f 5986 5987 5985
f 5983 5984 5986
f 5986 5353 5983
f 5985 5989 5986
f 5991 5992 5990
f 5987 5993 5988
f 5990 5989 5991
f 5988 5995 5991
f 5994 5996 5988
f 5995 5997 5992
f 5997 5995 5996
f 6000 6001 5999
f 5999 6003 6002
f 6005 6000 6002
f 6004 6003 6006
f 6008 6009 6007
f 6002 6004 6008
f 6008 6011 6009
f 6014 6010 6013
f 6016 6013 6015
f 6019 6020 6021
f 6022 6023 5404
f 6020 6025 6024
f 6027 6028 6026
f 6019 6029 6020
f 6031 6032 6030
f 6026 6025 6034
f 6036 6027 6034
f 6037 6035 6029
f 6038 6039 6032
f 6039 6040 6032
f 6042 6034 6041
f 6043 6044 6041
f 6042 6044 6036
f 6035 6037 6041
f 6048 6049 6047
f 6047 6050 6039
f 6052 6053 6051
f 6044 6043 6052
f 6051 6045 6052
f 5315 6055 6056
f 5314 5309 5315
f 5323 6056 5971
f 5329 5971 5337
f 5329 5322 5971
f 6055 6057 5973
f 5972 6056 6055
f 6058 5981 5973
f 5984 5980 6059
f 5982 5981 6060
f 5294 5358 5295
f 5340 5352 5351
f 6059 5993 5984
f 6062 6059 6061
f 5993 6059 6063
f 5353 5989 5349
f 6006 5996 6064
f 6065 5994 6063
f 6066 6064 6065
f 6068 6066 6067
f 5992 6069 5295
f 6070 6006 6066
f 5300 6005 6010
f 6069 6001 6005
f 6005 5300 6069
f 6072 6073 6071
f 6071 6074 6075
f 6012 6018 6009
f 6006 6070 6004
f 6012 6011 6077
f 6079 6080 6078
f 6009 6017 6013
f 6013 6016 6014
f 6018 6012 6081
f 6082 6019 6081
f 6083 6082 6080
f 5367 6084 5368
f 5404 6084 6022
f 6027 6031 6028
f 6031 6027 6038
f 6023 6022 6028
f 6029 6019 6085
f 6086 6037 6085
f 6085 6082 6087
f 6086 6085 6088
f 5400 5403 6030
f 6037 6086 6046
f 6090 6086 6088
f 6090 6088 6091
f 6090 6093 6086
f 6094 6093 6091
f 6050 6095 6040
f 6040 6096 6033
f 6039 6038 6047
f 6036 6045 6038
f 6098 6099 6089
f 6099 6098 6100
f 6103 6098 6102
f 6104 6105 6100
f 6100 6101 6104
f 5312 5311 6108
f 5312 6108 6109
f 6109 6110 5312
f 6109 6111 6110
f 6113 6111 6109
f 6113 5237 6111
f 5240 6115 5237
f 5309 5312 6055
f 6117 6118 6116
f 6117 6120 6118
f 6112 6122 6117
f 6123 6124 6122
f 6057 6110 6119
f 6125 6058 6119
f 6127 6128 6126
f 6126 6118 6129
f 6126 6129 6127
f 6129 6121 6131
f 6133 6134 6127
f 6125 6128 6058
f 6134 6135 6128
f 6133 6136 6134
f 6138 6139 6137
f 6142 6136 6133
f 6136 6142 6138
f 6130 6141 6127
f 6060 6140 5982
f 6060 6135 6140
f 6139 6145 6144
f 6148 6149 6150
f 6061 6140 6144
f 6061 6144 6151
f 6151 6144 6152
f 6153 6062 6151
f 6067 6065 6063
f 6151 6152 6153
f 6153 6154 6155
f 6062 6153 6067
f 6067 6155 6068
f 6157 6155 6158
f 6068 6157 6072
f 6159 6160 6074
f 6161 6162 6076
f 6160 6159 6163
f 6076 6074 6160
f 6160 6165 6076
f 6162 6161 6079
f 6080 6079 6166
f 6165 6168 6161
f 6169 6083 6167
f 6083 6169 6087
f 6165 6171 6168
f 6172 6167 6168
f 6172 6170 6169
f 6088 6087 6092
f 5400 6096 5401
f 6173 6174 6091
f 6095 6175 6096
f 6102 6176 6103
f 6102 6094 6176
f 5412 6175 5413
f 5240 5245 6115
f 6123 5245 6179
f 6124 6123 6132
f 6132 6121 6124
f 6149 6131 6181
f 6149 6148 6130
f 6142 6147 6143
f 6182 6183 6150
f 6146 6150 6154
f 6183 6184 6154
f 6156 6186 6185
f 6184 6188 6156
f 6159 6185 6164
f 6156 6185 6158
f 6160 6163 6165
f 6171 6163 6190
f 6192 6172 6190
f 6170 6194 6193
f 6192 6194 6172
f 6193 6195 6173
f 6173 6196 6174
f 6199 6177 6198
f 6176 6174 6197
f 6201 6199 6200
f 5244 5263 5245
f 6181 6132 6202
f 5263 5265 6180
f 6180 6203 6179
f 6203 5277 6204
f 6204 6206 6179
f 6206 6204 6207
f 6208 6181 6202
f 6206 6209 6202
f 6181 6208 6149
f 6210 6208 6211
f 6212 6213 6211
f 6213 6214 6215
f 6210 6211 6216
f 6217 6182 6210
f 6149 6182 6150
f 6216 6218 6217
f 6217 6220 6219
f 6182 6217 6183
f 6223 6220 6224
f 6184 6225 6188
f 6228 6226 6227
f 6223 6229 6221
f 6230 6231 6229
f 6186 6188 6232
f 6233 6232 6228
f 6186 6232 6187
f 6233 6228 6235
f 6185 6187 6236
f 6237 6189 6236
f 6236 6234 6238
f 6240 6239 6235
f 6241 6242 6238
f 6237 6244 6189
f 6244 6245 6191
f 6244 6237 6247
f 6244 6247 6245
f 6191 6248 6190
f 6249 6248 6246
f 6250 6251 6246
f 6250 6252 6251
f 6192 6254 6194
f 6192 6190 6248
f 6248 6249 6256
f 6253 6258 6257
f 6259 6254 6257
f 6195 6194 6260
f 6262 6260 6261
f 6254 6259 6255
f 6263 6264 6262
f 6261 6259 6266
f 6196 6195 6267
f 6267 6260 6265
f 6269 6267 6268
f 6270 6197 6269
f 6271 6198 6270
f 6272 6200 6271
f 6274 6271 6273
f 6201 6200 6276
f 6277 6276 6272
f 6278 6272 6274
f 6279 6280 6281
f 6274 6282 6278
f 6283 6213 6205
f 6285 6286 6284
f 5277 5276 6205
f 6205 6213 6212
f 6283 6288 6213
f 6290 6214 6289
f 6291 6292 6218
f 6218 6216 6215
f 6220 6217 6224
f 6222 6230 6223
f 6231 6293 6235
f 6293 6231 6294
f 6295 6296 6230
f 6293 6294 6241
f 6297 6294 6298
f 6242 6300 6299
f 6302 6303 6298
f 6303 6304 6297
f 6305 6252 6304
f 6300 6252 6301
f 6253 6252 6306
f 6308 6253 6307
f 6258 6308 6266
f 6258 6253 6308
f 6308 6309 6263
f 6311 6264 6310
f 5288 6286 5275
f 5276 6286 6285
f 5288 5289 6286
f 5291 6287 4952
f 6312 6284 5291
f 6314 6312 6313
f 6285 6284 6315
f 6205 6285 6283
f 6283 6315 6288
f 6315 6316 6317
f 6316 6319 6318
f 6320 6321 6318
f 6324 6325 6323
f 6326 6327 6322
f 6322 6321 6326
f 6214 6290 6291
f 6291 6327 6329
f 6325 6324 6330
f 6325 6321 6314
f 6325 6330 6332
f 6224 6218 6334
f 6336 6337 6335
f 6329 6326 6325
f 6222 6224 6338
f 6224 6334 6336
f 6335 6340 6339
f 6336 6335 6338
f 6331 6342 6341
f 6344 6339 6343
f 6339 6344 6338
f 6342 6331 6345
f 6222 6338 6344
f 6222 6346 6347
f 6230 6222 6295
f 6342 6346 6343
f 6348 6347 6342
f 6347 6348 6349
f 6345 6350 6342
f 6296 6295 6349
f 6351 6352 6348
f 6353 6354 6352
f 6349 6354 6296
f 6298 6354 6302
f 6354 6353 6302
f 6352 6351 6353
f 6356 6357 6353
f 6351 6348 6356
f 6360 6361 6362
f 6303 6302 6363
f 6364 6365 6363
f 6366 6363 6357
f 6366 6367 6363
f 6357 6356 6366
f 6358 6368 6366
f 6369 6370 6368
f 6304 6372 6305
f 6371 6372 6364
f 6372 6371 6373
f 6369 6375 6374
f 6377 6306 6373
f 6306 6377 6307
f 6380 6378 6379
f 6369 6381 6370
f 6379 6377 6373
f 6382 6380 6381
f 5746 5666 5747
f 6369 6368 6375
f 6384 6309 6383
f 6382 6385 6380
f 5747 5674 6387
f 5747 5669 5674
f 6389 5743 5740
f 6391 6392 6390
f 6395 6396 6397
f 6374 6395 6382
f 6384 6398 6309
f 6400 6398 6399
f 5674 6401 6388
f 5290 5761 5291
f 6313 5761 5764
f 5764 6403 6313
f 5782 6403 5763
f 6319 6312 6320
f 6314 6403 6323
f 6405 6404 5782
f 6407 6404 6406
f 6404 6407 6323
f 5783 6406 5784
f 6324 6409 6408
f 6409 6407 6411
f 6407 6409 6324
f 5801 6411 5783
f 6410 6409 6411
f 5797 5805 6413
f 6414 6408 6412
f 6410 5801 6412
f 6413 6416 6415
f 6415 6418 6412
f 6350 6345 6418
f 6417 6350 6415
f 5805 5807 6413
f 5807 5812 5818
f 6419 6361 6417
f 6417 6416 6419
f 6348 6350 6360
f 6420 5820 6421
f 6420 6416 5807
f 6421 6422 6420
f 6422 6423 6362
f 6421 6424 6422
f 6359 6358 6360
f 5825 6426 6425
f 6425 6427 5825
f 5745 6426 5824
f 6428 6423 6424
f 6359 6423 6429
f 6358 6359 6375
f 6428 6376 6429
f 6427 6425 6430
f 5743 6432 5744
f 6431 6425 6433
f 5745 5744 6426
f 6427 6434 6421
f 6374 6382 6369
f 6433 6432 6431
f 6431 6436 6430
f 6437 6438 6430
f 6438 6437 6439
f 6440 6441 6439
f 6434 6427 6438
f 6374 6443 6396
f 6376 6434 6374
f 6392 6436 6393
f 6444 6389 6393
f 6444 6436 6435
f 6440 6392 6441
f 6436 6392 6437
f 6443 6374 6439
f 5747 6387 6390
f 6445 6446 6391
f 6442 6441 6447
f 6397 6396 6448
f 6442 6449 6448
f 6442 6448 6439
f 6445 6387 6451
f 6451 6388 6452
f 6445 6451 6446
f 6451 6452 6447
f 6447 6454 6442
f 6456 6448 6450
f 6450 6457 6456
f 6456 6459 6448
f 6362 6361 6422
f 6461 6462 6460
f 6463 6464 6461
f 6465 6466 6463
f 5482 6462 5483
f 6467 6462 6468
f 5485 5483 6467
f 5485 6467 6469
f 6470 6468 6464
f 6470 6466 6471
f 6468 6470 6469
f 6473 6470 6474
f 6471 6472 6475
f 6471 6475 6474
f 1918 5594 5593
f 5578 5594 1916
f 5596 6478 5595
f 6481 6482 6480
f 6485 6482 6481
f 6485 6484 6486
f 6487 6488 6486
f 6484 6490 6487
f 2519 2521 2522
f 6492 6493 6488
f 6495 6493 6494
f 6495 6494 6496
f 5592 2506 1921
f 5675 6498 6478
f 5676 5598 6499
f 6501 6499 6500
f 5676 6499 5678
f 6501 6502 6499
f 6401 6502 6402
f 6479 6483 6504
f 5595 6479 5592
f 5592 6504 2506
f 6505 6506 6500
f 6508 6506 6507
f 6510 6508 6509
f 6506 6503 6501
f 6503 6506 6511
f 6512 2515 6504
f 6478 6480 6479
f 6513 6514 6480
f 6480 6478 6513
f 6486 6489 6512
f 6512 6504 6485
f 6481 6514 6484
f 2521 2516 6512
f 6491 6515 6487
f 6512 6489 6493
f 6512 6516 2521
f 6492 6488 6517
f 6512 6495 6516
f 6496 6497 6518
f 6494 6520 6497
f 6521 6520 6522
f 2526 2521 2542
f 6524 6525 2542
f 6527 6528 6526
f 6526 6519 6521
f 6526 6521 6529
f 2542 2534 2531
f 6530 6531 6525
f 2542 6516 6518
f 6524 6528 6530
f 6518 6519 6524
f 6527 6533 6528
f 6518 6524 2542
f 6534 6535 2543
f 6532 6536 6530
f 6532 6533 6536
f 6531 6536 6538
f 6536 6537 6539
f 6534 2543 6525
f 6539 6541 6538
f 6541 6542 6538
f 6534 6542 6535
f 2573 2548 6544
f 6545 6544 6543
f 6541 6539 6546
f 6548 6545 6546
f 6548 6546 6549
f 6551 6552 6550
f 6550 6553 6551
f 6548 6554 6545
f 6554 6555 6552
f 6556 6557 6554
f 2575 2577 2579
f 6544 6551 2573
f 6553 6550 6558
f 6553 6559 2574
f 6560 6559 6558
f 6558 6555 6561
f 6559 6560 6562
f 6562 6564 6559
f 6563 6565 6562
f 5675 5750 6566
f 5675 6566 6498
f 6566 6567 6568
f 6570 6498 6568
f 6498 6570 6513
f 6490 6514 6571
f 6490 6571 6491
f 6574 6575 6573
f 6520 6576 6523
f 6572 6576 6491
f 6520 6517 6576
f 6577 6527 6529
f 6523 6578 6577
f 6577 6540 6537
f 6533 6527 6537
f 6539 6540 6547
f 6581 6582 6549
f 6557 6583 6561
f 2585 2577 2734
f 6584 6560 6561
f 6585 6563 6584
f 6584 6583 6585
f 6563 6585 6565
f 6565 6587 6588
f 6585 6586 6587
f 6567 5750 6590
f 5833 6591 5832
f 6592 6569 6590
f 6591 6593 6590
f 6569 6594 6568
f 6595 6594 6592
f 6574 6596 6575
f 6596 6574 6570
f 6596 6594 6597
f 6574 6573 6598
f 6574 6598 6572
f 6573 6575 6600
f 6602 6603 6601
f 6604 6578 6598
f 6598 6599 6604
f 6605 6599 6606
f 6607 6608 6579
f 6608 6609 6579
f 6611 6612 6610
f 6611 6610 6608
f 6611 6608 6614
f 6615 6609 6613
f 6609 6615 6577
f 6615 6613 6616
f 6614 6617 6611
f 6617 6618 6612
f 6616 6619 6580
f 6540 6615 6580
f 6616 6618 6619
f 6549 6547 6581
f 6620 6621 6581
f 6557 6556 6622
f 6586 6583 6623
f 6583 6557 6624
f 6625 6626 6586
f 6591 5833 5857
f 6591 5857 6593
f 6627 6595 6593
f 5857 6628 6627
f 6627 6630 6595
f 6602 6631 6603
f 6607 6579 6606
f 6606 6631 6607
f 6607 6632 6614
f 6631 6634 6632
f 6618 6636 6619
f 6620 6637 6621
f 6620 6636 6637
f 6640 6621 6639
f 6624 6641 6623
f 6624 6622 6641
f 6642 6641 6644
f 6643 6646 6641
f 6586 6623 6647
f 6642 6644 6647
f 6586 6647 6625
f 6648 6649 6647
f 6650 6626 6649
f 6651 6628 5857
f 6627 6653 6652
f 6602 6630 6652
f 6602 6601 6630
f 6656 6602 6655
f 6602 6656 6631
f 6634 6656 6657
f 6633 6632 6659
f 6617 6614 6633
f 6638 6636 6633
f 6633 6660 6638
f 6663 6664 6662
f 6662 6638 6663
f 6638 6662 6637
f 6665 6648 6645
f 6665 6645 6646
f 6665 6646 6662
f 6665 6668 6667
f 6649 6648 6667
f 6667 6670 6649
f 6671 6672 6670
f 6673 6651 5934
f 6675 6676 6674
f 6675 6674 5935
f 5936 6674 6673
f 6673 6677 6651
f 6676 6629 6677
f 6675 5935 6678
f 6678 6680 6675
f 6683 6680 6682
f 6676 6653 6629
f 6675 6681 6676
f 6684 6654 6681
f 6683 6684 6680
f 6683 6685 6684
f 6683 6687 6685
f 6652 6654 6655
f 6656 6655 6658
f 6684 6686 6654
f 6686 6685 6690
f 6686 6690 6689
f 6690 6688 6691
f 6693 6694 6634
f 6693 6657 6695
f 6692 6696 6695
f 6697 6698 6696
f 6634 6694 6635
f 6701 6698 6700
f 6635 6699 6659
f 6694 6696 6699
f 6699 6701 6703
f 6659 6703 6660
f 6700 6704 6703
f 6661 6706 6705
f 6638 6661 6705
f 6663 6666 6708
f 6664 6663 6710
f 6712 6713 6711
f 6664 6710 6711
f 6715 6671 6714
f 2669 2668 5968
f 5930 6717 5935
f 5969 6718 6717
f 6717 5963 5969
f 5969 5968 6718
f 2671 2668 2667
f 2668 2671 6716
f 6678 6720 6682
f 6683 6722 6687
f 6683 6682 6722
f 6687 6723 6724
f 6687 6724 6688
f 6692 6726 6697
f 6728 6729 6726
f 6727 6702 6697
f 6700 6702 6730
f 6706 6661 6704
f 6700 6730 6704
f 6733 6734 6732
f 6736 6731 6732
f 6737 6738 6731
f 6740 6741 6739
f 6731 6738 6707
f 6737 6739 6738
f 6708 6709 6742
f 6744 6745 6743
f 6747 6748 6741
f 6710 6708 6748
f 6710 6748 6712
f 6749 6747 6746
f 6749 6713 6747
f 6746 6745 6749
f 6743 6746 6751
f 6750 6669 6713
f 6753 6745 6752
f 6752 6744 6754
f 6756 6750 6753
f 6752 6757 6758
f 6758 6714 6756
f 6757 6715 6758
f 6752 6759 6757
f 6714 6670 6756
f 6719 6720 6716
f 6719 6761 6720
f 2673 6762 6761
f 6761 6763 6722
f 2677 6764 2674
f 6765 6723 6763
f 6728 6764 2683
f 6725 6726 6724
f 6726 6725 6728
f 6729 2682 6766
f 2682 6729 2683
f 6766 2685 6767
f 6766 6727 6729
f 6733 6767 2698
f 2698 6734 6733
f 6702 6727 6766
f 6733 6732 6767
f 2697 2708 6734
f 6768 6736 6735
f 6768 6735 2708
f 6770 6771 6769
f 6771 6736 6768
f 6768 2708 6771
f 6772 6773 2702
f 6769 2707 2700
f 6774 6770 6773
f 6774 6773 6775
f 6772 6776 6775
f 6751 6740 6777
f 6751 6741 6740
f 6775 6740 6774
f 2702 2711 6776
f 2711 6778 6776
f 2711 2713 6778
f 2718 6754 2713
f 6780 2879 6779
f 6759 6752 6780
f 2879 2718 2717
f 6754 2718 2879
f 6782 6759 6781
f 6049 6048 6783
f 6785 6784 6097
f 6100 6054 6053
f 6787 6788 6786
f 6786 6789 6790
f 6791 6054 6100
f 6792 6791 6106
f 6794 6795 6793
f 6793 6791 6796
f 6798 6794 6797
f 6800 6801 6799
f 6801 6803 6802
f 6806 6807 6805
f 6807 6809 6808
f 6812 6809 6811
f 6783 6178 6175
f 6783 6784 6814
f 6097 6045 6785
f 6816 6817 6101
f 6819 6815 6818
f 6821 6819 6820
f 6784 6785 6818
f 6054 6789 6051
f 6820 6788 6822
f 6789 6788 6818
f 6819 6821 6823
f 6825 6796 6792
f 6827 6825 6106
f 6820 6822 6821
f 6829 6830 6822
f 6831 6829 6787
f 6787 6786 6831
f 6106 6105 6826
f 6825 6834 6835
f 6835 6834 6837
f 6838 6839 6830
f 6831 6840 6829
f 6842 6843 6840
f 6844 6845 6843
f 6798 6832 6794
f 6832 6798 6800
f 6831 6832 6840
f 6798 6797 6801
f 6835 6836 6846
f 6849 6804 6848
f 6850 6851 6844
f 6843 6842 6853
f 6855 6856 6853
f 6832 6800 6805
f 6802 6806 6799
f 6832 6805 6857
f 6849 6806 6804
f 6846 6804 6835
f 6853 6854 6855
f 6855 6858 6856
f 6860 6861 6859
f 6850 6856 6851
f 6857 6808 6862
f 6849 6863 6806
f 6849 6848 6863
f 6863 6864 6813
f 6864 6866 6865
f 6868 6858 6862
f 6869 6859 6868
f 6857 6854 6832
f 6870 6871 6810
f 6863 6813 6807
f 6865 6872 6813
f 6862 6871 6868
f 6874 6869 6873
f 6873 6871 6875
f 6875 6876 6873
f 6877 6870 6812
f 6809 6812 6810
f 6879 6880 6878
f 6870 6882 6875
f 6884 6885 6883
f 6876 6886 6887
f 6883 6882 6884
f 6877 6889 6870
f 6812 6811 6877
f 6885 6892 6891
f 6884 6888 6894
f 6877 6896 6889
f 6897 6888 6889
f 6898 6895 6897
f 6896 6877 6899
f 6901 6896 6900
f 6899 6880 6900
f 6892 6894 6903
f 6905 6904 6895
f 6903 6904 6906
f 6889 6896 6897
f 6900 6907 6901
f 6897 6901 6898
f 6910 6911 6909
f 6913 6465 6823
f 6783 6463 6178
f 6465 6463 6814
f 5413 6178 6460
f 6817 6914 6107
f 6817 6816 6915
f 6916 6917 6914
f 6465 6814 6819
f 6826 6917 6827
f 6916 6919 6918
f 6823 6476 6913
f 6922 6824 6921
f 6923 6924 6830
f 6821 6828 6824
f 6834 6825 6925
f 6834 6925 6926
f 6838 6927 6839
f 6838 6928 6927
f 6929 6928 6930
f 6928 6838 6852
f 6845 6844 6924
f 6861 6931 6851
f 6847 6836 6837
f 6847 6933 6846
f 6934 6935 6837
f 6847 6936 6933
f 6860 6937 6861
f 6939 6940 6938
f 6942 6937 6860
f 6860 6940 6941
f 6869 6874 6860
f 6867 6881 6865
f 6944 6945 6867
f 6876 6887 6874
f 6947 6948 6946
f 6893 6949 6938
f 6938 6950 6939
f 6890 6872 6899
f 6880 6879 6902
f 6945 6948 6881
f 6893 6938 6891
f 6953 6949 6893
f 6900 6902 6907
f 6952 6956 6955
f 6956 6878 6958
f 6956 6958 6957
f 6893 6892 6960
f 6893 6961 6962
f 6963 6964 6960
f 6895 6898 6905
f 6966 6909 6954
f 6957 6967 6955
f 6968 6967 6969
f 6965 6971 6905
f 6971 6963 6906
f 6971 6965 6972
f 6965 6911 6974
f 6911 6965 6912
f 6965 6974 6973
f 6909 6977 6976
f 6966 6980 6979
f 6909 6966 6977
f 6982 6977 6981
f 6968 6969 6954
f 6983 6980 6969
f 6983 6969 6984
f 6983 6985 6980
f 6972 6986 6971
f 6987 6988 6972
f 6988 6989 6986
f 6972 6973 6987
f 6992 6975 6978
f 6974 6910 6975
f 6993 6981 6985
f 6978 6994 6992
f 6199 6201 6915
f 6201 6275 6997
f 6918 6917 6916
f 6916 6201 6919
f 6475 6476 6998
f 6921 6999 6922
f 6927 7000 6921
f 7002 6999 7001
f 6920 6925 6918
f 6926 7003 6934
f 7006 7007 7005
f 7009 7001 7005
f 6926 6934 6834
f 6932 7010 6930
f 7010 6932 7011
f 6930 7007 6929
f 7008 7010 7012
f 6847 6935 6936
f 7015 7016 7014
f 7013 7018 6936
f 7013 6935 7015
f 7011 7019 7012
f 7021 7022 7020
f 6945 6944 7023
f 7019 6937 7021
f 6942 6941 7021
f 7025 7026 7024
f 6946 6945 7028
f 7029 7030 7031
f 7030 7033 7032
f 7025 7024 7028
f 6946 7024 6947
f 6950 6949 6951
f 6951 7036 6939
f 7029 6939 7030
f 7030 7036 7033
f 7038 7035 6953
f 6953 6962 7038
f 6951 7035 7036
f 7037 7035 7040
f 6959 6958 7041
f 7043 7041 7042
f 7041 6948 7044
f 7044 6947 7045
f 7047 7048 7046
f 7047 7049 7048
f 7051 6961 6964
f 7047 7052 7053
f 6970 6967 6959
f 6970 6959 7054
f 7041 7043 7055
f 7057 7058 7056
f 7051 6964 7056
f 7057 7060 7058
f 7052 7060 7053
f 6963 6971 6990
f 6990 7059 6963
f 6970 7062 6984
f 7064 6984 7063
f 7065 7062 7054
f 7062 7065 7063
f 7068 7069 7067
f 7070 7065 7069
f 6990 6989 7059
f 7071 7072 7057
f 7073 7074 7071
f 7075 7076 6989
f 6989 7073 7071
f 6975 6992 6973
f 6988 6987 7075
f 7077 6991 6973
f 6977 6982 6978
f 6982 6981 7078
f 7063 7079 7064
f 7079 6993 7064
f 6993 7079 7078
f 7066 7081 7063
f 7079 7081 7080
f 6989 7076 7083
f 6991 7077 7075
f 7077 7084 7075
f 7084 7085 7076
f 6992 6995 7077
f 6982 7078 7086
f 7087 7088 7086
f 7087 7078 7080
f 6473 5597 6469
f 6500 5597 6505
f 6275 6276 7089
f 7090 6997 7089
f 6997 7090 6996
f 6996 7091 7092
f 7094 7090 6280
f 6507 6505 6473
f 6996 7092 6919
f 7096 7095 7093
f 7095 7097 6919
f 6477 7098 7002
f 7002 6473 6477
f 6509 6507 7099
f 6473 7002 7099
f 7097 7095 7101
f 7101 7102 7103
f 7105 7103 7104
f 6999 7002 7098
f 7106 7100 7001
f 7003 7107 7004
f 7004 7108 7109
f 7001 7009 7106
f 7113 7111 7112
f 7017 7114 7014
f 7005 7008 7009
f 7013 7015 7116
f 7115 7117 7014
f 7116 7117 7118
f 7115 7114 7120
f 7020 7112 7012
f 7121 7122 7018
f 7122 7121 7123
f 7118 7125 7121
f 7031 7126 7022
f 7020 7128 7127
f 7122 7130 7023
f 7132 7133 7131
f 7135 7133 7123
f 7131 7136 7132
f 7020 7126 7128
f 7030 7032 7031
f 7034 7138 7032
f 7025 7028 7136
f 7141 7026 7140
f 7141 7142 7026
f 7140 7143 7141
f 7034 7033 7145
f 7027 7142 7045
f 7147 7148 7142
f 7034 7145 7138
f 7145 7151 7150
f 7146 7153 7045
f 7146 7148 7153
f 7154 7155 7153
f 7156 7042 7153
f 7049 7053 7157
f 7050 7151 7158
f 7151 7050 7157
f 7160 7043 7159
f 7161 7055 7160
f 7160 7159 7162
f 7160 7162 7161
f 7061 7060 7165
f 7061 7166 7157
f 7061 7165 7166
f 7151 7166 7152
f 7055 7161 7067
f 7171 7172 7170
f 7073 7083 7174
f 7074 7073 7174
f 7074 7174 7176
f 7176 7177 7178
f 7180 7181 7178
f 7182 7183 7179
f 7081 7066 7184
f 7082 7081 7186
f 7187 7188 7184
f 7189 7190 7187
f 7192 7190 7191
f 7185 7068 7173
f 7184 7185 7187
f 7172 7189 7173
f 7194 7175 7085
f 7194 7195 7183
f 7084 7196 7085
f 7194 7196 7195
f 7088 7087 7198
f 7199 7082 7192
f 7201 7196 7198
f 7201 7198 7199
f 7201 7199 7191
f 7202 7197 7201
f 7082 7186 7200
f 7087 7080 7199
f 7203 6511 6510
f 6402 6503 7204
f 6510 6509 7205
f 7207 7208 7206
f 7209 7204 7203
f 6510 7205 7203
f 7210 7209 7208
f 7100 7106 7206
f 7211 7212 7206
f 7207 7212 7213
f 7214 7216 7215
f 7218 7211 7111
f 7211 7219 7212
f 7211 7218 7219
f 7218 7111 7113
f 7222 7113 7221
f 7223 7224 7222
f 7113 7222 7218
f 7225 7216 7223
f 7226 7227 7125
f 7124 7228 7229
f 7226 7125 7119
f 7127 7113 7020
f 7231 7232 7230
f 7233 7234 7133
f 7227 7235 7124
f 7127 7129 7231
f 7236 7129 7237
f 7237 7239 7236
f 7135 7229 7133
f 7137 7241 7238
f 7241 7243 7242
f 7245 7246 7243
f 7144 7247 7248
f 7134 7234 7143
f 7247 7144 7249
f 7250 7251 7249
f 7138 7245 7139
f 7245 7138 7149
f 7149 7252 7246
f 7252 7149 7253
f 7150 7254 7145
f 7255 7253 7150
f 7248 7154 7148
f 7257 7154 7248
f 7248 7247 7258
f 7256 7248 7260
f 7261 7252 7253
f 7168 7262 7152
f 7264 7261 7263
f 7252 7261 7265
f 7256 7267 7257
f 7269 7270 7256
f 7256 7260 7268
f 7270 7272 7256
f 7166 7167 7168
f 7273 7274 7168
f 7263 7255 7152
f 7275 7276 7274
f 7274 7264 7262
f 7261 7264 7277
f 7280 7281 7279
f 7267 7272 7172
f 7283 7284 7172
f 7284 7283 7285
f 7181 7273 7178
f 7275 7274 7181
f 7288 7289 7287
f 7289 7180 7290
f 7180 7289 7181
f 7276 7275 7288
f 7288 7291 7276
f 7292 7278 7276
f 7293 7294 7202
f 7294 7293 7295
f 7297 7291 7287
f 7296 7298 7295
f 7300 7301 7298
f 7302 7303 7296
f 7304 7305 7201
f 7305 7307 7306
f 7307 7308 7281
f 7306 7281 7309
f 7311 7202 7306
f 7302 7313 7312
f 7302 7315 7313
f 7191 7193 7304
f 7316 7193 7317
f 7304 7316 7305
f 7317 7284 7318
f 7318 7307 7317
f 7318 7285 7308
f 7195 7290 7183
f 7195 7197 7297
f 7294 7319 7197
f 7201 7191 7304
f 7202 7311 7293
f 6388 6402 6453
f 7209 7320 7204
f 7215 7210 7214
f 7321 7217 7225
f 7323 7232 7322
f 7325 7326 7324
f 7232 7323 7223
f 7329 7322 7328
f 7332 7333 7331
f 7332 7331 7334
f 7335 7228 7331
f 7333 7336 7331
f 7239 7330 7240
f 7239 7242 7337
f 7239 7337 7330
f 7339 7336 7338
f 7342 7343 7341
f 7338 7344 7339
f 7335 7336 7345
f 7234 7233 7346
f 7335 7345 7348
f 7246 7349 7244
f 7352 7353 7351
f 7347 7345 7346
f 7346 7355 7234
f 7355 7346 7356
f 7356 7357 7355
f 7358 7250 7355
f 7360 7246 7359
f 7246 7360 7349
f 7352 7362 7353
f 7342 7363 7343
f 7357 7356 7365
f 7366 7343 7364
f 7250 7358 7251
f 7369 7258 7259
f 7367 7358 7365
f 7367 7365 7259
f 7372 7373 7371
f 7351 7354 7374
f 7374 7375 7351
f 7378 7379 7377
f 7370 7365 7366
f 7381 7378 7380
f 7370 7366 7380
f 7368 7382 7369
f 7380 7368 7370
f 7265 7266 7383
f 7383 7384 7385
f 7386 7384 7387
f 7388 7389 7372
f 7392 7393 7390
f 7394 7388 7371
f 7396 7397 7395
f 7400 7280 7399
f 7377 7402 7401
f 7280 7379 7404
f 7402 7377 7400
f 7403 7405 7269
f 7405 7400 7406
f 7407 7408 7278
f 7409 7391 7387
f 7393 7410 7390
f 7393 7300 7411
f 7398 7397 7390
f 7391 7390 7389
f 7393 7392 7413
f 7280 7415 7281
f 7404 7415 7280
f 7393 7411 7410
f 7418 7415 7417
f 7398 7410 7417
f 7286 7279 7285
f 7283 7419 7286
f 7297 7420 7291
f 7278 7292 7407
f 7420 7421 7292
f 7421 7413 7407
f 7298 7303 7300
f 7301 7421 7299
f 7319 7299 7297
f 7412 7303 7312
f 7313 7311 7309
f 7416 7411 7312
f 7312 7314 7416
f 7314 7310 7418
f 6442 6455 7422
f 7425 6455 7424
f 6455 7425 7423
f 7427 7428 6457
f 7425 7429 7427
f 6454 7320 7215
f 6452 6453 6454
f 7429 7425 7430
f 7215 7320 7210
f 6454 7217 6455
f 7325 7426 7217
f 7432 7433 7431
f 7433 7435 7434
f 7327 7326 7436
f 7426 7325 7438
f 7426 7438 7431
f 7431 7439 7432
f 7441 7442 7439
f 7326 7325 7321
f 7324 7441 7438
f 7444 7445 7443
f 7323 7447 7225
f 7437 7326 7447
f 7447 7329 7437
f 7446 7327 7448
f 7443 7446 7449
f 7436 7450 7448
f 7452 7453 7451
f 7454 7452 7450
f 7452 7454 7453
f 7437 7456 7455
f 7437 7329 7456
f 7437 7455 7436
f 7459 7450 7458
f 7459 7460 7450
f 7462 7460 7461
f 7338 7462 7344
f 7328 7330 7464
f 7328 7464 7457
f 7457 7464 7465
f 7465 7362 7457
f 7466 7467 7455
f 7352 7466 7362
f 7467 7466 7468
f 7470 7461 7468
f 7469 7471 7468
f 7342 7473 7472
f 7463 7462 7470
f 7350 7361 7465
f 7376 7475 7351
f 7472 7471 7475
f 7342 7472 7363
f 7476 7472 7376
f 7477 7478 7359
f 7474 7478 7353
f 7354 7478 7477
f 7360 7478 7361
f 7364 7363 7479
f 7479 7476 7480
f 7479 7480 7481
f 7354 7477 7371
f 7477 7359 7482
f 7385 7482 7383
f 7385 7394 7482
f 7483 7375 7373
f 7366 7481 7381
f 7396 7395 7378
f 7396 7378 7484
f 7483 7373 7397
f 7375 7483 7481
f 7388 7394 7386
f 7398 7417 7395
f 7485 6564 6588
f 6588 7486 7485
f 6564 7485 2734
f 6588 7487 7486
f 7487 6588 7488
f 2736 2749 2735
f 7486 7489 2733
f 7486 7487 7490
f 2736 7492 2749
f 7489 7493 2736
f 7491 7487 7494
f 7486 7490 7489
f 7491 7495 7490
f 6589 7497 7488
f 7494 7498 7491
f 7499 7500 6626
f 7499 7502 7501
f 7499 7504 7502
f 7507 7508 7509
f 7508 7501 7510
f 7510 7509 7508
f 7511 7504 6672
f 7499 6626 7504
f 7504 7511 7505
f 7512 7513 7505
f 7513 7515 7510
f 7516 7506 7515
f 7517 7518 7516
f 7520 7517 7519
f 7521 7522 7517
f 7506 7516 7523
f 7522 7524 7518
f 7526 7527 7525
f 7530 7531 7529
f 7530 7524 7531
f 7528 7532 7525
f 2872 2823 7527
f 6715 7534 6671
f 6672 7534 7511
f 7535 7536 7511
f 7515 7513 7519
f 7536 7537 7512
f 7538 7539 7519
f 7519 7537 7538
f 7542 7543 7541
f 7546 7544 7545
f 7548 7521 7520
f 7544 7546 7541
f 7549 7546 7539
f 7541 7546 7550
f 7548 7520 7545
f 7552 7543 7551
f 7553 2874 7542
f 7533 7554 7525
f 7532 7521 7533
f 7554 7533 7547
f 7552 7526 7543
f 7543 7554 7544
f 7547 7548 7545
f 7552 7527 7526
f 7527 7551 2872
f 6757 6760 6715
f 7555 7535 6760
f 7557 7555 7556
f 7559 7558 6782
f 7556 7558 7560
f 6759 7558 6760
f 7561 7540 7556
f 7560 7561 7556
f 7563 7564 7562
f 7557 7540 7536
f 7536 7535 7557
f 7565 7566 7563
f 7564 7563 7549
f 7564 7549 7538
f 7567 7568 7541
f 7568 7567 2898
f 7569 7570 2896
f 2896 2897 7569
f 7569 2899 7566
f 2870 2874 2871
f 7542 7568 7553
f 6780 6779 6781
f 7561 7560 7572
f 7571 6779 7574
f 7571 7559 6781
f 7574 2883 7575
f 7571 7574 7573
f 7561 7572 7562
f 7560 7559 7573
f 7576 7572 2888
f 7573 7575 7572
f 7576 7565 7562
f 7566 7565 7570
f 7565 7576 7570
f 7577 7578 5193
f 7577 7579 7578
f 7582 7583 7581
f 7582 7586 7585
f 7589 7581 7588
f 7591 7592 7588
f 7593 7586 7592
f 7595 7592 7594
f 7594 7596 7595
f 7592 7595 7593
f 7595 7597 7598
f 7599 7600 7596
f 7599 7602 7601
f 7600 7599 7604
f 7604 7606 7605
f 7608 7606 7601
f 7610 7611 7609
f 7612 7611 7614
f 7616 7617 7615
f 7620 7621 7619
f 5185 7623 5182
f 5182 7624 5188
f 7625 5215 5214
f 5184 5194 5185
f 5194 7626 7623
f 5218 7628 5193
f 5216 7629 5217
f 7630 7631 5217
f 7633 7634 7632
f 5198 7636 5218
f 5199 7637 5198
f 7639 7640 7638
f 5219 7642 7641
f 5199 7643 7637
f 5220 7631 5219
f 7645 7642 7644
f 7642 7631 7644
f 5199 5219 7643
f 7643 7641 7638
f 7646 7641 7645
f 7624 7648 7649
f 7627 7648 7623
f 7624 7650 5214
f 7652 7650 7624
f 5214 7651 7625
f 7653 7654 7625
f 7629 5216 7655
f 7656 7655 7654
f 7578 7580 7626
f 7578 7626 5194
f 5218 7633 7628
f 7659 7579 7658
f 7632 7579 7628
f 7629 7660 7630
f 7655 7661 7629
f 7663 7645 7662
f 7637 7640 7636
f 7665 7666 7664
f 7663 7667 7645
f 7638 7646 7668
f 7638 7668 7639
f 7668 7669 7639
f 7667 7671 7668
f 7650 7652 7672
f 7650 7672 7651
f 7627 7626 7675
f 7675 7676 7627
f 7648 7676 7649
f 7653 7678 7654
f 7653 7651 7678
f 7656 7654 7680
f 7659 7681 7579
f 7657 7682 7675
f 7580 7681 7657
f 7661 7655 7685
f 7656 7680 7685
f 7687 7688 7686
f 7635 7690 7689
f 7689 7658 7635
f 7693 7694 7692
f 7644 7660 7694
f 7690 7635 7666
f 7666 7665 7695
f 7695 7697 7666
f 7640 7639 7698
f 7698 7670 7699
f 7702 7700 7701
f 7671 7667 7663
f 7671 7663 7704
f 7696 7699 7705
f 7705 7706 7696
f 7695 7706 7697
f 7671 7708 7669
f 7669 7703 7670
f 7647 7709 7652
f 7647 7649 7709
f 7673 7710 7672
f 7709 7712 7673
f 7714 7677 7713
f 7714 7713 7715
f 7717 7679 7678
f 7717 7674 7711
f 7716 7713 7718
f 7677 7714 7719
f 7675 7683 7676
f 7722 7723 7721
f 7686 7680 7724
f 7657 7684 7682
f 7686 7724 7687
f 7687 7727 7688
f 7729 7689 7584
f 7684 7729 7583
f 7684 7583 7725
f 7661 7685 7686
f 7694 7661 7692
f 7731 7732 7730
f 7688 7728 7692
f 7584 7691 7581
f 7590 7707 7735
f 7707 7590 7697
f 7737 7693 7734
f 7704 7738 7671
f 7708 7738 7739
f 7737 7741 7738
f 7741 7737 7742
f 7731 7742 7728
f 7736 7707 7743
f 7743 7744 7736
f 7705 7746 7706
f 7700 7702 7747
f 7703 7749 7701
f 7752 7740 7751
f 7753 7739 7752
f 7744 7743 7754
f 7754 7746 7755
f 7744 7754 7757
f 7708 7749 7703
f 7749 7708 7759
f 7750 7760 7701
f 7753 7750 7759
f 7720 7761 7719
f 7761 7762 7712
f 7761 7763 7762
f 7711 7710 7764
f 7724 7679 7726
f 7766 7726 7765
f 7717 7767 7765
f 7769 7770 7718
f 7770 7771 7716
f 7771 7770 7772
f 7772 7721 7771
f 7714 7723 7720
f 7722 7721 7773
f 7776 7777 7775
f 7711 7764 7775
f 7725 7585 7769
f 7718 7682 7769
f 7772 7770 7779
f 7727 7687 7780
f 7726 7766 7780
f 7766 7765 7782
f 7585 7583 7582
f 7581 7691 7590
f 7581 7589 7582
f 7727 7732 7728
f 7731 7730 7783
f 7783 7786 7785
f 7785 7788 7742
f 7742 7731 7785
f 7789 7735 7745
f 7739 7753 7759
f 7791 7792 7790
f 7751 7791 7752
f 7785 7787 7788
f 7794 7787 7795
f 7757 7797 7744
f 7797 7757 7798
f 7747 7758 7755
f 7799 7798 7758
f 7700 7747 7756
f 7752 7800 7753
f 7748 7799 7747
f 7803 7799 7802
f 7760 7750 7801
f 7804 7805 7760
f 7760 7801 7804
f 7722 7763 7720
f 7778 7763 7773
f 7775 7778 7807
f 7774 7808 7773
f 7809 7776 7807
f 7810 7811 7809
f 7767 7812 7768
f 7776 7812 7777
f 7779 7813 7772
f 7772 7814 7721
f 7816 7781 7782
f 7813 7779 7817
f 7585 7587 7817
f 7727 7780 7732
f 7733 7732 7819
f 7820 7821 7784
f 7591 7789 7594
f 7787 7786 7796
f 7823 7786 7821
f 7825 7797 7798
f 7789 7745 7825
f 7793 7826 7790
f 7829 7830 7828
f 7828 7831 7793
f 7799 7803 7798
f 7803 7832 7824
f 7834 7832 7802
f 7836 7748 7835
f 7748 7836 7802
f 7837 7835 7805
f 7827 7806 7800
f 7826 7838 7827
f 7841 7834 7840
f 7832 7842 7833
f 7805 7804 7844
f 7845 7846 7837
f 7844 7804 7847
f 7827 7839 7847
f 7847 7848 7844
f 7774 7721 7850
f 7808 7851 7807
f 7850 7851 7774
f 7851 7852 7809
f 7811 7853 7776
f 7812 7853 7782
f 7853 7854 7816
f 7814 7813 7856
f 7856 7858 7814
f 7811 7854 7853
f 7855 7859 7816
f 7817 7818 7857
f 7860 7861 7857
f 7863 7859 7862
f 7733 7865 7730
f 7863 7865 7819
f 7587 7586 7866
f 7784 7865 7820
f 7593 7598 7866
f 7870 7820 7869
f 7822 7596 7594
f 7823 7871 7796
f 7823 7821 7870
f 7823 7872 7871
f 7822 7874 7602
f 7822 7602 7596
f 7789 7825 7822
f 7829 7871 7830
f 7830 7871 7875
f 7833 7874 7824
f 7843 7876 7603
f 7752 7790 7800
f 7839 7838 7877
f 7838 7826 7878
f 7879 7880 7878
f 7878 7875 7879
f 7878 7831 7875
f 7873 7881 7875
f 7841 7840 7882
f 7842 7841 7883
f 7883 7876 7842
f 7883 7882 7884
f 7884 7886 7883
f 7846 7840 7835
f 7847 7839 7848
f 7839 7877 7887
f 7885 7889 7884
f 7885 7882 7891
f 7892 7893 7849
f 7892 7894 7895
f 7893 7891 7845
f 7893 7895 7891
f 7896 7892 7848
f 7896 7848 7887
f 7896 7897 7892
f 7896 7887 7897
f 7897 7898 7894
f 7852 7851 7900
f 7900 7901 7852
f 7850 7903 7900
f 7852 7902 7810
f 7902 7901 7905
f 7904 7907 7810
f 7909 7910 7908
f 7904 7912 7910
f 7913 7854 7907
f 7913 7855 7854
f 7913 7914 7855
f 7916 7917 7915
f 7919 7920 7858
f 7903 7920 7921
f 7915 7919 7922
f 7904 7910 7907
f 7863 7819 7859
f 7859 7914 7864
f 7926 7927 7925
f 7925 7928 7917
f 7864 7930 7862
f 7932 7933 7930
f 7862 7931 7867
f 7598 7934 7868
f 7937 7869 7936
f 7598 7597 7934
f 7868 7927 7866
f 7872 7939 7938
f 7940 7881 7872
f 7601 7603 7608
f 7608 7876 7610
f 7940 7941 7881
f 7942 7943 7886
f 7897 7888 7898
f 7890 7889 7945
f 7946 7889 7947
f 7946 7948 7945
f 7948 7946 7950
f 7949 7951 7945
f 7952 7953 7950
f 7954 7950 7953
f 7955 7956 7954
f 7952 7947 7895
f 7952 7899 7953
f 7958 7957 7898
f 7958 7898 7959
f 7905 7960 7912
f 7906 7921 7961
f 7905 7906 7960
f 7963 7960 7962
f 7914 7913 7923
f 7910 7964 7923
f 7908 7965 7909
f 7914 7923 7924
f 7910 7909 7964
f 7964 7967 7924
f 7864 7924 7930
f 7929 7969 7918
f 7971 7929 7970
f 7969 7971 7972
f 7918 7974 7915
f 7974 7918 7975
f 7976 7918 7972
f 7968 7977 7930
f 7868 7978 7970
f 7931 7933 7936
f 7933 7932 7981
f 7981 7983 7933
f 7938 7937 7980
f 7984 7985 7983
f 7872 7823 7939
f 7986 7987 7938
f 7938 7980 7986
f 7987 7986 7985
f 7934 7605 7935
f 7987 7988 7940
f 7989 7988 7985
f 7609 7612 7990
f 7940 7988 7993
f 7940 7994 7941
f 7943 7614 7611
f 7995 7888 7880
f 7995 7880 7941
f 7951 7997 7996
f 7959 7944 7999
f 8001 7944 7995
f 7944 8001 8000
f 8003 8004 7995
f 8005 8006 7994
f 8004 8001 7995
f 7963 7962 8007
f 7908 7963 7965
f 8009 8010 7966
f 8007 8009 7965
f 8011 8009 8008
f 7967 7909 8012
f 7975 7976 8013
f 8010 8015 7966
f 8016 7977 8015
f 8016 8017 7932
f 7979 7978 8018
f 8019 8020 7976
f 7973 8019 7972
f 8010 8022 8015
f 8018 7978 8023
f 8024 7978 7935
f 8018 8023 8020
f 8025 8023 8024
f 8026 8027 7982
f 8028 7989 7984
f 8029 7993 7989
f 7989 8028 8029
f 8029 8030 8031
f 7935 7607 8032
f 7992 7993 8033
f 8034 8035 8033
f 7613 8036 7612
f 7940 7992 7994
f 7614 7943 8037
f 8038 7613 8037
f 8038 8039 7613
f 7995 8006 8003
f 8037 8040 8038
f 8040 8037 7996
f 8003 8042 8004
f 8011 8013 8044
f 8010 8009 8044
f 8045 8017 8016
f 8044 8046 8010
f 8046 8014 8047
f 8046 8048 8022
f 7932 8017 7982
f 8051 8045 8049
f 8051 8050 8045
f 8023 8025 8020
f 8024 8053 8025
f 8055 8052 8054
f 8052 8055 8021
f 7982 8050 8026
f 8057 8058 8049
f 8050 8051 8056
f 7991 8060 8059
f 8053 8062 8054
f 8064 8065 8063
f 8030 8028 8027
f 8031 8033 8029
f 8067 8030 8026
f 8053 8032 8062
f 7991 8068 7990
f 8031 8030 8069
f 8033 8031 8034
f 8071 8072 8059
f 8039 8073 8036
f 8035 8034 8074
f 8074 8005 8035
f 8076 8075 8069
f 8039 8077 8073
f 8077 8079 8078
f 8074 8081 8005
f 8005 8081 8082
f 8081 8074 8084
f 8041 8077 8038
f 7616 8079 8041
f 8081 8084 8083
f 8087 8082 8086
f 7976 8021 8014
f 8090 8048 8089
f 8046 8047 8089
f 8057 8091 8058
f 8056 8058 8093
f 8095 8021 8094
f 8021 8055 8066
f 8091 8097 8096
f 8100 8090 8099
f 8098 8101 8096
f 8103 8104 8067
f 8064 8068 8072
f 8065 8064 8105
f 8065 8105 8094
f 8072 8071 8105
f 8073 8060 8036
f 8106 8071 8107
f 8110 8111 8109
f 8113 8070 8104
f 8060 8114 8061
f 8116 8107 8115
f 8069 8070 8076
f 8070 8112 8076
f 8078 8114 8060
f 8111 8084 8076
f 8082 8087 8005
f 8118 8119 8117
f 8110 8085 8111
f 8082 8083 8121
f 8104 8103 8123
f 8101 8098 8123
f 8104 8123 8113
f 8126 8097 8100
f 8128 8100 8127
f 8125 8130 8129
f 8132 8133 8131
f 8125 8129 8113
f 8133 8112 8129
f 8115 8134 8116
f 8136 8135 8134
f 8128 8132 8100
f 8132 8137 8133
f 8138 8109 8133
f 8114 8134 8115
f 8078 8136 8114
f 8140 8135 8139
f 8141 8142 8139
f 8085 8110 8143
f 8141 8139 8145
f 8146 8147 8137
f 8146 8137 8128
f 8149 8150 8148
f 8149 8146 8127
f 8150 8152 8151
f 8147 8146 8154
f 8138 8147 8109
f 8110 8147 8155
f 8156 8157 8145
f 8142 8141 8158
f 8159 8160 8142
f 8162 8159 8158
f 8162 8158 8163
f 8148 8165 8149
f 8165 8148 8167
f 8149 8166 8154
f 8170 8144 8169
f 8154 8168 8155
f 8159 8153 8160
f 8167 8151 8171
f 8173 8167 8172
f 8174 8165 8173
f 8172 8175 8173
f 8174 8177 8165
f 8166 8177 8168
f 8179 8169 8178
f 7948 8180 8181
f 7950 7956 7948
f 7954 7953 8182
f 7957 7958 8182
f 8184 8182 8183
f 7958 7959 8183
f 8181 7997 7949
f 8180 7956 8185
f 8000 8002 8187
f 8001 8004 8002
f 8181 8180 8189
f 8190 8191 8185
f 8192 8190 8186
f 8193 8186 7955
f 8186 8193 8192
f 7955 7954 8184
f 8193 8196 8195
f 7955 8184 8193
f 8196 8184 8198
f 8198 8183 8199
f 8191 8190 8200
f 8190 8192 8201
f 8196 8198 8197
f 8202 8203 8197
f 8203 8202 8205
f 7617 7998 7618
f 8043 8208 8002
f 8086 8208 8042
f 8209 8210 8207
f 8212 8206 8187
f 7999 8000 8199
f 8212 8214 8213
f 8212 8187 8216
f 8217 8216 8208
f 8208 8086 8217
f 8200 8210 8191
f 8200 8201 8218
f 8193 8195 8194
f 8206 8202 8199
f 8216 8214 8212
f 8213 8205 8212
f 8221 8222 8219
f 8222 8223 8218
f 8226 8222 8225
f 8227 8223 8226
f 8219 8201 8194
f 8194 8220 8228
f 8195 8204 8220
f 8204 8203 8230
f 8205 8232 8231
f 8233 8234 8225
f 8235 8227 8234
f 8236 8237 8233
f 8225 8221 8228
f 8233 8225 8238
f 8229 8240 8239
f 8230 8231 8240
f 8241 8240 8243
f 8243 8242 8244
f 8241 8243 8247
f 8040 7996 7617
f 7617 7616 8041
f 7616 7615 8079
f 8042 8087 8086
f 8082 8121 8088
f 7618 8207 7621
f 7621 7620 7618
f 8207 7998 8209
f 8249 8250 8088
f 8250 8214 8217
f 7621 8211 7622
f 8214 8250 8215
f 8253 8254 8252
f 8251 8224 8223
f 8224 8251 8210
f 8223 8227 8251
f 8205 8213 8232
f 8256 8257 8232
f 8213 8215 8256
f 8252 8255 8215
f 8255 8259 8258
f 8261 8262 8239
f 8260 8257 8258
f 8260 8263 8244
f 8236 8265 8237
f 8266 8267 8237
f 8270 8265 8269
f 8269 8238 8229
f 8239 8241 8261
f 8229 8262 8269
f 8262 8271 8270
f 8264 8273 8247
f 8246 8247 8274
f 8246 8274 8261
f 8275 8276 8264
f 8278 8279 8277
f 8280 8270 8277
f 8278 8281 8279
f 8270 8280 8265
f 8271 8283 8282
f 8283 8271 8274
f 8283 8274 8285
f 8284 8283 8286
f 8286 8285 8287
f 8290 8278 8289
f 8272 8291 8277
f 8284 8292 8282
f 8292 8284 8294
f 8296 8292 8295
f 8119 8118 8079
f 8297 8248 8122
f 8298 8120 7619
f 8253 8249 8299
f 8088 8248 8249
f 7622 8301 7619
f 7622 8251 8301
f 7619 8302 8298
f 8301 8304 8302
f 8254 8253 8306
f 8304 8309 8308
f 8308 8310 8304
f 8312 8306 8311
f 8259 8255 8314
f 8304 8301 8309
f 8309 8235 8315
f 8259 8314 8260
f 8264 8263 8275
f 8260 8312 8263
f 8317 8318 8281
f 8260 8244 8257
f 8263 8311 8316
f 8278 8290 8317
f 8271 8282 8272
f 8288 8321 8287
f 8323 8324 8288
f 8325 8323 8316
f 8289 8326 8290
f 8328 8317 8327
f 8330 8327 8329
f 8326 8291 8329
f 8292 8296 8293
f 8331 8291 8293
f 8293 8332 8331
f 8286 8287 8294
f 8322 8321 8334
f 8336 8337 8330
f 8338 8339 8336
f 8330 8329 8336
f 8333 8332 8341
f 8295 8343 8296
f 8343 8344 8342
f 8334 8345 8343
f 8347 8341 8346
f 8347 8346 8348
f 8345 8349 8344
f 8156 8117 8350
f 8145 8118 8156
f 8248 8297 8300
f 8143 8354 8353
f 8297 8122 8353
f 8352 8297 8355
f 8144 8170 8143
f 8298 8351 8120
f 8357 8351 8303
f 8358 8299 8352
f 8359 8355 8354
f 8352 8355 8358
f 8303 8302 8305
f 8312 8314 8306
f 8360 8306 8307
f 8303 8305 8361
f 8310 8362 8361
f 8253 8299 8307
f 8309 8315 8308
f 8362 8310 8364
f 8315 8365 8364
f 8367 8363 8362
f 8368 8366 8319
f 8368 8369 8366
f 8369 8368 8371
f 8372 8367 8369
f 8267 8365 8268
f 8311 8313 8320
f 8316 8320 8325
f 8319 8318 8368
f 8318 8374 8371
f 8375 8376 8371
f 8319 8365 8281
f 8318 8317 8374
f 8325 8377 8323
f 8317 8328 8374
f 8378 8328 8379
f 8334 8295 8322
f 8380 8381 8345
f 8321 8324 8335
f 8335 8324 8382
f 8383 8384 8377
f 8382 8384 8385
f 8340 8333 8387
f 8335 8380 8334
f 8389 8390 8381
f 8385 8380 8382
f 8381 8380 8391
f 8392 8389 8391
f 8387 8388 8338
f 8338 8393 8339
f 8393 8388 8395
f 8333 8341 8397
f 8398 8333 8397
f 8333 8398 8388
f 8399 8400 8396
f 8401 8398 8397
f 8402 8403 8401
f 8390 8405 8404
f 8405 8407 8406
f 8402 8401 8406
f 8156 8350 8157
f 8350 8410 8409
f 8409 8164 8157
f 8169 8179 8170
f 8351 8413 8350
f 8410 8413 8411
f 8170 8412 8354
f 8415 8416 8414
f 8307 8358 8416
f 8413 8351 8357
f 8303 8361 8357
f 8416 8359 8417
f 8307 8416 8360
f 8357 8418 8419
f 8361 8363 8418
f 8306 8360 8422
f 8423 8360 8424
f 8421 8363 8372
f 8306 8422 8313
f 8426 8422 8423
f 8372 8370 8427
f 8429 8313 8428
f 8427 8376 8430
f 8313 8429 8373
f 8384 8383 8431
f 8374 8378 8375
f 8379 8433 8378
f 8375 8432 8376
f 8433 8434 8432
f 8384 8431 8386
f 8379 8394 8436
f 8438 8433 8436
f 8433 8438 8434
f 8438 8436 8440
f 8394 8379 8339
f 8391 8385 8441
f 8442 8441 8386
f 8443 8444 8437
f 8445 8446 8400
f 8394 8446 8437
f 8446 8394 8395
f 8390 8389 8447
f 8389 8392 8448
f 8391 8441 8392
f 8441 8442 8450
f 8392 8450 8449
f 8396 8398 8399
f 8405 8390 8407
f 8447 8452 8407
f 8452 8453 8408
f 8448 8455 8447
f 8448 8456 8455
f 8456 8448 8458
f 8456 8459 8457
f 8458 8449 8460
f 8462 8463 8461
f 8461 8464 8465
f 8403 8467 8399
f 8402 8468 8403
f 8469 8470 8467
f 8468 8471 8469
f 8408 8454 8406
f 8472 8473 8406
f 8473 8468 8402
f 8474 8472 8454
f 8163 8475 8175
f 8175 8172 8163
f 8477 8478 8174
f 8480 8481 8479
f 8480 8483 8477
f 8484 8485 8178
f 8164 8409 8486
f 8487 8488 8486
f 8486 8475 8164
f 8480 8479 8483
f 8483 8490 8478
f 8489 8492 8491
f 8493 8414 8491
f 8491 8490 8489
f 8494 8411 8419
f 8411 8494 8486
f 8487 8494 8495
f 8498 8499 8497
f 8479 8500 8489
f 8418 8421 8420
f 8420 8496 8419
f 8420 8501 8496
f 8496 8502 8495
f 8505 8424 8504
f 8415 8414 8504
f 8426 8423 8424
f 8501 8421 8507
f 8504 8506 8508
f 8510 8425 8426
f 8426 8505 8510
f 8511 8512 8510
f 8515 8507 8514
f 8372 8427 8514
f 8510 8513 8425
f 8517 8518 8429
f 8519 8520 8512
f 8520 8517 8513
f 8434 8439 8521
f 8516 8427 8522
f 8520 8523 8517
f 8519 8524 8520
f 8523 8525 8518
f 8521 8522 8434
f 8440 8527 8438
f 8529 8439 8528
f 8442 8386 8530
f 8440 8444 8527
f 8444 8443 8531
f 8444 8531 8528
f 8450 8451 8460
f 8442 8530 8534
f 8536 8451 8534
f 8443 8446 8532
f 8462 8537 8445
f 8531 8532 8538
f 8459 8456 8539
f 8533 8539 8460
f 8445 8400 8399
f 8463 8462 8399
f 8540 8470 8469
f 8469 8471 8540
f 8454 8453 8474
f 8472 8474 8543
f 8544 8545 8542
f 8453 8459 8542
f 8459 8539 8544
f 8533 8547 8539
f 8540 8548 8464
f 8541 8549 8540
f 8545 8550 8543
f 8543 8541 8472
f 8552 8176 8476
f 8475 8488 8476
f 8552 8481 8480
f 8481 8553 8482
f 8487 8497 8488
f 8499 8554 8482
f 8497 8487 8498
f 8479 8554 8500
f 8557 8554 8556
f 8554 8557 8555
f 8559 8560 8556
f 8561 8558 8557
f 8509 8506 8493
f 8562 8509 8492
f 8562 8563 8509
f 8487 8495 8503
f 8564 8565 8503
f 8567 8568 8566
f 8555 8558 8562
f 8561 8570 8558
f 8508 8563 8571
f 8508 8511 8504
f 8507 8572 8501
f 8507 8515 8572
f 8503 8502 8564
f 8557 8569 8561
f 8519 8512 8575
f 8516 8576 8514
f 8515 8576 8573
f 8502 8572 8574
f 8577 8578 8573
f 8578 8579 8574
f 8512 8511 8571
f 8576 8516 8580
f 8577 8576 8581
f 8519 8582 8524
f 8584 8585 8519
f 8582 8586 8583
f 8583 8525 8524
f 8586 8588 8587
f 8525 8590 8526
f 8587 8590 8583
f 8590 8587 8535
f 8592 8593 8591
f 8439 8593 8521
f 8535 8530 8590
f 8439 8529 8591
f 8596 8597 8595
f 8534 8535 8599
f 8536 8534 8600
f 8600 8601 8536
f 8529 8531 8603
f 8603 8538 8604
f 8603 8606 8529
f 8595 8529 8596
f 8596 8606 8607
f 8602 8609 8451
f 8451 8610 8533
f 8451 8609 8610
f 8609 8602 8612
f 8537 8605 8538
f 8465 8613 8461
f 8605 8613 8604
f 8604 8608 8603
f 8608 8604 8615
f 8617 8614 8616
f 8546 8547 8545
f 8611 8618 8610
f 8609 8612 8611
f 8465 8616 8613
f 8466 8620 8465
f 8551 8550 8621
f 8622 8616 8621
f 8549 8621 8548
f 8622 8550 8623
f 8499 8498 8556
f 8560 8565 8625
f 8625 8569 8560
f 8627 8567 8626
f 8566 8569 8628
f 8628 8629 8566
f 8561 8568 8570
f 8575 8571 8630
f 8568 8567 8630
f 8630 8631 8575
f 8584 8631 8632
f 8628 8579 8633
f 8627 8632 8567
f 8584 8632 8585
f 8627 8635 8634
f 8636 8578 8581
f 8636 8581 8594
f 8636 8637 8633
f 8626 8638 8627
f 8640 8641 8639
f 8519 8585 8582
f 8627 8641 8635
f 8644 8645 8592
f 8636 8645 8637
f 8644 8646 8645
f 8647 8648 8646
f 8649 8642 8643
f 8650 8588 8649
f 8582 8642 8586
f 8592 8591 8598
f 8598 8651 8592
f 8653 8651 8652
f 8646 8644 8653
f 8588 8654 8589
f 8655 8656 8654
f 8654 8657 8599
f 8597 8652 8598
f 8659 8657 8658
f 8597 8596 8660
f 8597 8660 8652
f 8664 8662 8663
f 8659 8601 8657
f 8666 8667 8659
f 8659 8658 8669
f 8601 8659 8668
f 8668 8612 8601
f 8615 8614 8617
f 8617 8661 8671
f 8596 8607 8661
f 8661 8665 8660
f 8672 8665 8661
f 8674 8675 8673
f 8617 8677 8678
f 8677 8680 8679
f 8676 8678 8679
f 8680 8677 8623
f 8682 8683 8680
f 8681 8684 8679
f 8687 8684 8686
f 8681 8683 8686
f 8619 8688 8611
f 8667 8689 8619
f 8683 8689 8666
f 8677 8617 8622
f 8680 8623 8682
f 8688 8682 8618
f 8691 8629 8690
f 8633 8690 8629
f 8626 8629 8638
f 8637 8692 8633
f 8635 8642 8634
f 8693 8692 8648
f 8695 8640 8694
f 8692 8693 8697
f 8694 8696 8698
f 8647 8698 8648
f 8695 8641 8640
f 8643 8641 8699
f 8647 8646 8700
f 8698 8647 8701
f 8701 8702 8698
f 8701 8703 8702
f 8704 8695 8702
f 8650 8655 8588
f 8699 8695 8705
f 8650 8699 8655
f 8705 8706 8655
f 8707 8653 8662
f 8704 8703 8708
f 8707 8709 8710
f 8664 8711 8707
f 8705 8704 8708
f 8705 8712 8706
f 8670 8658 8706
f 8707 8662 8664
f 8665 8674 8663
f 8711 8664 8714
f 8664 8663 8715
f 8708 8709 8714
f 8712 8715 8687
f 8712 8687 8669
f 8708 8714 8712
f 8659 8669 8666
f 8712 8669 8670
f 8687 8717 8684
f 8665 8672 8674
f 8679 8685 8676
f 8674 8673 8713
f 8663 8713 8718
f 8713 8673 8718
f 8687 8716 8717
f 8085 8356 8083
f 8353 8356 8143
f 7815 7920 7850
f 2558 2560 2591
f 2554 2590 1997
f 8676 8675 8678
f 8615 8671 8608
f 8594 8593 8636
f 8628 8625 8579
f 8560 8559 8565
f 8550 8545 8624
f 8551 8621 8549
f 8551 8549 8543
f 8537 8462 8605
f 8555 8562 8500
f 8333 8340 8331
f 8404 8349 8390
f 8367 8362 8366
f 8119 7615 7620
f 8237 8268 8234
f 8124 8130 8123
f 8059 8061 8108
f 8053 8024 8032
f 7603 7874 7843
f 7858 7856 7922
f 7903 7921 7901
f 7865 7863 7867
f 7842 7832 7841
f 7796 7829 7795
f 7711 7777 7717
f 7740 7741 7751
f 7659 7658 7729
f 7665 7664 7698
f 7644 7694 7662
f 2871 7553 2898
f 7566 7567 7550
f 7538 7540 7564
f 7527 7552 7551
f 7505 7514 7502
f 7460 7462 7338
f 7340 7454 7338
f 7442 7441 7444
f 7299 7319 7295
f 7287 7290 7195
f 7243 7241 7139
f 7196 7084 7088
f 7176 7178 7165
f 7165 7072 7176
f 7043 7042 7159
f 7105 7104 7003
f 6929 7006 6927
f 6878 6956 6879
f 6899 6881 6880
f 6811 6872 6890
f 6936 6944 6866
f 6914 6826 6833
f 6908 6907 6912
f 6908 6912 6898
f 6841 6845 6923
f 6764 6725 6765
f 6706 6730 6707
f 8719 6762 2672
f 5933 5931 5934
f 5931 5936 5934
f 6605 6579 6604
f 6551 6544 6552
f 6492 6517 6494
f 6394 6400 6395
f 6291 6329 6292
f 6322 6328 6318
f 6273 6270 6268
f 6261 6266 6262
f 6227 6225 6221
f 6138 6143 6139
f 5405 6023 6030
f 5302 8720 5303
f 6014 8720 6010
f 6005 6002 6007
f 5989 5990 5358
f 5964 5932 5961
f 5897 5843 5878
f 5879 5846 5875
f 5743 5742 5740
f 5816 5737 5819
f 5791 5792 5780
f 5712 5785 5713
f 5698 5705 5697
f 5607 5609 5687
f 5680 5682 5690
f 5677 5674 5673
f 5664 5577 5667
f 5549 5558 5532
f 5639 5642 5640
f 5508 5502 5501
f 5504 5501 5451
f 5425 5424 5418
f 5360 5296 5297
f 5273 4686 5271
f 4404 5223 4405
f 6109 5231 6113
f 5074 5202 5171
f 5108 5125 5113
f 5091 5090 5092
f 5085 5082 5087
f 5073 5071 5072
f 5138 5126 5146
f 4912 4901 4884
f 4991 4992 4888
f 4893 4907 4898
f 4864 4853 4854
f 4836 4844 4824
f 4737 4731 4730
f 4508 1017 4494
f 4590 4459 4458
f 4558 4569 4572
f 4506 1026 4508
f 4466 4465 4578
f 4319 4303 4313
f 4236 4235 4237
f 4111 4146 4148
f 8721 4145 4135
f 4054 4058 4056
f 4046 4061 4047
f 3921 3931 3920
f 4005 3998 4007
f 3976 3965 3977
f 3795 3797 3801
f 3657 3656 3676
f 3675 3674 3696
f 3673 3696 3652
f 3586 3598 3587
f 3560 3559 3555
f 3321 3341 3100
f 3238 3237 3240
f 2996 2999 3218
f 3170 3175 8722
f 3140 3160 3159
f 3075 3073 3040
f 3044 3090 3018
f 3069 3070 3072
f 2883 7574 2877
f 2888 2887 7570
f 2811 2839 2812
f 2820 2790 8723
f 2735 2747 2738
f 2611 2614 2617
f 2454 2457 2364
f 2439 2493 2499
f 2423 2325 2420
f 2361 2360 2374
f 2360 2355 2372
f 2353 2276 2278
f 292 2250 291
f 2230 2245 2216
f 2148 2125 2124
f 2146 2090 2147
f 2086 2082 2049
f 2068 2016 2015
f 2061 2012 2064
f 2061 2064 2057
f 2020 1998 1985
f 1966 1965 1969
f 1930 1933 1928
f 1852 1854 1775
f 1821 1813 1820
f 1458 1467 1769
f 1674 1679 1675
f 1543 1542 1588
f 1502 1582 1578
f 1573 1507 1574
f 1569 1570 1574
f 1427 1433 1425
f 1460 1415 1421
f 1349 138 1352
f 1254 1256 1268
f 1998 1261 1195
f 1233 1162 1194
f 1041 947 954
f 1123 943 1037
f 836 896 903
f 767 705 704
f 773 819 772
f 806 808 807
f 746 745 795
f 724 725 785
f 680 728 732
f 587 586 21
f 586 585 685
f 542 552 547
f 451 448 442
f 382 417 381
f 351 339 348
f 8724 218 220
f 150 111 153
f 104 160 140
f 84 76 87
f 10 16 11
f 6 5 632
f 1 12 14
f 60 59 74
f 82 73 121
f 82 121 83
f 95 88 198
f 117 120 124
f 145 144 178
f 177 187 178
f 20 19 156
f 157 173 162
f 26 25 172
f 141 140 163
f 143 142 191
f 8724 220 211
f 224 219 221
f 293 251 286
f 295 293 259
f 259 258 295
f 353 3300 351
f 369 373 365
f 413 373 379
f 375 378 376
f 447 456 443
f 462 461 465
f 495 4021 496
f 503 446 456
f 527 525 524
f 738 598 600
f 1482 907 602
f 594 1482 595
f 852 601 602
f 605 612 606
f 619 618 630
f 626 625 639
f 8 633 7
f 21 684 642
f 643 684 581
f 693 758 688
f 706 655 698
f 673 675 718
f 727 739 640
f 769 776 714
f 719 783 721
f 736 735 792
f 810 757 813
f 867 820 772
f 771 764 773
f 823 782 775
f 794 843 838
f 796 849 795
f 855 860 813
f 896 898 895
f 967 966 960
f 923 921 999
f 998 1092 999
f 930 1012 931
f 1060 1059 1057
f 1058 948 1123
f 1054 1053 1071
f 1062 1054 1069
f 543 477 981
f 1103 1036 1104
f 1022 1025 1121
f 1156 1179 1157
f 1151 1149 1157
f 1199 1171 1172
f 1211 1212 1210
f 1190 1159 1192
f 5124 1249 1267
f 1207 1247 1264
f 1251 1250 1215
f 1240 1294 1241
f 109 1303 1297
f 1302 1306 1298
f 1310 1309 1316
f 1316 1318 1313
f 1373 1319 1326
f 118 116 119
f 1340 1380 1337
f 1352 1356 1349
f 587 1359 584
f 1360 592 1361
f 1299 1366 1303
f 1324 1371 1315
f 1377 1402 1375
f 1347 1416 1381
f 1391 1486 1424
f 1436 1438 1430
f 1401 1443 1440
f 1412 1462 1411
f 1460 1471 1414
f 1421 1471 1460
f 1461 1462 1414
f 1483 1423 1484
f 1449 1448 1503
f 1546 1540 1469
f 1546 1549 1540
f 1489 1558 1820
f 1562 1495 1566
f 1577 1572 1575
f 193 1614 1611
f 1636 132 1631
f 1644 1645 1390
f 1648 1655 1658
f 1594 1659 1598
f 1708 1609 1676
f 1683 1610 1708
f 1625 1684 1628
f 1652 1651 1694
f 748 747 1651
f 1654 1652 1697
f 1715 1763 1719
f 1725 1647 1722
f 1693 746 798
f 1704 1702 1786
f 1714 1751 1681
f 1752 1759 1749
f 1747 1752 1748
f 1763 1760 1765
f 1767 1689 1766
f 1781 1785 1731
f 1730 1779 1731
f 1805 1810 1803
f 1823 1834 1824
f 1831 1835 1828
f 1790 1792 1836
f 909 912 1811
f 975 976 973
f 1852 1851 1815
f 1862 1840 1865
f 1859 1840 1862
f 1870 1875 1871
f 1876 5467 1877
f 1884 1891 1881
f 8726 1888 1957
f 1957 1892 1894
f 1908 1895 1910
f 5567 1917 1910
f 1915 1975 1913
f 1915 1914 1920
f 1899 1930 1898
f 1945 1941 1904
f 1953 1951 1949
f 1945 1950 1947
f 1970 1973 1971
f 1962 1961 1990
f 1967 1992 1961
f 1968 1971 1991
f 2037 2039 2043
f 2028 2032 2025
f 2035 2005 2038
f 1989 2039 1948
f 2092 2059 2094
f 2066 2094 2064
f 2058 2088 2054
f 2018 2071 2100
f 2076 2077 2107
f 2086 2089 2087
f 2132 2098 2102
f 2148 2090 2125
f 2120 2126 2149
f 8727 2166 1354
f 1357 1355 1386
f 2203 2212 2206
f 2209 2217 2215
f 284 2214 2226
f 2218 2233 2221
f 2238 2237 289
f 2222 2223 2212
f 2302 2307 2301
f 2316 2408 2315
f 2260 2261 2268
f 2277 2276 2346
f 2345 2346 2357
f 2365 2368 2366
f 2401 2385 2403
f 2312 2314 2390
f 2311 2393 2308
f 1422 2408 1420
f 2418 2324 2261
f 2437 2340 2434
f 2465 2371 2450
f 2450 2452 2465
f 2460 2388 2467
f 1552 1551 2470
f 2470 1551 2468
f 2475 2474 2476
f 2410 2481 2419
f 2416 2478 2424
f 2436 2491 2439
f 2509 2504 2506
f 2521 2526 2522
f 2553 2571 2570
f 2571 2576 2568
f 2588 2589 2593
f 2563 2562 2600
f 2632 2631 2636
f 2637 2638 8728
f 2650 2646 2793
f 2650 2653 2646
f 2680 2676 2675
f 2738 2745 2737
f 2746 2748 2754
f 2755 2757 2753
f 2763 2764 2765
f 2771 2775 2767
f 2771 2770 2779
f 2756 2753 2776
f 2805 2804 2809
f 2818 2789 2819
f 2802 2800 2798
f 2816 2843 2817
f 2817 2841 2811
f 2844 2847 2842
f 2862 2847 2863
f 2815 2818 2843
f 2832 2854 2830
f 2857 2855 2858
f 2861 2859 2838
f 2896 2895 2897
f 2907 2911 2903
f 2992 2995 2969
f 2994 2993 3008
f 3076 3072 3078
f 3038 3013 3035
f 3081 3080 3082
f 3089 3084 3083
f 3107 3054 3109
f 3029 3123 3064
f 3074 3125 3123
f 3124 8729 3123
f 3097 8730 3161
f 3116 3114 3117
f 3119 3145 3113
f 3115 3117 3121
f 3175 3181 8722
f 3171 8722 8731
f 3196 3467 3466
f 3203 3208 3204
f 3202 3209 3203
f 3220 3223 3216
f 3222 3224 3225
f 3235 3237 3219
f 3105 3104 3343
f 3323 3342 3329
f 3342 3335 3348
f 3327 3347 3353
f 3347 3346 3400
f 3354 3399 3357
f 3404 3402 8732
f 3399 3398 8732
f 8734 3405 8733
f 3407 3368 3406
f 3407 8735 3408
f 3419 3413 3416
f 3449 3415 3377
f 3414 3416 3411
f 3438 3453 3442
f 3454 3458 3452
f 3460 3457 3456
f 3460 3445 3457
f 3459 3447 3463
f 3445 3461 3444
f 3486 3482 3529
f 3525 3468 3471
f 3525 3528 3526
f 3510 3581 3507
f 3268 3267 3303
f 3620 3640 3621
f 3746 3745 3748
f 3706 3701 3694
f 3724 3769 3825
f 3717 3749 3811
f 3822 3758 3462
f 3767 3764 3823
f 3826 3825 3786
f 3838 3836 3794
f 3847 3849 3846
f 3866 3859 3863
f 3864 3863 3861
f 3862 3869 3861
f 3614 3879 3615
f 3879 3614 3875
f 3879 3878 3884
f 3883 3884 3885
f 3885 3888 3883
f 3907 432 3903
f 3918 3930 3937
f 3941 3940 3937
f 3940 3954 3938
f 3917 3918 3929
f 3940 3939 3954
f 4044 3956 3942
f 3945 3932 3949
f 3981 3971 3970
f 3994 3984 3995
f 3933 3948 4019
f 4061 4060 4064
f 8736 4071 4073
f 4079 4114 4097
f 4122 4124 4085
f 4086 4055 4126
f 4136 4094 4109
f 4140 4145 4141
f 4139 4137 4144
f 4215 4112 4148
f 4212 4215 4147
f 4215 4214 4112
f 4122 4121 8737
f 4164 4167 8738
f 4122 8737 4124
f 4101 4181 4102
f 4226 4217 4223
f 4244 4187 4240
f 4251 4256 4252
f 4221 4226 4229
f 4284 4286 4290
f 4288 4289 4292
f 4315 4309 4307
f 4318 4317 4327
f 4317 4320 4333
f 5310 4322 5311
f 4418 4322 4321
f 4428 8739 4340
f 4429 4338 8739
f 4452 4577 4355
f 4353 4577 4349
f 4360 4358 4361
f 4388 4497 4374
f 4388 4387 4497
f 4378 4367 4364
f 4490 4395 4385
f 4381 4380 4392
f 4275 4282 4276
f 4309 4414 4296
f 4428 4431 8739
f 4447 4440 4439
f 4487 4485 4587
f 4354 4445 4451
f 4475 4478 4476
f 4482 4474 4485
f 4491 4489 4488
f 4489 4491 4500
f 4481 4480 4497
f 4514 4517 4495
f 4527 4524 4515
f 4490 4501 4395
f 4534 4540 4401
f 4413 1067 4406
f 4555 4554 4560
f 4665 4664 5248
f 4658 8740 4659
f 8740 4738 4659
f 4648 4651 4662
f 4611 4665 5248
f 4611 4607 4665
f 4664 4668 4672
f 4679 4608 4770
f 4735 4655 4725
f 4741 4737 4738
f 4745 4741 8740
f 4658 4660 8740
f 4741 4746 4740
f 4733 4731 4740
f 4650 4653 4756
f 4736 4742 4657
f 4679 4677 4604
f 4685 4780 5280
f 4767 4787 4681
f 4776 4788 4777
f 4615 4696 4799
f 4790 4791 4800
f 4855 4850 4858
f 4840 4851 4842
f 4652 4734 4866
f 4756 4867 4870
f 4854 4855 4864
f 4859 4860 4874
f 4757 8741 4752
f 4757 4758 8741
f 4876 4878 8741
f 4908 4919 8742
f 4936 5282 8742
f 4908 8742 4905
f 4800 5681 4798
f 4806 4940 4927
f 4944 4939 4809
f 4928 4940 4942
f 4969 5041 4965
f 4902 4901 4916
f 1243 5010 5001
f 4962 5017 4963
f 5027 5022 5031
f 5054 5063 5042
f 4972 4973 5063
f 5036 5028 5053
f 5064 5063 5055
f 5062 5065 5058
f 5077 5076 5080
f 5097 1262 5098
f 5112 5186 5119
f 5124 1266 1249
f 5032 5141 5033
f 5081 5209 5176
f 5206 5205 5208
f 5232 5229 4419
f 5226 5232 4421
f 5232 5233 5229
f 5229 5234 5230
f 5230 5238 6113
f 5231 6108 4420
f 5234 5236 5238
f 5266 5277 5265
f 4687 5253 5268
f 5250 5268 5253
f 5269 5272 5258
f 5358 5294 5355
f 5360 5297 5305
f 5313 5310 5314
f 5326 5333 5328
f 5330 5332 5333
f 5343 5356 5344
f 5304 5363 5364
f 5384 5389 5469
f 5399 5407 5397
f 5408 5406 5401
f 5413 6460 5414
f 4422 5370 5418
f 5369 5422 5370
f 5423 5436 5424
f 5445 5441 5440
f 5449 5447 5452
f 5386 5469 5468
f 5464 5468 5470
f 1878 5467 1882
f 5396 5394 5366
f 5430 5432 5440
f 5514 5512 5509
f 5529 5518 5538
f 5531 5540 5527
f 5538 5539 5535
f 5521 5471 5532
f 5547 5543 5545
f 5568 5566 5572
f 5587 5594 5579
f 5588 5587 5581
f 5610 5609 5608
f 5491 5609 5492
f 5499 5613 5608
f 5627 5622 5621
f 5634 5632 5524
f 5633 5631 5632
f 5522 5511 5458
f 5644 5558 5651
f 5746 5664 5666
f 5664 5746 5663
f 5576 5665 5667
f 5672 5669 5668
f 5591 5598 5673
f 5674 5678 6401
f 5681 4800 5683
f 5614 5620 5611
f 5709 5785 5706
f 5723 5724 5624
f 5753 4948 4941
f 5698 5691 5768
f 5699 5770 5694
f 5770 5779 5769
f 5786 5715 5713
f 5719 5728 5793
f 5789 5780 5792
f 5811 5806 5810
f 5817 5816 5818
f 5819 5823 5824
f 5822 5742 5824
f 5860 5834 4997
f 5837 5840 5776
f 5876 5841 5871
f 5846 5845 5874
f 5885 8743 5809
f 5884 5908 5885
f 5808 8743 5847
f 5853 5855 5854
f 5863 5212 5213
f 8743 5908 5849
f 5908 5907 5910
f 5828 5919 5855
f 5921 5923 5854
f 5940 5937 5890
f 5887 5941 5888
f 5963 6717 5932
f 5962 5964 5960
f 5976 5341 5338
f 5988 5991 5985
f 5998 6001 5992
f 5997 6003 5998
f 5997 5996 6003
f 6010 5302 5300
f 6015 6024 6016
f 6020 6024 6021
f 6021 6015 6018
f 6041 6046 6043
f 6097 6048 6047
f 6100 6053 6099
f 5981 5979 5974
f 6066 6068 6070
f 6075 6077 6071
f 6077 6070 6071
f 6162 6012 6075
f 6079 6078 6162
f 5367 8720 6084
f 6102 6089 6093
f 6033 5400 6030
f 6093 6094 6102
f 6050 6049 6095
f 6101 6098 6816
f 6103 6177 6816
f 6114 6122 6112
f 6117 6116 6112
f 6129 6131 6130
f 6138 6137 6136
f 6147 6142 6148
f 6146 6145 6150
f 6157 6158 6073
f 6193 6173 6092
f 6092 6170 6193
f 6114 6115 6122
f 6212 6209 6207
f 6225 6184 6219
f 6220 6223 6221
f 6229 6228 6227
f 6235 6293 6240
f 6233 6239 6232
f 6239 6240 6238
f 6242 6299 6243
f 6301 6245 6299
f 6241 6297 6242
f 6191 6163 6244
f 6245 6301 6246
f 6192 6256 6254
f 6253 6257 6251
f 6196 6267 6269
f 6311 6268 6264
f 6277 6272 6281
f 6280 7089 6281
f 6316 6284 6319
f 6327 6290 6328
f 6317 6328 6288
f 6292 6337 6334
f 6337 6292 6333
f 6330 6340 6333
f 6331 6341 6340
f 6303 6365 6304
f 6368 6371 6367
f 6308 6307 6383
f 6378 6380 6383
f 6395 6399 6385
f 6383 6386 6384
f 5773 5784 5782
f 6324 6408 6345
f 6413 6415 6412
f 6428 6424 6376
f 5743 6389 6432
f 6444 6435 6389
f 6391 6390 6445
f 7422 6457 6449
f 6442 7422 6449
f 6465 6913 6466
f 6531 6538 6525
f 6543 6542 6546
f 6572 6571 6574
f 6529 6522 6577
f 6549 6556 6548
f 6601 6575 6597
f 6573 6600 6599
f 6581 6621 6582
f 6643 6622 6640
f 6633 6659 6660
f 6639 6646 6640
f 6690 6691 6658
f 6693 6695 6696
f 6701 6696 6698
f 6666 6705 6709
f 6711 6668 6664
f 6750 6756 6669
f 6718 6720 6679
f 2673 6761 2671
f 6749 6750 6713
f 6763 6762 6765
f 6770 6737 6771
f 6737 6770 6739
f 6777 6778 6751
f 6743 6778 6744
f 6795 6790 6791
f 6790 6795 6786
f 6793 6796 6797
f 6105 6104 6833
f 6830 6829 6923
f 6803 6797 6835
f 6853 6850 6843
f 6857 6858 6854
f 6866 6864 6933
f 6860 6859 6869
f 6886 6876 6883
f 6885 6891 6886
f 6884 6894 6892
f 6960 6903 6906
f 6916 6914 6915
f 6476 6823 6922
f 6930 6852 6932
f 6955 6902 6952
f 6902 6955 6954
f 6909 6976 6910
f 6477 6475 7098
f 7098 6998 6999
f 6920 7105 6926
f 7005 7000 7006
f 7007 7010 7008
f 6937 7019 6931
f 6941 6943 7022
f 6939 7029 6940
f 7145 7037 7158
f 7040 7038 7048
f 7050 7158 7040
f 6961 7046 6962
f 7052 7047 7058
f 7058 7046 7051
f 7057 7056 7071
f 6985 6983 7064
f 7065 7070 7066
f 6995 6994 7086
f 7206 7205 7100
f 6920 7097 7103
f 7107 7104 8744
f 7004 7109 6934
f 7017 7016 7109
f 7110 7114 7109
f 7117 7115 7119
f 7013 7116 7018
f 7121 7116 7118
f 7135 7123 7124
f 7122 7123 7130
f 7137 7126 7139
f 7143 7140 7134
f 7144 7147 7141
f 7136 7131 7025
f 7154 7257 7155
f 7055 7067 7054
f 7156 7155 7159
f 7067 7169 7068
f 7169 7161 7171
f 7170 7169 7171
f 7171 7164 7172
f 7182 7177 7175
f 7177 7182 7179
f 7185 7070 7068
f 7192 7200 7190
f 7193 7190 7189
f 7189 7284 7193
f 7194 7182 7175
f 7207 7213 7208
f 7220 7224 7219
f 7221 7230 7222
f 7231 7230 7127
f 7236 7240 7231
f 7137 7238 7128
f 7241 7242 7237
f 7283 7272 7419
f 7293 7315 7296
f 7318 7308 7307
f 7287 7195 7297
f 7322 7329 7323
f 7227 7334 7235
f 7335 7348 7228
f 7348 7347 7229
f 7464 7337 7350
f 7345 7339 7356
f 7361 7350 7349
f 7247 7251 7259
f 7359 7252 7265
f 7480 7376 7375
f 7271 7260 7369
f 7268 7271 7401
f 7268 7401 7269
f 7368 7380 7382
f 7377 7401 7382
f 7388 7386 7389
f 7403 7402 7405
f 7406 7419 7405
f 7409 7414 7391
f 7408 7407 7414
f 7266 7408 7387
f 7393 7413 7301
f 7416 7418 7410
f 7406 7399 7286
f 7300 7393 7301
f 7310 7314 7309
f 7422 7423 6457
f 7435 7430 7424
f 7431 7434 7426
f 7327 7445 7324
f 7445 7327 7446
f 7449 7452 7443
f 7467 7461 7458
f 7463 7473 7344
f 7471 7473 7470
f 7362 7465 7353
f 7475 7469 7352
f 7341 7473 7342
f 7479 7481 7364
f 7484 7483 7396
f 7492 7493 7496
f 7503 7514 7510
f 7522 7521 7531
f 7610 7609 7608
f 7606 7609 7607
f 7634 7633 7636
f 7659 7729 7681
f 7704 7662 7693
f 7693 7737 7704
f 7665 7698 7696
f 7712 7709 7719
f 7700 7756 7705
f 7682 7718 7683
f 7714 7715 7723
f 7590 7735 7588
f 7789 7591 7735
f 7791 7794 7792
f 7794 7791 7788
f 7793 7792 7828
f 7778 7764 7763
f 7849 7845 7844
f 7817 7857 7813
f 7818 7926 7860
f 7587 7866 7818
f 7894 7899 7895
f 7905 7912 7902
f 7925 7916 7860
f 7861 7916 7922
f 7916 7925 7917
f 7868 7970 7927
f 7604 7605 7600
f 7890 7942 7884
f 7890 7945 7942
f 7962 7961 7974
f 7908 7911 7963
f 7971 7969 7929
f 7970 7979 7971
f 7983 7981 7984
f 7962 7974 8008
f 8013 8011 7975
f 7967 8012 7968
f 8019 7973 8018
f 8003 8006 8042
f 8014 8046 8044
f 8015 8022 8045
f 8049 8048 8057
f 8068 8064 8062
f 8057 8090 8091
f 8056 8093 8026
f 8092 8102 8093
f 8091 8096 8092
f 8124 8098 8126
f 8067 8102 8103
f 8059 8108 8071
f 8139 8136 8080
f 8124 8126 8130
f 8131 8126 8100
f 8155 8144 8110
f 8153 8159 8171
f 8477 8174 8176
f 8189 7997 8181
f 8195 8197 8204
f 8191 8209 8189
f 8210 8200 8224
f 8230 8240 8220
f 8231 8232 8242
f 8243 8244 8247
f 8250 8249 8252
f 8280 8279 8266
f 8273 8276 8285
f 8275 8323 8276
f 8328 8327 8330
f 8326 8289 8291
f 8332 8296 8342
f 8343 8295 8334
f 8377 8325 8383
f 8340 8387 8336
f 8349 8404 8346
f 8347 8348 8401
f 8455 8457 8452
f 8468 8473 8471
f 8553 8481 8476
f 8176 8552 8477
f 8484 8178 8478
f 8484 8490 8485
f 8417 8412 8485
f 8491 8417 8490
f 8526 8431 8518
f 8435 8431 8526
f 8540 8464 8470
f 8466 8548 8620
f 8580 8522 8594
f 8544 8546 8545
f 8612 8668 8619
f 8688 8689 8682
f 8639 8638 8697
f 8690 8692 8691
f 8640 8639 8696
f 8649 8643 8650
f 8707 8710 8653
f 8700 8710 8701
f 8718 8685 8717
f 8233 8238 8236
f 8171 8162 8172
f 8139 8080 8145
f 8054 8063 8055
f 7869 7937 7870
f 7408 7266 7277
f 7216 7214 7219
f 7162 7163 7257
f 6237 6236 6243
f 6118 6126 6119
f 6036 6034 6042
f 5381 5449 5452
f 5387 5383 5385
f 5278 5270 5280
f 4894 4895 4880
f 4394 4276 4393
f 5313 4332 5310
f 4227 4225 4232
f 451 442 441
f 441 439 4048
f 3891 3890 3919
f 3872 3876 3870
f 3516 3519 3612
f 3821 3771 3823
f 3701 3706 3777
f 3630 3629 3664
f 2990 2989 3007
f 8746 278 2192
f 1738 1740 1737
f 1038 1024 1023
f 809 808 856
f 583 591 579
f 62 75 58
f 7433 7432 8747
f 7336 7333 7340
f 7091 8750 7093
f 7451 7453 8749
f 6280 6279 7094
f 7090 7094 7091
f 8749 7333 8752
f 6400 6394 8753
f 6310 6398 8754
f 6398 6400 8754
f 6268 6311 6273
f 6311 6310 8755
f 6274 6273 6282
f 6282 8755 6279
f 6397 6459 6394
f 6456 6458 6459
f 8756 6458 8757
f 8757 8758 8756
f 8757 7428 8760
f 8757 8760 8758
f 7433 8747 7435
f 8762 8763 7435
f 8760 7429 8763
f 8760 8763 8761
f 7432 7440 8748
f 8747 8748 8762
f 7440 7442 8765
f 8766 7442 8767
f 7451 8749 8767
f 7443 7451 7444
f 7096 8750 7101
f 8750 7091 8751
f 8768 8769 7101
f 7104 7102 8745
f 7107 8744 7108
f 8745 8769 8744
f 7226 8771 7227
f 7120 8772 7119
f 8770 8773 7108
f 7110 8773 7120
f 8752 7332 8771
f 7226 8772 8771
f 8771 8774 8752
f 8772 8773 8771
f 8752 8775 8749
f 8773 8770 8774
f 8774 8776 8775
f 8775 8777 8767
f 8776 8770 8778
f 8776 8778 8777
f 8777 8779 8766
f 8778 8769 8780
f 8778 8780 8779
f 8779 8781 8765
f 8763 8762 8764
f 8751 8782 8768
f 8780 8782 8781
f 8781 8783 8764
f 8761 8783 8758
f 8782 8784 8783
f 8754 8753 8784
f 6394 8756 8753
f 8754 8784 8755
f 8782 8751 8784
f 1885 1886 1879
f 2007 8786 1990
f 2045 8787 2053
f 1989 1952 1954
f 2039 1989 2044
f 1906 1880 8785
f 1955 1906 8788
f 8726 8785 1888
f 1955 8787 2045
f 1955 8788 8787
f 2007 8787 8786
f 2009 2053 2007
f 8785 8726 8788
f 1957 1956 8726
f 7495 8789 7496
f 8723 8791 2820
f 8789 8792 8790
f 8792 8794 8793
f 8791 8723 8795
f 8723 2785 8796
f 2755 2751 8797
f 2751 7492 8797
f 7492 7496 8797
f 2784 2758 8796
f 8793 8798 8790
f 8796 8797 8798
f 8793 8795 8798
f 6589 7500 7497
f 7499 7501 7500
f 7508 7507 7501
f 7495 7498 8789
f 7494 7497 7498
f 7507 7506 8800
f 7497 8801 8799
f 7497 7507 8801
f 8800 7523 8802
f 7524 7530 8802
f 8801 8800 8804
f 8799 8805 8789
f 8801 8804 8799
f 8792 8805 8794
f 8804 8802 8807
f 8805 8804 8806
f 8791 8795 8808
f 8806 8808 8794
f 7532 7528 7529
f 7530 7529 8803
f 8807 8810 8806
f 8808 8811 8791
f 8808 8810 8811
f 2821 8811 2823
f 7528 8811 8810
f 8807 8803 8810
f 2603 2605 8812
f 2639 8814 2641
f 2605 2607 8813
f 2599 2598 8817
f 2601 2603 2598
f 2598 8812 8817
f 8816 8817 8813
f 2639 2597 8814
f 8814 8817 8818
f 2607 2609 8816
f 8821 2703 8820
f 2722 8822 2706
f 8824 8825 8823
f 8818 8816 8826
f 2722 2721 8822
f 8814 8818 8815
f 8820 8822 8827
f 2691 2690 2719
f 2721 2720 8829
f 8815 8828 8830
f 2686 8830 2687
f 2688 2687 2690
f 2721 8829 8827
f 8831 8828 8832
f 8818 8826 8828
f 8825 8820 8833
f 8825 8833 8823
f 8827 8832 8833
f 8829 2690 8832
f 2642 2645 8824
f 8824 8821 8825
f 2724 2703 8821
f 2725 8821 2658
f 2645 2658 8821
f 2649 2658 2644
f 2710 2725 2726
f 2716 2726 2657
f 8095 8094 8834
f 8149 8127 8835
f 8142 8161 8140
f 8021 8095 8047
f 8099 8835 8127
f 8106 8107 8834
f 8095 8834 8837
f 8047 8837 8089
f 8837 8839 8099
f 8838 8840 8834
f 8161 8839 8836
f 8160 8152 8161
f 8150 8835 8152
f 8837 8840 8839
f 8838 8836 8840
f 8107 8116 8838
f 8116 8135 8836
f 4978 8841 4979
f 4975 4974 4978
f 4838 4750 4974
f 4983 4979 4984
f 4779 4910 8842
f 4774 4775 8842
f 4912 4884 4910
f 4884 4883 8843
f 4988 4984 8843
f 4750 8844 8841
f 4884 8843 8842
f 4772 4771 4774
f 8842 8845 4774
f 4679 4772 4677
f 4678 4677 4751
f 4751 8844 4744
f 8847 8848 4751
f 8843 8841 8845
f 8846 8845 8848
f 4772 8846 8847
f 4425 4031 8849
f 4425 8849 8850
f 4081 4616 8849
f 4704 8850 8849
f 4425 8850 4574
f 4617 4576 4618
f 4706 4618 8850
f 338 337 3276
f 343 8851 340
f 336 340 337
f 342 3298 343
f 343 8852 8851
f 8852 3298 8854
f 3298 3297 8854
f 8852 8854 8853
f 3271 332 8854
f 8854 8856 8855
f 335 8858 332
f 8858 8859 8856
f 331 8860 329
f 3015 8860 335
f 2947 2951 8861
f 8863 8859 8862
f 8859 8858 8864
f 8862 8864 8861
f 331 8861 8860
f 326 325 331
f 325 2976 8861
f 2947 8861 2976
f 2943 2944 2976
f 316 2943 318
f 3177 3180 8731
f 3524 3634 3523
f 3207 3470 8867
f 3523 8866 3469
f 8866 3634 8868
f 8866 8868 8867
f 8869 3634 8870
f 3527 360 8871
f 368 410 363
f 410 409 363
f 412 3395 409
f 3333 358 3383
f 3394 3439 3395
f 3384 3383 3439
f 3527 8871 3633
f 356 3281 359
f 3286 8869 359
f 358 359 8872
f 8870 8873 359
f 363 8873 8871
f 363 8872 8873
f 3286 8874 8869
f 3204 3205 8875
f 8867 8876 3207
f 8867 8868 8876
f 3179 3186 8877
f 8875 8877 3204
f 3286 3276 8874
f 8874 8878 8876
f 8876 8879 8875
f 3276 8851 8878
f 8851 8853 8880
f 3171 8731 3172
f 8877 8865 3180
f 8879 8881 8877
f 8879 8878 8880
f 8859 8863 8857
f 8853 8855 8880
f 8855 8857 8882
f 8881 8883 8865
f 8880 8882 8881
f 3163 3172 8884
f 3221 3197 8884
f 3164 3163 3197
f 8882 8863 8883
f 2949 8886 2951
f 8863 8862 8885
f 2918 2921 2919
f 2950 8887 8886
f 8883 8885 8884
f 2967 3216 8889
f 2959 2967 8890
f 3221 8884 8889
f 2916 2919 8887
f 2948 2909 2950
f 8885 8886 8888
f 2921 8890 8887
f 8889 8888 8890
f 2921 2922 2959
f 3618 3622 8891
f 3498 8892 3572
f 3645 3648 3649
f 3643 3625 3648
f 3494 3491 3497
f 3490 3492 3491
f 3497 8893 3498
f 3487 3486 3619
f 3492 3487 8893
f 3532 3620 3619
f 8892 8893 8894
f 8892 8894 3649
f 3650 3649 3670
f 3619 3618 8894
f 8893 3619 8894
f 1327 8895 1328
f 48 8896 38
f 39 8896 1318
f 72 71 8897
f 53 8897 8899
f 69 68 71
f 113 1336 114
f 1336 1331 8900
f 68 114 8898
f 53 8899 51
f 8898 8900 8902
f 51 8901 49
f 8899 8898 8901
f 48 46 8903
f 8901 8902 8903
f 1320 8896 1321
f 8896 8904 8895
f 8900 1331 8895
f 8900 8895 8902
f 1322 1321 1327
f 8896 48 8904
f 2667 2670 2672
f 2674 6762 2675
f 2641 8815 8905
f 2640 2641 8906
f 2640 8906 2638
f 2635 8907 2655
f 2637 8728 2635
f 2670 2655 8719
f 8905 8908 8906
f 8830 2686 8905
f 8905 8909 8908
f 8907 8908 8719
f 8719 8909 2675
f 2678 2680 2686
f 8906 8908 8728
f 1552 2477 2484
f 2482 2487 2484
f 2484 8910 2485
f 2488 8910 2489
f 2487 2483 8911
f 2484 2487 8912
f 2484 8912 8910
f 2500 2499 2498
f 2498 8913 2495
f 8913 2499 8914
f 8910 8914 2489
f 8913 8915 2430
f 8913 8916 8915
f 2486 2431 8911
f 8912 8911 8916
f 8910 8912 8914
f 8913 8914 8916
f 4201 8917 4199
f 547 557 546
f 553 559 557
f 537 539 8919
f 539 540 8920
f 546 8918 8920
f 501 505 534
f 537 8919 505
f 536 535 575
f 8920 8921 8919
f 577 576 4201
f 8917 4201 8921
f 8918 8921 8920
f 3979 3978 8922
f 3964 3966 3977
f 3977 8923 3978
f 4044 4047 8924
f 3956 4044 3957
f 3958 3957 3966
f 4073 4075 8736
f 8923 3966 8926
f 8924 4066 8927
f 8924 8927 8926
f 4071 8736 8927
f 8736 8925 8927
f 8923 8926 8925
f 8923 8925 8922
f 4075 4074 8929
f 4076 4095 4077
f 3979 8922 3986
f 3995 3986 8930
f 8925 4075 8928
f 4004 8931 4012
f 4004 3995 8931
f 8931 8932 4012
f 4031 4013 4081
f 4081 8932 4082
f 8932 8934 8933
f 8929 4095 8933
f 8928 8929 8934
f 8928 8934 8930
f 8931 8934 8932
f 4134 4133 8935
f 4135 4134 8721
f 8721 8935 4265
f 8936 4265 8935
f 4259 4261 4265
f 4260 4262 4261
f 4141 8721 4264
f 4202 8917 4263
f 8921 8918 8917
f 4207 8938 8937
f 4207 8937 4204
f 4263 8937 8938
f 8918 559 8937
f 558 4149 559
f 4208 4264 4207
f 4262 4263 4264
f 4200 4255 8939
f 4200 4203 4253
f 4193 8939 4255
f 4193 4255 4194
f 4193 4183 4191
f 4192 4195 4191
f 4195 4197 8939
f 4158 4160 8940
f 3819 4159 4216
f 4223 4216 4224
f 4163 4162 4160
f 4175 8940 4176
f 4234 4230 8940
f 4162 4176 8940
f 4232 4224 4230
f 4162 4168 4176
f 4182 4184 4173
f 3349 8941 3352
f 3272 3356 3349
f 3404 8732 8733
f 8734 8733 8941
f 3407 3406 8735
f 8734 8941 8942
f 3405 8734 3406
f 3364 3409 8942
f 3359 8943 3356
f 3360 8944 3359
f 3360 3332 8944
f 3364 8942 8945
f 8943 8944 8945
f 8941 8943 8945
f 3046 3102 3045
f 3158 3157 3136
f 3101 3341 3136
f 3325 3141 3136
f 3155 3154 3157
f 3093 3045 3134
f 3101 3136 3102
f 3136 8948 8946
f 8946 8949 3134
f 3132 8949 3129
f 8946 8948 8949
f 8950 8951 3149
f 3149 8947 3152
f 8952 8947 3154
f 3136 3157 8948
f 8948 8947 8951
f 8949 8951 8950
f 3110 3061 3111
f 3056 3055 3119
f 3124 3126 8953
f 3129 8950 3126
f 3149 3148 8950
f 8954 8955 8953
f 3148 3147 8954
f 3119 3112 8955
f 3119 8955 3145
f 3112 3061 8956
f 3124 8953 8729
f 3122 8729 3062
f 3066 3118 8957
f 3118 3128 8957
f 3078 3070 3079
f 3082 3079 3085
f 3085 8957 3128
f 3086 3085 3130
f 3127 3147 3128
f 3150 3151 3088
f 3097 3094 8730
f 3156 8730 3153
f 8959 3094 3047
f 8959 8960 3153
f 3092 8958 8960
f 3092 8960 3090
f 3083 3088 3092
f 3151 3152 8958
f 3154 3153 8958
f 3358 3367 8961
f 3390 8962 3425
f 3287 3274 3318
f 3366 3413 8961
f 3327 3355 3328
f 3355 3358 8964
f 3328 8964 3310
f 3318 8962 3319
f 3425 8965 3426
f 8961 3419 8965
f 8964 8961 8966
f 3417 3450 3418
f 3274 3247 8963
f 8962 3318 8966
f 3330 8964 8963
f 3425 8962 8965
f 3713 3708 8967
f 3745 3744 3843
f 3743 3713 8969
f 3747 3743 3744
f 3800 8970 3841
f 3708 3742 8967
f 3742 3834 8970
f 3744 8969 8971
f 3800 8968 8970
f 3800 3799 8968
f 8970 8968 8971
f 8969 8967 8971
f 3745 3843 3751
f 3845 3854 3843
f 3859 3866 3854
f 3753 8973 4117
f 4118 4119 8974
f 8972 3866 8976
f 8977 8976 4219
f 3864 3869 3865
f 3868 4219 3869
f 3719 3750 3721
f 3750 3751 8978
f 3721 8978 3753
f 8976 8979 8972
f 8973 8978 8979
f 4119 8973 8975
f 8977 8975 8976
f 4239 8980 4236
f 4238 4242 4239
f 4272 4231 8980
f 4178 4171 4190
f 4190 8981 4241
f 8980 4239 8982
f 8981 8983 8982
f 4118 8974 4120
f 4164 8985 4165
f 8980 8982 4272
f 4229 4228 4271
f 4171 8983 8981
f 4170 4165 4171
f 4228 4272 8983
f 8974 8986 8984
f 4120 8984 4123
f 8737 4123 8738
f 8738 8985 4164
f 8977 8986 8975
f 8977 8987 8986
f 8983 8985 8987
f 4219 4218 8977
f 4218 4222 8987
f 4271 8983 8987
f 4130 4106 8988
f 4190 4189 8989
f 4257 4259 8990
f 4131 4130 8991
f 4132 8992 4133
f 4131 8991 4132
f 8988 8993 8992
f 4190 8989 4178
f 8988 4106 8993
f 4250 4252 8989
f 4257 8990 8989
f 8990 8993 8989
f 8936 8992 8990
f 4210 5007 4211
f 4270 5094 4210
f 5093 5100 5094
f 5009 4958 5011
f 4213 4211 5007
f 5019 5012 5100
f 4264 4208 4141
f 4141 4211 4142
f 4147 4211 4212
f 8994 8995 618
f 4 8996 10
f 27 165 24
f 637 636 8997
f 637 8997 638
f 8997 640 8999
f 740 744 739
f 172 9000 1592
f 1695 1650 9002
f 1592 9001 1593
f 1650 1649 9001
f 9002 9001 9003
f 1695 9002 749
f 8999 744 9003
f 8999 9003 9004
f 8997 8999 9005
f 9001 9000 9004
f 8997 9005 8998
f 8998 9007 638
f 607 624 9007
f 9006 9008 8998
f 6 632 9
f 631 8995 632
f 9 9009 3
f 618 617 8994
f 621 611 8994
f 9007 9011 613
f 9008 9012 9007
f 8994 611 9011
f 8994 9011 9012
f 9008 9010 9012
f 9009 8995 9012
f 9010 8996 3
f 9010 9013 8996
f 161 23 169
f 167 169 165
f 25 24 9013
f 172 25 9000
f 9000 9013 9006
f 9008 9006 9010
f 47 45 9014
f 47 9014 152
f 190 152 9014
f 34 190 41
f 44 41 9014
f 146 151 190
f 150 153 151
f 52 9015 53
f 79 65 9016
f 80 92 9017
f 98 89 93
f 79 9018 77
f 92 93 9018
f 72 9019 70
f 52 57 9020
f 80 9017 81
f 52 9020 9015
f 72 8897 9019
f 9019 9015 9020
f 74 81 60
f 9017 9018 9020
f 9018 79 9020
f 201 208 199
f 202 209 9021
f 90 9022 97
f 90 101 9022
f 9021 9022 202
f 206 208 211
f 215 9024 9023
f 215 273 9024
f 9024 273 233
f 221 8725 222
f 222 233 226
f 237 234 233
f 8724 9025 218
f 219 218 8725
f 201 9022 9023
f 8724 211 9025
f 215 9023 9021
f 233 9027 9024
f 9026 9025 9027
f 233 8725 9027
f 86 136 137
f 138 137 1353
f 1354 1353 8727
f 8727 135 266
f 134 200 135
f 205 266 135
f 2166 8727 265
f 205 213 266
f 2200 2199 2202
f 229 235 230
f 235 247 253
f 253 9029 279
f 280 279 2199
f 9028 2199 279
f 253 252 9029
f 2202 9028 2211
f 2220 2219 9029
f 253 279 230
f 2184 9031 2189
f 228 230 9032
f 278 8746 279
f 228 9032 227
f 2192 2189 8746
f 9032 9030 9033
f 8746 9031 9030
f 223 227 9034
f 2184 2183 9031
f 2182 2327 2183
f 264 9035 2169
f 2264 2169 2327
f 9035 9037 9036
f 9033 9036 9034
f 9033 9031 9036
f 267 272 9037
f 217 216 272
f 223 9034 224
f 9034 9036 9038
f 219 224 216
f 264 267 9035
f 2643 2642 2648
f 2617 9040 2611
f 2648 9039 9042
f 9042 9043 2648
f 2791 2793 9043
f 2740 2739 9044
f 2791 9044 2762
f 2616 9045 9040
f 2616 2618 9045
f 9039 9040 9042
f 9044 9046 2740
f 9043 9042 9046
f 9043 9046 9044
f 2613 2612 2569
f 2569 9047 2547
f 2609 2610 8819
f 8826 8819 8823
f 8824 8823 9048
f 9047 9049 2610
f 2611 9041 2612
f 2612 9050 9047
f 8824 9048 9051
f 9049 9047 9052
f 9050 9041 9052
f 9040 9039 9041
f 2642 8824 9039
f 9048 9049 9051
f 9049 9052 9051
f 8824 9051 9039
f 9039 9051 9041
f 9041 9051 9052
f 9047 9050 9052
f 9041 9050 2612
f 9049 9048 2610
f 8819 9048 8823
f 2610 9048 8819
f 9047 2610 2547
f 2612 9047 2569
f 9043 9044 2791
f 9042 9045 9046
f 9046 9045 2740
f 9040 9045 9042
f 2618 2740 9045
f 2616 9040 2617
f 9044 2739 2762
f 2793 2646 9043
f 9043 2646 2648
f 9040 9041 2611
f 2642 9039 2648
f 267 9037 9035
f 224 9038 216
f 9036 9037 9038
f 9034 9038 224
f 216 9038 272
f 272 9038 9037
f 9031 9035 9036
f 2169 9035 2327
f 2327 9035 2183
f 2183 9035 9031
f 227 9033 9034
f 9031 9033 9030
f 2189 9031 8746
f 9032 9033 227
f 8746 9030 279
f 230 9030 9032
f 279 9030 230
f 2219 2211 9029
f 9028 9029 2211
f 252 2220 9029
f 9028 279 9029
f 247 250 253
f 235 253 230
f 2199 9028 2202
f 213 267 266
f 8727 266 265
f 200 205 135
f 1353 135 8727
f 137 135 1353
f 136 135 137
f 8725 9026 9027
f 9025 9023 9027
f 9027 9023 9024
f 9023 9022 9021
f 211 9023 9025
f 201 9023 208
f 218 9026 8725
f 9025 9026 218
f 237 233 232
f 233 234 226
f 8725 233 222
f 273 231 233
f 208 9023 211
f 101 202 9022
f 9022 201 97
f 209 215 9021
f 208 204 199
f 79 9016 9020
f 81 9020 60
f 9019 9020 9016
f 8897 9015 9019
f 9017 9020 81
f 57 60 9020
f 9019 9016 70
f 9018 89 77
f 89 9018 93
f 92 9018 9017
f 65 70 9016
f 9015 8897 53
f 153 152 151
f 151 152 190
f 190 9014 41
f 45 44 9014
f 9006 9013 9010
f 9000 9006 9005
f 25 9013 9000
f 24 8996 9013
f 169 8996 165
f 23 8996 169
f 8996 4 3
f 8995 8994 9012
f 9010 9009 9012
f 611 613 9011
f 9012 9011 9007
f 607 9007 613
f 617 621 8994
f 9009 9010 3
f 8995 9009 632
f 632 9009 9
f 9008 9007 8998
f 624 638 9007
f 9005 9006 8998
f 9000 9005 9004
f 8999 9004 9005
f 744 749 9003
f 9002 9003 749
f 9001 9004 9003
f 9001 1649 1593
f 1650 9001 9002
f 9000 9001 1592
f 744 8999 739
f 640 739 8999
f 8997 8998 638
f 636 640 8997
f 165 8996 24
f 8996 23 10
f 8995 631 618
f 4211 4213 4212
f 4211 4147 4142
f 4208 4211 4141
f 5012 5007 5100
f 4958 5007 5011
f 5100 5007 5094
f 5094 5007 4210
f 8992 8993 8990
f 4252 4257 8989
f 4106 8989 8993
f 8989 4106 4178
f 8988 8992 8991
f 8991 8992 4132
f 8992 8936 4133
f 4130 8988 8991
f 4259 8936 8990
f 4189 4250 8989
f 4222 4271 8987
f 4218 8987 8977
f 8985 8986 8987
f 8986 8974 8975
f 4123 8985 8738
f 8984 8985 4123
f 8986 8985 8984
f 4165 8983 4171
f 4228 8983 4271
f 8982 8983 4272
f 8985 8983 4165
f 8974 8984 4120
f 4239 8981 8982
f 8981 4242 4241
f 4171 8981 4190
f 4231 4233 8980
f 4242 8981 4239
f 8980 4233 4236
f 8975 8979 8976
f 8973 8979 8975
f 8979 8978 8972
f 8978 8973 3753
f 3751 8972 8978
f 3750 8978 3721
f 4219 8976 3869
f 3869 8976 3865
f 3866 3865 8976
f 4119 8975 8974
f 8973 4119 4117
f 3866 8972 3854
f 3854 8972 3843
f 3843 8972 3751
f 8967 8970 8971
f 3799 3843 8968
f 3744 8971 8968
f 3834 3841 8970
f 3742 8970 8967
f 3743 8969 3744
f 3713 8967 8969
f 3744 8968 3843
f 8962 8966 8965
f 8964 8966 8963
f 3318 8963 8966
f 3247 3330 8963
f 3450 8965 3418
f 8961 8965 8966
f 3419 3418 8965
f 8965 3450 3426
f 8962 3390 3319
f 8964 3330 3310
f 3358 8961 8964
f 3355 8964 3328
f 3413 3419 8961
f 3274 8963 3318
f 3390 3425 3386
f 3367 3366 8961
f 3154 8958 8952
f 3152 8952 8958
f 3088 8958 3092
f 8960 3047 3090
f 8960 8958 3153
f 8959 3047 8960
f 8730 8959 3153
f 3094 8959 8730
f 3151 8958 3088
f 3147 3148 3128
f 3085 3128 3130
f 3079 8957 3085
f 3070 8957 3079
f 3066 8957 3070
f 8729 8956 3062
f 8953 8956 8729
f 3061 3062 8956
f 8955 3147 3145
f 3112 8956 8955
f 3147 8955 8954
f 8955 8956 8953
f 3148 8954 8950
f 8950 8954 3126
f 3126 8954 8953
f 3055 3112 3119
f 3061 3112 3111
f 3157 8947 8948
f 8947 8952 3152
f 8951 8947 3149
f 8948 8951 8949
f 8949 8950 3129
f 8949 3132 3134
f 3136 8946 3102
f 3045 8946 3134
f 3154 8947 3157
f 3141 3137 3136
f 3341 3325 3136
f 3158 3136 3135
f 3102 8946 3045
f 8941 8945 8942
f 3364 8945 8944
f 3332 3364 8944
f 8944 8943 3359
f 8943 8941 3356
f 3409 8735 8942
f 8734 8942 3406
f 3406 8942 8735
f 8732 8941 8733
f 3356 8941 3349
f 8941 8732 3352
f 4184 4176 4173
f 4168 4173 4176
f 4224 8940 4230
f 4234 8940 4175
f 4162 8940 4160
f 4216 8940 4224
f 4159 8940 4216
f 4158 8940 4159
f 4197 4200 8939
f 4195 8939 4191
f 4193 4191 8939
f 4255 4248 4194
f 4200 4253 4255
f 4263 8938 4264
f 4264 8938 4207
f 4149 8937 559
f 8937 4149 4204
f 8918 8937 8917
f 8917 8937 4263
f 8721 4265 4264
f 4262 4265 4261
f 4259 4265 8936
f 4134 8935 8721
f 4133 8936 8935
f 8934 8931 8930
f 8929 8933 8934
f 4095 4082 8933
f 8932 8933 4082
f 4013 8932 4081
f 8932 4013 4012
f 3995 8930 8931
f 4075 8929 8928
f 3986 8928 8930
f 8922 8928 3986
f 4095 8929 4077
f 4074 4077 8929
f 8925 8928 8922
f 8925 8926 8927
f 4066 4071 8927
f 3966 8924 8926
f 4075 8925 8736
f 3957 8924 3966
f 4044 8924 3957
f 4047 4066 8924
f 3966 8923 3977
f 3978 8923 8922
f 4201 535 8921
f 576 535 4201
f 8921 535 8919
f 535 576 575
f 8919 535 505
f 505 535 534
f 540 546 8920
f 539 8920 8919
f 559 8918 557
f 557 8918 546
f 8917 4202 4199
f 8912 8916 8914
f 8911 8915 8916
f 2431 8915 8911
f 8915 2431 2430
f 8914 2492 2489
f 2499 2492 8914
f 8913 2430 2495
f 2499 8913 2498
f 2487 8911 8912
f 2483 2486 8911
f 8910 2488 2485
f 2482 2484 2477
f 1552 2484 1553
f 8908 8907 8728
f 2680 8909 2686
f 8909 2680 2675
f 8908 8909 8719
f 2686 8909 8905
f 2655 8907 8719
f 8728 8907 2635
f 2635 2655 2636
f 8906 8728 2638
f 2641 8905 8906
f 8815 8830 8905
f 6762 8719 2675
f 2670 8719 2672
f 48 8903 8904
f 1321 8895 1327
f 8895 8904 8902
f 1331 1328 8895
f 8896 8895 1321
f 8902 8904 8903
f 46 49 8903
f 8898 8902 8901
f 8901 8903 49
f 8899 8901 51
f 114 8900 8898
f 1336 8900 114
f 68 8898 71
f 8897 8898 8899
f 71 8898 8897
f 8896 1320 1318
f 8896 39 38
f 3618 8891 8894
f 3649 8891 3670
f 8894 8891 3649
f 3487 3619 8893
f 3486 3532 3619
f 8893 8892 3498
f 3492 8893 3491
f 3491 8893 3497
f 3625 8892 3648
f 3648 8892 3649
f 8892 3625 3572
f 3622 3670 8891
f 2921 2959 8890
f 8888 8887 8890
f 8886 8887 8888
f 2909 8887 2950
f 2916 8887 2909
f 8884 8888 8889
f 2967 8889 8890
f 3216 3221 8889
f 8885 8888 8884
f 2950 8886 2949
f 2921 8887 2919
f 8862 8886 8885
f 8886 8862 2951
f 8863 8885 8883
f 3163 8884 3197
f 3172 8865 8884
f 8882 8883 8881
f 8883 8884 8865
f 8855 8882 8880
f 8863 8882 8857
f 8879 8880 8881
f 8881 8865 8877
f 8877 3180 3179
f 8731 8865 3172
f 8851 8880 8878
f 8879 8877 8875
f 8878 8879 8876
f 3276 8878 8874
f 8877 3186 3204
f 8868 8874 8876
f 8876 8875 3207
f 3205 3207 8875
f 8874 8868 8869
f 8873 8870 8871
f 359 8873 8872
f 8869 8870 359
f 3281 3286 359
f 8871 8870 3633
f 3383 8872 3439
f 3439 8872 3395
f 358 8872 3383
f 3395 8872 409
f 409 8872 363
f 368 363 362
f 360 363 8871
f 3634 3633 8870
f 3634 8869 8868
f 8866 8867 3469
f 3470 3469 8867
f 3634 8866 3523
f 3180 8865 8731
f 2943 2976 318
f 2944 2947 2976
f 325 8861 331
f 8861 8864 8860
f 8858 8860 8864
f 8859 8864 8862
f 2951 8862 8861
f 8860 8858 335
f 8860 3015 329
f 8859 8857 8856
f 8858 8856 332
f 8856 8857 8855
f 332 8856 8854
f 8854 8855 8853
f 3297 3271 8854
f 8852 8853 8851
f 3298 8852 343
f 340 8851 337
f 337 8851 3276
f 4706 8850 4704
f 4576 8850 4618
f 8850 4576 4574
f 4616 4704 8849
f 4031 4081 8849
f 8846 8848 8847
f 8845 8844 8848
f 8841 8844 8845
f 8848 8844 4751
f 8844 4750 4744
f 4677 8847 4751
f 4772 8847 4677
f 8845 8846 4774
f 4772 4774 8846
f 8843 8845 8842
f 4984 8841 8843
f 4883 4988 8843
f 4884 8842 4910
f 4775 4779 8842
f 4979 8841 4984
f 4750 8841 4974
f 4974 8841 4978
f 8135 8140 8836
f 8116 8836 8838
f 8836 8839 8840
f 8835 8839 8152
f 8152 8839 8161
f 8840 8837 8834
f 8839 8835 8099
f 8837 8099 8089
f 8107 8838 8834
f 8095 8837 8047
f 8161 8836 8140
f 8149 8835 8150
f 8094 8106 8834
f 2726 2658 2657
f 2725 2658 2726
f 2658 2645 2644
f 2724 8821 2725
f 8821 8820 8825
f 2645 8821 8824
f 2690 8831 8832
f 8833 8826 8823
f 8820 8827 8833
f 8826 8833 8828
f 8828 8833 8832
f 8829 8832 8827
f 2687 8831 2690
f 8830 8831 2687
f 8828 8831 8830
f 2720 2719 8829
f 2690 8829 2719
f 8818 8828 8815
f 2721 8827 8822
f 8816 8819 8826
f 8822 8820 2706
f 2703 2706 8820
f 2609 8819 8816
f 8817 8816 8818
f 2597 8817 8814
f 8817 8812 8813
f 2603 8812 2598
f 2599 8817 2597
f 2607 8816 8813
f 8814 8815 2641
f 2605 8813 8812
f 8803 8809 8810
f 7528 8810 8809
f 8811 7528 2823
f 8811 2821 8791
f 8810 8808 8806
f 7529 8809 8803
f 7528 8809 7529
f 8795 8794 8808
f 8804 8807 8806
f 8802 8803 8807
f 8805 8806 8794
f 8804 8805 8799
f 8805 8792 8789
f 8800 8802 8804
f 7530 8803 8802
f 7523 7524 8802
f 7507 8800 8801
f 7506 7523 8800
f 7497 8799 7498
f 7498 8799 8789
f 7507 7497 7501
f 7501 7497 7500
f 8795 8796 8798
f 8798 8797 8790
f 2758 8797 8796
f 7496 8790 8797
f 2755 8797 2758
f 2785 2784 8796
f 8723 8796 8795
f 8794 8795 8793
f 8792 8793 8790
f 8791 2821 2820
f 8789 8790 7496
f 1956 8786 8726
f 8726 8786 8788
f 2053 8787 2007
f 8787 8788 8786
f 1955 2045 2044
f 8785 1886 1888
f 1906 8785 8788
f 1880 1879 8785
f 1989 1955 2044
f 1989 1954 1955
f 8786 1956 1990
f 1886 8785 1879
f 8751 8755 8784
f 8756 8759 8753
f 8753 8759 8784
f 8784 8759 8783
f 8783 8759 8758
f 8783 8761 8764
f 8782 8783 8781
f 8782 8780 8768
f 8762 8781 8764
f 8781 8762 8765
f 8780 8781 8779
f 8769 8768 8780
f 8779 8765 8766
f 8778 8779 8777
f 8770 8769 8778
f 8777 8766 8767
f 8776 8777 8775
f 8770 8776 8774
f 8775 8767 8749
f 8773 8774 8771
f 8774 8775 8752
f 7332 7334 8771
f 8773 8772 7120
f 8773 7110 7108
f 8772 7226 7119
f 8771 7334 7227
f 8769 8770 8744
f 8744 8770 7108
f 7102 8769 8745
f 8769 7102 7101
f 8750 8751 8768
f 8750 8768 7101
f 7451 8767 7444
f 7442 7444 8767
f 7442 8766 8765
f 8748 8765 8762
f 7440 8765 8748
f 8763 8764 8761
f 7429 7430 8763
f 8763 7430 7435
f 8747 8762 7435
f 8760 8761 8758
f 7428 7429 8760
f 8758 8759 8756
f 6458 7428 8757
f 6458 8756 6459
f 6459 8756 6394
f 8755 8751 6279
f 6273 8755 6282
f 6310 8754 8755
f 6311 8755 6273
f 6400 8753 8754
f 7333 7332 8752
f 7094 8751 7091
f 6279 8751 7094
f 7453 7340 8749
f 8750 7096 7093
f 7333 8749 7340
f 7432 8748 8747
f 75 59 58
f 591 738 579
f 808 806 856
f 2989 2991 3007
f 3706 3779 3777
f 3771 3767 3823
f 3876 3871 3870
f 3890 3910 3919
f 439 438 4048
f 451 441 4048
f 4225 4224 4232
f 4332 4322 5310
f 4895 8741 4880
f 5270 4685 5280
f 5383 5382 5385
f 6126 6125 6119
f 6236 6238 6243
f 7162 7257 7164
f 7214 7212 7219
f 7266 7261 7277
f 7937 7939 7870
f 8063 8066 8055
f 8080 8118 8145
f 8238 8269 8236
f 8710 8703 8701
f 8710 8700 8653
f 8643 8699 8650
f 8639 8697 8696
f 8692 8697 8691
f 8638 8691 8697
f 8689 8683 8682
f 8668 8667 8619
f 8522 8521 8594
f 8464 8463 8470
f 8431 8429 8518
f 8412 8179 8485
f 8490 8417 8485
f 8178 8177 8478
f 8552 8480 8477
f 8481 8552 8476
f 8473 8541 8471
f 8457 8453 8452
f 8348 8405 8401
f 8404 8348 8346
f 8387 8338 8336
f 8325 8373 8383
f 8323 8288 8276
f 8276 8288 8285
f 8279 8267 8266
f 8249 8253 8252
f 8244 8264 8247
f 8232 8245 8242
f 8240 8229 8220
f 8200 8218 8224
f 8209 7997 8189
f 8174 8173 8176
f 8159 8162 8171
f 8126 8131 8130
f 8136 8078 8080
f 8102 8101 8103
f 8098 8097 8126
f 8096 8102 8092
f 8102 8067 8093
f 8093 8067 8026
f 8090 8097 8091
f 8064 8063 8062
f 8048 8090 8057
f 8006 8087 8042
f 7973 7979 8018
f 8012 7977 7968
f 8011 8008 7975
f 7974 7975 8008
f 7981 8027 7984
f 7979 7973 7971
f 7911 7960 7963
f 7961 7919 7974
f 7945 7943 7942
f 7942 7886 7884
f 7605 7934 7600
f 7970 7928 7927
f 7916 7915 7922
f 7916 7861 7860
f 7912 7904 7902
f 7899 7952 7895
f 7866 7926 7818
f 7926 7925 7860
f 7845 7837 7844
f 7792 7795 7828
f 7791 7751 7788
f 7794 7795 7792
f 7591 7588 7735
f 7715 7771 7723
f 7756 7746 7705
f 7709 7677 7719
f 7698 7699 7696
f 7737 7738 7704
f 7662 7694 7693
f 7729 7684 7681
f 7634 7636 7664
f 7609 7990 7607
f 7609 7606 7608
f 7521 7532 7531
f 7514 7513 7510
f 7493 7490 7496
f 7483 7397 7396
f 7481 7366 7364
f 7469 7466 7352
f 7465 7474 7353
f 7473 7463 7470
f 7473 7341 7344
f 7461 7459 7458
f 7452 7451 7443
f 7445 7441 7324
f 7434 7424 7426
f 7423 7427 6457
f 7314 7313 7309
f 7399 7279 7286
f 7418 7417 7410
f 7413 7421 7301
f 7408 7409 7387
f 7408 7414 7409
f 7414 7392 7391
f 7419 7270 7405
f 7402 7400 7405
f 7386 7387 7389
f 7380 7377 7382
f 7401 7403 7269
f 7271 7382 7401
f 7260 7258 7369
f 7251 7367 7259
f 7339 7343 7356
f 7337 7244 7350
f 7347 7233 7229
f 7348 7229 7228
f 7334 7331 7235
f 7329 7447 7323
f 7315 7302 7296
f 7272 7270 7419
f 7242 7239 7237
f 7238 7129 7128
f 7240 7232 7231
f 7230 7221 7127
f 7230 7223 7222
f 7224 7216 7219
f 7213 7210 7208
f 7200 7188 7190
f 7070 7069 7068
f 7177 7174 7175
f 7164 7267 7172
f 7161 7164 7171
f 7169 7170 7068
f 7155 7163 7159
f 7257 7163 7155
f 7131 7140 7025
f 7147 7142 7141
f 7140 7131 7134
f 7126 7032 7139
f 7123 7132 7130
f 7116 7121 7018
f 7115 7120 7119
f 7114 7017 7109
f 7016 6935 7109
f 7109 6935 6934
f 7104 8745 8744
f 6920 7103 7105
f 7205 7099 7100
f 6994 6982 7086
f 7070 7185 7066
f 6983 6984 7064
f 7056 7059 7071
f 7046 6961 7051
f 7047 7046 7058
f 7046 7039 6962
f 7050 7040 7048
f 7038 7039 7048
f 7037 7040 7158
f 7029 6943 6940
f 6943 7031 7022
f 7019 7011 6931
f 7105 7003 6926
f 6475 6998 7098
f 6955 6968 6954
f 6852 6851 6932
f 6823 6824 6922
f 6914 6817 6915
f 6884 6892 6885
f 6891 6887 6886
f 6876 6875 6883
f 6864 6848 6933
f 6858 6855 6854
f 6850 6844 6843
f 6829 6841 6923
f 6104 6107 6833
f 6796 6835 6797
f 6795 6794 6786
f 6790 6054 6791
f 6778 6755 6744
f 6778 6743 6751
f 6770 6774 6739
f 6737 6736 6771
f 6762 2674 6765
f 6761 6719 2671
f 6720 6678 6679
f 6756 6667 6669
f 6668 6665 6664
f 6705 6707 6709
f 6693 6696 6694
f 6691 6657 6658
f 6646 6643 6640
f 6622 6582 6640
f 6621 6640 6582
f 6600 6603 6599
f 6575 6596 6597
f 6556 6554 6548
f 6522 6523 6577
f 6571 6570 6574
f 6542 6541 6546
f 6538 6534 6525
f 6913 6472 6466
f 6457 6450 6449
f 6390 6387 6445
f 6389 6435 6432
f 6424 6434 6376
f 6408 6414 6345
f 5784 6405 5782
f 6386 6399 6384
f 6399 6386 6385
f 6380 6386 6383
f 6307 6378 6383
f 6371 6364 6367
f 6365 6372 6304
f 6331 6340 6330
f 6340 6335 6333
f 6292 6332 6333
f 6328 6289 6288
f 6290 6289 6328
f 6284 6312 6319
f 7089 6277 6281
f 6272 6278 6281
f 6268 6265 6264
f 6257 6249 6251
f 6301 6250 6246
f 6163 6164 6244
f 6297 6300 6242
f 6245 6247 6299
f 6299 6247 6243
f 6240 6241 6238
f 6239 6234 6232
f 6293 6241 6240
f 6184 6183 6219
f 6209 6206 6207
f 6115 6123 6122
f 6173 6091 6092
f 6158 6159 6073
f 6145 6147 6150
f 6142 6141 6148
f 6137 6135 6136
f 6131 6149 6130
f 6116 6110 6112
f 6114 6112 6111
f 6177 6199 6816
f 6098 6103 6816
f 6049 6175 6095
f 8720 6014 6084
f 6078 6012 6162
f 6012 6077 6075
f 6070 6072 6071
f 6068 6072 6070
f 5979 5977 5974
f 6053 6043 6099
f 6046 6099 6043
f 6015 6017 6018
f 6024 6015 6021
f 6024 6028 6016
f 5302 5301 5300
f 5996 6006 6003
f 6003 5999 5998
f 6001 6069 5992
f 5976 5338 5975
f 5964 5961 5960
f 6717 5930 5932
f 5941 5943 5888
f 5937 5180 5890
f 5923 5851 5854
f 5907 5909 5910
f 5908 5910 5849
f 5863 5213 5938
f 5855 5919 5854
f 8743 5849 5847
f 5908 8743 5885
f 8743 5808 5809
f 5845 5876 5874
f 5841 5840 5871
f 5834 4995 4997
f 5742 5745 5824
f 5823 5822 5824
f 5817 5818 5812
f 5806 5804 5810
f 5719 5793 5791
f 5715 5714 5713
f 5779 5771 5769
f 5770 5696 5694
f 5691 5693 5768
f 4948 4947 4941
f 5724 5722 5624
f 5785 5712 5706
f 5620 5612 5611
f 4800 4938 5683
f 5598 5677 5673
f 5665 5668 5667
f 5664 5667 5666
f 5644 5651 5652
f 5511 5498 5458
f 5631 5628 5632
f 5632 5626 5524
f 5613 5610 5608
f 5609 5607 5492
f 5609 5491 5608
f 5587 5579 5581
f 5594 5578 5579
f 5566 5569 5572
f 5543 5536 5545
f 5471 5549 5532
f 5539 5544 5535
f 5540 5528 5527
f 5518 5528 5538
f 5512 5506 5509
f 5432 5446 5440
f 5394 5392 5366
f 5467 1883 1882
f 5468 5391 5470
f 5386 5468 5464
f 5447 5374 5452
f 5441 5439 5440
f 5436 5419 5424
f 5422 5425 5370
f 5370 5425 5418
f 6460 5482 5414
f 5406 5402 5401
f 5407 5398 5397
f 5384 5469 5386
f 5363 5368 5364
f 5356 5348 5344
f 5332 5335 5333
f 5333 5334 5328
f 5310 5309 5314
f 5297 5299 5305
f 5294 5293 5355
f 5272 5262 5258
f 5277 6203 5265
f 5236 5239 5238
f 6108 4418 4420
f 5238 5237 6113
f 5234 5238 5230
f 5233 5234 5229
f 5232 4419 4421
f 5229 4420 4419
f 5205 5174 5208
f 5209 5210 5176
f 5141 5144 5033
f 1266 1247 1249
f 5186 5120 5119
f 1262 1246 5098
f 5076 5079 5080
f 5065 5059 5058
f 5063 5054 5055
f 5028 5039 5053
f 5063 4973 5042
f 5022 5024 5031
f 5017 5020 4963
f 5010 5002 5001
f 5041 4832 4965
f 4940 4939 4942
f 4939 4805 4809
f 4940 4926 4927
f 5681 5679 4798
f 8742 5281 4905
f 5282 5281 8742
f 4919 4936 8742
f 4878 4880 8741
f 4758 4876 8741
f 8741 4895 4752
f 4860 4887 4874
f 4855 4858 4864
f 4867 4868 4870
f 4734 4853 4866
f 4791 4938 4800
f 4696 4700 4799
f 4788 4778 4777
f 4787 4682 4681
f 4780 4781 5280
f 4653 4867 4756
f 4746 4733 4740
f 4660 4745 8740
f 4741 4738 8740
f 4737 4656 4738
f 4655 4724 4725
f 4608 4612 4770
f 4668 4673 4672
f 4607 4663 4665
f 4738 4735 4659
f 4664 4672 5248
f 4554 4562 4560
f 4540 4402 4401
f 4501 4503 4395
f 4524 4516 4515
f 4517 4496 4495
f 4489 4486 4488
f 4474 4473 4485
f 4445 4456 4451
f 4485 4473 4587
f 4431 4429 8739
f 4414 4410 4296
f 4282 4393 4276
f 4380 4398 4392
f 4367 4363 4364
f 4387 4498 4497
f 4497 4480 4374
f 4358 4369 4361
f 4577 4351 4349
f 4577 4353 4355
f 4338 4337 8739
f 8739 4337 4340
f 4322 4418 5311
f 4317 4333 4327
f 4309 4308 4307
f 4286 4294 4290
f 4226 4225 4229
f 4256 4257 4252
f 4217 4216 4223
f 4181 4172 4102
f 8737 4167 4124
f 4167 8737 8738
f 4121 4123 8737
f 4214 4152 4112
f 4215 4148 4147
f 4112 4111 4148
f 4137 4138 4144
f 4145 8721 4141
f 4094 4093 4109
f 4055 4098 4126
f 4124 4052 4085
f 4079 4097 4096
f 4071 4070 4073
f 4060 4067 4064
f 3932 3934 3949
f 3956 3939 3942
f 3939 3956 3954
f 3918 3937 3929
f 3954 3943 3938
f 3940 3938 3937
f 3930 3941 3937
f 432 482 3903
f 3888 3889 3883
f 3884 3882 3885
f 3878 3882 3884
f 3879 3884 3615
f 3869 3864 3861
f 3863 3860 3861
f 3859 3858 3863
f 3849 3850 3846
f 3836 3793 3794
f 3825 3784 3786
f 3764 3824 3823
f 3758 3448 3462
f 3749 3813 3811
f 3724 3825 3826
f 3640 3623 3621
f 3581 3508 3507
f 3528 3534 3526
f 3486 3529 3530
f 3447 3446 3463
f 3445 3443 3457
f 3457 3455 3456
f 3458 3453 3452
f 3453 3458 3442
f 3414 3411 3412
f 3415 3361 3377
f 3413 3411 3416
f 8735 3409 3408
f 3368 3403 3406
f 3405 3404 8733
f 3398 3352 8732
f 3402 3399 8732
f 3399 3402 3357
f 3346 3351 3400
f 3347 3400 3353
f 3335 3345 3348
f 3342 3348 3329
f 3104 3143 3343
f 3237 3236 3219
f 3220 3216 3217
f 3209 3208 3203
f 3208 3205 3204
f 3196 3466 3210
f 8722 3177 8731
f 3181 3177 8722
f 3117 3146 3121
f 3145 3144 3113
f 3114 3144 3117
f 8730 3156 3161
f 8729 3122 3123
f 3125 3124 3123
f 3123 3122 3064
f 3054 3108 3109
f 3072 3070 3078
f 2995 2968 2969
f 2911 2900 2903
f 2895 2893 2897
f 2861 2838 2840
f 2854 2851 2830
f 2818 2825 2843
f 2847 2846 2863
f 2847 2862 2842
f 2841 2839 2811
f 2843 2825 2817
f 2789 2788 2819
f 2804 2803 2809
f 2753 2757 2776
f 2775 2774 2767
f 2764 2768 2765
f 2755 2753 2752
f 2748 2750 2754
f 2745 2744 2737
f 2653 2647 2646
f 2631 2633 2636
f 2576 2581 2568
f 2571 2568 2570
f 2491 2493 2439
f 2478 2485 2424
f 2481 2474 2419
f 2474 2481 2476
f 1552 2470 2471
f 2388 2405 2467
f 2452 2466 2465
f 2371 2350 2450
f 2340 2338 2434
f 2324 2268 2261
f 2408 1475 1420
f 2393 2313 2308
f 2314 2399 2390
f 2385 2379 2403
f 2368 2369 2366
f 2346 2354 2357
f 2276 2353 2346
f 2260 2268 2267
f 2408 1422 2315
f 2307 2293 2301
f 2223 2279 2212
f 2237 290 289
f 2233 2232 2221
f 2217 2231 2215
f 2212 2279 2206
f 1355 2166 1386
f 2166 1355 1354
f 2126 2127 2149
f 2090 2087 2125
f 2098 2095 2102
f 2089 2125 2087
f 2077 2109 2107
f 2071 2072 2100
f 2088 2055 2054
f 2094 2060 2064
f 2059 2060 2094
f 2039 2004 1948
f 2005 2004 2038
f 2032 2029 2025
f 2039 2044 2043
f 1971 1993 1991
f 1992 1990 1961
f 1973 1993 1971
f 1951 1950 1949
f 1941 1942 1904
f 1930 1928 1898
f 1914 1919 1920
f 1975 1911 1913
f 1917 1912 1910
f 1895 5567 1910
f 1888 1892 1957
f 1891 1887 1881
f 5467 1878 1877
f 1875 1905 1871
f 1840 1839 1865
f 1851 972 1815
f 976 1819 973
f 1792 1835 1836
f 1835 1792 1828
f 1834 1829 1824
f 1785 1729 1731
f 1689 1719 1766
f 1760 1761 1765
f 1759 1750 1749
f 1702 1732 1786
f 1693 798 801
f 1647 1688 1722
f 1763 1765 1719
f 1652 1694 1697
f 1651 747 1694
f 1610 1609 1708
f 1609 1677 1676
f 1659 1662 1598
f 1655 1663 1658
f 132 197 1631
f 1614 1617 1611
f 1572 1499 1575
f 1495 1493 1566
f 1549 1589 1540
f 1540 1470 1469
f 1448 1514 1503
f 1423 1481 1484
f 1462 1412 1414
f 1471 1461 1414
f 1462 1453 1411
f 1443 1441 1440
f 1438 1431 1430
f 1486 1481 1424
f 1416 1413 1381
f 1371 1317 1315
f 1366 1363 1303
f 592 589 1361
f 1359 1358 584
f 1356 1351 1349
f 1380 1338 1337
f 116 115 119
f 1319 1322 1326
f 1318 1320 1313
f 1309 1318 1316
f 1306 1365 1298
f 1303 1301 1297
f 1294 1291 1241
f 1247 1266 1264
f 1249 1248 1267
f 1212 1208 1210
f 1171 1170 1172
f 1149 1148 1157
f 1179 1151 1157
f 1036 1035 1104
f 1054 1071 1069
f 1053 1066 1071
f 948 943 1123
f 1092 1001 999
f 966 952 960
f 898 892 895
f 860 812 813
f 849 799 795
f 843 840 838
f 782 779 775
f 764 763 773
f 820 770 772
f 757 809 813
f 776 777 714
f 675 724 718
f 655 654 698
f 758 690 688
f 684 578 581
f 684 643 642
f 625 628 639
f 618 631 630
f 612 622 606
f 1482 602 595
f 907 852 602
f 598 597 600
f 525 521 524
f 446 444 456
f 4021 437 496
f 456 444 443
f 378 377 376
f 373 372 379
f 373 366 365
f 3300 347 351
f 293 286 259
f 251 250 286
f 219 8725 221
f 220 212 211
f 140 160 163
f 157 162 158
f 20 156 159
f 187 145 178
f 144 179 178
f 120 125 124
f 88 97 198
f 121 127 83
f 1 14 8
f 5 629 632
f 16 15 11
f 111 110 153
f 218 217 220
f 339 338 348
f 417 415 381
f 448 443 442
f 552 557 547
f 585 582 685
f 587 21 20
f 745 743 795
f 808 696 807
f 896 895 903
f 947 946 954
f 1162 1127 1194
f 1261 1238 1195
f 1256 1269 1268
f 138 1353 1352
f 1415 1417 1421
f 1433 1488 1425
f 1569 1574 1508
f 1507 1508 1574
f 1542 1538 1588
f 1679 1678 1675
f 1467 1770 1769
f 1813 1809 1820
f 1854 1776 1775
f 1933 1929 1928
f 1965 1963 1969
f 1998 1165 1985
f 2064 2060 2057
f 2012 2063 2064
f 2082 2080 2049
f 2090 2148 2147
f 2148 2124 2126
f 2245 2228 2216
f 2276 2205 2278
f 2355 2351 2372
f 2360 2372 2374
f 2325 2324 2420
f 2493 2492 2499
f 2457 2362 2364
f 2747 2745 2738
f 2790 2785 8723
f 2839 2835 2812
f 2887 2889 7570
f 7574 2878 2877
f 3090 3047 3018
f 3073 3041 3040
f 3160 3161 3159
f 3170 8722 3171
f 2999 3234 3218
f 3237 3235 3240
f 3341 3101 3100
f 3559 3556 3555
f 3598 3594 3587
f 3696 3653 3652
f 3674 3653 3696
f 3656 3674 3676
f 3797 3802 3801
f 3965 3964 3977
f 3998 3997 4007
f 4061 4064 4047
f 4058 4059 4056
f 4145 4138 4135
f 4146 4143 4148
f 4303 4310 4313
f 4466 4578 4469
f 1026 1017 4508
f 4590 4458 4462
f 1017 1016 4494
f 4844 4837 4824
f 4853 4723 4854
f 4893 4898 4897
f 4992 4889 4888
f 5126 5043 5146
f 5082 5088 5087
f 5090 5004 5092
f 5125 5136 5113
f 5202 5203 5171
f 5231 5230 6113
f 5223 4411 4405
f 5296 5292 5297
f 5424 5419 5418
f 5501 5442 5451
f 5502 5500 5501
f 5642 5641 5640
f 5558 5639 5532
f 5577 5576 5667
f 5682 5692 5690
f 5609 5612 5687
f 5705 5704 5697
f 5785 5786 5713
f 5791 5780 5720
f 5737 5823 5819
f 5742 5822 5740
f 5846 5874 5875
f 5932 5925 5961
f 6002 6008 6007
f 8720 5302 6010
f 8720 5367 5303
f 6023 6031 6030
f 6143 6145 6139
f 6225 6219 6221
f 6266 6263 6262
f 6270 6269 6268
f 6328 6317 6318
f 6329 6332 6292
f 6400 6399 6395
f 6517 6520 6494
f 6544 6545 6552
f 6579 6578 6604
f 5936 6673 5934
f 6762 2673 2672
f 6730 6731 6707
f 6725 6723 6765
f 6845 6924 6923
f 6907 6909 6912
f 6944 6867 6866
f 6956 6952 6879
f 7006 7000 6927
f 7104 7107 7003
f 7042 7156 7159
f 7072 7074 7176
f 7178 7167 7165
f 7084 7077 7088
f 7241 7137 7139
f 7319 7294 7295
f 7441 7445 7444
f 7454 7460 7338
f 7514 7503 7502
f 7540 7561 7564
f 7567 7541 7550
f 7553 7568 2898
f 7664 7640 7698
f 7658 7689 7729
f 7741 7788 7751
f 7777 7767 7717
f 7829 7828 7795
f 7832 7834 7841
f 7863 7862 7867
f 7921 7906 7901
f 7856 7861 7922
f 7874 7833 7843
f 8024 7935 8032
f 8061 8115 8108
f 8130 8125 8123
f 8268 8235 8234
f 8119 7620 8120
f 8362 8364 8366
f 8340 8329 8331
f 8562 8492 8500
f 8462 8461 8605
f 8549 8541 8543
f 8545 8618 8624
f 8559 8498 8565
f 8625 8564 8579
f 8593 8645 8636
f 8671 8607 8608
f 8675 8672 8678
f 2590 2017 1997
f 2560 2594 2591
f 7920 7903 7850
f 8356 8085 8143
f 8356 8122 8083
f 8716 8718 8717
f 8673 8685 8718
f 8663 8718 8716
f 8685 8673 8676
f 8672 8675 8674
f 8717 8685 8684
f 8669 8686 8666
f 8714 8715 8712
f 8687 8686 8669
f 8715 8716 8687
f 8709 8711 8714
f 8663 8716 8715
f 8664 8715 8714
f 8674 8713 8663
f 8658 8656 8706
f 8712 8670 8706
f 8705 8708 8712
f 8711 8709 8707
f 8709 8703 8710
f 8703 8709 8708
f 8653 8652 8662
f 8706 8656 8655
f 8699 8705 8655
f 8695 8704 8705
f 8655 8654 8588
f 8695 8694 8702
f 8703 8704 8702
f 8702 8694 8698
f 8647 8700 8701
f 8646 8653 8700
f 8641 8695 8699
f 8698 8693 8648
f 8696 8693 8698
f 8693 8696 8697
f 8640 8696 8694
f 8692 8637 8648
f 8642 8585 8634
f 8692 8690 8633
f 8629 8691 8638
f 8633 8629 8628
f 8682 8624 8618
f 8623 8624 8682
f 8617 8616 8622
f 8689 8667 8666
f 8689 8688 8619
f 8688 8618 8611
f 8683 8666 8686
f 8684 8681 8686
f 8684 8685 8679
f 8683 8681 8680
f 8677 8622 8623
f 8678 8677 8679
f 8680 8681 8679
f 8617 8678 8672
f 8675 8676 8673
f 8672 8661 8617
f 8665 8662 8660
f 8607 8671 8661
f 8617 8671 8615
f 8612 8602 8601
f 8658 8670 8669
f 8667 8668 8659
f 8601 8600 8657
f 8662 8665 8663
f 8660 8662 8652
f 8596 8661 8660
f 8657 8656 8658
f 8652 8651 8598
f 8657 8600 8599
f 8656 8657 8654
f 8654 8599 8589
f 8644 8651 8653
f 8651 8644 8592
f 8591 8595 8598
f 8642 8649 8586
f 8588 8586 8649
f 8642 8635 8643
f 8648 8637 8646
f 8646 8637 8645
f 8645 8593 8592
f 8641 8643 8635
f 8585 8642 8582
f 8641 8627 8639
f 8638 8639 8627
f 8636 8633 8578
f 8581 8580 8594
f 8578 8577 8581
f 8627 8634 8632
f 8632 8634 8585
f 8632 8631 8567
f 8579 8578 8633
f 8631 8584 8575
f 8567 8631 8630
f 8571 8570 8630
f 8568 8630 8570
f 8629 8626 8566
f 8569 8625 8628
f 8567 8566 8626
f 8569 8557 8560
f 8565 8564 8625
f 8498 8559 8556
f 8550 8624 8623
f 8621 8620 8548
f 8616 8620 8621
f 8550 8622 8621
f 8620 8616 8465
f 8612 8619 8611
f 8618 8547 8610
f 8547 8618 8545
f 8614 8613 8616
f 8604 8614 8615
f 8608 8606 8603
f 8613 8614 8604
f 8613 8605 8461
f 8609 8611 8610
f 8610 8547 8533
f 8602 8451 8536
f 8606 8608 8607
f 8529 8606 8596
f 8538 8605 8604
f 8531 8538 8603
f 8601 8602 8536
f 8534 8599 8600
f 8535 8589 8599
f 8597 8598 8595
f 8529 8595 8591
f 8530 8435 8590
f 8593 8594 8521
f 8593 8439 8591
f 8587 8589 8535
f 8590 8525 8583
f 8590 8435 8526
f 8588 8589 8587
f 8525 8523 8524
f 8586 8587 8583
f 8584 8519 8575
f 8582 8583 8524
f 8576 8580 8581
f 8516 8522 8580
f 8511 8508 8571
f 8579 8564 8574
f 8578 8574 8573
f 8572 8573 8574
f 8576 8577 8573
f 8576 8515 8514
f 8512 8571 8575
f 8569 8568 8561
f 8502 8574 8564
f 8515 8573 8572
f 8572 8502 8501
f 8511 8505 8504
f 8563 8570 8571
f 8570 8563 8558
f 8558 8563 8562
f 8568 8569 8566
f 8565 8498 8503
f 8563 8508 8509
f 8509 8493 8492
f 8506 8414 8493
f 8560 8557 8556
f 8557 8558 8555
f 8554 8499 8556
f 8554 8555 8500
f 8487 8503 8498
f 8554 8479 8482
f 8497 8553 8488
f 8553 8497 8482
f 8488 8553 8476
f 8176 8175 8476
f 8541 8473 8472
f 8550 8551 8543
f 8549 8548 8540
f 8548 8466 8464
f 8547 8546 8539
f 8539 8546 8544
f 8459 8544 8542
f 8545 8543 8542
f 8474 8542 8543
f 8453 8542 8474
f 8471 8541 8540
f 8462 8445 8399
f 8539 8458 8460
f 8456 8458 8539
f 8532 8537 8538
f 8537 8532 8445
f 8446 8445 8532
f 8451 8442 8534
f 8530 8535 8534
f 8451 8533 8460
f 8531 8529 8528
f 8443 8532 8531
f 8444 8528 8527
f 8386 8435 8530
f 8439 8527 8528
f 8527 8439 8438
f 8522 8430 8434
f 8525 8526 8518
f 8524 8523 8520
f 8523 8518 8517
f 8427 8430 8522
f 8517 8428 8513
f 8520 8513 8512
f 8517 8429 8428
f 8513 8428 8425
f 8427 8516 8514
f 8507 8372 8514
f 8512 8513 8510
f 8505 8511 8510
f 8425 8422 8426
f 8506 8509 8508
f 8421 8372 8507
f 8426 8424 8505
f 8414 8506 8504
f 8424 8415 8504
f 8502 8503 8495
f 8501 8502 8496
f 8496 8494 8419
f 8421 8501 8420
f 8500 8492 8489
f 8499 8482 8497
f 8494 8496 8495
f 8494 8487 8486
f 8411 8357 8419
f 8490 8483 8489
f 8414 8417 8491
f 8492 8493 8491
f 8490 8484 8478
f 8479 8489 8483
f 8475 8163 8164
f 8488 8475 8486
f 8409 8411 8486
f 8485 8179 8178
f 8483 8478 8477
f 8481 8482 8479
f 8478 8177 8174
f 8172 8162 8163
f 8475 8476 8175
f 8472 8406 8454
f 8473 8402 8406
f 8468 8469 8467
f 8470 8463 8467
f 8468 8467 8403
f 8467 8463 8399
f 8464 8466 8465
f 8463 8464 8461
f 8449 8450 8460
f 8459 8453 8457
f 8448 8449 8458
f 8456 8457 8455
f 8455 8452 8447
f 8453 8454 8408
f 8452 8408 8407
f 8390 8447 8407
f 8398 8403 8399
f 8442 8451 8450
f 8441 8450 8392
f 8392 8449 8448
f 8389 8448 8447
f 8394 8393 8395
f 8446 8443 8437
f 8446 8395 8400
f 8444 8440 8437
f 8441 8385 8386
f 8379 8337 8339
f 8436 8437 8440
f 8438 8439 8434
f 8433 8379 8436
f 8394 8437 8436
f 8431 8435 8386
f 8434 8430 8432
f 8432 8430 8376
f 8433 8432 8378
f 8378 8432 8375
f 8383 8429 8431
f 8429 8383 8373
f 8313 8425 8428
f 8370 8376 8427
f 8422 8425 8313
f 8363 8367 8372
f 8360 8415 8424
f 8360 8423 8422
f 8363 8421 8418
f 8418 8420 8419
f 8416 8415 8360
f 8359 8412 8417
f 8361 8418 8357
f 8358 8359 8416
f 8416 8417 8414
f 8412 8359 8354
f 8413 8357 8411
f 8413 8410 8350
f 8179 8412 8170
f 8164 8158 8157
f 8410 8411 8409
f 8350 8409 8157
f 8401 8405 8406
f 8407 8408 8406
f 8405 8348 8404
f 8403 8398 8401
f 8401 8397 8347
f 8400 8395 8396
f 8398 8396 8388
f 8341 8347 8397
f 8388 8396 8395
f 8393 8394 8339
f 8388 8393 8338
f 8389 8381 8391
f 8380 8385 8391
f 8380 8335 8382
f 8390 8349 8381
f 8380 8345 8334
f 8333 8388 8387
f 8384 8386 8385
f 8384 8382 8377
f 8324 8377 8382
f 8381 8349 8345
f 8295 8294 8322
f 8328 8337 8379
f 8328 8378 8374
f 8377 8324 8323
f 8365 8267 8281
f 8376 8370 8371
f 8374 8375 8371
f 8318 8371 8368
f 8320 8373 8325
f 8313 8373 8320
f 8365 8315 8268
f 8372 8369 8370
f 8369 8371 8370
f 8369 8367 8366
f 8366 8365 8319
f 8365 8366 8364
f 8310 8308 8364
f 8315 8364 8308
f 8299 8358 8307
f 8362 8363 8361
f 8305 8310 8361
f 8314 8254 8306
f 8355 8359 8358
f 8299 8300 8352
f 8351 8298 8303
f 8351 8117 8120
f 8170 8354 8143
f 8297 8353 8355
f 8122 8356 8353
f 8354 8355 8353
f 8297 8352 8300
f 8118 8117 8156
f 8117 8351 8350
f 8349 8346 8344
f 8341 8344 8346
f 8345 8344 8343
f 8344 8341 8342
f 8343 8342 8296
f 8332 8342 8341
f 8329 8340 8336
f 8339 8337 8336
f 8337 8328 8330
f 8321 8335 8334
f 8287 8322 8294
f 8332 8333 8331
f 8291 8272 8293
f 8296 8332 8293
f 8291 8331 8329
f 8327 8326 8329
f 8317 8290 8327
f 8326 8327 8290
f 8323 8275 8316
f 8324 8321 8288
f 8321 8322 8287
f 8282 8293 8272
f 8278 8317 8281
f 8311 8320 8316
f 8244 8245 8257
f 8318 8319 8281
f 8312 8311 8263
f 8263 8316 8275
f 8314 8312 8260
f 8235 8268 8315
f 8301 8235 8309
f 8255 8254 8314
f 8306 8313 8311
f 8310 8305 8304
f 8253 8307 8306
f 8304 8305 8302
f 8302 8303 8298
f 8251 8235 8301
f 8301 8302 7619
f 8248 8300 8249
f 8249 8300 8299
f 8120 7620 7619
f 8248 8121 8122
f 8118 8080 8079
f 8292 8294 8295
f 8284 8286 8294
f 8292 8293 8282
f 8291 8289 8277
f 8278 8277 8289
f 8285 8288 8287
f 8283 8285 8286
f 8274 8273 8285
f 8271 8262 8274
f 8283 8284 8282
f 8280 8266 8265
f 8281 8267 8279
f 8270 8272 8277
f 8279 8280 8277
f 8276 8273 8264
f 8274 8262 8261
f 8247 8273 8274
f 8271 8272 8270
f 8262 8270 8269
f 8241 8246 8261
f 8238 8228 8229
f 8265 8236 8269
f 8267 8268 8237
f 8265 8266 8237
f 8263 8264 8244
f 8257 8256 8258
f 8262 8229 8239
f 8259 8260 8258
f 8255 8258 8215
f 8215 8258 8256
f 8257 8245 8232
f 8213 8256 8232
f 8227 8235 8251
f 8251 8211 8210
f 8254 8255 8252
f 8250 8252 8215
f 8211 8251 7622
f 8214 8216 8217
f 8250 8217 8088
f 7998 7997 8209
f 7620 7615 7618
f 8207 8211 7621
f 8121 8248 8088
f 7615 8119 8079
f 7617 8041 8040
f 7996 7998 7617
f 8241 8247 8246
f 8242 8245 8244
f 8240 8242 8243
f 8231 8242 8240
f 8240 8241 8239
f 8225 8228 8238
f 8221 8194 8228
f 8237 8234 8233
f 8227 8226 8234
f 8234 8226 8225
f 8205 8231 8203
f 8203 8231 8230
f 8204 8230 8220
f 8220 8229 8228
f 8219 8194 8221
f 8223 8222 8226
f 8222 8221 8225
f 8223 8224 8218
f 8222 8218 8219
f 8205 8206 8212
f 8202 8198 8199
f 8195 8220 8194
f 8201 8219 8218
f 8210 8209 8191
f 8086 8088 8217
f 8216 8188 8208
f 8187 8188 8216
f 8214 8215 8213
f 8000 8206 8199
f 8206 8000 8187
f 8210 8211 8207
f 8208 8043 8042
f 8208 8188 8002
f 7998 8207 7618
f 8202 8206 8205
f 8203 8204 8197
f 8198 8202 8197
f 8192 8194 8201
f 8190 8201 8200
f 8183 7999 8199
f 8184 8183 8198
f 8184 8196 8193
f 8196 8197 8195
f 7954 8182 8184
f 8193 8194 8192
f 8186 7956 7955
f 8190 8185 8186
f 8191 8189 8185
f 8180 8185 8189
f 8004 8043 8002
f 8002 8188 8187
f 7956 8186 8185
f 7997 7951 7949
f 7959 7999 8183
f 7958 8183 8182
f 7953 7957 8182
f 7956 8180 7948
f 7948 8181 7949
f 8169 8168 8178
f 8177 8178 8168
f 8177 8166 8165
f 8175 8176 8173
f 8165 8167 8173
f 8167 8171 8172
f 8151 8153 8171
f 8153 8152 8160
f 8168 8169 8155
f 8144 8155 8169
f 8166 8168 8154
f 8148 8151 8167
f 8165 8166 8149
f 8158 8164 8163
f 8159 8142 8158
f 8160 8161 8142
f 8141 8157 8158
f 8157 8141 8145
f 8147 8154 8155
f 8147 8110 8109
f 8146 8149 8154
f 8152 8153 8151
f 8146 8128 8127
f 8150 8151 8148
f 8137 8132 8128
f 8147 8138 8137
f 8110 8144 8143
f 8142 8140 8139
f 8135 8136 8139
f 8136 8134 8114
f 8114 8115 8061
f 8109 8112 8133
f 8137 8138 8133
f 8132 8131 8100
f 8134 8135 8116
f 8112 8070 8129
f 8129 8070 8113
f 8133 8129 8131
f 8130 8131 8129
f 8100 8099 8127
f 8097 8090 8100
f 8123 8125 8113
f 8098 8124 8123
f 8103 8101 8123
f 8083 8122 8121
f 8085 8084 8111
f 8119 8120 8117
f 8087 8006 8005
f 8084 8075 8076
f 8078 8060 8073
f 8112 8111 8076
f 8107 8108 8115
f 8070 8030 8104
f 8111 8112 8109
f 8071 8108 8107
f 8060 7991 8036
f 8071 8106 8105
f 8105 8106 8094
f 8064 8072 8105
f 8068 7991 8072
f 8104 8030 8067
f 8101 8102 8096
f 8090 8089 8099
f 8097 8098 8096
f 8021 8066 8065
f 8021 8065 8094
f 8058 8092 8093
f 8091 8092 8058
f 8048 8046 8089
f 8082 8088 8086
f 8084 8085 8083
f 8079 8077 8041
f 8077 8039 8038
f 8074 8075 8084
f 8081 8083 8082
f 8079 8080 8078
f 8077 8078 8073
f 8075 8034 8069
f 8005 7994 8035
f 8034 8075 8074
f 8072 7991 8059
f 8031 8069 8034
f 8030 8070 8069
f 8068 8062 7990
f 8032 7990 8062
f 8030 8027 8026
f 8028 7984 8027
f 8065 8066 8063
f 8062 8063 8054
f 8060 8061 8059
f 8051 8058 8056
f 8058 8051 8049
f 8050 8056 8026
f 8052 8021 8020
f 8052 8025 8054
f 8053 8054 8025
f 8025 8052 8020
f 8050 8017 8045
f 8045 8022 8049
f 8017 8050 7982
f 8048 8049 8022
f 8014 8021 8047
f 8046 8022 8010
f 8045 8016 8015
f 8009 8011 8044
f 8013 8014 8044
f 8042 8043 8004
f 8037 7951 7996
f 8040 8041 8038
f 8039 8036 7613
f 7613 7614 8037
f 7943 7951 8037
f 7992 8035 7994
f 8036 7991 7612
f 8035 7992 8033
f 7993 8029 8033
f 7607 7990 8032
f 8028 8030 8029
f 7993 7988 7989
f 7989 7985 7984
f 8027 7981 7982
f 8018 8020 8019
f 7978 7868 7935
f 7978 8024 8023
f 8019 7976 7972
f 8020 8021 7976
f 8016 7932 7977
f 7977 8012 8015
f 8015 8012 7966
f 7976 8014 8013
f 7909 7966 8012
f 8009 8007 8008
f 8009 7966 7965
f 7963 8007 7965
f 7962 8008 8007
f 8006 7995 7994
f 8001 8002 8000
f 7944 7888 7995
f 7944 8000 7999
f 7997 7998 7996
f 7880 7879 7941
f 7888 7877 7880
f 7943 7611 7610
f 7994 7995 7941
f 7940 7993 7992
f 7612 7991 7990
f 7988 7987 7985
f 7987 7940 7872
f 7605 7607 7935
f 7980 7983 7986
f 7987 7872 7938
f 7823 7870 7939
f 7985 7986 7983
f 7937 7936 7980
f 7983 7980 7933
f 7932 7982 7981
f 7933 7980 7936
f 7978 7979 7970
f 7977 7932 7930
f 7918 7969 7972
f 7918 7976 7975
f 7974 7919 7915
f 7971 7973 7972
f 7929 7928 7970
f 7929 7918 7917
f 7924 7968 7930
f 7967 7968 7924
f 7909 7967 7964
f 7923 7964 7924
f 7965 7966 7909
f 7913 7907 7923
f 7960 7961 7962
f 7906 7961 7960
f 7921 7919 7961
f 7960 7911 7912
f 7898 7944 7959
f 7957 7899 7898
f 7899 7957 7953
f 7947 7885 7895
f 7956 7950 7954
f 7952 7950 7947
f 7951 7943 7945
f 7946 7947 7950
f 7948 7949 7945
f 7889 7885 7947
f 7889 7946 7945
f 7888 7944 7898
f 7943 7610 7886
f 7941 7879 7881
f 7876 7886 7610
f 7881 7873 7872
f 7939 7937 7938
f 7927 7926 7866
f 7597 7600 7934
f 7869 7931 7936
f 7934 7935 7868
f 7931 7869 7867
f 7933 7931 7930
f 7930 7931 7862
f 7928 7929 7917
f 7927 7928 7925
f 7914 7924 7864
f 7819 7781 7859
f 7910 7923 7907
f 7919 7858 7922
f 7920 7919 7921
f 7920 7815 7858
f 7917 7918 7915
f 7914 7859 7855
f 7854 7811 7907
f 7912 7911 7910
f 7910 7911 7908
f 7907 7811 7810
f 7901 7906 7905
f 7902 7904 7810
f 7903 7901 7900
f 7901 7902 7852
f 7851 7850 7900
f 7898 7899 7894
f 7887 7888 7897
f 7897 7894 7892
f 7892 7849 7848
f 7895 7885 7891
f 7891 7846 7845
f 7892 7895 7893
f 7893 7845 7849
f 7882 7846 7891
f 7889 7890 7884
f 7877 7888 7887
f 7839 7887 7848
f 7840 7836 7835
f 7886 7876 7883
f 7882 7885 7884
f 7876 7843 7842
f 7841 7882 7883
f 7840 7846 7882
f 7881 7879 7875
f 7831 7830 7875
f 7880 7877 7878
f 7826 7831 7878
f 7838 7878 7877
f 7790 7827 7800
f 7876 7608 7603
f 7874 7825 7824
f 7871 7873 7875
f 7825 7874 7822
f 7602 7599 7596
f 7874 7603 7602
f 7872 7873 7871
f 7821 7820 7870
f 7871 7829 7796
f 7820 7867 7869
f 7598 7868 7866
f 7865 7867 7820
f 7586 7593 7866
f 7865 7733 7819
f 7865 7784 7730
f 7859 7864 7862
f 7861 7856 7857
f 7818 7860 7857
f 7859 7781 7816
f 7858 7815 7814
f 7813 7857 7856
f 7854 7855 7816
f 7853 7816 7782
f 7853 7812 7776
f 7852 7810 7809
f 7851 7808 7774
f 7851 7809 7807
f 7721 7815 7850
f 7848 7849 7844
f 7827 7847 7806
f 7804 7806 7847
f 7846 7835 7837
f 7805 7844 7837
f 7842 7843 7833
f 7834 7836 7840
f 7838 7839 7827
f 7806 7801 7800
f 7835 7702 7805
f 7836 7834 7802
f 7748 7702 7835
f 7832 7803 7802
f 7832 7833 7824
f 7803 7824 7798
f 7831 7826 7793
f 7830 7831 7828
f 7826 7827 7790
f 7745 7797 7825
f 7825 7798 7824
f 7786 7783 7821
f 7786 7823 7796
f 7789 7822 7594
f 7821 7783 7784
f 7732 7781 7819
f 7780 7781 7732
f 7587 7818 7817
f 7779 7585 7817
f 7781 7766 7782
f 7814 7815 7721
f 7813 7814 7772
f 7812 7767 7777
f 7812 7782 7768
f 7811 7776 7809
f 7776 7775 7807
f 7808 7778 7773
f 7778 7808 7807
f 7763 7722 7773
f 7763 7761 7720
f 7801 7806 7804
f 7805 7702 7760
f 7750 7753 7801
f 7799 7748 7802
f 7799 7758 7747
f 7800 7801 7753
f 7747 7755 7756
f 7798 7757 7758
f 7758 7754 7755
f 7797 7745 7744
f 7787 7796 7795
f 7787 7794 7788
f 7791 7790 7752
f 7792 7793 7790
f 7735 7736 7745
f 7731 7783 7785
f 7788 7741 7742
f 7786 7787 7785
f 7730 7784 7783
f 7732 7731 7728
f 7589 7586 7582
f 7691 7690 7590
f 7765 7768 7782
f 7766 7781 7780
f 7687 7726 7780
f 7770 7769 7779
f 7682 7725 7769
f 7585 7779 7769
f 7764 7778 7775
f 7777 7711 7775
f 7721 7774 7773
f 7723 7722 7720
f 7721 7723 7771
f 7771 7715 7716
f 7770 7716 7718
f 7767 7768 7765
f 7726 7717 7765
f 7679 7717 7726
f 7710 7762 7764
f 7763 7764 7762
f 7762 7710 7712
f 7761 7712 7719
f 7750 7749 7759
f 7760 7702 7701
f 7708 7739 7759
f 7754 7758 7757
f 7746 7756 7755
f 7743 7746 7754
f 7739 7740 7752
f 7749 7750 7701
f 7702 7748 7747
f 7746 7743 7706
f 7744 7745 7736
f 7707 7706 7743
f 7742 7734 7728
f 7737 7734 7742
f 7741 7740 7738
f 7738 7740 7739
f 7738 7708 7671
f 7693 7692 7734
f 7590 7690 7697
f 7707 7736 7735
f 7728 7734 7692
f 7732 7733 7730
f 7661 7688 7692
f 7685 7680 7686
f 7583 7585 7725
f 7729 7584 7583
f 7689 7691 7584
f 7727 7728 7688
f 7724 7726 7687
f 7684 7725 7682
f 7680 7679 7724
f 7683 7713 7676
f 7714 7720 7719
f 7713 7683 7718
f 7674 7672 7711
f 7717 7678 7674
f 7713 7716 7715
f 7677 7676 7713
f 7712 7710 7673
f 7710 7711 7672
f 7649 7677 7709
f 7709 7673 7652
f 7703 7700 7670
f 7708 7703 7669
f 7706 7707 7697
f 7706 7695 7696
f 7699 7700 7705
f 7663 7662 7704
f 7700 7703 7701
f 7670 7700 7699
f 7639 7670 7698
f 7697 7690 7666
f 7665 7696 7695
f 7635 7634 7666
f 7660 7661 7694
f 7658 7632 7635
f 7690 7691 7689
f 7688 7661 7686
f 7655 7656 7685
f 7681 7684 7657
f 7682 7683 7675
f 7681 7580 7579
f 7654 7679 7680
f 7651 7674 7678
f 7678 7679 7654
f 7676 7677 7649
f 7676 7648 7627
f 7626 7657 7675
f 7672 7674 7651
f 7652 7673 7672
f 7671 7669 7668
f 7669 7670 7639
f 7646 7667 7668
f 7667 7646 7645
f 7666 7634 7664
f 7640 7664 7636
f 7645 7644 7662
f 7661 7660 7629
f 7660 7644 7630
f 7579 7577 7628
f 7579 7632 7658
f 7633 7632 7628
f 7580 7657 7626
f 7655 5215 7654
f 5216 5215 7655
f 7654 5215 7625
f 7651 7653 7625
f 7652 7624 7647
f 7650 7651 5214
f 7648 7624 7623
f 7624 7649 7647
f 7641 7642 7645
f 7641 7646 7638
f 5219 7641 7643
f 7631 7630 7644
f 7631 7642 5219
f 7643 7638 7637
f 7640 7637 7638
f 7637 7636 5198
f 7636 7633 5218
f 7634 7635 7632
f 7631 5220 5217
f 7629 7630 5217
f 7628 7577 5193
f 7626 7627 7623
f 5194 7623 5185
f 7624 5214 5188
f 7623 7624 5182
f 7621 7622 7619
f 7617 7618 7615
f 7612 7614 7613
f 7611 7612 7609
f 7606 7604 7601
f 7606 7607 7605
f 7599 7601 7604
f 7602 7603 7601
f 7600 7597 7596
f 7595 7598 7593
f 7596 7597 7595
f 7592 7591 7594
f 7586 7589 7592
f 7592 7589 7588
f 7581 7590 7588
f 7586 7587 7585
f 7583 7584 7581
f 7579 7580 7578
f 7578 5194 5193
f 7576 2888 7570
f 7566 7570 7569
f 7565 7563 7562
f 7575 2886 7572
f 7572 2886 2888
f 7559 7571 7573
f 7572 7576 7562
f 7574 7575 7573
f 2883 2886 7575
f 7559 6782 6781
f 6779 2878 7574
f 7560 7573 7572
f 6779 7571 6781
f 2874 7553 2871
f 2899 7567 7566
f 2897 2899 7569
f 7570 2889 2896
f 7567 2899 2898
f 7568 7542 7541
f 7549 7539 7538
f 7563 7550 7549
f 7566 7550 7563
f 7535 7555 7557
f 7540 7537 7536
f 7564 7561 7562
f 7540 7557 7556
f 7558 7555 6760
f 7558 7559 7560
f 7558 6759 6782
f 7555 7558 7556
f 7535 7534 6760
f 6760 7534 6715
f 7551 2874 2872
f 7554 7547 7544
f 7526 7554 7543
f 7533 7548 7547
f 7521 7548 7533
f 7554 7526 7525
f 2874 7551 7542
f 7543 7542 7551
f 7520 7539 7545
f 7546 7549 7550
f 7546 7545 7539
f 7521 7517 7520
f 7544 7547 7545
f 7543 7544 7541
f 7537 7540 7538
f 7539 7520 7519
f 7537 7513 7512
f 7513 7537 7519
f 7536 7512 7511
f 7534 7535 7511
f 7534 6672 6671
f 2823 7528 7527
f 7532 7533 7525
f 7524 7522 7531
f 7531 7532 7529
f 7527 7528 7525
f 7524 7523 7518
f 7516 7518 7523
f 7522 7518 7517
f 7517 7515 7519
f 7517 7516 7515
f 7506 7509 7515
f 7515 7509 7510
f 7513 7514 7505
f 7511 7512 7505
f 6626 6650 7504
f 7504 6650 6672
f 7501 7503 7510
f 7507 7509 7506
f 7504 7505 7502
f 7502 7503 7501
f 7500 6589 6626
f 7498 7495 7491
f 7497 7494 7488
f 7495 7496 7490
f 7490 7493 7489
f 7487 7488 7494
f 7493 7492 2736
f 7492 2751 2749
f 7487 7491 7490
f 7489 2736 2733
f 2749 2747 2735
f 6588 6589 7488
f 7485 2733 2734
f 7486 2733 7485
f 6564 6565 6588
f 7417 7404 7395
f 7394 7385 7386
f 7483 7484 7481
f 7373 7372 7397
f 7378 7381 7484
f 7395 7379 7378
f 7481 7484 7381
f 7375 7374 7373
f 7394 7371 7482
f 7482 7265 7383
f 7359 7265 7482
f 7477 7482 7371
f 7480 7375 7481
f 7476 7376 7480
f 7363 7476 7479
f 7478 7474 7361
f 7478 7354 7353
f 7478 7360 7359
f 7472 7475 7376
f 7472 7476 7363
f 7471 7469 7475
f 7475 7352 7351
f 7361 7474 7465
f 7462 7461 7470
f 7473 7471 7472
f 7471 7470 7468
f 7461 7467 7468
f 7466 7469 7468
f 7466 7455 7362
f 7467 7458 7455
f 7362 7455 7457
f 7464 7350 7465
f 7328 7457 7456
f 7330 7337 7464
f 7462 7463 7344
f 7460 7459 7461
f 7460 7454 7450
f 7450 7436 7458
f 7455 7458 7436
f 7329 7328 7456
f 7456 7457 7455
f 7454 7340 7453
f 7452 7449 7450
f 7450 7449 7448
f 7446 7448 7449
f 7327 7436 7448
f 7326 7321 7447
f 7447 7321 7225
f 7445 7446 7443
f 7441 7439 7438
f 7325 7217 7321
f 7442 7440 7439
f 7439 7440 7432
f 7438 7439 7431
f 7325 7324 7438
f 7326 7437 7436
f 7435 7424 7434
f 7433 7434 7431
f 7426 6455 7217
f 7320 7209 7210
f 7425 7424 7430
f 6453 7320 6454
f 6454 7215 7217
f 7429 7428 7427
f 7428 6458 6457
f 7425 7427 7423
f 6455 7426 7424
f 6455 7423 7422
f 7310 7415 7418
f 7314 7418 7416
f 7411 7412 7312
f 7311 7306 7309
f 7303 7302 7312
f 7299 7420 7297
f 7421 7420 7299
f 7303 7412 7300
f 7413 7414 7407
f 7292 7421 7407
f 7420 7292 7291
f 7419 7406 7286
f 7279 7282 7285
f 7415 7404 7417
f 7411 7416 7410
f 7415 7310 7281
f 7392 7414 7413
f 7397 7372 7390
f 7300 7412 7411
f 7410 7398 7390
f 7391 7389 7387
f 7408 7277 7278
f 7400 7399 7406
f 7405 7270 7269
f 7377 7280 7400
f 7379 7395 7404
f 7402 7403 7401
f 7280 7279 7399
f 7397 7398 7395
f 7388 7372 7371
f 7392 7390 7391
f 7389 7390 7372
f 7384 7266 7387
f 7384 7386 7385
f 7266 7384 7383
f 7368 7259 7370
f 7382 7271 7369
f 7366 7381 7380
f 7378 7377 7380
f 7365 7343 7366
f 7379 7280 7377
f 7375 7376 7351
f 7354 7371 7374
f 7373 7374 7371
f 7365 7370 7259
f 7358 7357 7365
f 7369 7259 7368
f 7358 7367 7251
f 7356 7343 7365
f 7363 7364 7343
f 7360 7361 7349
f 7246 7252 7359
f 7250 7249 7355
f 7357 7358 7355
f 7346 7345 7356
f 7355 7249 7234
f 7353 7354 7351
f 7349 7350 7244
f 7345 7347 7348
f 7233 7347 7346
f 7336 7339 7345
f 7344 7341 7339
f 7343 7339 7341
f 7336 7340 7338
f 7242 7244 7337
f 7330 7322 7240
f 7336 7335 7331
f 7228 7235 7331
f 7322 7330 7328
f 7323 7225 7223
f 7326 7327 7324
f 7232 7240 7322
f 7217 7216 7225
f 7210 7213 7214
f 7320 6453 7204
f 6402 7204 6453
f 7311 7315 7293
f 7197 7319 7297
f 7285 7282 7308
f 7307 7316 7317
f 7284 7285 7318
f 7316 7307 7305
f 7193 7284 7317
f 7193 7316 7304
f 7315 7311 7313
f 7313 7314 7312
f 7202 7201 7306
f 7281 7310 7309
f 7308 7282 7281
f 7307 7281 7306
f 7305 7306 7201
f 7303 7298 7296
f 7301 7299 7298
f 7298 7299 7295
f 7291 7288 7287
f 7293 7296 7295
f 7294 7197 7202
f 7278 7264 7276
f 7291 7292 7276
f 7275 7289 7288
f 7289 7275 7181
f 7180 7183 7290
f 7289 7290 7287
f 7274 7273 7181
f 7273 7167 7178
f 7283 7286 7285
f 7284 7189 7172
f 7272 7283 7172
f 7281 7282 7279
f 7264 7278 7277
f 7264 7263 7262
f 7276 7264 7274
f 7255 7150 7152
f 7274 7262 7168
f 7167 7273 7168
f 7272 7267 7256
f 7260 7271 7268
f 7269 7256 7268
f 7267 7164 7257
f 7261 7266 7265
f 7261 7255 7263
f 7262 7263 7152
f 7261 7253 7255
f 7248 7258 7260
f 7247 7259 7258
f 7257 7248 7256
f 7248 7148 7147
f 7253 7254 7150
f 7254 7149 7145
f 7149 7254 7253
f 7149 7246 7245
f 7245 7243 7139
f 7251 7247 7249
f 7144 7143 7249
f 7234 7249 7143
f 7144 7248 7147
f 7246 7244 7243
f 7243 7244 7242
f 7241 7237 7238
f 7229 7233 7133
f 7239 7240 7236
f 7129 7238 7237
f 7129 7236 7231
f 7235 7228 7124
f 7234 7134 7133
f 7232 7223 7230
f 7113 7112 7020
f 7125 7118 7119
f 7124 7229 7135
f 7227 7124 7125
f 7216 7224 7223
f 7222 7220 7218
f 7224 7220 7222
f 7113 7127 7221
f 7218 7220 7219
f 7211 7106 7111
f 7216 7217 7215
f 7212 7214 7213
f 7212 7207 7206
f 7106 7211 7206
f 7209 7203 7208
f 7205 7208 7203
f 7204 6511 7203
f 7208 7205 7206
f 6509 7099 7205
f 6503 6511 7204
f 6511 6508 6510
f 7080 7082 7199
f 7186 7188 7200
f 7197 7196 7201
f 7199 7192 7191
f 7196 7088 7198
f 7082 7200 7192
f 7087 7199 7198
f 7196 7197 7195
f 7196 7194 7085
f 7194 7183 7182
f 7175 7083 7085
f 7189 7187 7173
f 7185 7173 7187
f 7068 7170 7173
f 7190 7193 7191
f 7190 7188 7187
f 7188 7186 7184
f 7081 7184 7186
f 7066 7185 7184
f 7183 7180 7179
f 7180 7178 7179
f 7177 7179 7178
f 7174 7177 7176
f 7083 7175 7174
f 7172 7173 7170
f 7161 7169 7067
f 7166 7168 7152
f 7165 7167 7166
f 7166 7151 7157
f 7060 7072 7165
f 7162 7164 7161
f 7159 7163 7162
f 7055 7043 7160
f 7050 7049 7157
f 7151 7145 7158
f 7053 7061 7157
f 7042 7044 7153
f 7155 7156 7153
f 7148 7154 7153
f 7153 7044 7045
f 7151 7152 7150
f 7145 7149 7138
f 7148 7146 7142
f 7142 7146 7045
f 7033 7037 7145
f 7143 7144 7141
f 7142 7027 7026
f 7026 7025 7140
f 7028 7130 7136
f 7138 7139 7032
f 7032 7126 7031
f 7126 7137 7128
f 7136 7130 7132
f 7133 7132 7123
f 7133 7134 7131
f 7130 7028 7023
f 7128 7129 7127
f 7126 7020 7022
f 7125 7124 7121
f 7121 7124 7123
f 7122 7023 7018
f 7112 7008 7012
f 7114 7110 7120
f 7117 7119 7118
f 7117 7015 7014
f 7015 7117 7116
f 7008 7112 7009
f 7114 7115 7014
f 7111 7009 7112
f 7009 7111 7106
f 7108 7110 7109
f 7107 7108 7004
f 7100 7002 7001
f 7103 7102 7104
f 7101 7103 7097
f 7095 7096 7101
f 7002 7100 7099
f 6507 6473 7099
f 6473 6474 6477
f 7097 6920 6919
f 7095 7092 7093
f 7092 7095 6919
f 7090 7089 6280
f 7091 7093 7092
f 7090 7091 6996
f 6997 6275 7089
f 6276 6277 7089
f 5597 6473 6505
f 5597 5485 6469
f 7088 7077 7086
f 7078 7087 7086
f 6995 7086 7077
f 7085 7083 7076
f 7084 7076 7075
f 6989 7083 7073
f 7081 7082 7080
f 7081 7079 7063
f 7079 7080 7078
f 6993 6985 7064
f 6981 6993 7078
f 6982 6994 6978
f 6987 6991 7075
f 6992 7077 6973
f 7075 6989 6988
f 7074 7072 7071
f 7072 7060 7057
f 6989 7071 7059
f 7065 7054 7069
f 7069 7054 7067
f 7065 7066 7063
f 7062 6970 7054
f 6984 7062 7063
f 7059 6964 6963
f 6971 6986 6990
f 7060 7061 7053
f 7060 7052 7058
f 6964 7059 7056
f 7058 7051 7056
f 7041 7055 7054
f 6959 7041 7054
f 6967 6957 6959
f 7047 7053 7049
f 6961 6893 6964
f 7049 7050 7048
f 7048 7039 7046
f 6947 7027 7045
f 6948 6947 7044
f 7041 7044 7042
f 6958 6948 7041
f 7035 7038 7040
f 7035 7037 7036
f 6962 7039 7038
f 7035 6949 6953
f 7036 7037 7033
f 7036 7030 6939
f 6949 7035 6951
f 7024 7027 6947
f 7024 6946 7028
f 7033 7034 7032
f 7029 7031 6943
f 6945 7023 7028
f 7026 7027 7024
f 6941 7022 7021
f 6937 6942 7021
f 6944 7018 7023
f 7021 7020 7019
f 7019 7020 7012
f 6935 7016 7015
f 7018 6944 6936
f 7016 7017 7014
f 6935 7013 6936
f 7010 7011 7012
f 7007 7006 6929
f 6932 6931 7011
f 7010 7007 6930
f 6934 6837 6834
f 7001 7000 7005
f 7007 7008 7005
f 7003 7004 6934
f 6925 6827 6918
f 6999 7000 7001
f 7000 6999 6921
f 6999 6998 6922
f 6476 6922 6998
f 6201 6996 6919
f 6201 6997 6996
f 6201 6916 6915
f 6994 6995 6992
f 6981 6979 6985
f 6910 6976 6975
f 6975 6976 6978
f 6973 6991 6987
f 6989 6990 6986
f 6988 6986 6972
f 6985 6979 6980
f 6969 6970 6984
f 6980 6966 6969
f 6969 6966 6954
f 6977 6979 6981
f 6966 6979 6977
f 6977 6978 6976
f 6974 6975 6973
f 6965 6898 6912
f 6911 6910 6974
f 6965 6973 6972
f 6963 6960 6906
f 6971 6906 6905
f 6967 6970 6969
f 6967 6968 6955
f 6909 6907 6954
f 6898 6965 6905
f 6964 6893 6960
f 6893 6962 6953
f 6892 6903 6960
f 6958 6959 6957
f 6878 6948 6958
f 6956 6957 6955
f 6902 6954 6907
f 6938 6887 6891
f 6948 6878 6881
f 6879 6952 6902
f 6872 6881 6899
f 6950 6951 6939
f 6949 6950 6938
f 6948 6945 6946
f 6887 6938 6874
f 6945 6881 6867
f 6881 6872 6865
f 6874 6938 6860
f 6940 6943 6941
f 6942 6860 6941
f 6940 6860 6938
f 6937 6931 6861
f 6936 6866 6933
f 6935 6847 6837
f 6933 6848 6846
f 6931 6932 6851
f 6844 6838 6924
f 6838 6844 6852
f 6928 6852 6930
f 6928 6929 6927
f 6927 6921 6839
f 6925 6920 6926
f 6825 6827 6925
f 6828 6839 6824
f 6924 6838 6830
f 6824 6839 6921
f 6476 6472 6913
f 6919 6920 6918
f 6917 6918 6827
f 6814 6815 6819
f 6917 6826 6914
f 6816 6199 6915
f 6914 6833 6107
f 6178 6461 6460
f 6463 6783 6814
f 6463 6461 6178
f 6465 6819 6823
f 6911 6912 6909
f 6901 6908 6898
f 6907 6908 6901
f 6896 6901 6897
f 6904 6905 6906
f 6904 6894 6895
f 6894 6904 6903
f 6880 6902 6900
f 6896 6899 6900
f 6877 6890 6899
f 6895 6888 6897
f 6888 6882 6889
f 6888 6895 6894
f 6892 6893 6891
f 6811 6890 6877
f 6889 6882 6870
f 6882 6888 6884
f 6885 6886 6883
f 6882 6883 6875
f 6880 6881 6878
f 6870 6810 6812
f 6876 6874 6873
f 6871 6870 6875
f 6869 6868 6873
f 6871 6873 6868
f 6872 6811 6813
f 6813 6809 6807
f 6871 6862 6810
f 6854 6842 6832
f 6859 6858 6868
f 6858 6857 6862
f 6866 6867 6865
f 6864 6865 6813
f 6848 6864 6863
f 6863 6807 6806
f 6808 6810 6862
f 6856 6861 6851
f 6861 6856 6859
f 6858 6859 6856
f 6804 6803 6835
f 6806 6802 6804
f 6805 6808 6857
f 6806 6805 6799
f 6800 6799 6805
f 6856 6850 6853
f 6842 6854 6853
f 6851 6852 6844
f 6804 6846 6848
f 6836 6847 6846
f 6797 6803 6801
f 6832 6842 6840
f 6798 6801 6800
f 6832 6786 6794
f 6845 6841 6843
f 6843 6841 6840
f 6840 6841 6829
f 6839 6828 6830
f 6835 6837 6836
f 6825 6835 6796
f 6105 6833 6826
f 6786 6832 6831
f 6829 6822 6787
f 6830 6828 6822
f 6822 6828 6821
f 6827 6106 6826
f 6825 6792 6106
f 6821 6824 6823
f 6788 6820 6818
f 6788 6787 6822
f 6789 6785 6051
f 6785 6789 6818
f 6819 6818 6820
f 6815 6784 6818
f 6817 6107 6101
f 6045 6051 6785
f 6784 6815 6814
f 6783 6175 6049
f 6809 6813 6811
f 6809 6810 6808
f 6807 6808 6805
f 6803 6804 6802
f 6801 6802 6799
f 6794 6793 6797
f 6791 6792 6796
f 6795 6791 6793
f 6791 6100 6106
f 6789 6054 6790
f 6788 6789 6786
f 6784 6048 6097
f 6048 6784 6783
f 6759 6780 6781
f 6754 2879 6780
f 6752 6754 6780
f 2879 2878 6779
f 6754 6755 2713
f 2713 6755 6778
f 6778 6777 6776
f 2702 6776 6772
f 6740 6739 6774
f 6740 6775 6777
f 6776 6777 6775
f 6773 6772 6775
f 6770 6769 6773
f 6769 2700 6773
f 6773 2700 2702
f 2708 2707 6771
f 6771 2707 6769
f 6735 6734 2708
f 6736 6732 6735
f 2697 6734 2698
f 6732 6702 6767
f 6702 6766 6767
f 6767 2693 2698
f 2685 2693 6767
f 6729 6728 2683
f 2682 2685 6766
f 6725 6764 6728
f 6726 6692 6724
f 6764 2677 2683
f 6723 6722 6763
f 6764 6765 2674
f 6761 6722 6721
f 6762 6763 6761
f 6761 6721 6720
f 6720 6718 6716
f 6670 6667 6756
f 6759 6760 6757
f 6715 6714 6758
f 6758 6756 6753
f 6752 6758 6753
f 6750 6745 6753
f 6744 6755 6754
f 6745 6744 6752
f 6669 6668 6713
f 6746 6741 6751
f 6745 6750 6749
f 6713 6712 6747
f 6747 6741 6746
f 6748 6747 6712
f 6708 6742 6748
f 6748 6742 6741
f 6745 6746 6743
f 6709 6738 6742
f 6739 6742 6738
f 6738 6709 6707
f 6741 6742 6739
f 6737 6731 6736
f 6731 6702 6732
f 6734 6735 6732
f 6730 6706 6704
f 6661 6703 6704
f 6702 6731 6730
f 6702 6698 6697
f 6729 6727 6726
f 6726 6727 6697
f 6724 6692 6688
f 6723 6725 6724
f 6682 6721 6722
f 6722 6723 6687
f 6720 6721 6682
f 2671 6719 6716
f 5968 6716 6718
f 5963 5965 5969
f 6718 6679 6717
f 6717 6679 5935
f 2668 6716 5968
f 6671 6670 6714
f 6710 6712 6711
f 6713 6668 6711
f 6663 6708 6710
f 6666 6709 6708
f 6638 6705 6666
f 6706 6707 6705
f 6703 6661 6660
f 6701 6700 6703
f 6696 6701 6699
f 6699 6703 6659
f 6698 6702 6700
f 6694 6699 6635
f 6697 6696 6692
f 6692 6695 6691
f 6657 6691 6695
f 6693 6634 6657
f 6688 6692 6691
f 6690 6658 6689
f 6685 6688 6690
f 6686 6689 6654
f 6655 6689 6658
f 6654 6689 6655
f 6687 6688 6685
f 6685 6686 6684
f 6684 6681 6680
f 6654 6653 6681
f 6681 6653 6676
f 6653 6627 6629
f 6680 6678 6682
f 6680 6681 6675
f 5935 6679 6678
f 6629 6628 6677
f 6677 6628 6651
f 6674 6677 6673
f 6674 5936 5935
f 6676 6677 6674
f 6651 5856 5934
f 6672 6650 6670
f 6670 6650 6649
f 6648 6665 6667
f 6668 6669 6667
f 6646 6639 6662
f 6648 6644 6645
f 6662 6639 6637
f 6638 6666 6663
f 6664 6665 6662
f 6660 6661 6638
f 6636 6618 6633
f 6617 6633 6618
f 6632 6635 6659
f 6656 6658 6657
f 6656 6634 6631
f 6602 6652 6655
f 6601 6597 6630
f 6630 6627 6652
f 6653 6654 6652
f 6651 5857 5856
f 6626 6625 6649
f 6649 6625 6647
f 6644 6648 6647
f 6623 6642 6647
f 6646 6645 6641
f 6641 6645 6644
f 6622 6643 6641
f 6641 6642 6623
f 6621 6637 6639
f 6636 6638 6637
f 6636 6620 6619
f 6634 6635 6632
f 6632 6633 6614
f 6631 6632 6607
f 6579 6605 6606
f 6631 6606 6603
f 6630 6597 6595
f 6628 6629 6627
f 6595 6592 6593
f 5857 6627 6593
f 6626 6589 6586
f 6557 6622 6624
f 6583 6624 6623
f 6556 6582 6622
f 6620 6581 6580
f 6547 6580 6581
f 6615 6616 6580
f 6619 6620 6580
f 6618 6616 6612
f 6617 6612 6611
f 6613 6612 6616
f 6615 6540 6577
f 6609 6610 6613
f 6608 6607 6614
f 6610 6609 6608
f 6612 6613 6610
f 6609 6577 6579
f 6599 6603 6606
f 6599 6605 6604
f 6578 6523 6598
f 6603 6600 6601
f 6575 6601 6600
f 6598 6523 6572
f 6573 6599 6598
f 6594 6595 6597
f 6596 6570 6594
f 6594 6569 6592
f 6594 6570 6568
f 6593 6592 6590
f 6569 6567 6590
f 6591 6590 5832
f 5750 5832 6590
f 6586 6589 6587
f 6587 6589 6588
f 6585 6587 6565
f 6583 6586 6585
f 6563 6560 6584
f 6560 6558 6561
f 2577 2574 2734
f 6583 6584 6561
f 6582 6556 6549
f 6540 6580 6547
f 6577 6537 6527
f 6578 6579 6577
f 6527 6526 6529
f 6517 6515 6576
f 6576 6515 6491
f 6576 6572 6523
f 6571 6572 6491
f 6514 6513 6571
f 6570 6571 6513
f 6498 6566 6568
f 6567 6569 6568
f 5750 6567 6566
f 6565 6564 6562
f 6564 2734 6559
f 6560 6563 6562
f 6555 6557 6561
f 6559 6553 6558
f 6559 2734 2574
f 6550 6555 6558
f 6551 2574 2573
f 2577 2585 2579
f 6557 6555 6554
f 6555 6550 6552
f 6554 6552 6545
f 6553 2574 6551
f 6546 6547 6549
f 6545 6543 6546
f 6539 6547 6546
f 6544 6535 6543
f 2548 6535 6544
f 6542 6543 6535
f 6542 6534 6538
f 2543 2541 6525
f 6537 6540 6539
f 6536 6539 6538
f 6533 6537 6536
f 6536 6531 6530
f 6535 2548 2543
f 6533 6532 6528
f 6519 6528 6524
f 6528 6532 6530
f 6516 6496 6518
f 6530 6525 6524
f 2542 2531 2527
f 6521 6522 6529
f 6519 6497 6521
f 6528 6519 6526
f 6525 2541 2542
f 2526 2542 2527
f 6520 6523 6522
f 6520 6521 6497
f 6497 6519 6518
f 6495 6496 6516
f 6488 6515 6517
f 6516 2542 2521
f 6512 6493 6495
f 6515 6488 6487
f 2516 2515 6512
f 6514 6490 6484
f 6504 6482 6485
f 6486 6512 6485
f 6478 6498 6513
f 6514 6481 6480
f 6480 6483 6479
f 2515 2507 6504
f 6506 6508 6511
f 6503 6502 6501
f 6508 6507 6509
f 6506 6505 6507
f 6506 6501 6500
f 6504 2507 2506
f 6479 6504 5592
f 6483 6482 6504
f 6502 6503 6402
f 6502 6401 6499
f 6499 6401 5678
f 6499 5597 6500
f 5598 5597 6499
f 5675 6478 5596
f 2506 2504 1921
f 6494 6497 6496
f 6493 6492 6494
f 6493 6489 6488
f 6490 6491 6487
f 6488 6489 6486
f 6484 6487 6486
f 6485 6481 6484
f 6482 6483 6480
f 6478 6479 5595
f 5594 1918 1916
f 1918 5593 5592
f 6475 6477 6474
f 6472 6476 6475
f 6470 6471 6474
f 6470 6473 6469
f 6466 6472 6471
f 6470 6464 6466
f 6467 6468 6469
f 6462 6464 6468
f 6462 6467 5483
f 6466 6464 6463
f 6464 6462 6461
f 6462 5482 6460
f 6361 6419 6422
f 6459 6397 6448
f 6457 6458 6456
f 6454 6455 6442
f 6452 6454 6447
f 6451 6447 6446
f 6388 6453 6452
f 6387 6388 6451
f 6448 6443 6439
f 6449 6450 6448
f 6396 6443 6448
f 6441 6446 6447
f 6446 6441 6391
f 5747 6390 6393
f 6374 6438 6439
f 6392 6440 6437
f 6392 6391 6441
f 6436 6431 6435
f 6389 5747 6393
f 6436 6444 6393
f 6434 6438 6374
f 6374 6396 6395
f 6441 6442 6439
f 6437 6440 6439
f 6438 6427 6430
f 6436 6437 6430
f 6432 6435 6431
f 6382 6381 6369
f 6434 6424 6421
f 5744 6425 6426
f 6425 5744 6433
f 6432 6433 5744
f 6425 6431 6430
f 6376 6375 6429
f 6359 6429 6375
f 6423 6428 6429
f 6426 5825 5824
f 6427 6421 5825
f 6358 6348 6360
f 6424 6423 6422
f 6423 6359 6362
f 6422 6419 6420
f 6420 5807 5820
f 5820 5825 6421
f 6350 6417 6360
f 6416 6420 6419
f 6361 6360 6417
f 5807 5818 5820
f 5807 6416 6413
f 6350 6418 6415
f 6345 6414 6418
f 6418 6414 6412
f 6416 6417 6415
f 5801 5797 6412
f 6408 6410 6412
f 5797 6413 6412
f 6410 6411 5801
f 6411 6406 5783
f 6407 6406 6411
f 6409 6410 6408
f 6406 6405 5784
f 6407 6324 6323
f 6404 6405 6406
f 6404 6403 5782
f 6403 6404 6323
f 6312 6314 6320
f 6403 5764 5763
f 6403 6314 6313
f 5761 5762 5764
f 5761 6313 5291
f 6401 6402 6388
f 6398 6384 6399
f 6398 6310 6309
f 6395 6385 6382
f 6395 6397 6394
f 6392 6393 6390
f 6389 5740 5747
f 5669 5672 5674
f 5674 6388 6387
f 6385 6386 6380
f 6309 6308 6383
f 6368 6358 6375
f 5666 5669 5747
f 6380 6379 6381
f 6379 6373 6370
f 6381 6379 6370
f 6378 6377 6379
f 6377 6378 6307
f 6306 6305 6373
f 6375 6376 6374
f 6371 6370 6373
f 6372 6365 6364
f 6372 6373 6305
f 6370 6371 6368
f 6368 6367 6366
f 6356 6358 6366
f 6367 6364 6363
f 6363 6355 6357
f 6365 6303 6363
f 6302 6355 6363
f 6360 6362 6359
f 6348 6358 6356
f 6357 6355 6353
f 6351 6356 6353
f 6353 6355 6302
f 6354 6298 6296
f 6354 6349 6352
f 6352 6349 6348
f 6295 6347 6349
f 6350 6348 6342
f 6347 6346 6342
f 6346 6344 6343
f 6222 6347 6295
f 6222 6344 6346
f 6331 6324 6345
f 6339 6341 6343
f 6342 6343 6341
f 6335 6339 6338
f 6340 6341 6339
f 6334 6337 6336
f 6224 6336 6338
f 6329 6325 6332
f 6337 6333 6335
f 6218 6292 6334
f 6330 6333 6332
f 6321 6320 6314
f 6324 6331 6330
f 6327 6326 6329
f 6290 6327 6291
f 6321 6325 6326
f 6327 6328 6322
f 6325 6314 6323
f 6321 6322 6318
f 6319 6320 6318
f 6316 6318 6317
f 6315 6317 6288
f 6285 6315 6283
f 6284 6316 6315
f 6312 5291 6313
f 6284 6287 5291
f 6287 5289 4952
f 5289 6287 6286
f 6286 5276 5275
f 6264 6263 6310
f 6309 6310 6263
f 6308 6263 6266
f 6253 6306 6307
f 6252 6305 6306
f 6252 6250 6301
f 6252 6300 6304
f 6304 6300 6297
f 6303 6297 6298
f 6300 6301 6299
f 6294 6296 6298
f 6294 6297 6241
f 6296 6294 6230
f 6231 6230 6294
f 6230 6229 6223
f 6217 6218 6224
f 6218 6215 6214
f 6291 6218 6214
f 6214 6213 6289
f 6288 6289 6213
f 6205 6212 6207
f 5276 6285 6205
f 6286 6287 6284
f 6282 6279 6278
f 6279 6281 6278
f 6272 6271 6274
f 6276 6200 6272
f 6201 6276 6275
f 6271 6270 6273
f 6200 6198 6271
f 6198 6197 6270
f 6197 6196 6269
f 6267 6265 6268
f 6260 6262 6265
f 6195 6260 6267
f 6259 6258 6266
f 6264 6265 6262
f 6259 6261 6255
f 6260 6255 6261
f 6194 6255 6260
f 6254 6256 6257
f 6258 6259 6257
f 6249 6257 6256
f 6192 6248 6256
f 6254 6255 6194
f 6252 6253 6251
f 6251 6249 6246
f 6248 6191 6246
f 6237 6243 6247
f 6245 6246 6191
f 6244 6164 6189
f 6242 6243 6238
f 6239 6233 6235
f 6234 6239 6238
f 6189 6185 6236
f 6187 6234 6236
f 6228 6231 6235
f 6232 6234 6187
f 6232 6226 6228
f 6188 6226 6232
f 6231 6228 6229
f 6229 6227 6221
f 6226 6225 6227
f 6225 6226 6188
f 6223 6224 6222
f 6217 6219 6183
f 6220 6221 6219
f 6216 6217 6210
f 6182 6149 6210
f 6211 6215 6216
f 6213 6215 6211
f 6212 6211 6209
f 6208 6209 6211
f 6208 6210 6149
f 6209 6208 6202
f 6204 6205 6207
f 6206 6202 6179
f 5277 6205 6204
f 6203 6204 6179
f 5265 6203 6180
f 6132 6179 6202
f 5263 6180 5245
f 6199 6198 6200
f 6176 6197 6177
f 6177 6197 6198
f 6196 6197 6174
f 6195 6196 6173
f 6194 6170 6172
f 6194 6195 6193
f 6172 6171 6190
f 6163 6191 6190
f 6163 6171 6165
f 6185 6159 6158
f 6185 6189 6164
f 6188 6186 6156
f 6186 6187 6185
f 6184 6156 6154
f 6146 6154 6152
f 6183 6154 6150
f 6147 6145 6143
f 6148 6141 6130
f 6131 6132 6181
f 6121 6120 6124
f 6123 6179 6132
f 5245 6180 6179
f 5245 6123 6115
f 6175 6178 5413
f 6094 6174 6176
f 6176 6177 6103
f 6175 5412 6096
f 6174 6094 6091
f 6096 5412 5401
f 6087 6170 6092
f 6172 6169 6167
f 6167 6166 6168
f 6171 6172 6168
f 6169 6170 6087
f 6083 6080 6167
f 6168 6166 6161
f 6080 6166 6167
f 6161 6166 6079
f 6165 6161 6076
f 6159 6164 6163
f 6162 6075 6076
f 6159 6074 6073
f 6157 6073 6072
f 6155 6156 6158
f 6155 6157 6068
f 6153 6155 6067
f 6154 6156 6155
f 6152 6154 6153
f 6067 6063 6062
f 6062 6061 6151
f 6144 6146 6152
f 6140 6139 6144
f 6148 6150 6147
f 6145 6146 6144
f 6135 6137 6140
f 6140 6061 5982
f 6141 6133 6127
f 6142 6143 6138
f 6142 6133 6141
f 6139 6140 6137
f 6136 6135 6134
f 6135 6060 6128
f 6128 6060 6058
f 6134 6128 6127
f 6121 6132 6131
f 6129 6130 6127
f 6118 6121 6129
f 6128 6125 6126
f 6058 6057 6119
f 6110 6116 6119
f 6124 6120 6122
f 6122 6120 6117
f 6120 6121 6118
f 6118 6119 6116
f 5312 6057 6055
f 6115 6114 5237
f 5237 6114 6111
f 6111 6112 6110
f 6110 6057 5312
f 6108 5231 6109
f 5311 4418 6108
f 6101 6107 6104
f 6105 6106 6100
f 6098 6089 6102
f 6098 6101 6100
f 6099 6046 6089
f 6045 6097 6038
f 6038 6097 6047
f 6096 5400 6033
f 6095 6096 6040
f 6093 6090 6091
f 6093 6089 6086
f 6088 6092 6091
f 6086 6089 6046
f 5403 5405 6030
f 6085 6087 6088
f 6082 6083 6087
f 6037 6029 6085
f 6019 6082 6085
f 6022 6016 6028
f 6027 6036 6038
f 6031 6023 6028
f 6084 6014 6022
f 6084 5404 5368
f 6082 6081 6080
f 6019 6018 6081
f 6012 6078 6081
f 6016 6022 6014
f 6080 6081 6078
f 6011 6004 6077
f 6070 6077 6004
f 6018 6017 6009
f 6074 6076 6075
f 6073 6074 6071
f 5300 5298 6069
f 6001 6000 6005
f 6005 6007 6010
f 6006 6064 6066
f 6069 5298 5295
f 6066 6065 6067
f 6064 5994 6065
f 5994 5993 6063
f 5996 5994 6064
f 5989 5358 5349
f 6059 6062 6063
f 6059 5982 6061
f 5993 5987 5984
f 5352 5350 5351
f 5358 5990 5295
f 5981 6058 6060
f 5980 5982 6059
f 5981 5974 5973
f 5972 6055 5973
f 6057 6058 5973
f 5322 5323 5971
f 5971 5970 5337
f 6056 5972 5971
f 5309 6055 5315
f 5315 6056 5323
f 6045 6044 6052
f 6043 6053 6052
f 6053 6054 6051
f 6050 6040 6039
f 6049 6050 6047
f 6037 6046 6041
f 6044 6045 6036
f 6044 6042 6041
f 6034 6035 6041
f 6040 6033 6032
f 6038 6032 6031
f 6035 6025 6029
f 6027 6026 6034
f 6025 6035 6034
f 6032 6033 6030
f 6029 6025 6020
f 6028 6024 6026
f 6025 6026 6024
f 6023 5405 5404
f 6019 6021 6018
f 6013 6017 6015
f 6010 6009 6013
f 6011 6012 6009
f 6004 6011 6008
f 6009 6010 6007
f 6000 5999 6002
f 6003 6004 6002
f 6001 5998 5999
f 5997 5998 5992
f 5996 5995 5988
f 5995 5992 5991
f 5989 5985 5991
f 5993 5994 5988
f 5992 5295 5990
f 5989 5353 5986
f 5353 5352 5983
f 5984 5987 5986
f 5987 5988 5985
f 5983 5978 5980
f 5978 5983 5352
f 5982 5980 5979
f 5341 5977 5978
f 5979 5980 5978
f 5975 5338 5337
f 5974 5977 5976
f 5974 5975 5970
f 5972 5973 5970
f 5965 5967 5968
f 5966 2669 5968
f 5967 5965 5964
f 2162 2669 5966
f 5966 5967 5962
f 5964 5965 5963
f 5962 5960 2164
f 2159 2160 2163
f 5925 5924 5958
f 5961 5958 5959
f 5957 5959 5958
f 2165 2164 5959
f 5924 5922 5927
f 5956 2153 2165
f 5918 5956 5957
f 5956 5955 5953
f 2154 2156 2165
f 5917 5912 5954
f 5955 5956 5918
f 5954 5948 5953
f 5912 5906 5914
f 5954 5951 5952
f 5947 5948 5952
f 5953 5948 2121
f 5951 5950 5949
f 5951 5914 5913
f 5913 5905 5901
f 5901 5947 5949
f 5948 5947 2122
f 5905 5904 5902
f 5947 5901 2145
f 5898 2145 5903
f 5900 5903 5904
f 5942 5898 5899
f 5946 5944 5943
f 5896 5946 5945
f 5945 5899 5897
f 5946 5941 5942
f 5942 5895 5894
f 5944 5896 5891
f 5893 5888 5943
f 5895 5942 5941
f 5892 5889 5888
f 5940 5890 5886
f 5889 5892 5939
f 5940 5939 5938
f 5867 5939 5892
f 5939 5867 5863
f 5938 5213 5211
f 5937 5211 5181
f 5930 5936 5931
f 5928 5931 5933
f 5858 5852 5929
f 5933 5934 5856
f 5930 5926 5925
f 5931 5928 5926
f 5928 5929 5852
f 5852 5851 5923
f 5924 5923 5921
f 5918 5927 5922
f 5925 5926 5923
f 5922 5921 5920
f 5921 5854 5919
f 5912 5920 5915
f 5915 5920 5919
f 5917 5918 5916
f 5911 5828 5850
f 5911 5912 5915
f 5906 5905 5913
f 5911 5910 5909
f 5906 5912 5909
f 5848 5849 5910
f 5909 5907 5883
f 5907 5908 5884
f 5905 5906 5882
f 5902 2145 5901
f 5881 5843 5897
f 5900 5882 5897
f 2145 5898 2142
f 5898 2139 2142
f 5873 5877 5875
f 5878 5877 5896
f 5868 5877 5869
f 5891 5896 5877
f 2114 2113 5894
f 5887 2110 2134
f 5892 5893 5891
f 5886 2108 2110
f 5863 5867 5865
f 5180 1296 2106
f 2108 5886 5890
f 5089 5088 5176
f 5888 5889 5886
f 5821 5815 5850
f 5881 5884 5885
f 5883 5884 5881
f 5809 5798 5844
f 5843 5881 5880
f 5878 5879 5875
f 5871 5872 5874
f 5842 5841 5876
f 5873 5875 5874
f 5870 5869 5873
f 5870 5872 5871
f 5837 5839 5870
f 5869 5870 5839
f 5867 5868 5866
f 5839 5838 5865
f 5838 5859 5864
f 5860 5861 5864
f 5859 5838 5836
f 5862 5863 5864
f 5212 5863 5862
f 5089 5862 5861
f 5086 5861 5860
f 5834 5860 5859
f 5831 5852 5858
f 5833 5858 5856
f 5826 5855 5853
f 5853 5854 5851
f 5851 5852 5831
f 5847 5849 5848
f 5845 5846 5843
f 5844 5798 5788
f 5842 5843 5788
f 5787 5777 5841
f 5840 5841 5777
f 5836 5837 5776
f 5838 5839 5837
f 5835 5836 5684
f 5683 4995 5834
f 5831 5833 5832
f 5749 5830 5832
f 5827 5831 5830
f 5829 5830 5749
f 5748 5573 5739
f 5739 5821 5827
f 5821 5828 5826
f 5825 5820 5819
f 5736 5738 5823
f 5738 5740 5822
f 5732 5815 5821
f 5819 5820 5818
f 5812 5813 5814
f 5734 5817 5814
f 5817 5734 5737
f 5732 5729 5808
f 5810 5733 5735
f 5810 5813 5811
f 5811 5813 5812
f 5730 5733 5810
f 5809 5808 5799
f 5729 5726 5799
f 5802 5804 5806
f 5806 5807 5805
f 5803 5805 5797
f 5731 5730 5804
f 5803 5796 5800
f 5800 5727 5731
f 5801 5783 5789
f 5793 5728 5795
f 5800 5795 5728
f 5798 5725 5790
f 5798 5799 5726
f 5794 5797 5789
f 5796 5797 5794
f 5793 5794 5792
f 5790 5716 5715
f 5790 5725 5717
f 5773 5780 5789
f 5720 5780 5781
f 5721 5781 5772
f 5787 5788 5715
f 5775 5774 5777
f 5775 5787 5786
f 5709 5767 5775
f 5782 5763 5765
f 5773 5781 5780
f 5771 5779 5778
f 5779 5699 5778
f 5778 5699 5630
f 5708 5705 5698
f 5774 5684 5776
f 5774 5775 5767
f 5708 5768 5767
f 5755 4946 4945
f 5765 5771 5772
f 5766 5769 5771
f 5759 5696 5770
f 5766 5760 5759
f 5693 5684 5767
f 5760 5766 5765
f 5755 5760 5762
f 5761 5756 5757
f 5763 5764 5762
f 4945 5758 5759
f 5758 4945 4948
f 5695 5696 5758
f 5695 5751 4808
f 4938 4937 4995
f 5693 5692 5682
f 4999 4998 5755
f 4999 5757 5756
f 5290 4935 4954
f 4949 4929 4946
f 4943 4944 5752
f 5751 5695 5754
f 5754 4948 5753
f 5751 5752 4944
f 5749 5750 5675
f 5670 5573 5748
f 5746 5747 5740
f 5741 5661 5663
f 5744 5745 5742
f 5741 5740 5657
f 5573 5555 5548
f 5738 5654 5657
f 5548 5732 5739
f 5654 5738 5736
f 5649 5736 5735
f 5736 5737 5734
f 5730 5643 5649
f 5638 5729 5732
f 5731 5643 5730
f 5722 5724 5729
f 5728 5719 5643
f 5717 5725 5723
f 5725 5726 5724
f 5623 5711 5718
f 5722 5638 5520
f 5633 5635 5637
f 5721 5630 5629
f 5629 5631 5719
f 5633 5643 5719
f 5717 5711 5714
f 5716 5717 5714
f 5702 5713 5714
f 5713 5702 5701
f 5707 5706 5712
f 5700 5702 5711
f 5703 5704 5707
f 5710 5707 5701
f 5710 5616 5615
f 5630 5699 5619
f 5708 5706 5705
f 5706 5707 5704
f 5697 5704 5703
f 5701 5702 5700
f 5620 5619 5699
f 5689 5691 5698
f 5689 5697 5615
f 5694 5696 5695
f 5612 5694 5688
f 5604 5607 5687
f 5692 5693 5691
f 5601 5690 5691
f 5601 5600 5680
f 5602 5601 5689
f 4807 5685 5686
f 5688 4808 5686
f 4807 4805 4803
f 5685 5605 5604
f 5685 4803 4802
f 5683 5684 5682
f 5681 5682 5680
f 5600 5599 5679
f 4798 5679 5599
f 5603 4698 5599
f 5678 5674 5677
f 5596 5585 5590
f 5590 5589 5670
f 5673 5674 5672
f 5584 5671 5665
f 5673 5671 5584
f 5668 5665 5671
f 5583 5573 5670
f 5668 5669 5666
f 5575 5574 5665
f 5662 5577 5664
f 5659 5662 5663
f 5575 5577 5662
f 5563 5662 5659
f 5582 5571 5570
f 5660 5657 5656
f 5655 5658 5660
f 5565 5658 5655
f 5659 5661 5660
f 5564 5659 5658
f 5656 5657 5654
f 5653 5650 5655
f 5651 5650 5653
f 5557 5556 5655
f 5654 5649 5652
f 5648 5644 5652
f 5651 5558 5557
f 5544 5638 5548
f 5648 5649 5647
f 5645 5644 5648
f 5645 5646 5642
f 5647 5643 5642
f 5645 5639 5558
f 5540 5638 5544
f 5637 5641 5642
f 5641 5637 5636
f 5523 5533 5640
f 5533 5532 5639
f 5638 5540 5531
f 5636 5637 5635
f 5524 5523 5636
f 5522 5524 5626
f 5632 5635 5633
f 5626 5632 5628
f 5520 5505 5503
f 5628 5631 5629
f 5629 5630 5622
f 5625 5628 5627
f 5621 5618 5510
f 5618 5617 5497
f 5511 5626 5625
f 5623 5624 5520
f 5616 5503 5444
f 5621 5619 5618
f 5619 5620 5614
f 5499 5497 5617
f 5617 5618 5614
f 5495 5606 5615
f 5611 5610 5613
f 5611 5612 5609
f 5493 5608 5491
f 5603 5495 4699
f 5495 5487 4699
f 5604 5490 5492
f 5603 5602 5606
f 4701 5488 5490
f 4702 4701 5605
f 5605 4701 5490
f 5602 5603 5600
f 4698 4615 4799
f 5598 5591 5485
f 5480 5485 5591
f 5596 5595 5586
f 5595 5592 5593
f 5593 5594 5587
f 1921 1919 1918
f 5584 5479 5480
f 5589 5590 5585
f 5583 5589 5588
f 5587 5588 5585
f 5584 5476 5477
f 5574 5575 5563
f 5582 5583 5581
f 5571 5582 5580
f 5580 5568 5572
f 5578 5567 5568
f 1917 5567 5578
f 5472 5473 5564
f 5476 5574 5474
f 5570 5569 5561
f 5571 5572 5569
f 5562 5561 5569
f 5566 5568 5567
f 5559 5562 5566
f 5556 5394 5472
f 5473 5474 5563
f 5553 5561 5562
f 5554 5560 5561
f 5551 5553 5559
f 5555 5560 5554
f 5559 1895 5542
f 5557 5558 5549
f 5556 5549 5395
f 5546 5555 5552
f 5552 5554 5553
f 5547 5552 5551
f 5541 5543 5551
f 5550 5542 5534
f 5542 1895 1889
f 5390 5549 5471
f 5545 5548 5546
f 5545 5536 5535
f 5543 5541 5537
f 5542 1891 1884
f 1883 5534 1884
f 5534 5526 5537
f 5521 5461 5465
f 5528 5540 5539
f 5530 5537 5526
f 5529 5538 5535
f 5535 5537 5530
f 5526 5534 5466
f 5533 5523 5521
f 5519 5520 5531
f 5515 5519 5527
f 5516 5530 5525
f 5529 5530 5516
f 5518 5517 5527
f 5462 5455 5507
f 5525 5526 5463
f 5523 5524 5522
f 5522 5458 5461
f 5505 5520 5519
f 5519 5515 5514
f 5517 5507 5513
f 5517 5518 5516
f 5513 5512 5514
f 5512 5513 5507
f 5498 5511 5510
f 5498 5496 5453
f 5504 5505 5508
f 5508 5509 5506
f 5506 5507 5455
f 5438 5427 5443
f 5377 5376 5502
f 5450 5453 5496
f 5503 5505 5504
f 5444 5503 5451
f 5376 5438 5500
f 5443 5427 5426
f 5442 5501 5500
f 5494 5497 5499
f 5496 5498 5497
f 5448 5496 5494
f 5446 5489 5495
f 5437 5494 5493
f 5436 5435 5493
f 5489 5446 5432
f 5488 5492 5490
f 5431 5420 5487
f 5486 5487 5420
f 5421 5428 5426
f 4573 4572 5419
f 4697 4556 4557
f 4699 5487 5486
f 5486 4565 4568
f 4697 4568 4563
f 4567 4566 4561
f 5416 4562 4561
f 5484 5481 5483
f 5478 5481 5484
f 5481 5414 5482
f 5414 5481 5478
f 5479 5409 5478
f 5409 5479 5477
f 5409 5408 5411
f 5410 5477 5476
f 5406 5410 5475
f 5475 5474 5398
f 5473 5396 5398
f 5396 5473 5472
f 5465 5464 5470
f 5390 5471 5470
f 5391 5469 5389
f 5467 1876 5466
f 1876 1874 5463
f 5465 5461 5460
f 5386 5464 5460
f 1874 1873 5462
f 5454 5455 5462
f 1870 1869 5454
f 5461 5458 5457
f 5379 5383 5459
f 5387 5460 5459
f 5458 5453 5456
f 5379 5457 5456
f 5381 5456 5453
f 5377 5455 1902
f 1869 1868 1902
f 1843 1903 1866
f 5381 5453 5450
f 5375 5381 5452
f 5445 5451 5442
f 5449 5450 5448
f 5447 5448 5437
f 5374 5447 5434
f 5440 5446 5444
f 5441 5443 5439
f 5430 5440 5439
f 5438 1864 1858
f 1864 5438 5376
f 1859 1855 1858
f 5435 5433 5434
f 5435 5436 5423
f 5434 5433 5373
f 5433 5423 5422
f 5432 5430 5429
f 5420 5431 5429
f 5429 5430 5428
f 1858 1857 5426
f 4566 5426 1857
f 1856 5417 5416
f 5424 5425 5422
f 5421 4566 4565
f 1896 1086 5417
f 1861 1896 1856
f 4572 5418 5419
f 4570 4422 5418
f 4567 4564 4563
f 4560 5415 1085
f 1085 5415 5417
f 5415 4562 5416
f 5413 5414 5411
f 5401 5412 5411
f 5410 5406 5408
f 5365 5403 5402
f 5406 5407 5399
f 5403 5364 5368
f 5404 5405 5403
f 5402 5403 5400
f 5397 5366 5365
f 5397 5398 5396
f 5366 5392 5361
f 5395 5393 5392
f 5388 5357 5393
f 5362 5393 5357
f 5362 5361 5392
f 5390 5389 5388
f 5384 5357 5388
f 5386 5387 5385
f 5382 5348 5356
f 5384 5385 5382
f 5383 5378 5382
f 5378 5339 5348
f 5381 5375 5336
f 5378 5336 5335
f 5379 5380 5336
f 5377 1903 1843
f 5377 1842 1841
f 5328 5375 5371
f 5334 5336 5375
f 5371 5375 5374
f 5321 5372 5373
f 5371 5372 5321
f 5370 4422 5306
f 5318 5321 5369
f 4570 4559 4417
f 5367 5368 5363
f 5364 5366 5304
f 5301 5303 5363
f 5360 5362 5359
f 5361 5362 5360
f 5293 5357 5354
f 5293 5296 5359
f 5358 5355 5347
f 5354 5357 5356
f 5347 5355 5354
f 5353 5349 5350
f 5339 5340 5351
f 5350 5342 5345
f 5342 5350 5349
f 5345 5344 5348
f 5342 5347 5346
f 5344 5345 5342
f 5338 5341 5340
f 5331 5340 5339
f 5331 5329 5337
f 5335 5336 5334
f 5330 5333 5326
f 5331 5332 5330
f 5329 5320 5316
f 5325 5320 5329
f 5324 5326 5328
f 5319 5324 5327
f 5324 5320 5325
f 5315 5323 5322
f 5307 4329 4331
f 5319 5321 5318
f 4325 4323 4318
f 5307 5316 5320
f 4326 4325 5308
f 5308 5320 5319
f 5318 5306 4326
f 5314 4331 4330
f 5315 5316 4331
f 4332 5313 4330
f 5311 5312 5309
f 5307 5308 4325
f 5306 4422 4324
f 5305 5299 5301
f 5300 5301 5299
f 5297 5292 5295
f 5294 5295 5292
f 4953 4952 5289
f 5290 5291 4952
f 5286 4950 4953
f 5286 5283 4951
f 4951 5283 5282
f 5288 5285 5287
f 5275 5274 5285
f 5284 5286 5287
f 5283 5286 5284
f 5285 5274 5273
f 5273 5271 5279
f 5279 5278 5282
f 5281 5282 5278
f 4905 5281 5280
f 5271 5270 5278
f 4906 4905 4781
f 5266 5275 5276
f 5266 5267 5274
f 5273 5274 5267
f 5260 5262 5272
f 5264 5261 5260
f 5267 5272 5269
f 4686 4685 5270
f 5269 5257 5259
f 5259 4686 5269
f 4674 4688 4687
f 4687 4686 5254
f 4672 4671 5249
f 5251 4674 5268
f 5247 4541 5249
f 5264 5267 5266
f 5263 5261 5264
f 5244 5242 5261
f 5260 5242 5243
f 5262 5243 5256
f 5259 5257 5255
f 5257 5258 5256
f 5241 5255 5256
f 5252 5254 5255
f 4609 5252 5241
f 4610 5221 5223
f 5253 4609 5246
f 5253 5254 5252
f 5247 5251 5250
f 5249 4541 4611
f 4541 5247 5246
f 5240 5239 5244
f 5242 5244 5239
f 5236 5235 5227
f 5228 5243 5242
f 5241 5228 5224
f 5239 5240 5237
f 5227 5235 5233
f 5235 5236 5234
f 5225 5233 5232
f 5222 5226 4421
f 5231 4420 5229
f 5224 5228 5227
f 5225 5226 5222
f 5224 5222 5221
f 4416 4411 5221
f 5220 5142 5197
f 5142 5220 5219
f 5192 5198 5218
f 5191 5216 5217
f 5143 5190 5191
f 5215 5216 5191
f 5214 5215 5189
f 5183 5182 5188
f 5179 5211 5213
f 5210 5213 5212
f 5179 5178 5181
f 5210 5209 5177
f 5177 5209 5207
f 5174 5173 5177
f 5207 5209 5081
f 5205 5206 5204
f 5206 5208 5207
f 5172 5204 5206
f 5205 5169 5175
f 5172 5171 5203
f 5204 5203 5168
f 5170 5168 5203
f 5167 5201 5202
f 5201 5166 5170
f 5200 5201 5167
f 5201 5200 5163
f 5200 5156 5165
f 5164 5163 5200
f 5199 5198 5196
f 5140 5142 5196
f 5127 5145 5148
f 5195 5198 5192
f 5197 5142 5133
f 5192 5184 5129
f 5195 5148 5196
f 5115 5127 5195
f 5193 5194 5184
f 5189 5191 5190
f 5190 5143 5135
f 5188 5189 5134
f 5186 5117 5183
f 5134 5123 5122
f 5186 5187 5122
f 5117 5186 5112
f 5117 5116 5128
f 5130 5129 5184
f 5128 5130 5182
f 5178 5173 5180
f 1293 1296 5180
f 5178 5179 5177
f 5081 5176 5088
f 1282 1283 5175
f 5173 5175 1283
f 1289 5173 1283
f 5171 5172 5083
f 1283 1285 1288
f 5069 5074 5171
f 5168 5170 5166
f 1282 5169 5168
f 1278 5168 5160
f 5068 5067 5167
f 5166 5163 5161
f 5153 5156 5048
f 5057 5056 5156
f 5164 5165 5154
f 5161 5164 5155
f 5162 5161 5155
f 5046 5157 5162
f 5157 5160 5161
f 1272 1274 5159
f 5045 5158 5157
f 1276 5160 5159
f 5158 5045 1273
f 5159 5160 5157
f 5056 5040 5048
f 5149 5147 5155
f 5149 5154 5153
f 5050 5151 5150
f 5152 5151 5050
f 5147 5149 5151
f 1269 1273 5047
f 5047 5044 1252
f 5144 5146 5151
f 5049 5040 5038
f 5152 5034 5033
f 5145 5141 5140
f 5147 5146 5043
f 5145 5138 5144
f 1253 1252 5044
f 5043 5126 5137
f 5143 5133 5132
f 5133 5142 5139
f 5140 5141 5032
f 5030 5029 5139
f 5126 5113 5136
f 1253 5137 5136
f 1267 5136 5125
f 5135 5132 5123
f 5123 5132 5131
f 5132 5133 5029
f 5121 5131 5023
f 5131 5029 5024
f 5129 5130 5128
f 5127 5115 5113
f 5125 5108 1266
f 5122 5123 5121
f 5120 5118 5119
f 5119 5118 5016
f 5118 5023 5021
f 5117 5111 5109
f 5114 5116 5109
f 5115 5116 5114
f 5114 5096 5106
f 5105 1263 1265
f 1266 5108 5107
f 5104 5103 5105
f 5019 5101 5110
f 5110 5111 5112
f 5109 5110 5101
f 5107 5108 5106
f 5104 5106 5096
f 5103 1245 1263
f 5103 5104 5095
f 5098 1246 1245
f 5102 5019 5100
f 5003 5096 5101
f 5102 5003 5101
f 5005 5008 5097
f 5097 5008 5010
f 5093 5092 5099
f 5099 5092 5004
f 5097 5098 5095
f 5091 5094 4270
f 5093 5094 5091
f 5090 5091 4269
f 4267 5090 4268
f 5002 5008 5006
f 4205 4151 5000
f 4996 5087 5086
f 4996 4937 5085
f 5088 5089 5086
f 5082 5085 5084
f 5079 5078 5084
f 4993 5084 4994
f 5085 4937 4994
f 5078 5083 5081
f 4993 4882 5077
f 5079 5076 5075
f 5070 5076 5077
f 4881 4873 5071
f 5073 5077 4882
f 5076 5070 5069
f 5069 5061 5068
f 5070 5073 5072
f 5065 5062 5072
f 5072 5071 4987
f 5060 5066 4987
f 4872 4987 5071
f 5069 5070 5062
f 5068 5061 5057
f 5060 5059 5065
f 5051 5058 5059
f 5055 5060 4986
f 5064 4986 4871
f 5064 4980 4972
f 5061 5062 5058
f 5055 5052 5059
f 5058 5051 5056
f 5051 5039 5040
f 5052 5055 5054
f 5036 5053 5042
f 5052 5053 5039
f 5040 5050 5048
f 5047 1273 5045
f 5045 5046 5043
f 5037 5036 5041
f 5035 5037 4969
f 4973 4832 5041
f 5038 5040 5039
f 5037 5035 5028
f 5025 5035 4967
f 5035 5025 5026
f 5034 5027 5031
f 5032 5031 5030
f 5030 5031 5024
f 5027 5028 5026
f 5020 5021 5025
f 5022 5026 5025
f 5023 5024 5022
f 5016 5021 5020
f 4963 5020 4966
f 5015 5014 5013
f 5015 5017 4962
f 5012 5019 5018
f 5013 5012 5016
f 5014 5009 5011
f 5014 4959 4961
f 5015 4960 4959
f 5012 5013 5011
f 1262 5010 1243
f 4957 4955 4958
f 5005 4267 5006
f 1243 5001 4956
f 5007 4958 4153
f 4205 5006 4267
f 4267 5005 5003
f 5001 5002 5000
f 4151 4150 4956
f 4934 4933 4999
f 4998 4999 4933
f 4996 4997 4995
f 4923 4931 4921
f 4900 4993 4994
f 4937 4791 4792
f 4923 4903 4918
f 4904 4916 4918
f 4912 4910 4911
f 4882 4993 4900
f 4889 4992 4904
f 4992 4902 4916
f 4991 4885 4902
f 4886 4885 4991
f 4888 4887 4990
f 4990 4887 4860
f 4985 4989 4860
f 4886 4990 4989
f 4982 4984 4988
f 4989 4985 4988
f 4986 4987 4872
f 4857 4856 4982
f 4983 4981 4977
f 4861 4849 4977
f 4983 4984 4982
f 4982 4856 4861
f 4729 4728 4980
f 4980 4728 4833
f 4979 4977 4976
f 4976 4970 4975
f 4977 4849 4845
f 4970 4976 4845
f 4838 4975 4970
f 4832 4973 4972
f 4971 4839 4828
f 4829 4968 4971
f 4846 4840 4839
f 4968 4848 4847
f 4970 4848 4826
f 4967 4969 4965
f 4712 4848 4968
f 4712 4829 4719
f 4848 4712 4820
f 4819 4826 4820
f 4966 4967 4964
f 4965 4831 4823
f 4964 4823 4816
f 4963 4817 4815
f 4962 4815 4814
f 4957 4961 4959
f 4960 4814 4813
f 4958 4955 4116
f 4957 4811 4955
f 4150 558 1196
f 4214 4213 4153
f 4115 4955 4811
f 4934 4954 4935
f 4952 4953 4950
f 4936 4935 4950
f 4949 4933 4932
f 4931 4930 4929
f 4929 4947 4946
f 4947 4948 4945
f 4943 4942 4939
f 4942 4943 4941
f 4940 4928 4925
f 4806 4805 4939
f 4927 4795 4794
f 4936 4919 4922
f 4921 4931 4932
f 4934 4922 4932
f 4923 4930 4931
f 4914 4925 4928
f 4914 4930 4917
f 4930 4914 4928
f 4924 4795 4927
f 4924 4926 4925
f 4915 4911 4924
f 4911 4796 4795
f 4923 4920 4892
f 4921 4922 4919
f 4909 4893 4892
f 4909 4920 4919
f 4917 4918 4916
f 4913 4914 4901
f 4796 4911 4910
f 4783 4792 4785
f 4909 4908 4907
f 4898 4907 4906
f 4906 4765 4764
f 4907 4908 4905
f 4891 4904 4903
f 4885 4884 4901
f 4782 4768 4762
f 4900 4792 4782
f 4764 4753 4896
f 4898 4899 4896
f 4890 4893 4897
f 4894 4897 4896
f 4895 4896 4753
f 4879 4890 4894
f 4892 4893 4890
f 4874 4887 4877
f 4890 4879 4888
f 4887 4888 4879
f 4885 4886 4883
f 4881 4882 4761
f 4763 4729 4873
f 4879 4880 4878
f 4875 4877 4878
f 4870 4877 4875
f 4875 4755 4756
f 4758 4755 4875
f 4863 4859 4874
f 4743 4739 4729
f 4763 4749 4743
f 4873 4729 4871
f 4739 4730 4726
f 4869 4870 4868
f 4868 4865 4862
f 4868 4867 4866
f 4853 4864 4865
f 4866 4867 4653
f 4862 4865 4864
f 4859 4863 4862
f 4850 4849 4861
f 4857 4860 4859
f 4858 4850 4856
f 4844 4732 4733
f 4851 4850 4855
f 4852 4855 4854
f 4723 4722 4843
f 4734 4721 4723
f 4852 4843 4842
f 4851 4840 4846
f 4849 4850 4846
f 4847 4848 4845
f 4837 4733 4750
f 4732 4844 4836
f 4728 4727 4834
f 4722 4841 4842
f 4841 4722 4720
f 4841 4827 4839
f 4827 4718 4828
f 4837 4838 4825
f 4822 4835 4824
f 4834 4727 4836
f 4831 4835 4822
f 4831 4830 4834
f 4832 4833 4830
f 4719 4829 4828
f 4718 4827 4720
f 4825 4826 4821
f 4818 4816 4823
f 4818 4822 4821
f 4716 4712 4627
f 4819 4820 4716
f 4818 4819 4715
f 4714 4711 4816
f 4815 4817 4816
f 4622 4617 4620
f 4815 4711 4710
f 4812 4811 4813
f 4710 4810 4811
f 4810 4710 4709
f 4810 4708 4707
f 4809 4805 4807
f 4804 4805 4806
f 4804 4794 4793
f 4803 4804 4801
f 4702 4802 4801
f 4793 4691 4695
f 4800 4798 4797
f 4798 4799 4700
f 4789 4797 4700
f 4796 4779 4794
f 4778 4793 4794
f 4788 4692 4691
f 4694 4787 4784
f 4785 4792 4791
f 4789 4785 4790
f 4694 4786 4789
f 4683 4682 4787
f 4692 4788 4776
f 4776 4773 4769
f 4787 4768 4784
f 4785 4786 4784
f 4783 4784 4768
f 4765 4781 4780
f 4780 4685 4688
f 4778 4779 4775
f 4777 4775 4773
f 4773 4775 4774
f 4769 4773 4771
f 4772 4679 4770
f 4612 4690 4769
f 4767 4766 4762
f 4759 4760 4762
f 4681 4680 4766
f 4766 4680 4684
f 4764 4765 4754
f 4760 4763 4761
f 4760 4759 4748
f 4684 4676 4748
f 4757 4651 4755
f 4757 4688 4651
f 4650 4756 4755
f 4688 4674 4673
f 4754 4688 4752
f 4670 4678 4751
f 4750 4733 4746
f 4743 4749 4747
f 4742 4747 4669
f 4748 4676 4669
f 4652 4651 4648
f 4746 4741 4745
f 4745 4660 4670
f 4739 4743 4742
f 4737 4741 4740
f 4736 4737 4730
f 4656 4655 4735
f 4656 4737 4736
f 4655 4654 4646
f 4725 4598 4659
f 4734 4647 4721
f 4731 4733 4732
f 4731 4727 4726
f 4728 4729 4726
f 4599 4725 4724
f 4646 4643 4599
f 4717 4647 4596
f 4722 4723 4721
f 4721 4647 4717
f 4713 4719 4718
f 4636 4717 4595
f 4636 4595 4582
f 4716 4627 4626
f 4715 4626 4634
f 4634 4622 4711
f 4625 4628 4468
f 4636 4468 4628
f 4712 4713 4628
f 4619 4710 4620
f 4709 4619 4705
f 4619 4618 4706
f 4708 4705 4703
f 4113 4115 4707
f 4704 4703 4705
f 4616 4113 4703
f 4080 4083 4097
f 4702 4573 4701
f 4696 4675 4693
f 4698 4699 4697
f 4696 4615 4614
f 4695 4691 4571
f 4683 4694 4693
f 4689 4691 4692
f 4689 4613 4571
f 4689 4690 4612
f 4544 4614 4545
f 4687 4688 4685
f 4680 4601 4676
f 4675 4601 4682
f 4682 4601 4680
f 4608 4679 4604
f 4678 4602 4604
f 4601 4675 4544
f 4673 4668 4667
f 4673 4674 4671
f 4602 4670 4660
f 4654 4657 4669
f 4668 4664 4666
f 4662 4651 4667
f 4666 4663 4661
f 4663 4666 4664
f 4663 4607 4606
f 4662 4661 4649
f 4649 4661 4606
f 4600 4658 4592
f 4659 4592 4658
f 4654 4645 4644
f 4657 4654 4655
f 4654 4601 4530
f 4645 4654 4529
f 4652 4653 4650
f 4505 4596 4649
f 4648 4596 4647
f 4594 4593 4583
f 4643 4646 4644
f 4591 4645 4597
f 4644 4645 4590
f 4588 4641 4595
f 4643 4640 4584
f 4640 4643 4642
f 4638 4640 4639
f 4583 4593 4599
f 4639 4642 4590
f 4641 4586 4582
f 4641 4588 4587
f 4585 4464 4638
f 4584 4640 4638
f 4629 4585 4630
f 4461 4637 4639
f 4630 4638 4637
f 4449 4575 4637
f 4468 4581 4580
f 4625 4624 4635
f 4635 4632 4631
f 4633 4624 4579
f 4632 4624 4633
f 4622 4634 4631
f 4629 4631 4632
f 4631 4629 4623
f 4630 4575 4623
f 4627 4628 4625
f 4624 4625 4467
f 4575 4576 4621
f 4617 4622 4621
f 4619 4620 4617
f 4426 4425 4574
f 4080 4113 4616
f 4550 4552 4564
f 4571 4613 4553
f 4614 4615 4557
f 4553 4613 4612
f 4608 4605 4532
f 4611 4541 4540
f 4609 4610 4404
f 4605 4608 4603
f 4607 4540 4534
f 4605 4600 4533
f 4603 4604 4602
f 4530 4601 4528
f 4526 4538 4511
f 4600 4592 4499
f 4518 4531 4499
f 4598 4599 4593
f 4514 4495 4591
f 4515 4514 4597
f 4479 4456 4517
f 1038 1023 1026
f 1055 1039 1038
f 4535 4519 4504
f 4596 4505 4493
f 4596 4589 4595
f 4594 4463 4481
f 4594 4499 4592
f 4591 4495 4459
f 4479 4512 4510
f 4488 4487 4589
f 4496 4456 4455
f 1016 1013 4453
f 1013 1003 4452
f 4588 4589 4487
f 4471 4586 4587
f 4582 4586 4471
f 4579 4578 4465
f 4583 4584 4464
f 4581 4582 4470
f 4580 4470 4370
f 4467 4469 4578
f 4351 4577 4452
f 4443 4574 4576
f 4575 4449 4444
f 4435 4430 4574
f 4431 4433 4432
f 986 4423 4429
f 4423 986 985
f 4423 978 980
f 4572 4573 4571
f 4559 4570 4569
f 4567 4568 4565
f 4563 4564 4552
f 4562 4554 4550
f 1087 4555 4560
f 4559 4558 4415
f 4546 4415 4558
f 4557 4556 4543
f 4543 4556 4552
f 4542 4543 4551
f 4550 4554 4549
f 4547 4555 1087
f 4547 4549 4554
f 4547 4413 4412
f 4415 4546 4410
f 4532 4531 4546
f 4551 4552 4550
f 4412 4542 4548
f 1067 4413 4547
f 4546 4399 4301
f 4544 4545 4543
f 4539 4525 4528
f 4542 4538 4539
f 4542 4412 4409
f 4538 4408 4537
f 1065 4407 4406
f 4541 4404 4402
f 4539 4538 4526
f 4511 4538 4537
f 4536 4522 4521
f 4522 4536 1055
f 4536 4407 1065
f 4408 4407 4536
f 4519 4534 4401
f 4518 4389 4391
f 4390 4399 4531
f 4533 4499 4531
f 4529 4530 4527
f 4527 4528 4525
f 4513 4524 4525
f 4516 4524 4513
f 4523 4509 4520
f 4510 4511 4520
f 4507 4506 4523
f 4522 4523 4520
f 4519 4400 4403
f 4397 4396 4395
f 4518 4498 4387
f 4516 4517 4514
f 4512 4513 4511
f 4494 4478 4510
f 4509 4506 4508
f 4502 4505 4504
f 4503 4502 4403
f 4501 4500 4502
f 4493 4502 4500
f 4501 4490 4489
f 4490 4385 4384
f 4484 4483 4384
f 4498 4499 4481
f 4496 4455 4459
f 4494 1016 4476
f 4492 4493 4491
f 4489 4490 4483
f 4487 4488 4486
f 4486 4483 4482
f 4484 4371 4365
f 4474 4482 4368
f 4484 4368 4482
f 4374 4356 4359
f 4480 4466 4356
f 4480 4481 4463
f 4469 4357 4356
f 4454 4460 4458
f 4456 4479 4477
f 4477 4479 4478
f 4477 4475 4450
f 4475 4476 4453
f 4474 4472 4471
f 4370 4470 4472
f 4357 4369 4358
f 4357 4469 4467
f 4465 4466 4463
f 4460 4457 4461
f 4461 4457 4448
f 4437 4436 4442
f 4446 4448 4457
f 4455 4456 4445
f 4446 4454 4445
f 4450 4453 4452
f 4354 4451 4450
f 4447 4449 4448
f 4447 4448 4446
f 4442 4441 4440
f 4354 4352 4350
f 4437 4445 4350
f 4444 4439 4438
f 4435 4438 4441
f 4441 4442 4436
f 4440 4441 4438
f 4347 1002 4432
f 4436 4437 4344
f 4351 1003 1002
f 4343 4427 4434
f 4424 4434 4427
f 4430 4435 4434
f 4433 4431 4428
f 4343 4342 4428
f 4342 4341 4348
f 987 986 4431
f 4338 4423 4339
f 4428 4340 4424
f 4027 4026 4032
f 4032 4031 4425
f 4029 4028 4334
f 4028 4027 4424
f 4030 4423 4006
f 4335 4015 4014
f 4324 4422 4417
f 4419 4321 4416
f 4419 4420 4418
f 4315 4314 4417
f 4416 4321 4312
f 4315 4415 4414
f 4412 4413 4406
f 4311 4405 4411
f 4288 4305 4299
f 4297 4296 4410
f 4408 4409 4406
f 4311 4310 4304
f 4404 4293 4294
f 4393 4287 4300
f 4306 4305 4288
f 4399 4398 4300
f 4405 4304 4293
f 4397 4403 4400
f 4401 4402 4294
f 4400 4401 4286
f 4278 4397 4285
f 4282 4281 4287
f 4398 4380 4379
f 4390 4392 4398
f 4396 4274 4273
f 4396 4397 4278
f 4385 4395 4273
f 4383 4382 4386
f 4386 4273 4276
f 4393 4383 4394
f 4367 4378 4381
f 4377 4393 4379
f 4376 4375 4381
f 4376 4391 4389
f 4376 4392 4390
f 4373 4389 4387
f 4385 4386 4382
f 4382 4372 4371
f 4383 4377 4372
f 4380 4381 4378
f 4366 4367 4375
f 4377 4378 4364
f 4375 4376 4373
f 4364 4365 4371
f 4365 4362 4361
f 4369 4370 4368
f 4363 4367 4366
f 4358 4360 4366
f 4362 4365 4364
f 4362 4363 4360
f 4358 4359 4356
f 4355 4353 4352
f 4349 4350 4352
f 4349 4351 4347
f 4346 4350 4349
f 4348 4341 4345
f 4344 4346 4345
f 4343 4344 4341
f 4339 4030 4335
f 4336 4028 4340
f 4338 4339 4336
f 4336 4335 4334
f 4014 4029 4334
f 4327 4333 4332
f 4333 4320 4322
f 4331 4329 4328
f 4329 4318 4327
f 4316 4306 4303
f 4324 4323 4325
f 4316 4319 4318
f 4323 4324 4314
f 4312 4317 4313
f 4321 4322 4320
f 4319 4313 4317
f 4306 4316 4314
f 4313 4310 4311
f 4310 4303 4302
f 4291 4304 4302
f 4299 4305 4308
f 4309 4296 4295
f 4307 4308 4305
f 4302 4288 4292
f 4297 4301 4300
f 4299 4295 4298
f 4297 4298 4295
f 4290 4294 4293
f 4291 4292 4289
f 4289 4283 4284
f 4283 4289 4288
f 4283 4287 4281
f 4285 4286 4284
f 4280 4284 4283
f 4277 4281 4282
f 4274 4278 4277
f 4279 4280 4277
f 4275 4276 4273
f 4228 4227 4231
f 4222 4221 4229
f 4226 4221 4220
f 4268 4269 4209
f 4270 4210 4209
f 4268 4266 4206
f 4207 4266 4208
f 4202 4263 4262
f 4258 4253 4260
f 4260 4253 4203
f 4254 4253 4258
f 4258 4259 4257
f 4251 4248 4254
f 4254 4255 4253
f 4252 4250 4249
f 4250 4189 4246
f 4247 4248 4249
f 4246 4188 4245
f 4196 4194 4248
f 4196 4247 4245
f 4241 4240 4187
f 4244 4243 4174
f 4188 4187 4244
f 4186 4245 4244
f 4243 4240 4238
f 4243 4237 4235
f 4241 4242 4238
f 4239 4236 4237
f 4236 4233 4234
f 4175 4174 4235
f 4230 4234 4233
f 4231 4232 4230
f 4157 563 562
f 4229 4225 4227
f 4225 4226 4223
f 4222 4218 4220
f 4220 3868 3867
f 3868 4220 4218
f 3867 3819 4216
f 3820 3819 3867
f 4214 4215 4212
f 4205 4204 4149
f 4210 4211 4208
f 4206 4207 4204
f 4203 4200 4199
f 577 4201 4199
f 4200 4198 4199
f 573 577 4198
f 573 4197 4195
f 4186 4184 4194
f 4192 4129 574
f 4192 4185 4180
f 4104 4105 4178
f 4193 4184 4183
f 4185 4192 4191
f 4180 4182 4181
f 4189 4190 4187
f 4177 4176 4184
f 4182 4185 4183
f 4182 4173 4172
f 4101 4103 4180
f 4179 4178 4105
f 4179 4128 4126
f 4179 4125 4171
f 4176 4177 4174
f 4169 570 569
f 569 4172 4173
f 569 568 4102
f 4127 4098 4100
f 4170 4127 4166
f 4170 4171 4125
f 4169 4161 571
f 4162 4169 4168
f 4167 4166 4100
f 4166 4167 4164
f 571 4161 4163
f 567 4163 4160
f 562 566 4160
f 563 4157 4156
f 4154 565 560
f 4159 3819 4155
f 3819 3809 3817
f 4157 4159 4156
f 4155 3814 4154
f 4155 3819 3815
f 4154 3814 3752
f 4152 4153 4116
f 4150 4151 4149
f 4147 4148 4143
f 4144 4143 4146
f 4139 4144 4146
f 4138 4145 4140
f 4142 4143 4140
f 4094 4137 4139
f 4138 4137 4136
f 4136 4109 4134
f 4134 4109 4108
f 4108 4107 4132
f 4091 4130 4131
f 4130 4091 4090
f 536 575 4103
f 4129 4103 575
f 4105 4087 4088
f 4128 4086 4126
f 522 526 568
f 4098 4127 4125
f 4099 4052 4124
f 4120 4123 4121
f 4121 4122 4085
f 4084 3686 4118
f 518 561 565
f 4117 4119 4118
f 4117 3686 3687
f 3722 430 565
f 4110 4116 4115
f 4114 4079 4078
f 4114 4115 4113
f 4111 4112 4110
f 4108 4093 4107
f 4092 4091 4107
f 4092 4072 4069
f 4089 4106 4090
f 4104 4106 4089
f 4087 4105 4104
f 545 4103 4101
f 529 531 532
f 568 526 4101
f 4052 4099 4055
f 4099 4100 4098
f 544 520 522
f 4082 4097 4083
f 4096 4082 4095
f 4074 4092 4093
f 4094 4078 4077
f 4091 4092 4068
f 4068 4067 4063
f 4088 4062 4057
f 4062 4088 4087
f 4055 4086 4057
f 4050 4085 4052
f 4050 3686 4084
f 3686 4050 4049
f 4081 4083 4080
f 4078 4079 4076
f 4073 4072 4074
f 4072 4073 4070
f 4065 4070 4071
f 4069 4070 4065
f 4065 4064 4067
f 4066 4047 4064
f 4045 4056 4061
f 4062 4063 4060
f 4062 4059 4058
f 4061 4056 4059
f 4058 4054 4053
f 4054 4056 4045
f 4051 4055 4053
f 4054 4042 4043
f 4043 4034 4037
f 4036 4052 4051
f 4040 4036 4035
f 4050 4039 4049
f 4049 4039 4033
f 472 4006 980
f 4024 4006 472
f 471 467 465
f 3987 3993 3999
f 463 453 452
f 451 4048 4023
f 4022 3967 450
f 4021 438 437
f 4023 4048 438
f 4044 3921 4046
f 4046 3921 4042
f 3921 4044 3942
f 4021 495 494
f 4043 4041 4034
f 4041 4042 3921
f 4041 4016 4035
f 4035 4016 4018
f 4039 4040 4038
f 4033 4038 4018
f 4036 4037 4034
f 3631 4033 4017
f 4032 4026 4011
f 4010 4013 4031
f 4026 4025 4000
f 4006 4015 4030
f 4008 4025 4029
f 4028 4025 4026
f 4003 4002 4011
f 4025 4008 4007
f 4001 4006 4024
f 3987 465 461
f 452 450 3967
f 3971 3987 463
f 3935 3936 3962
f 3961 3967 4022
f 4020 4019 3948
f 3948 3947 4022
f 3933 3932 3945
f 4021 3914 4019
f 4019 3914 3925
f 3910 3921 3920
f 3925 3914 3913
f 4016 3921 3886
f 3880 3628 4016
f 479 401 3610
f 4017 4018 4016
f 4014 4015 4009
f 4012 4013 4010
f 4010 4011 4002
f 4008 4009 4005
f 4005 4006 4001
f 3994 3995 4004
f 4003 3992 3994
f 3999 3996 3998
f 3990 3992 4000
f 3996 3999 3993
f 3997 3998 3996
f 3988 3990 3996
f 3984 3985 3986
f 3984 3994 3992
f 3980 3992 3991
f 3993 3987 3982
f 3991 3992 3990
f 3982 3983 3988
f 3982 3987 3971
f 3985 3976 3979
f 3980 3985 3984
f 3983 3975 3974
f 3975 3983 3982
f 3962 3936 3974
f 3973 3975 3981
f 3980 3936 3951
f 3951 3952 3965
f 3978 3979 3976
f 3963 3962 3972
f 3974 3973 3972
f 3973 3970 3968
f 3969 3968 3970
f 3969 3967 3963
f 3961 3960 3963
f 3958 3966 3964
f 3965 3952 3959
f 3953 3955 3959
f 3936 3927 3928
f 3960 3950 3962
f 3946 3960 3961
f 3955 3957 3958
f 3957 3955 3954
f 3953 3943 3954
f 3944 3943 3953
f 3944 3952 3951
f 3949 3934 3935
f 3949 3950 3946
f 3947 3948 3945
f 3931 3942 3941
f 3944 3928 3938
f 3941 3942 3939
f 3938 3928 3929
f 3927 3936 3935
f 3924 3927 3934
f 3924 3922 3926
f 3933 3925 3924
f 3930 3892 3920
f 3892 3930 3918
f 3917 3929 3928
f 3927 3926 3915
f 3917 3915 3909
f 3926 3922 3916
f 3923 3922 3924
f 3912 3911 3916
f 3923 3913 3916
f 3886 3921 3910
f 3919 3920 3892
f 3893 3918 3917
f 3906 3900 3909
f 3915 3916 3911
f 3913 3914 435
f 3907 3912 435
f 3911 3912 3907
f 3887 3910 3890
f 3890 3891 3894
f 3908 3613 3889
f 3908 3909 3900
f 482 478 480
f 3903 3905 3906
f 3886 3885 3882
f 3889 3613 3615
f 3900 3905 3904
f 3899 3900 3904
f 3902 3904 480
f 3904 3905 3903
f 3899 3898 3897
f 3902 3895 3898
f 3901 479 3896
f 3895 3902 3901
f 3880 3878 3877
f 3877 3875 3876
f 3613 3900 3899
f 3871 3614 3607
f 3611 3607 3897
f 3897 3898 3895
f 3896 3610 3611
f 3628 3873 3616
f 3518 3517 3616
f 3893 3894 3891
f 3887 3888 3885
f 3881 3882 3878
f 3879 3875 3877
f 3614 3876 3875
f 3518 3873 3870
f 3873 3874 3872
f 3871 3612 3519
f 3868 3869 3862
f 3863 3858 3857
f 3865 3866 3863
f 3820 3862 3861
f 3857 3809 3818
f 3856 3858 3859
f 3856 3852 3857
f 3855 3853 3852
f 3857 3852 3810
f 3851 3853 3855
f 3844 3850 3851
f 3855 3856 3854
f 3804 3803 3853
f 3803 3810 3852
f 3804 3851 3849
f 3844 3799 3846
f 3848 3805 3849
f 3805 3848 3797
f 3848 3847 3802
f 3802 3847 3846
f 3841 3842 3801
f 3840 3795 3801
f 3844 3845 3843
f 3840 3842 3839
f 3839 3842 3841
f 3794 3795 3840
f 3835 3837 3839
f 3835 3833 3832
f 3839 3837 3836
f 3836 3837 3832
f 3833 3835 3834
f 3739 3830 3833
f 3793 3832 3831
f 3830 3831 3832
f 3830 3828 3829
f 3831 3829 3783
f 3738 3830 3739
f 3787 3829 3828
f 3783 3829 3787
f 3827 3828 3738
f 3786 3787 3827
f 3826 3827 3736
f 3785 3784 3825
f 3785 3774 3765
f 3775 3785 3769
f 3766 3765 3774
f 3772 3758 3823
f 3824 3764 3766
f 3773 3768 3772
f 3823 3758 3822
f 3463 3821 3822
f 3771 3821 3463
f 3819 3820 3818
f 3814 3813 3749
f 3812 3816 3817
f 3816 3812 3811
f 3815 3816 3813
f 3809 3808 3812
f 3811 3812 3808
f 3717 3811 3806
f 3807 3809 3796
f 3803 3796 3809
f 3806 3808 3807
f 3798 3740 3720
f 3716 3806 3720
f 3805 3796 3803
f 3800 3802 3799
f 3792 3798 3796
f 3796 3797 3795
f 3794 3791 3792
f 3792 3789 3741
f 3791 3794 3793
f 3788 3741 3789
f 3733 3712 3741
f 3734 3733 3788
f 3733 3707 3711
f 3738 3737 3735
f 3789 3792 3791
f 3790 3783 3782
f 3782 3781 3780
f 3779 3706 3705
f 3726 3724 3736
f 3784 3761 3763
f 3765 3761 3784
f 3783 3763 3781
f 3762 3778 3781
f 3780 3781 3778
f 3780 3777 3779
f 3761 3764 3757
f 3776 3701 3777
f 3776 3762 3770
f 3770 3759 3700
f 3774 3775 3768
f 3772 3723 3758
f 3446 3436 3767
f 3770 3762 3760
f 3768 3769 3724
f 3757 3764 3767
f 3761 3766 3764
f 3762 3763 3761
f 3760 3757 3754
f 3700 3759 3754
f 3702 3391 3389
f 3448 3758 3723
f 3396 3755 3756
f 3754 3757 3756
f 3754 3755 3395
f 3721 3753 3687
f 3749 428 3722
f 3748 3745 3751
f 3718 3748 3750
f 428 3749 3717
f 3746 3748 3718
f 3714 3698 3743
f 3714 3747 3746
f 3746 3747 3744
f 3697 3713 3743
f 3737 3739 3742
f 3741 3712 3709
f 3710 3720 3740
f 3737 3708 3668
f 3728 3736 3735
f 3735 3668 3731
f 3731 3667 3704
f 3733 3734 3705
f 3732 3730 3727
f 3730 3732 3731
f 3730 3725 3727
f 3725 3729 3691
f 3729 3704 3689
f 3726 3728 3727
f 3703 3726 3725
f 3723 3724 3703
f 3702 3690 3334
f 430 3722 428
f 3719 3721 3688
f 3715 3720 3710
f 3718 3719 3684
f 423 3716 3715
f 423 3717 3716
f 421 422 3715
f 3714 3699 3678
f 3708 3713 3697
f 3709 3712 3711
f 3711 3707 418
f 419 3710 3709
f 3708 3673 3672
f 414 416 418
f 3707 3705 3693
f 3706 3694 3693
f 3695 411 368
f 3692 3695 367
f 3692 413 414
f 3689 3704 3667
f 3702 3703 3691
f 411 3695 3694
f 3694 3701 3700
f 3690 3637 3320
f 3699 3684 3682
f 3678 3673 3697
f 3678 3696 3673
f 3672 3671 3669
f 3694 3695 3692
f 3690 3691 3689
f 3684 3688 3685
f 3685 3688 3687
f 3686 3631 3665
f 3683 3685 3665
f 3683 3681 3682
f 3683 3664 3662
f 3677 3678 3680
f 3680 3678 3682
f 3681 3662 3661
f 3680 3661 3660
f 3658 3677 3679
f 3658 3657 3676
f 3675 3678 3677
f 3656 3651 3653
f 3652 3647 3646
f 3671 3672 3650
f 3646 3650 3672
f 3622 3671 3670
f 3622 3642 3666
f 3641 3637 3666
f 3667 3668 3666
f 404 401 478
f 3665 3631 3630
f 3629 3628 3632
f 3664 3629 3663
f 3663 3632 3605
f 3659 3660 3661
f 3662 3663 3627
f 3597 400 393
f 3659 3655 3658
f 3659 3627 3626
f 3579 3597 3570
f 3570 3597 387
f 3658 3655 3654
f 3644 3656 3657
f 3644 3643 3651
f 3655 3626 3573
f 3654 3573 3624
f 3652 3653 3651
f 3648 3647 3651
f 3650 3646 3645
f 3647 3648 3645
f 3624 3625 3643
f 370 3541 380
f 387 386 382
f 380 3541 3545
f 3642 3623 3640
f 370 364 361
f 3641 3640 3639
f 3620 3532 3639
f 3639 3532 3531
f 3527 3541 361
f 3636 3638 3635
f 3320 3637 3636
f 3636 3617 3303
f 3617 3635 3531
f 3524 3527 3633
f 3608 3632 3628
f 3632 3608 3604
f 3630 3631 3628
f 3627 3592 3626
f 3596 401 400
f 400 3597 3589
f 3592 3584 3583
f 3626 3583 3571
f 384 387 3597
f 3572 3625 3624
f 3557 3558 3563
f 3498 3572 3566
f 3621 3623 3622
f 3620 3621 3618
f 3479 3529 3478
f 3534 3528 3536
f 3213 3233 3269
f 3531 3530 3479
f 3303 3617 3269
f 3608 3616 3517
f 3614 3615 3613
f 3612 3607 3521
f 3600 3607 3609
f 3609 3611 3610
f 3606 3595 3599
f 3604 3608 3520
f 3601 3602 3520
f 3515 3601 3521
f 3600 3591 3515
f 3606 401 3596
f 3592 3605 3604
f 3603 3604 3602
f 3512 3592 3603
f 3515 3591 3580
f 3582 3591 3586
f 3594 3593 3589
f 3586 3591 3600
f 3598 3599 3595
f 3579 3590 3589
f 3595 3596 3593
f 3584 3592 3512
f 3581 3510 3513
f 3582 3564 3580
f 3577 3588 3590
f 3590 3588 3587
f 3577 3576 3585
f 3587 3588 3585
f 3506 3583 3584
f 3504 3571 3583
f 3507 3506 3511
f 3576 3575 3564
f 3564 3581 3580
f 3575 3568 3565
f 3578 3574 3577
f 3578 3570 3569
f 3577 3574 3575
f 3568 3575 3574
f 3573 3571 3567
f 3567 3571 3504
f 3565 3568 3561
f 3509 3508 3564
f 3563 3562 3569
f 3561 3569 3562
f 3502 3501 3566
f 3499 3566 3501
f 3503 3505 3509
f 3565 3560 3547
f 3558 3559 3562
f 3561 3562 3559
f 3496 3509 3547
f 3500 3496 3495
f 3556 3559 3558
f 3556 3557 3554
f 3556 3552 3551
f 3548 3539 3489
f 3539 3547 3550
f 3555 3551 3550
f 3554 383 3545
f 3549 3552 3554
f 3543 3549 3553
f 3551 3552 3549
f 3546 3550 3549
f 3548 3491 3494
f 3548 3493 3547
f 3546 3543 3542
f 3542 3538 3537
f 3540 3544 3545
f 3540 3542 3543
f 3540 3533 3538
f 3541 3527 3533
f 3535 3475 3539
f 3485 3489 3539
f 3538 3536 3535
f 3474 3481 3485
f 3535 3536 3528
f 3527 3534 3533
f 3532 3486 3530
f 3529 3482 3480
f 3528 3525 3471
f 3526 3527 3524
f 3207 3206 3472
f 3475 3471 3470
f 3522 3468 3525
f 3523 3469 3468
f 3465 3473 3472
f 3516 3521 3520
f 3518 3519 3516
f 3514 3515 3513
f 3512 3513 3510
f 3508 3509 3505
f 3506 3507 3505
f 3503 3502 3504
f 3503 3496 3501
f 3499 3500 3495
f 3497 3498 3495
f 3495 3496 3493
f 3488 3487 3492
f 3490 3491 3489
f 3489 3485 3484
f 3484 3486 3487
f 3486 3484 3483
f 3485 3481 3483
f 3480 3482 3481
f 3476 3478 3480
f 3477 3480 3474
f 3479 3478 3214
f 3464 3214 3478
f 3473 3465 3476
f 3474 3475 3472
f 3470 3471 3468
f 3196 3195 3215
f 3215 3214 3464
f 3465 3206 3210
f 3466 3467 3464
f 3463 3462 3461
f 3444 3461 3462
f 3461 3445 3460
f 3456 3447 3459
f 3457 3443 3442
f 3457 3458 3454
f 3455 3454 3441
f 3447 3456 3455
f 3453 3438 3393
f 3393 3392 3433
f 3441 3454 3452
f 3452 3453 3451
f 3422 3421 3451
f 3433 3427 3423
f 3427 3426 3424
f 3450 3449 3424
f 3424 3449 3377
f 3417 3415 3449
f 3417 3416 3414
f 3388 3444 3448
f 3446 3447 3440
f 3396 3436 3437
f 3443 3445 3444
f 3443 3388 3438
f 3440 3441 3421
f 3435 3397 3437
f 3435 3385 3394
f 3384 3439 3394
f 3438 3388 3387
f 3432 3437 3436
f 3435 3432 3431
f 3429 3434 3431
f 3385 3435 3434
f 3428 3382 3434
f 3381 3333 3383
f 3427 3433 3392
f 3374 3420 3430
f 3432 3421 3430
f 3420 3380 3429
f 3428 3379 3381
f 3429 3380 3379
f 3427 3386 3425
f 3423 3424 3376
f 3422 3423 3374
f 3380 3420 3375
f 3375 3373 3372
f 3373 3369 3331
f 3418 3419 3416
f 3415 3414 3362
f 3370 3362 3414
f 3412 3410 3371
f 3410 3412 3411
f 3410 3366 3365
f 3408 3409 3371
f 3409 3364 3363
f 3407 3408 3365
f 3367 3358 3403
f 3401 3405 3406
f 3404 3405 3401
f 3357 3402 3401
f 3352 3398 3351
f 3353 3400 3351
f 3398 3354 3353
f 3348 3345 3346
f 3340 3343 3143
f 3389 3391 3390
f 3396 3397 3394
f 3387 3386 3392
f 3391 3334 3319
f 3387 3389 3386
f 3384 3385 3382
f 3378 3317 3379
f 3317 3301 3333
f 3317 3378 3372
f 3361 3374 3376
f 3373 3375 3374
f 3361 3364 3369
f 3315 3316 3372
f 3370 3371 3363
f 3369 3364 3332
f 3367 3368 3365
f 3363 3364 3361
f 3314 3313 3332
f 3312 3314 3360
f 3311 3312 3359
f 3357 3358 3355
f 3311 3356 3272
f 3354 3355 3327
f 3349 3352 3350
f 3350 3351 3346
f 3349 3326 3273
f 3329 3348 3347
f 3344 3326 3346
f 3344 3345 3335
f 3326 3344 3338
f 3343 3342 3323
f 3336 3335 3342
f 3339 3325 3338
f 3341 3321 3322
f 3337 3336 3340
f 3339 3340 3142
f 3337 3338 3335
f 3334 3320 3291
f 3301 357 358
f 3313 3315 3331
f 3312 3297 346
f 3330 3247 3296
f 3309 3324 3328
f 3324 3329 3327
f 3273 3326 3325
f 3270 3273 3322
f 3308 3306 3106
f 3106 3306 3305
f 3323 3324 3106
f 3307 3322 3321
f 3321 3100 3099
f 3320 3302 3266
f 3319 3291 3287
f 3285 3284 3278
f 3301 3317 3316
f 3316 3315 353
f 3285 3279 3274
f 3315 3313 3300
f 3313 3314 345
f 3297 3312 3311
f 3296 3295 3309
f 3270 333 332
f 3309 3295 3294
f 3306 3308 3294
f 3307 3304 333
f 3293 3292 3305
f 3048 3103 3305
f 333 3304 3099
f 3302 3303 3267
f 3277 3278 3284
f 352 355 357
f 3279 3275 3251
f 347 3300 3299
f 341 344 3299
f 3245 3247 3250
f 3298 342 346
f 3240 3294 3295
f 3296 3247 3246
f 3295 3296 3244
f 3293 3294 3240
f 3293 3235 3234
f 3000 3048 3292
f 3290 3291 3266
f 3265 3264 3289
f 3288 3287 3290
f 3288 3289 3264
f 3285 3287 3259
f 3288 3260 3259
f 3280 3276 3286
f 3284 3285 3283
f 3254 3253 3277
f 3255 3254 3282
f 354 3280 3281
f 349 3276 3280
f 3275 3279 3278
f 3253 3252 3275
f 338 3276 349
f 3275 3252 3249
f 3247 3274 3251
f 3272 3273 3270
f 3000 2999 2998
f 3268 3263 3265
f 3233 3261 3268
f 3267 3268 3265
f 3190 3233 3212
f 3264 3265 3263
f 3257 3261 3202
f 3262 3257 3260
f 3262 3263 3261
f 3261 3233 3209
f 3260 3257 3258
f 3255 3259 3258
f 3256 3258 3257
f 3255 3256 3232
f 3231 3253 3254
f 3231 3230 3252
f 3252 3230 3229
f 3200 3184 3230
f 3249 3248 3250
f 3249 3228 3248
f 3248 3228 3227
f 3244 3246 3243
f 3246 3247 3245
f 3226 3243 3245
f 3242 3239 3241
f 3242 3243 3226
f 3225 3224 3239
f 3239 3238 3240
f 3224 3223 3238
f 3223 3236 3237
f 3220 3219 3236
f 3235 3219 3218
f 2997 2996 3218
f 3190 3189 3209
f 3232 3201 3230
f 3184 3227 3228
f 3200 3178 3183
f 3199 3226 3227
f 3184 3182 3176
f 3225 3199 3222
f 3198 3216 3222
f 3223 3224 3222
f 3221 3216 3198
f 3219 3220 3217
f 3216 2967 2970
f 3195 3193 3211
f 3213 3214 3195
f 3193 3187 3190
f 3194 3196 3210
f 3194 3206 3192
f 3189 3188 3208
f 3192 3205 3208
f 3206 3207 3205
f 3204 3186 3185
f 3202 3203 3185
f 3200 3201 3185
f 3199 3174 3173
f 3198 3199 3167
f 3197 3198 3166
f 3194 3193 3195
f 3193 3194 3191
f 3188 3187 3191
f 3189 3190 3187
f 3185 3186 3179
f 3183 3178 3177
f 3182 3184 3183
f 3176 3182 3181
f 3179 3180 3177
f 3174 3176 3175
f 3174 3170 3168
f 3167 3173 3168
f 3172 3163 3162
f 3171 3169 3168
f 3162 3165 3168
f 3166 3167 3165
f 3164 3165 3162
f 3138 3142 3143
f 3160 3140 3139
f 3158 3135 3140
f 3155 3159 3161
f 3097 3161 3160
f 3158 3159 3155
f 3155 3156 3153
f 3149 3152 3151
f 3150 3088 3087
f 3149 3150 3131
f 3148 3131 3130
f 3145 3147 3127
f 3127 3120 3121
f 3146 3117 3144
f 3139 3143 3104
f 3137 3142 3138
f 3140 3135 3138
f 3137 3138 3135
f 3134 3132 3133
f 3093 3133 3091
f 3091 3133 3132
f 3042 3132 3129
f 3130 3131 3087
f 3129 3126 3075
f 3128 3120 3127
f 3125 3074 3075
f 3029 3030 3074
f 3118 3066 3065
f 3062 3031 3064
f 3115 3121 3120
f 3113 3050 3056
f 3061 3110 3059
f 3068 3052 3115
f 3068 3058 3057
f 3116 3052 3051
f 3116 3117 3115
f 3114 3051 3050
f 3107 3112 3055
f 3060 3059 3110
f 3110 3111 3109
f 3060 3108 3054
f 3022 3052 3025
f 3049 3056 3050
f 3028 3054 3107
f 3105 3106 3103
f 3048 3021 3095
f 3096 3098 3104
f 3096 3103 3095
f 3102 3046 3100
f 3099 3100 3046
f 3097 3098 3096
f 3095 3021 3047
f 3036 335 3045
f 3092 3090 3089
f 3091 3042 3037
f 3044 3043 3089
f 3089 3043 3039
f 3087 3088 3083
f 3081 3084 3039
f 3082 3085 3084
f 3084 3086 3083
f 3080 3077 3079
f 3035 3081 3038
f 3080 3035 3034
f 3078 3079 3077
f 3076 3032 3033
f 3076 3077 3034
f 3030 3075 3074
f 3073 3030 328
f 3071 3069 3072
f 3010 3009 3071
f 3071 3009 3067
f 3066 3070 3069
f 3067 3009 3011
f 3058 3068 3065
f 3067 3063 3065
f 3029 3064 3031
f 3011 3027 3058
f 3031 3062 3061
f 311 3059 3053
f 3058 3027 3026
f 3004 2973 3002
f 3025 3052 3057
f 3049 3028 3055
f 3053 3054 3028
f 3052 3022 3050
f 3049 3022 3023
f 3021 3019 3018
f 334 3046 3045
f 3017 3039 3043
f 3016 3044 3018
f 3037 3041 328
f 3037 3042 3040
f 3039 3017 3013
f 3036 3037 3015
f 3014 3034 3035
f 3014 3012 3032
f 3010 3033 3032
f 3030 322 321
f 3004 3027 3011
f 322 3030 3029
f 304 314 309
f 311 3028 3023
f 3002 3025 3026
f 3024 3025 3002
f 305 308 311
f 3024 3001 2924
f 2924 3023 3022
f 3019 3021 3020
f 2994 3008 3019
f 3018 3019 3008
f 2988 3016 3008
f 3017 3016 3006
f 3016 2988 2987
f 3006 2980 2979
f 328 329 3015
f 3012 3014 3013
f 3012 2979 2978
f 3010 3012 3005
f 3003 3011 3009
f 2992 2990 3007
f 2991 3008 2993
f 3006 2987 2984
f 2978 2977 2975
f 3005 2975 2974
f 2973 3004 3003
f 3002 2973 2953
f 3001 2953 2952
f 2994 3000 2998
f 2996 2971 2998
f 2995 2998 2971
f 2997 2970 2971
f 2995 2992 2993
f 2969 2966 2990
f 2986 2988 2991
f 2966 2963 2989
f 2989 2963 2962
f 2987 2988 2986
f 2987 2982 2984
f 2962 2961 2985
f 2961 2958 2983
f 2983 2958 2960
f 2954 2980 2984
f 2982 2983 2981
f 2954 2981 2960
f 2980 2954 2956
f 2977 2956 2955
f 2979 2956 2977
f 2976 325 323
f 2957 2917 2941
f 2941 2974 2975
f 2973 2974 2972
f 2940 2953 2972
f 2952 2953 2904
f 2952 2934 2925
f 2932 2933 2930
f 2968 2971 2970
f 2965 2969 2968
f 2959 2964 2965
f 2963 2966 2965
f 2964 2959 2958
f 2963 2964 2961
f 2922 2913 2958
f 2917 2957 2955
f 2955 2956 2954
f 2917 2908 2907
f 315 316 312
f 315 307 2936
f 2940 2905 2904
f 2925 2929 306
f 2934 2952 2902
f 2932 2925 2934
f 2914 2913 2922
f 2951 2947 2946
f 2948 2950 2949
f 2945 2909 2948
f 2944 2945 2946
f 2945 2942 2906
f 2938 2906 2942
f 2942 2945 2944
f 2943 315 2939
f 2941 2907 2905
f 2900 2911 2935
f 2938 2937 2912
f 2912 2937 2935
f 2938 2939 2936
f 2931 2935 2937
f 2928 2937 2936
f 307 306 2928
f 2931 2934 2901
f 2933 2934 2931
f 2929 2925 2932
f 2930 2931 2927
f 2928 2929 2926
f 2925 305 2923
f 2920 2922 2921
f 2915 2920 2918
f 2918 2919 2916
f 2908 2917 2913
f 2910 2915 2916
f 2914 2915 2910
f 2906 2912 2911
f 2908 2910 2909
f 2905 2903 2902
f 2902 2903 2900
f 2664 2663 2849
f 2881 2880 2876
f 2728 2715 2875
f 2717 2882 2877
f 2880 2882 2875
f 2869 2898 2899
f 2869 2868 2871
f 2869 2893 2867
f 2895 2894 2892
f 2891 2865 2867
f 2891 2857 2860
f 2885 2892 2894
f 2895 2896 2889
f 2884 2881 2894
f 2893 2892 2890
f 2891 2890 2856
f 2890 2885 2852
f 2887 2883 2884
f 2887 2888 2886
f 2849 2852 2885
f 2881 2884 2883
f 2877 2882 2880
f 2878 2879 2717
f 2664 2876 2875
f 2661 2875 2715
f 2870 2873 2872
f 2873 2870 2866
f 2826 2823 2872
f 2826 2864 2863
f 2870 2871 2868
f 2868 2869 2867
f 2864 2866 2867
f 2860 2863 2864
f 2861 2862 2863
f 2842 2862 2861
f 2857 2858 2859
f 2859 2858 2836
f 2836 2858 2855
f 2854 2832 2837
f 2853 2855 2857
f 2853 2856 2852
f 2854 2855 2853
f 2830 2851 2850
f 2851 2852 2849
f 2850 2849 2848
f 2848 2849 2663
f 2848 2651 2828
f 2659 2662 2661
f 2662 2659 2652
f 2825 2826 2846
f 2824 2825 2818
f 2847 2844 2845
f 2817 2825 2845
f 2844 2842 2841
f 2814 2815 2843
f 2814 2816 2810
f 2840 2839 2841
f 2839 2840 2838
f 2837 2832 2831
f 2834 2833 2812
f 2836 2837 2834
f 2833 2834 2831
f 2805 2809 2833
f 2805 2801 2800
f 2830 2801 2831
f 2829 2799 2801
f 2828 2795 2827
f 2827 2797 2799
f 2795 2828 2651
f 2795 2797 2827
f 2793 2792 2651
f 2823 2826 2825
f 2824 2822 2821
f 2822 2819 2820
f 2790 2820 2819
f 2789 2818 2815
f 2813 2781 2787
f 2811 2810 2816
f 2813 2815 2814
f 2781 2813 2807
f 2811 2812 2808
f 2806 2807 2810
f 2803 2806 2808
f 2803 2779 2778
f 2780 2807 2806
f 2804 2805 2802
f 2775 2803 2804
f 2771 2803 2775
f 2798 2799 2797
f 2800 2801 2799
f 2772 2798 2796
f 2774 2773 2768
f 2762 2794 2795
f 2773 2794 2765
f 2761 2765 2794
f 2792 2793 2791
f 2785 2790 2788
f 2789 2787 2786
f 2782 2783 2786
f 2785 2786 2783
f 2783 2759 2758
f 2759 2783 2782
f 2759 2777 2776
f 2781 2769 2777
f 2780 2770 2769
f 2770 2780 2778
f 2777 2769 2756
f 2756 2769 2741
f 2774 2775 2772
f 2771 2767 2766
f 2770 2766 2741
f 2742 2732 2731
f 2741 2766 2764
f 2767 2768 2764
f 2763 2765 2761
f 2732 2763 2760
f 2761 2762 2739
f 2758 2759 2757
f 2756 2743 2754
f 2751 2755 2752
f 2742 2746 2754
f 2753 2754 2750
f 2749 2751 2750
f 2747 2748 2746
f 2746 2742 2744
f 2737 2744 2731
f 2730 2586 2735
f 2742 2743 2741
f 2618 2587 2739
f 2730 2738 2737
f 2733 2736 2735
f 2585 2734 2733
f 2732 2587 2729
f 2586 2730 2729
f 2727 2728 2717
f 2727 2716 2715
f 2727 2714 2726
f 2714 2711 2710
f 2704 2703 2724
f 2710 2709 2724
f 2699 2696 2723
f 2704 2701 2699
f 2706 2705 2723
f 2695 2720 2723
f 2723 2720 2721
f 2695 2694 2719
f 2692 2691 2719
f 2718 2713 2712
f 2716 2657 2660
f 2711 2714 2712
f 2710 2711 2702
f 2701 2704 2709
f 2707 2708 2697
f 2705 2706 2703
f 2700 2699 2701
f 2699 2700 2697
f 2698 2693 2696
f 2694 2693 2685
f 2695 2696 2693
f 2684 2689 2691
f 2688 2691 2689
f 2684 2681 2679
f 2679 2678 2688
f 2687 2688 2678
f 2684 2685 2682
f 2683 2677 2681
f 2681 2677 2676
f 2676 2680 2678
f 2676 2677 2674
f 2672 2673 2671
f 2654 2655 2670
f 2666 2670 2667
f 2668 2669 2162
f 2666 2162 2161
f 2131 2654 2665
f 2663 2664 2661
f 2660 2657 2656
f 2656 2653 2652
f 2656 2647 2653
f 2657 2658 2649
f 2654 2632 2636
f 2654 2131 2103
f 2652 2653 2650
f 2647 2649 2644
f 2643 2648 2646
f 2644 2645 2642
f 2639 2641 2640
f 2640 2638 2629
f 2639 2630 2624
f 2638 2637 2628
f 2637 2635 2627
f 2634 2626 2627
f 2634 2636 2633
f 2634 2633 2621
f 2621 2631 2619
f 2632 2103 2072
f 2074 2619 2631
f 2624 2630 2629
f 2596 2625 2595
f 2625 2629 2628
f 2628 2627 2622
f 2627 2626 2623
f 2623 2626 2621
f 2619 2074 2073
f 2624 2625 2596
f 2623 2620 2593
f 2592 2595 2622
f 2593 2620 2590
f 2590 2619 2069
f 2620 2621 2619
f 2615 2614 2580
f 2618 2615 2583
f 2617 2614 2615
f 2581 2580 2614
f 2613 2569 2568
f 2547 2546 2551
f 2613 2614 2611
f 2566 2567 2537
f 2566 2544 2547
f 2608 2547 2610
f 2606 2608 2609
f 2606 2602 2608
f 2566 2608 2602
f 2606 2607 2605
f 2603 2602 2604
f 2601 2530 2602
f 2601 2600 2562
f 2563 2600 2599
f 2600 2601 2598
f 2563 2597 2596
f 2564 2596 2594
f 2594 2595 2592
f 2589 2591 2592
f 2589 2556 2558
f 2588 2590 2554
f 2556 2589 2588
f 2587 2583 2582
f 2579 2585 2584
f 2578 2579 2584
f 2583 2580 2578
f 2580 2581 2576
f 2575 2579 2578
f 2577 2575 2572
f 2576 2571 2572
f 2572 2552 2573
f 2573 2552 2549
f 2552 2572 2571
f 2570 2551 2550
f 2569 2570 2568
f 2535 2567 2532
f 2532 2565 2524
f 2565 2567 2566
f 2525 2524 2565
f 2559 2530 2562
f 2563 2564 2561
f 2518 2520 2529
f 2510 2530 2559
f 2558 2557 2559
f 2510 2511 2529
f 2556 2513 2557
f 2513 2556 2555
f 2512 2555 2554
f 1980 1922 1997
f 2505 2554 1997
f 2553 2550 2549
f 2550 2551 2546
f 2545 2548 2549
f 2548 2545 2539
f 2546 2547 2544
f 2545 2546 2540
f 2540 2544 2537
f 2543 2539 2538
f 2534 2542 2541
f 2539 2540 2536
f 2538 2536 2533
f 2536 2537 2535
f 2531 2534 2533
f 2531 2532 2524
f 2525 2530 2528
f 2526 2525 2523
f 2528 2529 2520
f 2526 2527 2524
f 2522 2523 2520
f 2516 2521 2519
f 2519 2520 2518
f 2518 2511 2514
f 2514 2515 2516
f 2507 2515 2514
f 2510 2513 2512
f 2508 2510 2509
f 2509 2510 2505
f 2507 2509 2506
f 2505 1922 1921
f 1389 2173 261
f 139 131 1390
f 2466 2452 2446
f 2447 2446 2452
f 2453 2362 2457
f 2496 2503 2445
f 2494 2453 2503
f 2503 2457 2456
f 2501 2502 2438
f 2502 2501 2447
f 2447 2501 2497
f 2350 2502 2451
f 2441 2453 2494
f 2494 2496 2490
f 2497 2501 2500
f 2500 2438 2439
f 2495 2443 2497
f 2490 2496 2495
f 2444 2443 2495
f 2440 2494 2435
f 2491 2489 2492
f 2491 2436 2433
f 2490 2430 2429
f 2427 2431 2486
f 2424 2485 2488
f 2489 2433 2425
f 2482 2483 2487
f 2426 2486 2483
f 2485 2478 1553
f 2482 2477 2476
f 2481 2410 2479
f 2480 2476 2479
f 2322 2428 2479
f 2417 2473 2478
f 2478 2473 2472
f 2475 2477 1552
f 2474 2475 2471
f 2417 2414 2415
f 2472 2473 2415
f 1550 1553 2472
f 2419 2471 2470
f 2411 2470 2468
f 2409 2411 1476
f 1555 1550 2469
f 2415 1554 1556
f 1590 1548 1555
f 1550 1555 1548
f 1549 1548 1590
f 2468 1547 1474
f 1551 1548 1547
f 2397 2398 2462
f 2406 2396 2397
f 2407 2462 2400
f 2389 2392 2467
f 2458 2459 2467
f 2467 2459 2461
f 2463 2464 2466
f 2382 2465 2466
f 2382 2464 2398
f 2465 2382 2377
f 2398 2464 2463
f 2448 2455 2463
f 2463 2455 2400
f 2391 2455 2458
f 2364 2461 2459
f 2461 2364 2363
f 2376 2388 2460
f 2456 2448 2442
f 2454 2459 2458
f 2456 2457 2454
f 2362 2453 2441
f 2367 2347 2348
f 2451 2452 2450
f 2448 2449 2446
f 2447 2443 2442
f 2444 2445 2442
f 2357 2441 2440
f 2356 2359 2441
f 2436 2439 2438
f 2341 2340 2437
f 2349 2437 2436
f 2434 2338 2335
f 2434 2433 2436
f 2435 2429 2427
f 2427 2330 2333
f 2334 2331 2422
f 2432 2335 2334
f 2433 2434 2432
f 2431 2427 2429
f 2325 2423 2422
f 2426 2428 2322
f 2330 2427 2426
f 2416 2424 2423
f 2323 2322 2410
f 2418 2421 2420
f 2421 2319 2413
f 2424 2425 2422
f 2421 2413 2416
f 2323 2412 2318
f 2319 2418 2261
f 2413 1478 2414
f 2412 2409 2316
f 1728 1726 1479
f 1554 2415 2414
f 1478 2413 2319
f 2409 2412 2410
f 2409 1475 2408
f 2311 2402 2394
f 2402 2311 2298
f 2406 2407 2399
f 2314 2313 2396
f 2404 2305 2389
f 2404 2405 2388
f 2387 2306 2305
f 2294 2293 2307
f 2385 2401 2288
f 2395 2394 2403
f 2378 2383 2403
f 2401 2403 2394
f 2297 2288 2401
f 2391 2390 2399
f 2383 2398 2397
f 2395 2397 2396
f 2395 2313 2393
f 2392 2389 2390
f 2312 2390 2389
f 2387 2376 2306
f 2386 2307 2306
f 2386 2376 2375
f 2373 2375 2361
f 2292 2294 2375
f 2290 2375 2373
f 2381 2377 2380
f 2381 2384 2366
f 2384 2287 2284
f 2287 2384 2380
f 2378 2377 2382
f 2381 2369 2371
f 2379 2380 2377
f 2356 2355 2360
f 2358 2376 2363
f 2375 2376 2358
f 2289 2374 2372
f 2372 2351 2280
f 2370 2368 2367
f 2370 2371 2369
f 2365 2347 2367
f 2283 2365 2366
f 2283 2282 2347
f 2363 2364 2362
f 2360 2361 2358
f 2352 2355 2354
f 2354 2346 2353
f 2356 2357 2354
f 2351 2352 2278
f 2348 2344 2349
f 2348 2347 2343
f 2343 2347 2282
f 2277 2346 2345
f 2341 2344 2343
f 2274 2339 2343
f 2342 2333 2337
f 2337 2332 2272
f 2340 2341 2339
f 2336 2335 2338
f 2188 2185 2336
f 2339 2274 2275
f 2332 2271 2270
f 2334 2185 2269
f 2336 2185 2334
f 2332 2333 2330
f 2271 2332 2328
f 2269 2266 2325
f 2329 2326 2328
f 2329 2322 2321
f 2326 2327 2182
f 2264 2327 2326
f 2325 2266 2268
f 2323 2320 2321
f 2264 2321 2320
f 2320 2318 2317
f 2263 2169 2265
f 2262 2263 2317
f 1691 1388 1728
f 2317 2318 2316
f 1419 2262 2315
f 2310 2309 2296
f 2296 2309 2259
f 2312 2304 2313
f 2303 2304 2312
f 2310 2298 2311
f 2257 2259 2309
f 2309 2310 2308
f 2302 2299 2303
f 2306 2307 2302
f 2252 2257 2304
f 2299 2253 2252
f 2300 2299 2302
f 2291 2300 2301
f 2300 2291 2239
f 2300 2247 2253
f 2296 2295 2297
f 2297 2295 2246
f 2258 2244 2295
f 2295 2244 2229
f 2293 2294 2292
f 2236 2292 2290
f 2236 2239 2291
f 2284 2287 2286
f 2286 2287 2245
f 2289 2280 2279
f 2224 2290 2289
f 2288 2246 2245
f 2281 2286 2230
f 2282 2281 2285
f 2231 2217 2285
f 2204 2206 2279
f 2285 2217 2210
f 2283 2284 2281
f 2279 2280 2278
f 2273 2210 2198
f 2195 2277 2272
f 2276 2277 2195
f 2188 2275 2274
f 2273 2197 2193
f 2190 2191 2194
f 2270 2181 2190
f 2271 2182 2181
f 2269 2185 2180
f 2175 2260 2267
f 2175 2180 2179
f 2267 2268 2266
f 2260 2175 2174
f 2263 2262 2168
f 2262 1419 1384
f 1691 2261 2260
f 1419 1383 1385
f 2259 2257 2256
f 2258 2256 2243
f 2255 2242 2256
f 2249 2251 2254
f 2254 303 2242
f 2254 2251 302
f 302 2251 2240
f 2248 2250 2249
f 289 291 2250
f 2253 2247 2248
f 2240 2251 2249
f 2250 292 2241
f 297 2241 292
f 2239 2235 2234
f 2238 289 2248
f 2245 2246 2229
f 2243 2227 2229
f 2243 2242 2225
f 288 2225 2242
f 2240 2241 297
f 2235 2239 2236
f 2234 2233 2237
f 2237 2233 2218
f 252 255 290
f 2232 2236 2224
f 2233 2235 2232
f 2215 2231 2230
f 2226 2228 2229
f 2228 2226 2214
f 2225 288 285
f 2226 2227 2225
f 284 283 2213
f 2221 2224 2223
f 2222 2212 2211
f 2221 2222 2219
f 2220 290 2218
f 2210 2217 2209
f 2208 2209 2215
f 2215 2216 2214
f 2208 2213 283
f 2211 2212 2203
f 2207 277 2198
f 2207 2209 2208
f 277 2207 282
f 2204 2203 2206
f 2204 2205 2195
f 2201 2195 281
f 2202 2203 2201
f 2200 281 280
f 2196 2187 2193
f 2198 277 2196
f 2196 277 276
f 2191 2192 278
f 281 2195 2194
f 2186 2188 2193
f 2189 2192 2191
f 2190 2181 2184
f 2185 2188 2186
f 2186 2187 276
f 2180 2185 274
f 2183 2184 2181
f 268 2177 2179
f 2178 2179 2177
f 2172 2175 2178
f 2177 268 270
f 271 2172 2176
f 2174 2175 2172
f 2174 2171 2173
f 2173 2171 2170
f 2171 2172 271
f 271 263 262
f 262 260 261
f 2168 2167 264
f 2168 1384 1386
f 265 2167 1386
f 2164 2165 2156
f 2162 2163 2160
f 2159 2158 2157
f 2161 2160 2132
f 2157 2098 2132
f 2156 2155 2158
f 2158 2155 2129
f 2096 2098 2157
f 2130 2129 2155
f 2156 2154 2152
f 2151 2152 2154
f 2097 2130 2128
f 2150 2154 2153
f 2128 2130 2152
f 2151 2127 2123
f 2151 2150 2149
f 2149 2150 2121
f 2126 2120 2147
f 2122 2145 2146
f 2119 2146 2147
f 2091 2090 2146
f 2091 2145 2144
f 2085 2087 2091
f 2141 2143 2144
f 2117 2085 2143
f 2141 2142 2139
f 2117 2141 2138
f 2116 2118 2138
f 2140 2113 2112
f 2139 2140 2137
f 2083 2116 2137
f 2083 2112 2115
f 2136 2115 2114
f 2111 2135 2136
f 2135 2084 2115
f 2079 2078 2084
f 2110 2109 2133
f 2111 2133 2109
f 2132 2102 2103
f 2130 2097 2096
f 2123 2127 2126
f 2124 2125 2089
f 2124 2093 2099
f 2121 2122 2119
f 2118 2116 2081
f 2082 2085 2117
f 2114 2115 2112
f 2079 2111 2077
f 2108 2107 2109
f 2104 2076 2107
f 2106 2105 2107
f 2105 2106 1296
f 1240 2104 1294
f 1295 1294 2104
f 2072 2103 2101
f 2070 2069 2073
f 2102 2095 2100
f 2095 2015 2019
f 2100 2095 2019
f 2097 2099 2093
f 2095 2098 2096
f 2095 2093 2067
f 2065 2063 2062
f 2092 2093 2089
f 2066 2093 2092
f 2066 2065 2067
f 2058 2059 2092
f 2088 2089 2086
f 2086 2049 2048
f 2040 2041 2049
f 2086 2087 2085
f 2080 2078 2034
f 2084 2078 2081
f 2080 2082 2081
f 2079 2075 2027
f 2029 2032 2033
f 2030 2034 2078
f 2075 2077 2076
f 2075 1240 2024
f 2022 2024 1240
f 2073 2074 2072
f 2070 2071 2018
f 2069 2070 2014
f 2016 2068 2067
f 2013 1991 1993
f 2016 2062 2011
f 2065 2066 2064
f 2011 2063 2012
f 2012 2061 2008
f 2057 2060 2059
f 2058 2056 2059
f 2054 2051 2050
f 2057 2056 2009
f 2009 2056 2050
f 2048 2047 2046
f 2045 2053 2052
f 2054 2055 2046
f 2051 2046 2042
f 2052 2053 2050
f 2048 2049 2041
f 2037 2043 2047
f 2043 2042 2046
f 2044 2045 2042
f 2037 2041 2040
f 2035 2038 2040
f 2004 2039 2037
f 2036 2034 1987
f 1987 2034 2030
f 1988 2030 2033
f 2031 2033 2032
f 2002 1986 2006
f 2031 2028 2002
f 2026 2000 2025
f 2029 2030 2027
f 2003 2002 2028
f 2026 2027 2024
f 2000 2026 2023
f 2023 2021 2020
f 1985 1984 2001
f 2003 2025 2000
f 2022 2021 2023
f 2022 1239 1261
f 1261 1998 2020
f 2018 2019 2013
f 1994 1995 2017
f 1996 2017 1995
f 2016 1992 2013
f 1994 2014 2013
f 1990 1992 2010
f 2011 2012 2010
f 2008 2009 2007
f 1944 1946 2005
f 1937 1943 2006
f 2004 2005 1946
f 1986 2003 1999
f 1983 1986 1999
f 2001 1984 1999
f 1164 1165 1998
f 1996 1982 1981
f 1982 1996 1995
f 1995 1994 1977
f 1977 1994 1993
f 1967 1968 1991
f 1956 1959 1962
f 1948 1947 1952
f 1987 1988 1943
f 1986 1983 1936
f 1985 1165 1983
f 1925 1929 1936
f 1132 1925 1983
f 1982 1979 1978
f 1922 1972 1915
f 1980 1978 1976
f 1980 1976 1972
f 1977 1976 1978
f 1976 1977 1973
f 1975 1974 1963
f 1975 1915 1972
f 1974 1970 1969
f 1970 1974 1972
f 1971 1968 1969
f 1957 1894 1964
f 1965 1966 1960
f 1960 1959 1958
f 1966 1969 1968
f 1961 1960 1966
f 1963 1965 1964
f 1909 1911 1963
f 1962 1959 1960
f 1958 1959 1956
f 1907 1951 1953
f 1871 1905 1953
f 1954 1907 1906
f 1951 1907 1954
f 1949 1904 1872
f 1947 1950 1951
f 1945 1904 1949
f 1863 1868 1904
f 1900 1863 1942
f 1947 1948 1946
f 1945 1946 1944
f 1944 1943 1940
f 1934 1943 1937
f 1940 1943 1934
f 1939 1942 1941
f 1938 1940 1935
f 1931 1901 1938
f 1900 1939 1938
f 1936 1933 1932
f 1931 1935 1934
f 1932 1933 1930
f 1901 1931 1930
f 1927 1928 1929
f 1898 1928 1927
f 1926 1927 1925
f 1897 1927 1926
f 1923 1082 1926
f 1924 1925 1132
f 1923 1924 1131
f 1081 1082 1923
f 1921 1922 1920
f 1918 1919 1914
f 1912 1917 1916
f 1914 1915 1913
f 1913 1911 1910
f 1910 1911 1909
f 1909 1894 1893
f 1907 1905 1880
f 1875 1877 1880
f 1866 1903 1902
f 1862 1865 1867
f 1900 1901 1899
f 1899 1898 1860
f 1082 1078 1086
f 1898 1897 1861
f 1897 1082 1896
f 1889 1895 1893
f 1893 1894 1892
f 1888 1887 1890
f 1887 1891 1889
f 1887 1888 1886
f 1881 1886 1885
f 1885 1879 1878
f 1883 1884 1881
f 1879 1880 1877
f 1877 1875 1874
f 1875 1870 1873
f 1871 1872 1869
f 1867 1866 1868
f 1844 1867 1865
f 1864 1841 1840
f 1862 1863 1860
f 1860 1861 1855
f 1857 1858 1855
f 1817 1776 1854
f 1829 1834 1835
f 1829 1831 1830
f 1830 1854 1814
f 1852 1815 1814
f 1813 1810 1805
f 1853 1819 976
f 969 1853 976
f 974 973 1819
f 972 1851 1853
f 1851 1778 1818
f 1851 1852 1775
f 909 1806 957
f 1526 1801 1581
f 1801 1802 1579
f 1579 1802 1800
f 1802 1753 1799
f 1508 1504 1580
f 1800 1798 1850
f 1569 1508 1850
f 1798 1796 1849
f 1796 1797 1848
f 1849 1848 1845
f 1848 1797 1795
f 1795 1744 1793
f 1847 1795 1838
f 1846 1845 1848
f 1846 1847 1827
f 1826 1569 1845
f 1843 1844 1839
f 1841 1842 1839
f 1837 1836 1833
f 1827 1838 1837
f 1836 1837 1787
f 1837 1838 1793
f 1832 1565 1826
f 1833 1836 1835
f 1833 1834 1823
f 1822 1825 1823
f 1560 1565 1832
f 1821 1559 1832
f 1564 1569 1826
f 1830 1831 1828
f 1816 1807 1824
f 1782 1817 1828
f 1826 1827 1825
f 1824 1807 1812
f 1812 1813 1821
f 1559 1821 1820
f 1492 1489 1820
f 1808 1819 1818
f 1776 1817 1782
f 1807 1816 1814
f 1815 968 1814
f 1810 1813 1812
f 1806 909 1811
f 1810 1807 1806
f 1805 1804 1492
f 912 848 908
f 974 1808 914
f 1808 1778 1779
f 1806 1807 968
f 848 847 853
f 1804 1805 1803
f 1753 1802 1801
f 1526 1459 1584
f 1798 1800 1799
f 1756 1747 1799
f 1747 1756 1759
f 1745 1796 1798
f 1796 1745 1744
f 1794 1740 1738
f 1746 1711 1713
f 1741 1740 1794
f 1794 1788 1787
f 1788 1738 1739
f 1791 1789 1739
f 1739 1736 1733
f 1743 1787 1793
f 1791 1735 1734
f 1786 1784 1734
f 1780 1783 1734
f 1783 1782 1792
f 1790 1789 1791
f 1789 1790 1787
f 1732 1699 1729
f 1777 1782 1781
f 1785 1784 1786
f 1785 1781 1780
f 1781 1783 1780
f 1773 914 1779
f 1700 1773 1730
f 802 1774 1773
f 1777 1731 1779
f 1777 1778 1775
f 914 1774 915
f 1774 802 803
f 1480 1479 1726
f 1468 1472 1480
f 1772 1770 1467
f 1770 1772 1771
f 1771 1772 1480
f 1727 1724 1725
f 1771 1725 1722
f 1769 1770 1723
f 1769 1720 1721
f 1585 1459 1768
f 1687 1689 1767
f 1721 1767 1764
f 1458 1769 1768
f 1762 1764 1767
f 1762 1766 1765
f 1532 1466 1465
f 1762 1586 1585
f 1758 1760 1763
f 1763 1715 1685
f 1761 1584 1586
f 1754 1584 1761
f 1760 1758 1755
f 1755 1758 1757
f 1759 1756 1757
f 1718 1757 1758
f 1750 1757 1718
f 1716 1681 1751
f 1754 1755 1753
f 1749 1712 1748
f 1714 1710 1712
f 1749 1751 1714
f 1746 1748 1712
f 1683 1709 1710
f 1748 1746 1745
f 1746 1741 1743
f 1742 1741 1713
f 1742 1706 1707
f 1742 1737 1740
f 1736 1739 1738
f 1703 1704 1733
f 1736 1737 1707
f 1734 1735 1733
f 1698 1699 1732
f 1730 1731 1729
f 801 802 1700
f 1696 1693 1699
f 1388 1387 1726
f 1724 1727 1726
f 1646 1647 1725
f 1724 1387 1690
f 1720 1723 1722
f 1687 1721 1720
f 1719 1689 1686
f 1634 1684 1715
f 1716 1718 1717
f 1716 1685 1682
f 1685 1715 1684
f 1681 1680 1683
f 1713 1711 1709
f 1711 1712 1710
f 1676 1706 1708
f 1709 1683 1708
f 1705 1703 1707
f 1706 1678 1679
f 1669 1703 1705
f 1679 1672 1673
f 1667 1703 1669
f 1702 1704 1703
f 1664 1698 1702
f 1700 1701 1699
f 1660 1663 1664
f 1696 1656 1697
f 1656 1653 1654
f 1696 1698 1664
f 1696 1697 1694
f 749 745 748
f 748 1651 1650
f 1694 747 746
f 1390 1645 1690
f 1692 1389 1388
f 1643 1646 1690
f 1647 1642 1639
f 1688 1639 1640
f 1686 1689 1687
f 1686 1640 1635
f 1633 1632 1635
f 1625 1624 1682
f 1684 1634 1629
f 1621 1682 1624
f 1620 1624 1619
f 1613 1680 1621
f 1683 1613 1610
f 1681 1682 1621
f 1607 1606 1675
f 1607 1677 1609
f 1674 1671 1672
f 1675 1678 1676
f 1603 1602 1671
f 1606 1603 1674
f 1673 1670 1666
f 1670 1673 1672
f 1665 1666 1670
f 1666 1661 1668
f 1668 1661 1660
f 1662 1661 1666
f 1662 1665 1599
f 1602 1600 1599
f 1657 1664 1663
f 1658 1663 1660
f 1661 1662 1659
f 1659 1594 1597
f 1597 1596 1648
f 1654 1593 1649
f 1656 1657 1655
f 1648 1591 1653
f 1593 1654 1653
f 1651 1652 1649
f 1591 1648 1596
f 130 1644 1390
f 1642 1647 1646
f 1644 1641 1643
f 130 129 1641
f 1637 1636 1638
f 1643 1641 1637
f 129 128 1637
f 1633 1640 1639
f 1636 1631 1633
f 1637 128 132
f 1635 1632 1629
f 1629 1632 1630
f 1632 1631 1630
f 1631 197 196
f 1627 1630 196
f 196 197 61
f 1628 1629 1627
f 1628 1626 1623
f 1622 1626 1627
f 1623 1626 1622
f 1624 1625 1623
f 1619 1623 1615
f 1615 1622 195
f 1618 1621 1620
f 1617 1614 1613
f 1616 1619 1612
f 1617 1618 1616
f 1615 155 154
f 1614 193 194
f 150 149 1608
f 154 112 111
f 1611 1612 154
f 194 1608 1609
f 1608 149 192
f 1607 1605 1604
f 1603 1606 1604
f 192 1601 1604
f 1603 1601 1600
f 1600 1601 189
f 1601 192 191
f 1599 1600 1595
f 1594 1598 186
f 1594 171 1596
f 184 186 1595
f 171 176 166
f 170 172 1592
f 1592 1593 1591
f 103 1359 587
f 1545 1544 1529
f 1527 1529 1544
f 1590 1541 1539
f 1539 1534 1463
f 1538 1533 1531
f 1536 1527 1543
f 1531 1530 1536
f 1532 1525 1531
f 1463 1534 1535
f 1522 1535 1528
f 1464 1535 1522
f 1525 1532 1587
f 1465 1459 1526
f 1459 1586 1584
f 1446 1518 1513
f 1583 1503 1514
f 1511 1583 1515
f 1516 1515 1514
f 1509 1517 1581
f 1582 1583 1511
f 1582 1510 1506
f 1503 1583 1582
f 1504 1581 1579
f 1576 1578 1506
f 1501 1502 1578
f 1576 1505 1507
f 1573 1572 1577
f 1575 1501 1576
f 1575 1499 1500
f 1571 1574 1570
f 1571 1567 1498
f 1573 1574 1571
f 1499 1572 1571
f 1563 1562 1566
f 1568 1566 1567
f 1564 1563 1568
f 1498 1567 1566
f 1565 1560 1561
f 1561 1562 1563
f 1561 1494 1495
f 1561 1560 1557
f 1491 1494 1557
f 1557 1560 1559
f 1558 1489 1490
f 1556 1554 1537
f 1556 1545 1541
f 1554 1478 1477
f 1552 1553 1550
f 1549 1546 1547
f 1474 1547 1546
f 1457 1538 1542
f 1537 1473 1544
f 1544 1473 1542
f 1539 1541 1529
f 1470 1540 1539
f 1538 1457 1456
f 1473 1537 1477
f 1520 1527 1536
f 1528 1535 1534
f 1533 1456 1466
f 1531 1525 1524
f 1521 1517 1516
f 1530 1521 1520
f 1528 1529 1527
f 1518 1446 1455
f 1517 1521 1523
f 1524 1525 1523
f 1519 1522 1520
f 1519 1516 1513
f 1517 1509 1512
f 1514 1448 1447
f 1511 1512 1509
f 1506 1510 1509
f 1504 1508 1507
f 1449 1503 1502
f 1443 1442 1496
f 1442 1444 1449
f 1500 1502 1501
f 1497 1500 1499
f 1498 1493 1439
f 1497 1437 1434
f 1497 1434 1441
f 1493 1495 1494
f 1493 1491 1432
f 1488 1433 1432
f 1492 908 1485
f 1488 1491 1490
f 1487 1490 1489
f 1428 1425 1488
f 1486 1428 1487
f 1486 1485 1484
f 1428 1486 1391
f 1485 908 1483
f 1483 908 907
f 1423 1483 1482
f 1424 1481 1423
f 1479 1480 1472
f 1469 1421 1420
f 1461 1471 1470
f 1475 1476 1474
f 1457 1473 1472
f 1471 1421 1469
f 1457 1468 1467
f 1465 1466 1456
f 1463 1464 1455
f 1454 1462 1461
f 1460 1414 1413
f 1458 1459 1456
f 1446 1445 1452
f 1454 1452 1453
f 1452 1450 1451
f 1411 1453 1451
f 1411 1409 1408
f 1452 1445 1406
f 1451 1450 1410
f 1450 1406 1407
f 1379 1410 1407
f 1444 1404 1446
f 1448 1449 1444
f 1445 1446 1404
f 1404 1444 1442
f 1405 1403 1402
f 1443 1401 1403
f 1376 1440 1441
f 1376 1434 1398
f 1401 1440 1376
f 1431 1438 1437
f 1438 1436 1435
f 1399 1436 1430
f 1435 1436 1399
f 1398 1435 1397
f 1433 1427 1429
f 1431 1432 1429
f 1426 1396 1429
f 1400 1430 1429
f 1426 1393 1395
f 1394 1393 1425
f 1426 1427 1425
f 1367 1394 1391
f 1423 594 593
f 596 737 1392
f 1418 1419 1422
f 1421 1417 1418
f 1416 1347 1383
f 1383 1419 1418
f 1416 1417 1415
f 1414 1412 1381
f 1344 1382 1408
f 1381 1412 1411
f 1410 1379 1408
f 1333 1407 1378
f 1404 1405 1377
f 1402 1403 1401
f 1323 1374 1398
f 1373 1326 1374
f 1399 1372 1397
f 1324 1398 1397
f 1371 1370 1312
f 1372 1396 1395
f 1364 1370 1395
f 1393 1394 1367
f 1392 737 1368
f 1362 737 592
f 1389 1390 1387
f 1383 1350 1351
f 1356 1385 1351
f 1357 1386 1384
f 1347 1346 1350
f 1382 1344 1347
f 1380 1340 1341
f 1379 1339 1338
f 1333 1332 1339
f 1334 1378 1377
f 1330 1331 1334
f 1332 1336 1335
f 1331 1336 1332
f 1375 1376 1374
f 1330 1374 1325
f 1373 1323 1314
f 1372 1370 1371
f 1370 1364 1369
f 1308 1310 1317
f 1306 1305 1311
f 1365 1306 1369
f 1364 1366 1365
f 1368 737 1364
f 1362 1301 1303
f 1365 1366 1299
f 1364 737 1362
f 1362 1360 1300
f 584 1358 1361
f 1360 1361 1358
f 1359 103 1300
f 1355 1357 1356
f 1354 1355 1352
f 1351 1350 1348
f 1348 1350 1346
f 1348 133 138
f 123 133 1348
f 1347 1344 1343
f 1343 1342 1345
f 1345 1342 124
f 117 124 1342
f 1343 1344 1341
f 118 117 1341
f 1340 1337 116
f 1338 1339 1335
f 113 1337 1335
f 1328 1331 1330
f 1329 1325 1327
f 1322 1327 1325
f 1323 1324 1315
f 1319 1314 1313
f 1321 1322 1319
f 1318 1309 1307
f 1302 39 1307
f 1315 1317 1310
f 1315 1316 1313
f 1308 1312 1311
f 1309 1310 1308
f 1308 1305 1304
f 1305 1306 1302
f 102 105 28
f 39 107 31
f 1303 109 108
f 107 39 1302
f 1297 1301 1300
f 108 107 1298
f 109 1297 103
f 1295 1296 1293
f 1295 1292 1291
f 1287 1291 1292
f 1280 1287 1290
f 1293 1289 1290
f 1287 1242 1241
f 1286 1290 1289
f 1285 1284 1286
f 1260 1242 1287
f 1280 1286 1284
f 1285 1281 1279
f 1281 1283 1282
f 1281 1278 1277
f 1260 1280 1279
f 1279 1277 1227
f 1226 1227 1277
f 1277 1278 1276
f 1275 1276 1274
f 1275 1271 1257
f 1274 1272 1270
f 1272 1273 1269
f 1271 1270 1258
f 1258 1270 1269
f 1251 1254 1268
f 1250 1253 1267
f 1264 1265 1263
f 1263 1245 1244
f 1202 1201 1246
f 1237 1239 1242
f 1235 1242 1259
f 1227 1225 1230
f 1255 1257 1258
f 1255 1220 1222
f 1226 1257 1222
f 1220 1251 1215
f 1255 1256 1254
f 1252 1253 1250
f 1248 1209 1215
f 1247 1209 1248
f 1247 1207 1203
f 1246 1201 1244
f 1200 1207 1244
f 1197 1202 1243
f 1241 1242 1239
f 1238 1239 1237
f 1236 1194 1195
f 1237 1235 1232
f 1233 1194 1236
f 1232 1235 1234
f 1234 1230 1229
f 1162 1233 1193
f 1193 1233 1232
f 1231 1229 1191
f 1230 1225 1228
f 1229 1228 1192
f 1228 1225 1189
f 1225 1227 1226
f 1189 1225 1224
f 1222 1221 1223
f 1188 1224 1223
f 1221 1186 1187
f 1221 1222 1220
f 1218 1186 1221
f 1219 1216 1217
f 1181 1183 1186
f 1220 1216 1219
f 1213 1214 1217
f 1218 1217 1178
f 1217 1176 1178
f 1213 1216 1215
f 1212 1211 1214
f 1175 1214 1211
f 1213 1208 1212
f 1210 1208 1206
f 1211 1210 1174
f 1145 1174 1210
f 1209 1203 1206
f 1207 1200 1198
f 1204 1205 1206
f 1205 1204 1173
f 1204 1199 1172
f 1199 1204 1203
f 1198 1200 1169
f 1202 1197 1200
f 1169 1200 1197
f 1168 1197 1196
f 554 1167 1196
f 1164 1195 1194
f 1191 1161 1163
f 1159 1161 1191
f 1190 1189 1160
f 1184 1155 1154
f 1160 1185 1184
f 1185 1160 1189
f 1187 1182 1185
f 1182 1187 1186
f 1182 1155 1184
f 1180 1179 1156
f 1183 1180 1155
f 1181 1178 1177
f 1179 1180 1177
f 1177 1178 1176
f 1144 1152 1176
f 1142 1149 1151
f 1144 1175 1174
f 1137 1138 1173
f 1138 1139 1145
f 1170 1136 1137
f 1136 1170 1134
f 1170 1171 1169
f 1169 1135 1134
f 1168 1167 1166
f 543 1088 1133
f 1167 554 551
f 1166 551 550
f 1130 1128 1132
f 1163 1161 1125
f 1130 1165 1164
f 1162 1163 1124
f 1126 1125 1161
f 1158 1161 1159
f 1064 1063 1126
f 1158 1154 1025
f 1121 1025 1154
f 1153 1156 1157
f 1155 1156 1153
f 1153 1112 1114
f 1112 1153 1148
f 1152 1144 1143
f 1149 1142 1141
f 1146 1100 1099
f 1120 1146 1150
f 1102 1106 1119
f 1150 1099 1009
f 1110 1021 1148
f 1147 1109 1110
f 1120 1109 1147
f 1147 1140 1100
f 1100 1096 995
f 1139 1143 1144
f 1142 1143 1139
f 1142 1098 1097
f 1140 1141 1097
f 1098 1139 1138
f 1091 1138 1137
f 1089 1090 1137
f 1089 1136 1088
f 1088 1135 1133
f 988 1088 982
f 1131 1132 1128
f 1129 1079 1083
f 1128 1127 1077
f 1079 1129 1128
f 1127 1124 1074
f 1125 1126 1063
f 1124 1125 1070
f 1058 1123 1061
f 1051 1064 1025
f 1049 1064 1051
f 1122 1061 1123
f 1024 1040 1052
f 1117 1037 940
f 1122 1037 1117
f 1032 1031 1116
f 1027 1033 1032
f 1121 1114 1113
f 1023 1022 1113
f 1109 1120 1119
f 1109 1108 942
f 1108 1118 940
f 1107 1117 1118
f 1034 1048 1117
f 1035 1105 1101
f 1107 1105 1035
f 1019 1014 1116
f 1116 1031 1036
f 1115 1116 1014
f 1113 1114 1112
f 1111 934 1018
f 1021 935 1111
f 1021 1110 1109
f 1106 1105 1107
f 1102 1101 1105
f 1008 1020 1104
f 1020 1019 1103
f 1011 1012 1020
f 1101 1102 1009
f 1100 995 994
f 1099 994 917
f 917 918 1010
f 1007 1011 1010
f 1091 1094 1095
f 1096 1097 998
f 1097 1098 1095
f 995 1096 922
f 1092 1095 1094
f 1094 1091 997
f 1093 997 1001
f 997 1091 1090
f 990 992 1090
f 982 1088 543
f 1078 1068 1087
f 1085 1086 1078
f 1080 1081 1083
f 1075 1078 1080
f 1078 1082 1081
f 1076 1080 1079
f 1068 1078 1075
f 1074 1073 1076
f 1075 1076 1073
f 1074 1070 1069
f 1068 1072 1071
f 1072 1073 1069
f 1070 1063 1062
f 1043 953 964
f 1057 1056 963
f 963 1056 964
f 1060 963 906
f 949 959 951
f 1067 1068 1066
f 1065 1066 1053
f 1049 1039 1054
f 1063 1064 1049
f 1061 1048 1047
f 1057 1059 1047
f 1060 948 1058
f 1046 1043 1056
f 966 964 953
f 939 880 945
f 1039 1055 1053
f 1052 1040 1050
f 1050 1040 1039
f 1047 1048 1034
f 1046 1047 1033
f 1027 1029 1045
f 1045 1044 1043
f 1044 1042 954
f 1029 1028 1030
f 1029 1042 1044
f 1041 954 1042
f 1030 873 936
f 939 947 1041
f 1039 1040 1024
f 943 883 940
f 1036 1031 1034
f 1033 1034 1031
f 937 1028 1015
f 937 873 1030
f 1028 1029 1027
f 1018 1017 1026
f 1024 1025 1022
f 878 942 941
f 935 1021 878
f 1019 1020 1012
f 1017 1018 934
f 933 1013 1016
f 868 935 870
f 938 1015 1014
f 938 1012 930
f 1013 933 932
f 1006 1012 1011
f 1012 1005 931
f 1005 925 926
f 932 862 924
f 1010 1011 1008
f 859 866 928
f 927 1006 1007
f 1005 1006 927
f 1003 932 1004
f 923 999 1001
f 1004 924 923
f 991 989 987
f 1002 1003 996
f 1000 1001 997
f 922 999 921
f 997 992 991
f 919 993 995
f 994 995 993
f 917 993 919
f 992 990 989
f 989 990 988
f 988 984 986
f 984 983 985
f 979 978 985
f 981 979 983
f 979 981 477
f 473 980 476
f 476 980 978
f 965 977 962
f 977 975 973
f 977 960 971
f 967 960 977
f 970 976 975
f 974 913 962
f 959 971 960
f 959 968 969
f 958 957 968
f 955 911 910
f 911 955 848
f 966 967 965
f 904 906 963
f 961 962 913
f 960 952 951
f 958 959 949
f 958 950 956
f 955 956 950
f 884 848 955
f 953 954 946
f 951 952 946
f 890 950 949
f 887 889 944
f 948 899 901
f 948 906 898
f 891 945 886
f 886 880 879
f 944 889 882
f 882 889 831
f 944 883 943
f 941 942 940
f 876 877 883
f 937 938 874
f 880 936 873
f 934 935 868
f 768 872 871
f 868 862 932
f 931 926 929
f 874 930 929
f 929 926 863
f 929 816 755
f 865 927 928
f 865 864 925
f 863 926 925
f 860 859 854
f 858 857 866
f 924 861 921
f 920 922 921
f 861 814 815
f 815 854 919
f 859 918 917
f 894 893 916
f 850 851 902
f 915 916 893
f 850 916 915
f 913 914 905
f 911 912 909
f 907 908 853
f 892 898 906
f 851 845 903
f 904 905 893
f 903 895 894
f 900 897 837
f 887 901 900
f 899 897 900
f 897 899 898
f 837 897 896
f 888 837 830
f 894 895 892
f 885 884 890
f 848 884 842
f 889 887 832
f 888 829 832
f 879 881 885
f 881 842 884
f 842 881 834
f 875 883 882
f 835 834 881
f 828 825 875
f 879 880 872
f 872 768 784
f 870 878 877
f 876 826 827
f 824 876 875
f 872 874 871
f 827 821 869
f 820 867 869
f 868 869 867
f 867 772 819
f 805 804 864
f 857 805 865
f 804 818 817
f 863 864 817
f 819 814 861
f 860 855 858
f 855 856 857
f 857 856 806
f 809 856 855
f 854 811 812
f 850 803 800
f 847 846 599
f 852 853 599
f 851 849 844
f 849 851 850
f 796 797 844
f 847 848 841
f 843 794 846
f 846 794 600
f 836 845 844
f 792 791 789
f 840 843 841
f 841 842 833
f 838 840 839
f 793 839 833
f 790 838 793
f 789 788 797
f 830 837 836
f 835 784 786
f 833 834 786
f 828 788 781
f 829 788 831
f 829 830 797
f 782 828 780
f 715 717 784
f 821 827 826
f 822 826 824
f 782 823 824
f 774 822 823
f 768 767 704
f 774 820 821
f 776 775 779
f 770 820 774
f 763 814 819
f 757 810 759
f 818 804 807
f 695 756 807
f 753 817 818
f 755 817 752
f 811 763 761
f 811 815 814
f 810 813 812
f 760 759 810
f 757 696 808
f 806 807 804
f 800 803 802
f 798 746 795
f 800 801 798
f 792 797 796
f 741 796 742
f 742 796 795
f 790 738 600
f 793 785 725
f 580 738 686
f 730 789 791
f 735 731 791
f 738 790 725
f 787 789 730
f 781 788 787
f 783 781 729
f 717 718 724
f 785 786 784
f 783 719 720
f 779 782 780
f 781 720 778
f 779 778 716
f 716 778 720
f 711 714 777
f 774 776 769
f 701 700 705
f 767 765 702
f 771 773 772
f 762 764 771
f 762 770 769
f 769 714 713
f 710 692 713
f 647 708 750
f 767 768 755
f 765 767 754
f 708 707 766
f 765 766 707
f 765 706 698
f 764 762 761
f 761 762 692
f 760 692 691
f 759 760 690
f 758 693 696
f 693 688 687
f 753 756 695
f 752 751 754
f 750 752 753
f 751 752 750
f 743 745 749
f 747 748 745
f 741 734 733
f 740 742 743
f 742 740 734
f 734 740 739
f 598 738 591
f 596 598 590
f 735 736 733
f 732 728 731
f 727 726 733
f 726 680 732
f 723 676 682
f 730 731 728
f 730 722 721
f 680 669 722
f 627 669 680
f 726 727 640
f 723 686 725
f 724 675 676
f 722 669 719
f 672 678 670
f 668 720 719
f 718 717 678
f 715 679 678
f 716 668 712
f 712 668 666
f 712 664 663
f 654 603 656
f 715 704 703
f 703 700 699
f 656 634 679
f 711 709 713
f 665 709 711
f 710 657 659
f 657 710 709
f 608 651 650
f 694 693 644
f 706 647 655
f 705 700 703
f 697 701 702
f 697 699 700
f 654 699 697
f 659 653 652
f 687 652 645
f 695 696 693
f 691 692 659
f 691 689 688
f 689 652 687
f 684 21 586
f 641 682 633
f 685 582 578
f 682 676 677
f 580 683 681
f 681 683 682
f 643 581 681
f 628 680 640
f 674 672 671
f 633 677 671
f 5 7 635
f 616 661 667
f 616 669 627
f 635 634 619
f 679 634 670
f 674 677 676
f 674 675 673
f 660 666 667
f 616 615 662
f 662 615 609
f 656 603 606
f 671 672 670
f 668 669 667
f 663 657 665
f 660 658 663
f 608 658 660
f 660 662 608
f 653 659 657
f 607 604 651
f 620 634 656
f 651 604 646
f 655 647 646
f 655 604 603
f 652 650 649
f 650 651 648
f 646 649 648
f 646 647 644
f 22 21 642
f 642 643 641
f 14 13 633
f 639 640 636
f 623 626 636
f 638 624 636
f 635 7 633
f 631 632 629
f 627 628 625
f 625 626 623
f 609 614 625
f 623 607 610
f 612 617 620
f 621 617 612
f 619 620 617
f 615 616 614
f 613 611 604
f 605 604 611
f 609 610 607
f 605 606 603
f 597 595 602
f 600 601 599
f 597 598 596
f 595 596 593
f 589 592 590
f 588 583 582
f 591 583 588
f 584 589 588
f 586 587 584
f 583 579 578
f 580 581 578
f 572 577 573
f 574 575 572
f 555 570 571
f 556 571 567
f 569 570 555
f 567 566 564
f 564 566 562
f 561 518 544
f 562 563 560
f 558 559 553
f 553 549 551
f 549 553 552
f 551 549 548
f 543 550 548
f 548 549 542
f 541 547 546
f 532 533 536
f 545 528 529
f 520 544 518
f 477 543 515
f 515 542 541
f 516 541 540
f 513 511 512
f 513 540 539
f 538 509 510
f 538 537 506
f 504 506 537
f 536 533 534
f 534 533 500
f 530 500 533
f 499 500 530
f 530 532 531
f 490 492 531
f 492 493 497
f 528 526 525
f 529 528 489
f 489 528 527
f 487 527 524
f 521 519 523
f 522 521 525
f 486 524 523
f 484 485 523
f 521 522 520
f 408 483 519
f 517 518 430
f 429 406 408
f 514 515 516
f 475 515 514
f 512 468 470
f 511 513 510
f 511 466 468
f 466 511 508
f 508 510 509
f 460 507 509
f 507 460 455
f 464 508 507
f 506 504 503
f 457 460 503
f 501 502 504
f 502 446 503
f 502 501 498
f 498 501 500
f 499 497 496
f 437 445 498
f 496 497 493
f 495 491 488
f 436 435 494
f 491 493 492
f 488 491 490
f 487 436 488
f 436 487 486
f 482 432 431
f 486 485 434
f 434 485 484
f 481 484 483
f 483 408 407
f 478 482 481
f 406 429 427
f 479 480 478
f 476 477 475
f 474 475 470
f 473 474 469
f 472 469 467
f 469 470 468
f 466 465 467
f 464 462 465
f 459 458 462
f 458 463 461
f 455 460 457
f 458 455 453
f 454 457 456
f 453 455 454
f 449 450 452
f 448 451 450
f 448 449 447
f 445 440 444
f 444 440 442
f 441 442 440
f 439 440 437
f 435 436 433
f 433 434 431
f 429 430 426
f 425 424 426
f 427 426 403
f 402 403 426
f 424 425 423
f 424 397 395
f 422 398 397
f 398 422 421
f 398 391 390
f 421 420 389
f 388 389 420
f 417 388 419
f 388 417 382
f 418 415 417
f 416 414 378
f 416 375 381
f 379 414 413
f 367 366 373
f 411 412 409
f 407 408 406
f 403 402 399
f 404 405 403
f 396 399 402
f 400 401 399
f 397 398 394
f 393 396 395
f 393 394 390
f 384 392 390
f 390 391 389
f 385 389 388
f 386 387 384
f 380 383 382
f 381 375 374
f 379 372 377
f 376 377 372
f 376 371 374
f 371 369 370
f 372 373 369
f 364 370 369
f 368 362 366
f 364 365 362
f 362 363 360
f 356 359 358
f 355 354 356
f 350 349 354
f 353 351 350
f 350 351 348
f 347 344 336
f 345 346 342
f 340 336 344
f 342 343 340
f 338 339 336
f 334 335 332
f 313 322 309
f 324 326 330
f 326 331 329
f 327 328 321
f 327 320 319
f 326 324 323
f 323 324 319
f 321 322 313
f 317 319 320
f 317 316 318
f 317 313 312
f 307 315 314
f 314 315 312
f 310 311 308
f 306 307 304
f 302 298 299
f 300 287 288
f 300 303 302
f 299 296 295
f 258 257 301
f 300 301 257
f 296 299 298
f 294 296 297
f 295 296 294
f 294 254 251
f 254 292 291
f 255 291 289
f 288 287 249
f 259 286 246
f 241 256 259
f 287 257 256
f 247 246 286
f 244 283 248
f 248 283 284
f 244 245 282
f 280 281 278
f 245 240 232
f 245 269 275
f 274 269 268
f 269 245 231
f 214 269 273
f 272 267 213
f 271 270 214
f 210 203 263
f 214 270 268
f 99 263 203
f 266 267 264
f 263 99 260
f 139 261 260
f 249 256 241
f 258 259 256
f 255 252 251
f 252 253 250
f 242 243 248
f 247 235 236
f 240 245 244
f 243 242 238
f 242 241 239
f 239 241 236
f 237 232 240
f 238 239 234
f 234 236 235
f 226 234 229
f 229 230 228
f 225 228 227
f 222 226 225
f 223 224 221
f 213 212 220
f 218 219 216
f 215 209 210
f 207 212 213
f 211 212 207
f 203 210 209
f 207 205 204
f 204 205 200
f 100 203 202
f 98 101 90
f 97 201 199
f 200 134 198
f 96 95 198
f 197 132 62
f 196 54 155
f 150 194 193
f 179 147 33
f 189 191 142
f 191 192 149
f 143 149 148
f 148 147 179
f 190 34 147
f 185 189 188
f 142 145 187
f 185 188 187
f 180 182 187
f 141 180 177
f 184 183 175
f 176 186 175
f 181 174 175
f 184 185 182
f 181 183 182
f 174 181 180
f 179 32 177
f 166 176 168
f 174 161 168
f 163 162 173
f 174 141 163
f 173 157 18
f 170 164 26
f 166 164 170
f 161 169 167
f 167 165 164
f 27 26 164
f 162 163 160
f 17 161 18
f 19 18 157
f 159 104 103
f 159 158 160
f 158 159 156
f 155 54 112
f 112 54 50
f 110 47 152
f 151 149 150
f 148 149 146
f 144 145 142
f 32 106 140
f 105 104 140
f 99 94 131
f 137 138 133
f 85 96 136
f 136 96 134
f 129 94 127
f 91 83 127
f 133 123 126
f 122 62 132
f 131 94 129
f 122 128 127
f 86 126 125
f 125 126 123
f 75 122 121
f 115 67 120
f 119 120 117
f 68 67 115
f 115 116 113
f 112 47 110
f 40 43 37
f 31 30 35
f 108 109 102
f 105 106 29
f 104 105 102
f 94 99 98
f 100 101 98
f 97 88 78
f 84 95 96
f 87 88 95
f 91 94 93
f 80 83 91
f 89 90 78
f 78 88 87
f 85 64 63
f 67 64 85
f 76 84 63
f 74 73 82
f 82 83 80
f 66 65 79
f 77 78 76
f 59 75 73
f 71 72 70
f 65 64 69
f 69 64 67
f 65 66 63
f 61 62 58
f 57 58 59
f 58 56 55
f 52 50 56
f 56 50 54
f 50 52 51
f 47 50 49
f 48 38 42
f 45 47 46
f 41 43 40
f 43 42 38
f 44 45 42
f 41 40 35
f 37 39 36
f 30 33 34
f 33 30 29
f 30 31 28
f 26 27 24
f 17 16 10
f 19 22 15
f 22 13 11
f 21 22 19
f 17 18 15
f 14 12 11
f 12 4 10
f 9 3 2
f 2 1 8
f 2 7 5
f 3 4 1
